Ref Image,Check Image,Image Size,Size Group,CLIP Mismatch %,Max Segment Mismatch %,All Segment Mismatch %,Scale Mismatch %,Status
NO_ALERT.png,toCheck_100000_00387s_NO_ALERT.png,NA,NA,NA,NA,NA,NA,Faulty
NO_ALERT.png,toCheck_100001_00359s_NO_ALERT.png,NA,NA,NA,NA,NA,NA,Faulty
NO_ALERT.png,toCheck_100001_00382s_NO_ALERT.png,NA,NA,NA,NA,NA,NA,Faulty
NO_ALERT.png,toCheck_100001_00414s_NO_ALERT.png,NA,NA,NA,NA,NA,NA,Faulty
NO_ALERT.png,toCheck_100002_00359s_NO_ALERT.png,NA,NA,NA,NA,NA,NA,Faulty
NO_ALERT.png,toCheck_100002_00383s_NO_ALERT.png,NA,NA,NA,NA,NA,NA,Faulty
NO_ALERT.png,toCheck_100002_00415s_NO_ALERT.png,NA,NA,NA,NA,NA,NA,Faulty
NO_ALERT.png,toCheck_100003_00658s_NO_ALERT.png,NA,NA,NA,NA,NA,NA,Faulty
NO_ALERT.png,toCheck_100003_00670s_NO_ALERT.png,NA,NA,NA,NA,NA,NA,Faulty
NO_ALERT.png,toCheck_100003_00359s_NO_ALERT.png,NA,NA,NA,NA,NA,NA,Faulty
NO_ALERT.png,toCheck_100003_00392s_NO_ALERT.png,NA,NA,NA,NA,NA,NA,Faulty
NO_ALERT.png,toCheck_100003_00405s_NO_ALERT.png,NA,NA,NA,NA,NA,NA,Faulty
NO_ALERT.png,toCheck_100003_00418s_NO_ALERT.png,NA,NA,NA,NA,NA,NA,Faulty
NO_ALERT.png,toCheck_100003_00431s_NO_ALERT.png,NA,NA,NA,NA,NA,NA,Faulty
NO_ALERT.png,toCheck_100003_00444s_NO_ALERT.png,NA,NA,NA,NA,NA,NA,Faulty
NO_ALERT.png,toCheck_100003_00456s_NO_ALERT.png,NA,NA,NA,NA,NA,NA,Faulty
NO_ALERT.png,toCheck_100004_01798s_NO_ALERT.png,NA,NA,NA,NA,NA,NA,Faulty
NO_ALERT.png,toCheck_100004_02000s_NO_ALERT.png,NA,NA,NA,NA,NA,NA,Faulty
NO_ALERT.png,toCheck_100004_02202s_NO_ALERT.png,NA,NA,NA,NA,NA,NA,Faulty
NO_ALERT.png,toCheck_100004_02404s_NO_ALERT.png,NA,NA,NA,NA,NA,NA,Faulty
NO_ALERT.png,toCheck_100004_00359s_NO_ALERT.png,NA,NA,NA,NA,NA,NA,Faulty
NO_ALERT.png,toCheck_100004_00582s_NO_ALERT.png,NA,NA,NA,NA,NA,NA,Faulty
NO_ALERT.png,toCheck_100004_00785s_NO_ALERT.png,NA,NA,NA,NA,NA,NA,Faulty
NO_ALERT.png,toCheck_100004_00988s_NO_ALERT.png,NA,NA,NA,NA,NA,NA,Faulty
NO_ALERT.png,toCheck_100004_01191s_NO_ALERT.png,NA,NA,NA,NA,NA,NA,Faulty
NO_ALERT.png,toCheck_100004_01394s_NO_ALERT.png,NA,NA,NA,NA,NA,NA,Faulty
NO_ALERT.png,toCheck_100004_01596s_NO_ALERT.png,NA,NA,NA,NA,NA,NA,Faulty
NO_ALERT.png,toCheck_100005_00657s_NO_ALERT.png,NA,NA,NA,NA,NA,NA,Faulty
NO_ALERT.png,toCheck_100005_00669s_NO_ALERT.png,NA,NA,NA,NA,NA,NA,Faulty
NO_ALERT.png,toCheck_100005_00359s_NO_ALERT.png,NA,NA,NA,NA,NA,NA,Faulty
NO_ALERT.png,toCheck_100005_00391s_NO_ALERT.png,NA,NA,NA,NA,NA,NA,Faulty
NO_ALERT.png,toCheck_100005_00404s_NO_ALERT.png,NA,NA,NA,NA,NA,NA,Faulty
NO_ALERT.png,toCheck_100005_00417s_NO_ALERT.png,NA,NA,NA,NA,NA,NA,Faulty
NO_ALERT.png,toCheck_100005_00430s_NO_ALERT.png,NA,NA,NA,NA,NA,NA,Faulty
NO_ALERT.png,toCheck_100005_00443s_NO_ALERT.png,NA,NA,NA,NA,NA,NA,Faulty
NO_ALERT.png,toCheck_100005_00455s_NO_ALERT.png,NA,NA,NA,NA,NA,NA,Faulty
NO_ALERT.png,toCheck_100007_02485s_NO_ALERT.png,NA,NA,NA,NA,NA,NA,Faulty
NO_ALERT.png,toCheck_100007_02687s_NO_ALERT.png,NA,NA,NA,NA,NA,NA,Faulty
NO_ALERT.png,toCheck_100007_00359s_NO_ALERT.png,NA,NA,NA,NA,NA,NA,Faulty
NO_ALERT.png,toCheck_100008_00387s_NO_ALERT.png,NA,NA,NA,NA,NA,NA,Faulty
NO_ALERT.png,toCheck_100009_01797s_NO_ALERT.png,NA,NA,NA,NA,NA,NA,Faulty
NO_ALERT.png,toCheck_100009_01999s_NO_ALERT.png,NA,NA,NA,NA,NA,NA,Faulty
NO_ALERT.png,toCheck_100009_02201s_NO_ALERT.png,NA,NA,NA,NA,NA,NA,Faulty
NO_ALERT.png,toCheck_100009_02403s_NO_ALERT.png,NA,NA,NA,NA,NA,NA,Faulty
NO_ALERT.png,toCheck_100009_00359s_NO_ALERT.png,NA,NA,NA,NA,NA,NA,Faulty
NO_ALERT.png,toCheck_100009_00581s_NO_ALERT.png,NA,NA,NA,NA,NA,NA,Faulty
NO_ALERT.png,toCheck_100009_00784s_NO_ALERT.png,NA,NA,NA,NA,NA,NA,Faulty
NO_ALERT.png,toCheck_100009_00987s_NO_ALERT.png,NA,NA,NA,NA,NA,NA,Faulty
NO_ALERT.png,toCheck_100009_01190s_NO_ALERT.png,NA,NA,NA,NA,NA,NA,Faulty
NO_ALERT.png,toCheck_100009_01393s_NO_ALERT.png,NA,NA,NA,NA,NA,NA,Faulty
NO_ALERT.png,toCheck_100009_01595s_NO_ALERT.png,NA,NA,NA,NA,NA,NA,Faulty
NO_ALERT.png,toCheck_100010_00359s_NO_ALERT.png,NA,NA,NA,NA,NA,NA,Faulty
NO_ALERT.png,toCheck_100010_00391s_NO_ALERT.png,NA,NA,NA,NA,NA,NA,Faulty
NO_ALERT.png,toCheck_100010_00404s_NO_ALERT.png,NA,NA,NA,NA,NA,NA,Faulty
NO_ALERT.png,toCheck_100010_00596s_NO_ALERT.png,NA,NA,NA,NA,NA,NA,Faulty
NO_ALERT.png,toCheck_100010_00639s_NO_ALERT.png,NA,NA,NA,NA,NA,NA,Faulty
NO_ALERT.png,toCheck_100010_00842s_NO_ALERT.png,NA,NA,NA,NA,NA,NA,Faulty
NO_ALERT.png,toCheck_100010_01044s_NO_ALERT.png,NA,NA,NA,NA,NA,NA,Faulty
NO_ALERT.png,toCheck_100011_00359s_NO_ALERT.png,NA,NA,NA,NA,NA,NA,Faulty
NO_ALERT.png,toCheck_100012_00359s_NO_ALERT.png,NA,NA,NA,NA,NA,NA,Faulty
NO_ALERT.png,toCheck_100012_00391s_NO_ALERT.png,NA,NA,NA,NA,NA,NA,Faulty
NO_ALERT.png,toCheck_100012_00404s_NO_ALERT.png,NA,NA,NA,NA,NA,NA,Faulty
NO_ALERT.png,toCheck_100012_00847s_NO_ALERT.png,NA,NA,NA,NA,NA,NA,Faulty
NO_ALERT.png,toCheck_100012_00860s_NO_ALERT.png,NA,NA,NA,NA,NA,NA,Faulty
NO_ALERT.png,toCheck_100013_03796s_NO_ALERT.png,NA,NA,NA,NA,NA,NA,Faulty
NO_ALERT.png,toCheck_100013_00359s_NO_ALERT.png,NA,NA,NA,NA,NA,NA,Faulty
NO_ALERT.png,toCheck_100013_00581s_NO_ALERT.png,NA,NA,NA,NA,NA,NA,Faulty
NO_ALERT.png,toCheck_100013_00784s_NO_ALERT.png,NA,NA,NA,NA,NA,NA,Faulty
NO_ALERT.png,toCheck_100013_00986s_NO_ALERT.png,NA,NA,NA,NA,NA,NA,Faulty
NO_ALERT.png,toCheck_100013_01189s_NO_ALERT.png,NA,NA,NA,NA,NA,NA,Faulty
NO_ALERT.png,toCheck_100013_01391s_NO_ALERT.png,NA,NA,NA,NA,NA,NA,Faulty
NO_ALERT.png,toCheck_100013_03594s_NO_ALERT.png,NA,NA,NA,NA,NA,NA,Faulty
NO_ALERT.png,toCheck_100014_00359s_NO_ALERT.png,NA,NA,NA,NA,NA,NA,Faulty
NO_ALERT.png,toCheck_100014_00391s_NO_ALERT.png,NA,NA,NA,NA,NA,NA,Faulty
NO_ALERT.png,toCheck_100014_00404s_NO_ALERT.png,NA,NA,NA,NA,NA,NA,Faulty
NO_ALERT.png,toCheck_100014_00596s_NO_ALERT.png,NA,NA,NA,NA,NA,NA,Faulty
NO_ALERT.png,toCheck_100014_00669s_NO_ALERT.png,NA,NA,NA,NA,NA,NA,Faulty
NO_ALERT.png,toCheck_100014_00872s_NO_ALERT.png,NA,NA,NA,NA,NA,NA,Faulty
NO_ALERT.png,toCheck_100014_01474s_NO_ALERT.png,NA,NA,NA,NA,NA,NA,Faulty
NO_ALERT.png,toCheck_100015_00562s_NO_ALERT.png,NA,NA,NA,NA,NA,NA,Faulty
NO_ALERT.png,toCheck_100015_00359s_NO_ALERT.png,NA,NA,NA,NA,NA,NA,Faulty
NO_ALERT.png,toCheck_100015_00401s_NO_ALERT.png,NA,NA,NA,NA,NA,NA,Faulty
BUZ_33_OFF.png,toCheck_100049_00476s_BUZ_33_OFF.png,50x48,Very Small,4.37,4.39,"[0.66, 0.76, 0.29, 0.05, 2.22, 2.34, 4.39, 0.07, 1.46, 4.13, 0.1, 0.29]",0.0,NOK
BUZ_34_OFF.png,toCheck_100049_00550s_BUZ_34_OFF.png,50x48,Very Small,4.44,4.59,"[0.63, 0.66, 0.54, 0.05, 2.12, 3.32, 4.59, 0.05, 1.42, 1.81, 1.17, 0.39]",0.0,NOK
BUZ_45_OFF.png,toCheck_100049_00625s_BUZ_45_OFF.png,NA,NA,NA,NA,NA,NA,Faulty
BUZ_45_OFF.png,toCheck_100049_00679s_BUZ_45_OFF.png,NA,NA,NA,NA,NA,NA,Faulty
BUZ_13_OFF.png,toCheck_100049_00252s_BUZ_13_OFF.png,NA,NA,NA,NA,NA,NA,Faulty
BUZ_14_OFF.png,toCheck_100049_00327s_BUZ_14_OFF.png,50x48,Very Small,1.03,4.44,"[0.02, 0.24, 0.51, 0.05, 0.17, 1.27, 4.44, 0.07, 0.02, 1.81, 1.15, 0.46]",0.0,NOK
BUZ_25_OFF.png,toCheck_100049_00401s_BUZ_25_OFF.png,NA,NA,NA,NA,NA,NA,Faulty
BUZ_23_OFF.png,toCheck_100050_00961s_BUZ_23_OFF.png,NA,NA,NA,NA,NA,NA,Faulty
BUZ_26_OFF.png,toCheck_100050_01035s_BUZ_26_OFF.png,NA,NA,NA,NA,NA,NA,Faulty
BUZ_32_OFF.png,toCheck_100050_01525s_BUZ_32_OFF.png,NA,NA,NA,NA,NA,NA,Faulty
BUZ_08_OFF.png,toCheck_100050_00242s_BUZ_08_OFF.png,NA,NA,NA,NA,NA,NA,Faulty
BUZ_09_OFF.png,toCheck_100050_00812s_BUZ_09_OFF.png,50x48,Very Small,3.37,4.52,"[0.2, 0.83, 0.76, 0.22, 1.39, 4.52, 3.05, 0.12, 0.2, 2.05, 1.66, 1.49]",0.0,NOK
BUZ_10_OFF.png,toCheck_100050_00886s_BUZ_10_OFF.png,50x48,Very Small,1.88,1.68,"[0.05, 0.07, 0.2, 0.02, 0.05, 1.34, 1.68, 0.07, 0.05, 0.1, 0.07, 0.15]",0.0,NOK
BUZ_04_OFF.png,toCheck_100051_00466s_BUZ_04_OFF.png,50x48,Very Small,3.88,4.05,"[0.32, 0.29, 0.81, 0.42, 1.42, 3.93, 3.78, 0.15, 0.17, 2.05, 4.05, 1.05]",0.0,NOK
BUZ_06_OFF.png,toCheck_100051_00540s_BUZ_06_OFF.png,50x48,Very Small,3.83,4.81,"[0.2, 0.66, 0.68, 0.22, 1.56, 4.81, 2.76, 0.12, 0.07, 2.29, 1.32, 0.9]",0.0,NOK
BUZ_18_OFF.png,toCheck_100051_00615s_BUZ_18_OFF.png,NA,NA,NA,NA,NA,NA,Faulty
BUZ_22_OFF.png,toCheck_100051_00724s_BUZ_22_OFF.png,NA,NA,NA,NA,NA,NA,Faulty
BUZ_24_OFF.png,toCheck_100051_00949s_BUZ_24_OFF.png,NA,NA,NA,NA,NA,NA,Faulty
BUZ_01_OFF.png,toCheck_100051_00242s_BUZ_01_OFF.png,NA,NA,NA,NA,NA,NA,Faulty
BUZ_12_OFF.png,toCheck_100051_00317s_BUZ_12_OFF.png,NA,NA,NA,NA,NA,NA,Faulty
BUZ_02_OFF.png,toCheck_100051_00391s_BUZ_02_OFF.png,NA,NA,NA,NA,NA,NA,Faulty
BUZ_17_OFF.png,toCheck_100052_00242s_BUZ_17_OFF.png,NA,NA,NA,NA,NA,NA,Faulty
BUZ_20_OFF.png,toCheck_100052_00317s_BUZ_20_OFF.png,NA,NA,NA,NA,NA,NA,Faulty
BUZ_48_OFF.png,toCheck_100052_00391s_BUZ_48_OFF.png,NA,NA,NA,NA,NA,NA,Faulty
BUZ_32_OFF.png,toCheck_100055_01543s_BUZ_32_OFF.png,NA,NA,NA,NA,NA,NA,Faulty
BUZ_09_OFF.png,toCheck_100055_00818s_BUZ_09_OFF.png,NA,NA,NA,NA,NA,NA,Faulty
ELKA_LL_ALT_10925_4_FR.png,toCheck_100000_00443s_ELKA_LL_ALT_10925_4_FR.png,NA,NA,NA,NA,NA,NA,Faulty
TXTALT_10925_3_FR.png,toCheck_100000_00443s_TXTALT_10925_3_FR.png,NA,NA,NA,NA,NA,NA,Faulty
TLT_SERV_OFF.png,toCheck_100000_00443s_TLT_SERV_OFF.png,NA,NA,NA,NA,NA,NA,Faulty
TLT_STOP_OFF.png,toCheck_100000_00443s_TLT_STOP_OFF.png,NA,NA,NA,NA,NA,NA,Faulty
ELKA_LL_ALT_10925_4_FR.png,toCheck_100000_00468s_ELKA_LL_ALT_10925_4_FR.png,NA,NA,NA,NA,NA,NA,Faulty
TXTALT_10925_16_FR.png,toCheck_100000_00468s_TXTALT_10925_16_FR.png,NA,NA,NA,NA,NA,NA,Faulty
TXTALT_10925_4_FR.png,toCheck_100000_00483s_TXTALT_10925_4_FR.png,NA,NA,NA,NA,NA,NA,Faulty
TLT_STOP_OFF.png,toCheck_100000_00483s_TLT_STOP_OFF.png,NA,NA,NA,NA,NA,NA,Faulty
ELKA_RL_ALT_10925_4_FR.png,toCheck_100000_00498s_ELKA_RL_ALT_10925_4_FR.png,NA,NA,NA,NA,NA,NA,Faulty
TXTALT_10925_3_FR.png,toCheck_100000_00498s_TXTALT_10925_3_FR.png,NA,NA,NA,NA,NA,NA,Faulty
TLT_STOP_OFF.png,toCheck_100000_00498s_TLT_STOP_OFF.png,NA,NA,NA,NA,NA,NA,Faulty
ELKA_RL_ALT_10925_4_FR.png,toCheck_100000_00523s_ELKA_RL_ALT_10925_4_FR.png,NA,NA,NA,NA,NA,NA,Faulty
TXTALT_10925_4_FR.png,toCheck_100000_00538s_TXTALT_10925_4_FR.png,NA,NA,NA,NA,NA,NA,Faulty
TLT_SERV_OFF.png,toCheck_100000_00538s_TLT_SERV_OFF.png,NA,NA,NA,NA,NA,NA,Faulty
TLT_STOP_OFF.png,toCheck_100000_00538s_TLT_STOP_OFF.png,NA,NA,NA,NA,NA,NA,Faulty
ELKA_BT_ALT_10925_4_FR.png,toCheck_100000_00553s_ELKA_BT_ALT_10925_4_FR.png,NA,NA,NA,NA,NA,NA,Faulty
TXTALT_10925_3_FR.png,toCheck_100000_00553s_TXTALT_10925_3_FR.png,NA,NA,NA,NA,NA,NA,Faulty
TLT_SERV_OFF.png,toCheck_100000_00553s_TLT_SERV_OFF.png,NA,NA,NA,NA,NA,NA,Faulty
TLT_STOP_OFF.png,toCheck_100000_00553s_TLT_STOP_OFF.png,NA,NA,NA,NA,NA,NA,Faulty
TLT_SERV_OFF.png,toCheck_100000_00428s_TLT_SERV_OFF.png,NA,NA,NA,NA,NA,NA,Faulty
TLT_STOP_OFF.png,toCheck_100000_00428s_TLT_STOP_OFF.png,NA,NA,NA,NA,NA,NA,Faulty
LL_RED_RL_GRY.png,toCheck_100001_00466s_LL_RED_RL_GRY.png,NA,NA,NA,NA,NA,NA,Faulty
LL_GRY_RL_RED.png,toCheck_100001_00481s_LL_GRY_RL_RED.png,NA,NA,NA,NA,NA,NA,Faulty
LL_WHT_RL_WHT.png,toCheck_100001_00491s_LL_WHT_RL_WHT.png,NA,NA,NA,NA,NA,NA,Faulty
LL_WHT_RL_RED.png,toCheck_100001_00496s_LL_WHT_RL_RED.png,NA,NA,NA,NA,NA,NA,Faulty
LL_WHT_RL_WHT.png,toCheck_100001_00506s_LL_WHT_RL_WHT.png,NA,NA,NA,NA,NA,NA,Faulty
BOTH_LANE_GRY.png,toCheck_100001_00534s_BOTH_LANE_GRY.png,NA,NA,NA,NA,NA,NA,Faulty
TLT_SERV_OFF.png,toCheck_100001_00539s_TLT_SERV_OFF.png,NA,NA,NA,NA,NA,NA,Faulty
TLT_STOP_OFF.png,toCheck_100001_00539s_TLT_STOP_OFF.png,NA,NA,NA,NA,NA,NA,Faulty
BOTH_LANE_GRY.png,toCheck_100001_00423s_BOTH_LANE_GRY.png,NA,NA,NA,NA,NA,NA,Faulty
BOTH_LANE_GRY.png,toCheck_100001_00428s_BOTH_LANE_GRY.png,NA,NA,NA,NA,NA,NA,Faulty
TLT_STOP_OFF.png,toCheck_100002_00425s_TLT_STOP_OFF.png,NA,NA,NA,NA,NA,NA,Faulty
BOTH_LANE_GRY.png,toCheck_100002_00410s_BOTH_LANE_GRY.png,NA,NA,NA,NA,NA,NA,Faulty
BOTH_LANE_GRY.png,toCheck_100002_00415s_BOTH_LANE_GRY.png,NA,NA,NA,NA,NA,NA,Faulty
TLT_SERV_OFF.png,toCheck_100002_00425s_TLT_SERV_OFF.png,NA,NA,NA,NA,NA,NA,Faulty
LKA_PICTO_GRY_WOCP.png,toCheck_100003_00466s_LKA_PICTO_GRY_WOCP.png,NA,NA,NA,NA,NA,NA,Faulty
LKA_PICTO_WHT_WOCP.png,toCheck_100003_00471s_LKA_PICTO_WHT_WOCP.png,NA,NA,NA,NA,NA,NA,Faulty
LKA_PICTO_WHT_WOCP.png,toCheck_100003_00476s_LKA_PICTO_WHT_WOCP.png,NA,NA,NA,NA,NA,NA,Faulty
LKA_PICTO_NODISP_WOCP.png,toCheck_100003_00486s_LKA_PICTO_NODISP_WOCP.png,NA,NA,NA,NA,NA,NA,Faulty
LDW_PICTO_NODISP_WOCP.png,toCheck_100003_00418s_LDW_PICTO_NODISP_WOCP.png,NA,NA,NA,NA,NA,NA,Faulty
LDW_PICTO_GRY_WOCP.png,toCheck_100003_00423s_LDW_PICTO_GRY_WOCP.png,NA,NA,NA,NA,NA,NA,Faulty
LDW_PICTO_WHT_WOCP.png,toCheck_100003_00446s_LDW_PICTO_WHT_WOCP.png,NA,NA,NA,NA,NA,NA,Faulty
LDW_PICTO_WHT_WOCP.png,toCheck_100003_00451s_LDW_PICTO_WHT_WOCP.png,NA,NA,NA,NA,NA,NA,Faulty
LDW_PICTO_NODISP_WOCP.png,toCheck_100003_00461s_LDW_PICTO_NODISP_WOCP.png,NA,NA,NA,NA,NA,NA,Faulty
BOTH_LANE_GRY.png,toCheck_100004_00435s_BOTH_LANE_GRY.png,NA,NA,NA,NA,NA,NA,Faulty
BOTH_LANE_GRY.png,toCheck_100004_00420s_BOTH_LANE_GRY.png,NA,NA,NA,NA,NA,NA,Faulty
LL_GRY_RL_RED.png,toCheck_100005_00450s_LL_GRY_RL_RED.png,NA,NA,NA,NA,NA,NA,Faulty
LL_RED_RL_GRY.png,toCheck_100005_00455s_LL_RED_RL_GRY.png,NA,NA,NA,NA,NA,NA,Faulty
LL_WHT_RL_RED.png,toCheck_100005_00470s_LL_WHT_RL_RED.png,NA,NA,NA,NA,NA,NA,Faulty
BOTH_LANE_GRY.png,toCheck_100005_00420s_BOTH_LANE_GRY.png,NA,NA,NA,NA,NA,NA,Faulty
LL_GRY_RL_RED.png,toCheck_100006_00450s_LL_GRY_RL_RED.png,NA,NA,NA,NA,NA,NA,Faulty
BOTH_LANE_GRY.png,toCheck_100006_00480s_BOTH_LANE_GRY.png,NA,NA,NA,NA,NA,NA,Faulty
BOTH_LANE_GRY.png,toCheck_100006_00420s_BOTH_LANE_GRY.png,NA,NA,NA,NA,NA,NA,Faulty
LL_GRY_RL_RED.png,toCheck_100007_00450s_LL_GRY_RL_RED.png,NA,NA,NA,NA,NA,NA,Faulty
BOTH_LANE_GRY.png,toCheck_100007_00420s_BOTH_LANE_GRY.png,NA,NA,NA,NA,NA,NA,Faulty
TLT_SERV_OFF.png,toCheck_100008_00425s_TLT_SERV_OFF.png,NA,NA,NA,NA,NA,NA,Faulty
TLT_STOP_OFF.png,toCheck_100008_00425s_TLT_STOP_OFF.png,NA,NA,NA,NA,NA,NA,Faulty
TLT_LKA_ON.png,toCheck_100008_00425s_TLT_LKA_ON.png,NA,NA,NA,NA,NA,NA,Faulty
TLT_SERV_OFF.png,toCheck_100008_00430s_TLT_SERV_OFF.png,NA,NA,NA,NA,NA,NA,Faulty
TLT_STOP_OFF.png,toCheck_100008_00430s_TLT_STOP_OFF.png,NA,NA,NA,NA,NA,NA,Faulty
TLT_LKA_ON.png,toCheck_100008_00430s_TLT_LKA_ON.png,NA,NA,NA,NA,NA,NA,Faulty
BOTH_LANE_GRY.png,toCheck_100008_00445s_BOTH_LANE_GRY.png,NA,NA,NA,NA,NA,NA,Faulty
TLT_SERV_OFF.png,toCheck_100008_00490s_TLT_SERV_OFF.png,NA,NA,NA,NA,NA,NA,Faulty
TLT_STOP_OFF.png,toCheck_100008_00490s_TLT_STOP_OFF.png,NA,NA,NA,NA,NA,NA,Faulty
TLT_LKA_ON.png,toCheck_100008_00490s_TLT_LKA_ON.png,NA,NA,NA,NA,NA,NA,Faulty
TLT_SERV_OFF.png,toCheck_100008_00405s_TLT_SERV_OFF.png,NA,NA,NA,NA,NA,NA,Faulty
TLT_STOP_OFF.png,toCheck_100008_00405s_TLT_STOP_OFF.png,NA,NA,NA,NA,NA,NA,Faulty
LL_RED_RL_GRY.png,toCheck_100009_00465s_LL_RED_RL_GRY.png,NA,NA,NA,NA,NA,NA,Faulty
LL_RED_RL_GRY.png,toCheck_100009_00470s_LL_RED_RL_GRY.png,NA,NA,NA,NA,NA,NA,Faulty
LL_GRY_RL_RED.png,toCheck_100009_00490s_LL_GRY_RL_RED.png,NA,NA,NA,NA,NA,NA,Faulty
LL_GRY_RL_RED.png,toCheck_100009_00495s_LL_GRY_RL_RED.png,NA,NA,NA,NA,NA,NA,Faulty
LL_WHT_RL_WHT.png,toCheck_100009_00505s_LL_WHT_RL_WHT.png,NA,NA,NA,NA,NA,NA,Faulty
LL_WHT_RL_YEL.png,toCheck_100009_00510s_LL_WHT_RL_YEL.png,NA,NA,NA,NA,NA,NA,Faulty
LL_WHT_RL_GRY.png,toCheck_100009_00515s_LL_WHT_RL_GRY.png,NA,NA,NA,NA,NA,NA,Faulty
LL_WHT_RL_YEL.png,toCheck_100009_00518s_LL_WHT_RL_YEL.png,NA,NA,NA,NA,NA,NA,Faulty
LL_WHT_RL_GRY.png,toCheck_100009_00520s_LL_WHT_RL_GRY.png,NA,NA,NA,NA,NA,NA,Faulty
LL_WHT_RL_YEL.png,toCheck_100009_00523s_LL_WHT_RL_YEL.png,NA,NA,NA,NA,NA,NA,Faulty
LL_WHT_RL_GRY.png,toCheck_100009_00525s_LL_WHT_RL_GRY.png,NA,NA,NA,NA,NA,NA,Faulty
TXTALT_10907_15_FR.png,toCheck_100009_00528s_TXTALT_10907_15_FR.png,NA,NA,NA,NA,NA,NA,Faulty
LL_WHT_RL_YEL.png,toCheck_100009_00533s_LL_WHT_RL_YEL.png,NA,NA,NA,NA,NA,NA,Faulty
LL_WHT_RL_RED.png,toCheck_100009_00538s_LL_WHT_RL_RED.png,NA,NA,NA,NA,NA,NA,Faulty
LL_WHT_RL_RED.png,toCheck_100009_00543s_LL_WHT_RL_RED.png,NA,NA,NA,NA,NA,NA,Faulty
LL_WHT_RL_WHT.png,toCheck_100009_00548s_LL_WHT_RL_WHT.png,NA,NA,NA,NA,NA,NA,Faulty
LL_GRY_RL_WHT.png,toCheck_100009_00558s_LL_GRY_RL_WHT.png,NA,NA,NA,NA,NA,NA,Faulty
LL_YEL_RL_WHT.png,toCheck_100009_00560s_LL_YEL_RL_WHT.png,NA,NA,NA,NA,NA,NA,Faulty
LL_GRY_RL_WHT.png,toCheck_100009_00562s_LL_GRY_RL_WHT.png,NA,NA,NA,NA,NA,NA,Faulty
LL_YEL_RL_WHT.png,toCheck_100009_00564s_LL_YEL_RL_WHT.png,NA,NA,NA,NA,NA,NA,Faulty
LL_GRY_RL_WHT.png,toCheck_100009_00566s_LL_GRY_RL_WHT.png,NA,NA,NA,NA,NA,NA,Faulty
LL_WHT_RL_WHT.png,toCheck_100009_00588s_LL_WHT_RL_WHT.png,NA,NA,NA,NA,NA,NA,Faulty
BOTH_LANE_GRY.png,toCheck_100009_00420s_BOTH_LANE_GRY.png,NA,NA,NA,NA,NA,NA,Faulty
LL_WHT_RL_WHT.png,toCheck_100009_00593s_LL_WHT_RL_WHT.png,NA,NA,NA,NA,NA,NA,Faulty
TXTALT_10907_10_FR.png,toCheck_100009_00593s_TXTALT_10907_10_FR.png,NA,NA,NA,NA,NA,NA,Faulty
LL_WHT_RL_WHT.png,toCheck_100009_00598s_LL_WHT_RL_WHT.png,NA,NA,NA,NA,NA,NA,Faulty
BOTH_LANE_GRY.png,toCheck_100009_00623s_BOTH_LANE_GRY.png,NA,NA,NA,NA,NA,NA,Faulty
LL_RED_RL_YEL.png,toCheck_100009_00633s_LL_RED_RL_YEL.png,NA,NA,NA,NA,NA,NA,Faulty
LL_YEL_RL_RED.png,toCheck_100009_00643s_LL_YEL_RL_RED.png,NA,NA,NA,NA,NA,NA,Faulty
BOTH_LANE_GRY.png,toCheck_100009_00425s_BOTH_LANE_GRY.png,NA,NA,NA,NA,NA,NA,Faulty
LL_YEL_RL_GRY.png,toCheck_100009_00648s_LL_YEL_RL_GRY.png,NA,NA,NA,NA,NA,NA,Faulty
LL_YEL_RL_GRY.png,toCheck_100010_00435s_LL_YEL_RL_GRY.png,NA,NA,NA,NA,NA,NA,Faulty
BOTH_LANE_GRY.png,toCheck_100010_00440s_BOTH_LANE_GRY.png,NA,NA,NA,NA,NA,NA,Faulty
LL_GRY_RL_YEL.png,toCheck_100010_00455s_LL_GRY_RL_YEL.png,NA,NA,NA,NA,NA,NA,Faulty
BOTH_LANE_GRY.png,toCheck_100010_00460s_BOTH_LANE_GRY.png,NA,NA,NA,NA,NA,NA,Faulty
BOTH_LANE_GRY.png,toCheck_100010_00420s_BOTH_LANE_GRY.png,NA,NA,NA,NA,NA,NA,Faulty
LL_RED_RL_GRY.png,toCheck_100011_00440s_LL_RED_RL_GRY.png,NA,NA,NA,NA,NA,NA,Faulty
LL_RED_RL_GRY.png,toCheck_100011_00445s_LL_RED_RL_GRY.png,NA,NA,NA,NA,NA,NA,Faulty
LL_GRY_RL_RED.png,toCheck_100011_00460s_LL_GRY_RL_RED.png,NA,NA,NA,NA,NA,NA,Faulty
LL_GRY_RL_RED.png,toCheck_100011_00465s_LL_GRY_RL_RED.png,NA,NA,NA,NA,NA,NA,Faulty
LL_WHT_RL_YEL.png,toCheck_100011_00480s_LL_WHT_RL_YEL.png,NA,NA,NA,NA,NA,NA,Faulty
LL_WHT_RL_RED.png,toCheck_100011_00485s_LL_WHT_RL_RED.png,NA,NA,NA,NA,NA,NA,Faulty
LL_WHT_RL_RED.png,toCheck_100011_00490s_LL_WHT_RL_RED.png,NA,NA,NA,NA,NA,NA,Faulty
BOTH_LANE_GRY.png,toCheck_100011_00405s_BOTH_LANE_GRY.png,NA,NA,NA,NA,NA,NA,Faulty
LL_RED_RL_GRY.png,toCheck_100012_00440s_LL_RED_RL_GRY.png,NA,NA,NA,NA,NA,NA,Faulty
LL_GRY_RL_RED.png,toCheck_100012_00455s_LL_GRY_RL_RED.png,NA,NA,NA,NA,NA,NA,Faulty
LL_GRY_RL_RED.png,toCheck_100012_00465s_LL_GRY_RL_RED.png,NA,NA,NA,NA,NA,NA,Faulty
BOTH_LANE_GRY.png,toCheck_100012_00495s_BOTH_LANE_GRY.png,NA,NA,NA,NA,NA,NA,Faulty
BOTH_LANE_GRY.png,toCheck_100012_00405s_BOTH_LANE_GRY.png,NA,NA,NA,NA,NA,NA,Faulty
LL_RED_RL_GRY.png,toCheck_100012_00430s_LL_RED_RL_GRY.png,NA,NA,NA,NA,NA,NA,Faulty
LL_RED_RL_GRY.png,toCheck_100013_00435s_LL_RED_RL_GRY.png,NA,NA,NA,NA,NA,NA,Faulty
LL_GRY_RL_RED.png,toCheck_100013_00450s_LL_GRY_RL_RED.png,NA,NA,NA,NA,NA,NA,Faulty
LL_GRY_RL_RED.png,toCheck_100013_00455s_LL_GRY_RL_RED.png,NA,NA,NA,NA,NA,NA,Faulty
BOTH_LANE_GRY.png,toCheck_100013_00405s_BOTH_LANE_GRY.png,NA,NA,NA,NA,NA,NA,Faulty
LL_RED_RL_GRY.png,toCheck_100013_00430s_LL_RED_RL_GRY.png,NA,NA,NA,NA,NA,NA,Faulty
NO_ALERT.png,toCheck_100000_00199s_NO_ALERT.png,NA,NA,NA,NA,NA,NA,Faulty
TXTALT_10101_12_FR_ST.png,toCheck_100000_00287s_TXTALT_10101_12_FR_ST.png,NA,NA,NA,NA,NA,NA,Faulty
TXTALT_10101_12_FR_ST.png,toCheck_100000_00727s_TXTALT_10101_12_FR_ST.png,NA,NA,NA,NA,NA,NA,Faulty
HMGT_ODO_PAGE.png,toCheck_100002_00175s_HMGT_ODO_PAGE.png,NA,NA,NA,NA,NA,NA,Faulty
HMGT_ODO_PAGE.png,toCheck_100002_00625s_HMGT_ODO_PAGE.png,NA,NA,NA,NA,NA,NA,Faulty
VEHICLE_OFF.png,toCheck_100010_00261s_VEHICLE_OFF.png,NA,NA,NA,NA,NA,NA,Faulty
DIG_SPD_0_KM.png,toCheck_100012_00223s_DIG_SPD_0_KM.png,NA,NA,NA,NA,NA,NA,Faulty
DIG_SPD_0_MI.png,toCheck_100012_00245s_DIG_SPD_0_MI.png,NA,NA,NA,NA,NA,NA,Faulty
DIG_SPD_0_MI.png,toCheck_100012_00275s_DIG_SPD_0_MI.png,NA,NA,NA,NA,NA,NA,Faulty
DIG_SPD_0_KM.png,toCheck_100013_00218s_DIG_SPD_0_KM.png,NA,NA,NA,NA,NA,NA,Faulty
DIG_SPD_0_KM.png,toCheck_100013_00230s_DIG_SPD_0_KM.png,NA,NA,NA,NA,NA,NA,Faulty
DIG_SPD_0_MI.png,toCheck_100013_00252s_DIG_SPD_0_MI.png,NA,NA,NA,NA,NA,NA,Faulty
DIG_SPD_0_MI.png,toCheck_100013_00282s_DIG_SPD_0_MI.png,NA,NA,NA,NA,NA,NA,Faulty
TLT_STOP_ON.png,toCheck_100000_00366s_TLT_STOP_ON.png,NA,NA,NA,NA,NA,NA,Faulty
NO_ALERT.png,toCheck_100000_00461s_NO_ALERT.png,NA,NA,NA,NA,NA,NA,Faulty
NO_ALERT.png,toCheck_100000_00325s_NO_ALERT.png,NA,NA,NA,NA,NA,NA,Faulty
TLT_SERV_OFF.png,toCheck_100000_00325s_TLT_SERV_OFF.png,NA,NA,NA,NA,NA,NA,Faulty
TLT_STOP_OFF.png,toCheck_100000_00325s_TLT_STOP_OFF.png,NA,NA,NA,NA,NA,NA,Faulty
FULL_ALTIA_WAKEUP.png,toCheck_100000_00364s_FULL_ALTIA_WAKEUP.png,NA,NA,NA,NA,NA,NA,Faulty
NO_ALERT.png,toCheck_100000_00366s_NO_ALERT.png,NA,NA,NA,NA,NA,NA,Faulty
BUZ_00_OFF.png,toCheck_100001_00366s_BUZ_00_OFF.png,NA,NA,NA,NA,NA,NA,Faulty
TLT_STOP_ON.png,toCheck_100001_00366s_TLT_STOP_ON.png,NA,NA,NA,NA,NA,NA,Faulty
TLT_SERV_OFF.png,toCheck_100001_00426s_TLT_SERV_OFF.png,NA,NA,NA,NA,NA,NA,Faulty
TLT_STOP_ON.png,toCheck_100001_00426s_TLT_STOP_ON.png,NA,NA,NA,NA,NA,NA,Faulty
NO_ALERT.png,toCheck_100001_00461s_NO_ALERT.png,NA,NA,NA,NA,NA,NA,Faulty
NO_ALERT.png,toCheck_100001_00325s_NO_ALERT.png,NA,NA,NA,NA,NA,NA,Faulty
TLT_BAT_OFF.png,toCheck_100001_00325s_TLT_BAT_OFF.png,NA,NA,NA,NA,NA,NA,Faulty
TLT_SERV_OFF.png,toCheck_100001_00325s_TLT_SERV_OFF.png,NA,NA,NA,NA,NA,NA,Faulty
TLT_STOP_OFF.png,toCheck_100001_00325s_TLT_STOP_OFF.png,NA,NA,NA,NA,NA,NA,Faulty
FULL_ALTIA_WAKEUP.png,toCheck_100001_00364s_FULL_ALTIA_WAKEUP.png,NA,NA,NA,NA,NA,NA,Faulty
NO_ALERT.png,toCheck_100001_00366s_NO_ALERT.png,NA,NA,NA,NA,NA,NA,Faulty
TLT_NIVOCOD_ON.png,toCheck_100002_00366s_TLT_NIVOCOD_ON.png,NA,NA,NA,NA,NA,NA,Faulty
TLT_STOP_ON.png,toCheck_100002_00366s_TLT_STOP_ON.png,NA,NA,NA,NA,NA,NA,Faulty
TLT_SERV_OFF.png,toCheck_100002_00426s_TLT_SERV_OFF.png,NA,NA,NA,NA,NA,NA,Faulty
TLT_STOP_ON.png,toCheck_100002_00426s_TLT_STOP_ON.png,NA,NA,NA,NA,NA,NA,Faulty
NO_ALERT.png,toCheck_100002_00461s_NO_ALERT.png,NA,NA,NA,NA,NA,NA,Faulty
NO_ALERT.png,toCheck_100002_00325s_NO_ALERT.png,NA,NA,NA,NA,NA,NA,Faulty
TLT_NIVOCOD_OFF.png,toCheck_100002_00325s_TLT_NIVOCOD_OFF.png,NA,NA,NA,NA,NA,NA,Faulty
TLT_SERV_OFF.png,toCheck_100002_00325s_TLT_SERV_OFF.png,NA,NA,NA,NA,NA,NA,Faulty
TLT_STOP_OFF.png,toCheck_100002_00325s_TLT_STOP_OFF.png,NA,NA,NA,NA,NA,NA,Faulty
FULL_ALTIA_WAKEUP.png,toCheck_100002_00364s_FULL_ALTIA_WAKEUP.png,NA,NA,NA,NA,NA,NA,Faulty
NO_ALERT.png,toCheck_100002_00366s_NO_ALERT.png,NA,NA,NA,NA,NA,NA,Faulty
TLT_OILPR_ON.png,toCheck_100003_00366s_TLT_OILPR_ON.png,NA,NA,NA,NA,NA,NA,Faulty
TLT_STOP_ON.png,toCheck_100003_00366s_TLT_STOP_ON.png,NA,NA,NA,NA,NA,NA,Faulty
TLT_SERV_OFF.png,toCheck_100003_00426s_TLT_SERV_OFF.png,NA,NA,NA,NA,NA,NA,Faulty
TLT_STOP_ON.png,toCheck_100003_00426s_TLT_STOP_ON.png,NA,NA,NA,NA,NA,NA,Faulty
NO_ALERT.png,toCheck_100003_00461s_NO_ALERT.png,NA,NA,NA,NA,NA,NA,Faulty
NO_ALERT.png,toCheck_100003_00325s_NO_ALERT.png,NA,NA,NA,NA,NA,NA,Faulty
TLT_OILPR_OFF.png,toCheck_100003_00325s_TLT_OILPR_OFF.png,NA,NA,NA,NA,NA,NA,Faulty
TLT_SERV_OFF.png,toCheck_100003_00325s_TLT_SERV_OFF.png,NA,NA,NA,NA,NA,NA,Faulty
TLT_STOP_OFF.png,toCheck_100003_00325s_TLT_STOP_OFF.png,NA,NA,NA,NA,NA,NA,Faulty
FULL_ALTIA_WAKEUP.png,toCheck_100003_00364s_FULL_ALTIA_WAKEUP.png,NA,NA,NA,NA,NA,NA,Faulty
NO_ALERT.png,toCheck_100003_00366s_NO_ALERT.png,NA,NA,NA,NA,NA,NA,Faulty
TLT_STOP_ON.png,toCheck_100004_00401s_TLT_STOP_ON.png,NA,NA,NA,NA,NA,NA,Faulty
NO_ALERT.png,toCheck_100004_00496s_NO_ALERT.png,NA,NA,NA,NA,NA,NA,Faulty
NO_ALERT.png,toCheck_100004_00360s_NO_ALERT.png,NA,NA,NA,NA,NA,NA,Faulty
TLT_SERV_OFF.png,toCheck_100004_00360s_TLT_SERV_OFF.png,NA,NA,NA,NA,NA,NA,Faulty
TLT_STOP_OFF.png,toCheck_100004_00360s_TLT_STOP_OFF.png,NA,NA,NA,NA,NA,NA,Faulty
FULL_ALTIA_WAKEUP.png,toCheck_100004_00399s_FULL_ALTIA_WAKEUP.png,NA,NA,NA,NA,NA,NA,Faulty
NO_ALERT.png,toCheck_100004_00401s_NO_ALERT.png,NA,NA,NA,NA,NA,NA,Faulty
TLT_STOP_ON.png,toCheck_100005_00366s_TLT_STOP_ON.png,NA,NA,NA,NA,NA,NA,Faulty
TLT_SERV_OFF.png,toCheck_100005_00426s_TLT_SERV_OFF.png,NA,NA,NA,NA,NA,NA,Faulty
NO_ALERT.png,toCheck_100005_00461s_NO_ALERT.png,NA,NA,NA,NA,NA,NA,Faulty
NO_ALERT.png,toCheck_100005_00325s_NO_ALERT.png,NA,NA,NA,NA,NA,NA,Faulty
TLT_SERV_OFF.png,toCheck_100005_00325s_TLT_SERV_OFF.png,NA,NA,NA,NA,NA,NA,Faulty
TLT_STOP_OFF.png,toCheck_100005_00325s_TLT_STOP_OFF.png,NA,NA,NA,NA,NA,NA,Faulty
FULL_ALTIA_WAKEUP.png,toCheck_100005_00364s_FULL_ALTIA_WAKEUP.png,NA,NA,NA,NA,NA,NA,Faulty
NO_ALERT.png,toCheck_100005_00366s_NO_ALERT.png,NA,NA,NA,NA,NA,NA,Faulty
TLT_STOP_ON.png,toCheck_100006_00366s_TLT_STOP_ON.png,NA,NA,NA,NA,NA,NA,Faulty
TLT_SERV_OFF.png,toCheck_100006_00426s_TLT_SERV_OFF.png,NA,NA,NA,NA,NA,NA,Faulty
NO_ALERT.png,toCheck_100006_00461s_NO_ALERT.png,NA,NA,NA,NA,NA,NA,Faulty
NO_ALERT.png,toCheck_100006_00325s_NO_ALERT.png,NA,NA,NA,NA,NA,NA,Faulty
TLT_SERV_OFF.png,toCheck_100006_00325s_TLT_SERV_OFF.png,NA,NA,NA,NA,NA,NA,Faulty
TLT_STOP_OFF.png,toCheck_100006_00325s_TLT_STOP_OFF.png,NA,NA,NA,NA,NA,NA,Faulty
FULL_ALTIA_WAKEUP.png,toCheck_100006_00364s_FULL_ALTIA_WAKEUP.png,NA,NA,NA,NA,NA,NA,Faulty
NO_ALERT.png,toCheck_100006_00366s_NO_ALERT.png,NA,NA,NA,NA,NA,NA,Faulty
TLT_STOP_ON.png,toCheck_100007_00366s_TLT_STOP_ON.png,NA,NA,NA,NA,NA,NA,Faulty
NO_ALERT.png,toCheck_100007_00461s_NO_ALERT.png,NA,NA,NA,NA,NA,NA,Faulty
NO_ALERT.png,toCheck_100007_00325s_NO_ALERT.png,NA,NA,NA,NA,NA,NA,Faulty
TLT_SERV_OFF.png,toCheck_100007_00325s_TLT_SERV_OFF.png,NA,NA,NA,NA,NA,NA,Faulty
TLT_STOP_OFF.png,toCheck_100007_00325s_TLT_STOP_OFF.png,NA,NA,NA,NA,NA,NA,Faulty
FULL_ALTIA_WAKEUP.png,toCheck_100007_00364s_FULL_ALTIA_WAKEUP.png,NA,NA,NA,NA,NA,NA,Faulty
NO_ALERT.png,toCheck_100007_00366s_NO_ALERT.png,NA,NA,NA,NA,NA,NA,Faulty
TLT_STOP_ON.png,toCheck_100008_00366s_TLT_STOP_ON.png,NA,NA,NA,NA,NA,NA,Faulty
NO_ALERT.png,toCheck_100008_00461s_NO_ALERT.png,NA,NA,NA,NA,NA,NA,Faulty
NO_ALERT.png,toCheck_100008_00325s_NO_ALERT.png,NA,NA,NA,NA,NA,NA,Faulty
TLT_SERV_OFF.png,toCheck_100008_00325s_TLT_SERV_OFF.png,NA,NA,NA,NA,NA,NA,Faulty
TLT_STOP_OFF.png,toCheck_100008_00325s_TLT_STOP_OFF.png,NA,NA,NA,NA,NA,NA,Faulty
FULL_ALTIA_WAKEUP.png,toCheck_100008_00364s_FULL_ALTIA_WAKEUP.png,NA,NA,NA,NA,NA,NA,Faulty
NO_ALERT.png,toCheck_100008_00366s_NO_ALERT.png,NA,NA,NA,NA,NA,NA,Faulty
TLT_DAE_ON.png,toCheck_100009_00401s_TLT_DAE_ON.png,NA,NA,NA,NA,NA,NA,Faulty
TLT_STOP_ON.png,toCheck_100009_00401s_TLT_STOP_ON.png,NA,NA,NA,NA,NA,NA,Faulty
TLT_SERV_OFF.png,toCheck_100009_00461s_TLT_SERV_OFF.png,NA,NA,NA,NA,NA,NA,Faulty
TLT_STOP_ON.png,toCheck_100009_00461s_TLT_STOP_ON.png,NA,NA,NA,NA,NA,NA,Faulty
NO_ALERT.png,toCheck_100009_00531s_NO_ALERT.png,NA,NA,NA,NA,NA,NA,Faulty
NO_ALERT.png,toCheck_100009_00360s_NO_ALERT.png,NA,NA,NA,NA,NA,NA,Faulty
TLT_DAE_OFF.png,toCheck_100009_00360s_TLT_DAE_OFF.png,NA,NA,NA,NA,NA,NA,Faulty
TLT_SERV_OFF.png,toCheck_100009_00360s_TLT_SERV_OFF.png,NA,NA,NA,NA,NA,NA,Faulty
TLT_STOP_OFF.png,toCheck_100009_00360s_TLT_STOP_OFF.png,NA,NA,NA,NA,NA,NA,Faulty
FULL_ALTIA_WAKEUP.png,toCheck_100009_00399s_FULL_ALTIA_WAKEUP.png,NA,NA,NA,NA,NA,NA,Faulty
NO_ALERT.png,toCheck_100009_00401s_NO_ALERT.png,NA,NA,NA,NA,NA,NA,Faulty
TLT_DAE_ON.png,toCheck_100010_00398s_TLT_DAE_ON.png,NA,NA,NA,NA,NA,NA,Faulty
TLT_STOP_ON.png,toCheck_100010_00398s_TLT_STOP_ON.png,NA,NA,NA,NA,NA,NA,Faulty
TLT_SERV_OFF.png,toCheck_100010_00458s_TLT_SERV_OFF.png,NA,NA,NA,NA,NA,NA,Faulty
TLT_STOP_ON.png,toCheck_100010_00458s_TLT_STOP_ON.png,NA,NA,NA,NA,NA,NA,Faulty
NO_ALERT.png,toCheck_100010_00493s_NO_ALERT.png,NA,NA,NA,NA,NA,NA,Faulty
NO_ALERT.png,toCheck_100010_00357s_NO_ALERT.png,NA,NA,NA,NA,NA,NA,Faulty
TLT_DAE_OFF.png,toCheck_100010_00357s_TLT_DAE_OFF.png,NA,NA,NA,NA,NA,NA,Faulty
TLT_SERV_OFF.png,toCheck_100010_00357s_TLT_SERV_OFF.png,NA,NA,NA,NA,NA,NA,Faulty
TLT_STOP_OFF.png,toCheck_100010_00357s_TLT_STOP_OFF.png,NA,NA,NA,NA,NA,NA,Faulty
FULL_ALTIA_WAKEUP.png,toCheck_100010_00396s_FULL_ALTIA_WAKEUP.png,NA,NA,NA,NA,NA,NA,Faulty
NO_ALERT.png,toCheck_100010_00398s_NO_ALERT.png,NA,NA,NA,NA,NA,NA,Faulty
BUZ_00_OFF.png,toCheck_100011_00366s_BUZ_00_OFF.png,NA,NA,NA,NA,NA,NA,Faulty
TLT_DAE_ON.png,toCheck_100011_00366s_TLT_DAE_ON.png,NA,NA,NA,NA,NA,NA,Faulty
TLT_STOP_ON.png,toCheck_100011_00366s_TLT_STOP_ON.png,NA,NA,NA,NA,NA,NA,Faulty
TLT_SERV_OFF.png,toCheck_100011_00426s_TLT_SERV_OFF.png,NA,NA,NA,NA,NA,NA,Faulty
TLT_STOP_ON.png,toCheck_100011_00426s_TLT_STOP_ON.png,NA,NA,NA,NA,NA,NA,Faulty
NO_ALERT.png,toCheck_100011_00461s_NO_ALERT.png,NA,NA,NA,NA,NA,NA,Faulty
NO_ALERT.png,toCheck_100011_00325s_NO_ALERT.png,NA,NA,NA,NA,NA,NA,Faulty
TLT_DAE_OFF.png,toCheck_100011_00325s_TLT_DAE_OFF.png,NA,NA,NA,NA,NA,NA,Faulty
TLT_SERV_OFF.png,toCheck_100011_00325s_TLT_SERV_OFF.png,NA,NA,NA,NA,NA,NA,Faulty
TLT_STOP_OFF.png,toCheck_100011_00325s_TLT_STOP_OFF.png,NA,NA,NA,NA,NA,NA,Faulty
FULL_ALTIA_WAKEUP.png,toCheck_100011_00364s_FULL_ALTIA_WAKEUP.png,NA,NA,NA,NA,NA,NA,Faulty
NO_ALERT.png,toCheck_100011_00366s_NO_ALERT.png,NA,NA,NA,NA,NA,NA,Faulty
TLT_DAE_WARN_ON.png,toCheck_100012_00366s_TLT_DAE_WARN_ON.png,NA,NA,NA,NA,NA,NA,Faulty
TLT_STOP_ON.png,toCheck_100012_00366s_TLT_STOP_ON.png,NA,NA,NA,NA,NA,NA,Faulty
TLT_DAE_WARN_ON.png,toCheck_100012_00426s_TLT_DAE_WARN_ON.png,NA,NA,NA,NA,NA,NA,Faulty
TLT_SERV_OFF.png,toCheck_100012_00426s_TLT_SERV_OFF.png,NA,NA,NA,NA,NA,NA,Faulty
NO_ALERT.png,toCheck_100012_00461s_NO_ALERT.png,NA,NA,NA,NA,NA,NA,Faulty
NO_ALERT.png,toCheck_100012_00325s_NO_ALERT.png,NA,NA,NA,NA,NA,NA,Faulty
TLT_DAE_WARN_OFF.png,toCheck_100012_00325s_TLT_DAE_WARN_OFF.png,NA,NA,NA,NA,NA,NA,Faulty
TLT_SERV_OFF.png,toCheck_100012_00325s_TLT_SERV_OFF.png,NA,NA,NA,NA,NA,NA,Faulty
TLT_STOP_OFF.png,toCheck_100012_00325s_TLT_STOP_OFF.png,NA,NA,NA,NA,NA,NA,Faulty
FULL_ALTIA_WAKEUP.png,toCheck_100012_00364s_FULL_ALTIA_WAKEUP.png,NA,NA,NA,NA,NA,NA,Faulty
NO_ALERT.png,toCheck_100012_00366s_NO_ALERT.png,NA,NA,NA,NA,NA,NA,Faulty
TLT_STOP_ON.png,toCheck_100013_00386s_TLT_STOP_ON.png,NA,NA,NA,NA,NA,NA,Faulty
TLT_SERV_OFF.png,toCheck_100013_00446s_TLT_SERV_OFF.png,NA,NA,NA,NA,NA,NA,Faulty
TLT_STOP_OFF.png,toCheck_100013_00446s_TLT_STOP_OFF.png,NA,NA,NA,NA,NA,NA,Faulty
NO_ALERT.png,toCheck_100013_00481s_NO_ALERT.png,NA,NA,NA,NA,NA,NA,Faulty
FULL_ALTIA_WAKEUP_MMI.png,toCheck_100013_00345s_FULL_ALTIA_WAKEUP_MMI.png,NA,NA,NA,NA,NA,NA,Faulty
NO_ALERT.png,toCheck_100013_00345s_NO_ALERT.png,NA,NA,NA,NA,NA,NA,Faulty
TLT_PB_OFF.png,toCheck_100013_00345s_TLT_PB_OFF.png,NA,NA,NA,NA,NA,NA,Faulty
TLT_SERV_OFF.png,toCheck_100013_00345s_TLT_SERV_OFF.png,NA,NA,NA,NA,NA,NA,Faulty
TLT_STOP_OFF.png,toCheck_100013_00345s_TLT_STOP_OFF.png,NA,NA,NA,NA,NA,NA,Faulty
FULL_ALTIA_WAKEUP.png,toCheck_100013_00384s_FULL_ALTIA_WAKEUP.png,NA,NA,NA,NA,NA,NA,Faulty
NO_ALERT.png,toCheck_100013_00386s_NO_ALERT.png,NA,NA,NA,NA,NA,NA,Faulty
TLT_STOP_ON.png,toCheck_100014_00366s_TLT_STOP_ON.png,NA,NA,NA,NA,NA,NA,Faulty
NO_ALERT.png,toCheck_100014_00461s_NO_ALERT.png,NA,NA,NA,NA,NA,NA,Faulty
NO_ALERT.png,toCheck_100014_00325s_NO_ALERT.png,NA,NA,NA,NA,NA,NA,Faulty
TLT_SERV_OFF.png,toCheck_100014_00325s_TLT_SERV_OFF.png,NA,NA,NA,NA,NA,NA,Faulty
TLT_STOP_OFF.png,toCheck_100014_00325s_TLT_STOP_OFF.png,NA,NA,NA,NA,NA,NA,Faulty
FULL_ALTIA_WAKEUP.png,toCheck_100014_00364s_FULL_ALTIA_WAKEUP.png,NA,NA,NA,NA,NA,NA,Faulty
NO_ALERT.png,toCheck_100014_00366s_NO_ALERT.png,NA,NA,NA,NA,NA,NA,Faulty
TLT_STOP_ON.png,toCheck_100015_00366s_TLT_STOP_ON.png,NA,NA,NA,NA,NA,NA,Faulty
NO_ALERT.png,toCheck_100015_00461s_NO_ALERT.png,NA,NA,NA,NA,NA,NA,Faulty
NO_ALERT.png,toCheck_100015_00325s_NO_ALERT.png,NA,NA,NA,NA,NA,NA,Faulty
TLT_SERV_OFF.png,toCheck_100015_00325s_TLT_SERV_OFF.png,NA,NA,NA,NA,NA,NA,Faulty
TLT_STOP_OFF.png,toCheck_100015_00325s_TLT_STOP_OFF.png,NA,NA,NA,NA,NA,NA,Faulty
FULL_ALTIA_WAKEUP.png,toCheck_100015_00364s_FULL_ALTIA_WAKEUP.png,NA,NA,NA,NA,NA,NA,Faulty
NO_ALERT.png,toCheck_100015_00366s_NO_ALERT.png,NA,NA,NA,NA,NA,NA,Faulty
TLT_STOP_ON.png,toCheck_100016_00366s_TLT_STOP_ON.png,NA,NA,NA,NA,NA,NA,Faulty
NO_ALERT.png,toCheck_100016_00461s_NO_ALERT.png,NA,NA,NA,NA,NA,NA,Faulty
NO_ALERT.png,toCheck_100016_00325s_NO_ALERT.png,NA,NA,NA,NA,NA,NA,Faulty
TLT_SERV_OFF.png,toCheck_100016_00325s_TLT_SERV_OFF.png,NA,NA,NA,NA,NA,NA,Faulty
TLT_STOP_OFF.png,toCheck_100016_00325s_TLT_STOP_OFF.png,NA,NA,NA,NA,NA,NA,Faulty
FULL_ALTIA_WAKEUP.png,toCheck_100016_00364s_FULL_ALTIA_WAKEUP.png,NA,NA,NA,NA,NA,NA,Faulty
NO_ALERT.png,toCheck_100016_00366s_NO_ALERT.png,NA,NA,NA,NA,NA,NA,Faulty
TLT_STOP_ON.png,toCheck_100017_00366s_TLT_STOP_ON.png,NA,NA,NA,NA,NA,NA,Faulty
NO_ALERT.png,toCheck_100017_00461s_NO_ALERT.png,NA,NA,NA,NA,NA,NA,Faulty
NO_ALERT.png,toCheck_100017_00325s_NO_ALERT.png,NA,NA,NA,NA,NA,NA,Faulty
TLT_SERV_OFF.png,toCheck_100017_00325s_TLT_SERV_OFF.png,NA,NA,NA,NA,NA,NA,Faulty
TLT_STOP_OFF.png,toCheck_100017_00325s_TLT_STOP_OFF.png,NA,NA,NA,NA,NA,NA,Faulty
FULL_ALTIA_WAKEUP.png,toCheck_100017_00364s_FULL_ALTIA_WAKEUP.png,NA,NA,NA,NA,NA,NA,Faulty
NO_ALERT.png,toCheck_100017_00366s_NO_ALERT.png,NA,NA,NA,NA,NA,NA,Faulty
TLT_STOP_ON.png,toCheck_100018_00366s_TLT_STOP_ON.png,NA,NA,NA,NA,NA,NA,Faulty
TLT_SERV_OFF.png,toCheck_100018_00426s_TLT_SERV_OFF.png,NA,NA,NA,NA,NA,NA,Faulty
NO_ALERT.png,toCheck_100018_00461s_NO_ALERT.png,NA,NA,NA,NA,NA,NA,Faulty
NO_ALERT.png,toCheck_100018_00325s_NO_ALERT.png,NA,NA,NA,NA,NA,NA,Faulty
TLT_SERV_OFF.png,toCheck_100018_00325s_TLT_SERV_OFF.png,NA,NA,NA,NA,NA,NA,Faulty
TLT_STOP_OFF.png,toCheck_100018_00325s_TLT_STOP_OFF.png,NA,NA,NA,NA,NA,NA,Faulty
FULL_ALTIA_WAKEUP.png,toCheck_100018_00364s_FULL_ALTIA_WAKEUP.png,NA,NA,NA,NA,NA,NA,Faulty
NO_ALERT.png,toCheck_100018_00366s_NO_ALERT.png,NA,NA,NA,NA,NA,NA,Faulty
TLT_STOP_ON.png,toCheck_100019_00366s_TLT_STOP_ON.png,NA,NA,NA,NA,NA,NA,Faulty
TLT_SERV_OFF.png,toCheck_100019_00426s_TLT_SERV_OFF.png,NA,NA,NA,NA,NA,NA,Faulty
NO_ALERT.png,toCheck_100019_00461s_NO_ALERT.png,NA,NA,NA,NA,NA,NA,Faulty
NO_ALERT.png,toCheck_100019_00325s_NO_ALERT.png,NA,NA,NA,NA,NA,NA,Faulty
TLT_SERV_OFF.png,toCheck_100019_00325s_TLT_SERV_OFF.png,NA,NA,NA,NA,NA,NA,Faulty
TLT_STOP_OFF.png,toCheck_100019_00325s_TLT_STOP_OFF.png,NA,NA,NA,NA,NA,NA,Faulty
FULL_ALTIA_WAKEUP.png,toCheck_100019_00364s_FULL_ALTIA_WAKEUP.png,NA,NA,NA,NA,NA,NA,Faulty
NO_ALERT.png,toCheck_100019_00366s_NO_ALERT.png,NA,NA,NA,NA,NA,NA,Faulty
TLT_STOP_ON.png,toCheck_100020_00366s_TLT_STOP_ON.png,NA,NA,NA,NA,NA,NA,Faulty
TLT_SERV_OFF.png,toCheck_100020_00426s_TLT_SERV_OFF.png,NA,NA,NA,NA,NA,NA,Faulty
NO_ALERT.png,toCheck_100020_00461s_NO_ALERT.png,NA,NA,NA,NA,NA,NA,Faulty
NO_ALERT.png,toCheck_100020_00325s_NO_ALERT.png,NA,NA,NA,NA,NA,NA,Faulty
TLT_SERV_OFF.png,toCheck_100020_00325s_TLT_SERV_OFF.png,NA,NA,NA,NA,NA,NA,Faulty
TLT_STOP_OFF.png,toCheck_100020_00325s_TLT_STOP_OFF.png,NA,NA,NA,NA,NA,NA,Faulty
FULL_ALTIA_WAKEUP.png,toCheck_100020_00364s_FULL_ALTIA_WAKEUP.png,NA,NA,NA,NA,NA,NA,Faulty
NO_ALERT.png,toCheck_100020_00366s_NO_ALERT.png,NA,NA,NA,NA,NA,NA,Faulty
TLT_STOP_ON.png,toCheck_100021_00366s_TLT_STOP_ON.png,NA,NA,NA,NA,NA,NA,Faulty
TLT_SERV_OFF.png,toCheck_100021_00426s_TLT_SERV_OFF.png,NA,NA,NA,NA,NA,NA,Faulty
NO_ALERT.png,toCheck_100021_00461s_NO_ALERT.png,NA,NA,NA,NA,NA,NA,Faulty
NO_ALERT.png,toCheck_100021_00325s_NO_ALERT.png,NA,NA,NA,NA,NA,NA,Faulty
TLT_SERV_OFF.png,toCheck_100021_00325s_TLT_SERV_OFF.png,NA,NA,NA,NA,NA,NA,Faulty
TLT_STOP_OFF.png,toCheck_100021_00325s_TLT_STOP_OFF.png,NA,NA,NA,NA,NA,NA,Faulty
FULL_ALTIA_WAKEUP.png,toCheck_100021_00364s_FULL_ALTIA_WAKEUP.png,NA,NA,NA,NA,NA,NA,Faulty
NO_ALERT.png,toCheck_100021_00366s_NO_ALERT.png,NA,NA,NA,NA,NA,NA,Faulty
TLT_STOP_ON.png,toCheck_100022_00366s_TLT_STOP_ON.png,NA,NA,NA,NA,NA,NA,Faulty
TLT_SERV_OFF.png,toCheck_100022_00426s_TLT_SERV_OFF.png,NA,NA,NA,NA,NA,NA,Faulty
NO_ALERT.png,toCheck_100022_00461s_NO_ALERT.png,NA,NA,NA,NA,NA,NA,Faulty
NO_ALERT.png,toCheck_100022_00325s_NO_ALERT.png,NA,NA,NA,NA,NA,NA,Faulty
TLT_SERV_OFF.png,toCheck_100022_00325s_TLT_SERV_OFF.png,NA,NA,NA,NA,NA,NA,Faulty
TLT_STOP_OFF.png,toCheck_100022_00325s_TLT_STOP_OFF.png,NA,NA,NA,NA,NA,NA,Faulty
FULL_ALTIA_WAKEUP.png,toCheck_100022_00364s_FULL_ALTIA_WAKEUP.png,NA,NA,NA,NA,NA,NA,Faulty
NO_ALERT.png,toCheck_100022_00366s_NO_ALERT.png,NA,NA,NA,NA,NA,NA,Faulty
TLT_STOP_ON.png,toCheck_100023_00366s_TLT_STOP_ON.png,NA,NA,NA,NA,NA,NA,Faulty
NO_ALERT.png,toCheck_100023_00461s_NO_ALERT.png,NA,NA,NA,NA,NA,NA,Faulty
NO_ALERT.png,toCheck_100023_00325s_NO_ALERT.png,NA,NA,NA,NA,NA,NA,Faulty
TLT_SERV_OFF.png,toCheck_100023_00325s_TLT_SERV_OFF.png,NA,NA,NA,NA,NA,NA,Faulty
TLT_STOP_OFF.png,toCheck_100023_00325s_TLT_STOP_OFF.png,NA,NA,NA,NA,NA,NA,Faulty
FULL_ALTIA_WAKEUP.png,toCheck_100023_00364s_FULL_ALTIA_WAKEUP.png,NA,NA,NA,NA,NA,NA,Faulty
NO_ALERT.png,toCheck_100023_00366s_NO_ALERT.png,NA,NA,NA,NA,NA,NA,Faulty
TLT_ODB_ON.png,toCheck_100024_00366s_TLT_ODB_ON.png,NA,NA,NA,NA,NA,NA,Faulty
TLT_STOP_ON.png,toCheck_100024_00366s_TLT_STOP_ON.png,NA,NA,NA,NA,NA,NA,Faulty
TLT_ODB_ON.png,toCheck_100024_00426s_TLT_ODB_ON.png,NA,NA,NA,NA,NA,NA,Faulty
NO_ALERT.png,toCheck_100024_00461s_NO_ALERT.png,NA,NA,NA,NA,NA,NA,Faulty
NO_ALERT.png,toCheck_100024_00325s_NO_ALERT.png,NA,NA,NA,NA,NA,NA,Faulty
TLT_ODB_OFF.png,toCheck_100024_00325s_TLT_ODB_OFF.png,NA,NA,NA,NA,NA,NA,Faulty
TLT_SERV_OFF.png,toCheck_100024_00325s_TLT_SERV_OFF.png,NA,NA,NA,NA,NA,NA,Faulty
TLT_STOP_OFF.png,toCheck_100024_00325s_TLT_STOP_OFF.png,NA,NA,NA,NA,NA,NA,Faulty
FULL_ALTIA_WAKEUP.png,toCheck_100024_00364s_FULL_ALTIA_WAKEUP.png,NA,NA,NA,NA,NA,NA,Faulty
NO_ALERT.png,toCheck_100024_00366s_NO_ALERT.png,NA,NA,NA,NA,NA,NA,Faulty
TLT_STOP_ON.png,toCheck_100025_00366s_TLT_STOP_ON.png,NA,NA,NA,NA,NA,NA,Faulty
TLT_SERV_OFF.png,toCheck_100025_00426s_TLT_SERV_OFF.png,NA,NA,NA,NA,NA,NA,Faulty
TLT_STOP_ON.png,toCheck_100025_00426s_TLT_STOP_ON.png,NA,NA,NA,NA,NA,NA,Faulty
NO_ALERT.png,toCheck_100025_00461s_NO_ALERT.png,NA,NA,NA,NA,NA,NA,Faulty
NO_ALERT.png,toCheck_100025_00325s_NO_ALERT.png,NA,NA,NA,NA,NA,NA,Faulty
TLT_SERV_OFF.png,toCheck_100025_00325s_TLT_SERV_OFF.png,NA,NA,NA,NA,NA,NA,Faulty
TLT_STOP_OFF.png,toCheck_100025_00325s_TLT_STOP_OFF.png,NA,NA,NA,NA,NA,NA,Faulty
FULL_ALTIA_WAKEUP.png,toCheck_100025_00364s_FULL_ALTIA_WAKEUP.png,NA,NA,NA,NA,NA,NA,Faulty
NO_ALERT.png,toCheck_100025_00366s_NO_ALERT.png,NA,NA,NA,NA,NA,NA,Faulty
TLT_STOP_ON.png,toCheck_100026_00366s_TLT_STOP_ON.png,NA,NA,NA,NA,NA,NA,Faulty
TLT_SERV_OFF.png,toCheck_100026_00426s_TLT_SERV_OFF.png,NA,NA,NA,NA,NA,NA,Faulty
TLT_STOP_ON.png,toCheck_100026_00426s_TLT_STOP_ON.png,NA,NA,NA,NA,NA,NA,Faulty
NO_ALERT.png,toCheck_100026_00461s_NO_ALERT.png,NA,NA,NA,NA,NA,NA,Faulty
NO_ALERT.png,toCheck_100026_00325s_NO_ALERT.png,NA,NA,NA,NA,NA,NA,Faulty
TLT_WTP_OFF.png,toCheck_100026_00325s_TLT_WTP_OFF.png,NA,NA,NA,NA,NA,NA,Faulty
TLT_SERV_OFF.png,toCheck_100026_00325s_TLT_SERV_OFF.png,NA,NA,NA,NA,NA,NA,Faulty
TLT_STOP_OFF.png,toCheck_100026_00325s_TLT_STOP_OFF.png,NA,NA,NA,NA,NA,NA,Faulty
FULL_ALTIA_WAKEUP.png,toCheck_100026_00364s_FULL_ALTIA_WAKEUP.png,NA,NA,NA,NA,NA,NA,Faulty
NO_ALERT.png,toCheck_100026_00366s_NO_ALERT.png,NA,NA,NA,NA,NA,NA,Faulty
TLT_STOP_ON.png,toCheck_100027_00366s_TLT_STOP_ON.png,NA,NA,NA,NA,NA,NA,Faulty
TLT_SERV_OFF.png,toCheck_100027_00426s_TLT_SERV_OFF.png,NA,NA,NA,NA,NA,NA,Faulty
NO_ALERT.png,toCheck_100027_00461s_NO_ALERT.png,NA,NA,NA,NA,NA,NA,Faulty
NO_ALERT.png,toCheck_100027_00325s_NO_ALERT.png,NA,NA,NA,NA,NA,NA,Faulty
TLT_STOP_OFF.png,toCheck_100027_00325s_TLT_STOP_OFF.png,NA,NA,NA,NA,NA,NA,Faulty
TLT_SERV_OFF.png,toCheck_100027_00325s_TLT_SERV_OFF.png,NA,NA,NA,NA,NA,NA,Faulty
FULL_ALTIA_WAKEUP.png,toCheck_100027_00364s_FULL_ALTIA_WAKEUP.png,NA,NA,NA,NA,NA,NA,Faulty
NO_ALERT.png,toCheck_100027_00366s_NO_ALERT.png,NA,NA,NA,NA,NA,NA,Faulty
TLT_STOP_ON.png,toCheck_100028_00398s_TLT_STOP_ON.png,NA,NA,NA,NA,NA,NA,Faulty
NO_ALERT.png,toCheck_100028_00493s_NO_ALERT.png,NA,NA,NA,NA,NA,NA,Faulty
NO_ALERT.png,toCheck_100028_00357s_NO_ALERT.png,NA,NA,NA,NA,NA,NA,Faulty
TLT_SERV_OFF.png,toCheck_100028_00357s_TLT_SERV_OFF.png,NA,NA,NA,NA,NA,NA,Faulty
TLT_STOP_OFF.png,toCheck_100028_00357s_TLT_STOP_OFF.png,NA,NA,NA,NA,NA,NA,Faulty
FULL_ALTIA_WAKEUP.png,toCheck_100028_00396s_FULL_ALTIA_WAKEUP.png,NA,NA,NA,NA,NA,NA,Faulty
NO_ALERT.png,toCheck_100028_00398s_NO_ALERT.png,NA,NA,NA,NA,NA,NA,Faulty
TLT_STOP_ON.png,toCheck_100029_00366s_TLT_STOP_ON.png,NA,NA,NA,NA,NA,NA,Faulty
TLT_SERV_OFF.png,toCheck_100029_00426s_TLT_SERV_OFF.png,NA,NA,NA,NA,NA,NA,Faulty
TLT_STOP_ON.png,toCheck_100029_00426s_TLT_STOP_ON.png,NA,NA,NA,NA,NA,NA,Faulty
NO_ALERT.png,toCheck_100029_00461s_NO_ALERT.png,NA,NA,NA,NA,NA,NA,Faulty
NO_ALERT.png,toCheck_100029_00325s_NO_ALERT.png,NA,NA,NA,NA,NA,NA,Faulty
TLT_SERV_OFF.png,toCheck_100029_00325s_TLT_SERV_OFF.png,NA,NA,NA,NA,NA,NA,Faulty
TLT_STOP_OFF.png,toCheck_100029_00325s_TLT_STOP_OFF.png,NA,NA,NA,NA,NA,NA,Faulty
FULL_ALTIA_WAKEUP.png,toCheck_100029_00364s_FULL_ALTIA_WAKEUP.png,NA,NA,NA,NA,NA,NA,Faulty
NO_ALERT.png,toCheck_100029_00366s_NO_ALERT.png,NA,NA,NA,NA,NA,NA,Faulty
TLT_STOP_ON.png,toCheck_100030_00366s_TLT_STOP_ON.png,NA,NA,NA,NA,NA,NA,Faulty
TLT_SERV_OFF.png,toCheck_100030_00426s_TLT_SERV_OFF.png,NA,NA,NA,NA,NA,NA,Faulty
NO_ALERT.png,toCheck_100030_00461s_NO_ALERT.png,NA,NA,NA,NA,NA,NA,Faulty
NO_ALERT.png,toCheck_100030_00325s_NO_ALERT.png,NA,NA,NA,NA,NA,NA,Faulty
TLT_SERV_OFF.png,toCheck_100030_00325s_TLT_SERV_OFF.png,NA,NA,NA,NA,NA,NA,Faulty
TLT_STOP_OFF.png,toCheck_100030_00325s_TLT_STOP_OFF.png,NA,NA,NA,NA,NA,NA,Faulty
FULL_ALTIA_WAKEUP.png,toCheck_100030_00364s_FULL_ALTIA_WAKEUP.png,NA,NA,NA,NA,NA,NA,Faulty
NO_ALERT.png,toCheck_100030_00366s_NO_ALERT.png,NA,NA,NA,NA,NA,NA,Faulty
TLT_STOP_ON.png,toCheck_100031_00366s_TLT_STOP_ON.png,NA,NA,NA,NA,NA,NA,Faulty
NO_ALERT.png,toCheck_100031_00461s_NO_ALERT.png,NA,NA,NA,NA,NA,NA,Faulty
NO_ALERT.png,toCheck_100031_00325s_NO_ALERT.png,NA,NA,NA,NA,NA,NA,Faulty
TLT_SERV_OFF.png,toCheck_100031_00325s_TLT_SERV_OFF.png,NA,NA,NA,NA,NA,NA,Faulty
TLT_STOP_OFF.png,toCheck_100031_00325s_TLT_STOP_OFF.png,NA,NA,NA,NA,NA,NA,Faulty
FULL_ALTIA_WAKEUP.png,toCheck_100031_00364s_FULL_ALTIA_WAKEUP.png,NA,NA,NA,NA,NA,NA,Faulty
NO_ALERT.png,toCheck_100031_00366s_NO_ALERT.png,NA,NA,NA,NA,NA,NA,Faulty
TLT_STOP_ON.png,toCheck_100032_00366s_TLT_STOP_ON.png,NA,NA,NA,NA,NA,NA,Faulty
TLT_SERV_OFF.png,toCheck_100032_00426s_TLT_SERV_OFF.png,NA,NA,NA,NA,NA,NA,Faulty
NO_ALERT.png,toCheck_100032_00461s_NO_ALERT.png,NA,NA,NA,NA,NA,NA,Faulty
NO_ALERT.png,toCheck_100032_00325s_NO_ALERT.png,NA,NA,NA,NA,NA,NA,Faulty
TLT_SERV_OFF.png,toCheck_100032_00325s_TLT_SERV_OFF.png,NA,NA,NA,NA,NA,NA,Faulty
TLT_STOP_OFF.png,toCheck_100032_00325s_TLT_STOP_OFF.png,NA,NA,NA,NA,NA,NA,Faulty
FULL_ALTIA_WAKEUP.png,toCheck_100032_00364s_FULL_ALTIA_WAKEUP.png,NA,NA,NA,NA,NA,NA,Faulty
NO_ALERT.png,toCheck_100032_00366s_NO_ALERT.png,NA,NA,NA,NA,NA,NA,Faulty
TLT_STOP_ON.png,toCheck_100033_00366s_TLT_STOP_ON.png,NA,NA,NA,NA,NA,NA,Faulty
TLT_SERV_OFF.png,toCheck_100033_00426s_TLT_SERV_OFF.png,NA,NA,NA,NA,NA,NA,Faulty
NO_ALERT.png,toCheck_100033_00461s_NO_ALERT.png,NA,NA,NA,NA,NA,NA,Faulty
NO_ALERT.png,toCheck_100033_00325s_NO_ALERT.png,NA,NA,NA,NA,NA,NA,Faulty
TLT_SERV_OFF.png,toCheck_100033_00325s_TLT_SERV_OFF.png,NA,NA,NA,NA,NA,NA,Faulty
TLT_STOP_OFF.png,toCheck_100033_00325s_TLT_STOP_OFF.png,NA,NA,NA,NA,NA,NA,Faulty
FULL_ALTIA_WAKEUP.png,toCheck_100033_00364s_FULL_ALTIA_WAKEUP.png,NA,NA,NA,NA,NA,NA,Faulty
NO_ALERT.png,toCheck_100033_00366s_NO_ALERT.png,NA,NA,NA,NA,NA,NA,Faulty
TLT_ESC_ON.png,toCheck_100034_00366s_TLT_ESC_ON.png,NA,NA,NA,NA,NA,NA,Faulty
TLT_STOP_ON.png,toCheck_100034_00366s_TLT_STOP_ON.png,NA,NA,NA,NA,NA,NA,Faulty
TLT_ESC_ON.png,toCheck_100034_00426s_TLT_ESC_ON.png,NA,NA,NA,NA,NA,NA,Faulty
NO_ALERT.png,toCheck_100034_00461s_NO_ALERT.png,NA,NA,NA,NA,NA,NA,Faulty
NO_ALERT.png,toCheck_100034_00325s_NO_ALERT.png,NA,NA,NA,NA,NA,NA,Faulty
TLT_ESC_OFF.png,toCheck_100034_00325s_TLT_ESC_OFF.png,NA,NA,NA,NA,NA,NA,Faulty
TLT_SERV_OFF.png,toCheck_100034_00325s_TLT_SERV_OFF.png,NA,NA,NA,NA,NA,NA,Faulty
TLT_STOP_OFF.png,toCheck_100034_00325s_TLT_STOP_OFF.png,NA,NA,NA,NA,NA,NA,Faulty
FULL_ALTIA_WAKEUP.png,toCheck_100034_00364s_FULL_ALTIA_WAKEUP.png,NA,NA,NA,NA,NA,NA,Faulty
NO_ALERT.png,toCheck_100034_00366s_NO_ALERT.png,NA,NA,NA,NA,NA,NA,Faulty
TLT_ESPOFF_ON.png,toCheck_100035_00366s_TLT_ESPOFF_ON.png,NA,NA,NA,NA,NA,NA,Faulty
TLT_STOP_ON.png,toCheck_100035_00366s_TLT_STOP_ON.png,NA,NA,NA,NA,NA,NA,Faulty
TLT_ESPOFF_ON.png,toCheck_100035_00426s_TLT_ESPOFF_ON.png,NA,NA,NA,NA,NA,NA,Faulty
TLT_SERV_OFF.png,toCheck_100035_00427s_TLT_SERV_OFF.png,NA,NA,NA,NA,NA,NA,Faulty
NO_ALERT.png,toCheck_100035_00462s_NO_ALERT.png,NA,NA,NA,NA,NA,NA,Faulty
NO_ALERT.png,toCheck_100035_00325s_NO_ALERT.png,NA,NA,NA,NA,NA,NA,Faulty
TLT_ESPOFF_OFF.png,toCheck_100035_00325s_TLT_ESPOFF_OFF.png,NA,NA,NA,NA,NA,NA,Faulty
TLT_SERV_OFF.png,toCheck_100035_00325s_TLT_SERV_OFF.png,NA,NA,NA,NA,NA,NA,Faulty
TLT_STOP_OFF.png,toCheck_100035_00325s_TLT_STOP_OFF.png,NA,NA,NA,NA,NA,NA,Faulty
FULL_ALTIA_WAKEUP.png,toCheck_100035_00364s_FULL_ALTIA_WAKEUP.png,NA,NA,NA,NA,NA,NA,Faulty
NO_ALERT.png,toCheck_100035_00366s_NO_ALERT.png,NA,NA,NA,NA,NA,NA,Faulty
TLT_STOP_ON.png,toCheck_100036_00366s_TLT_STOP_ON.png,NA,NA,NA,NA,NA,NA,Faulty
NO_ALERT.png,toCheck_100036_00461s_NO_ALERT.png,NA,NA,NA,NA,NA,NA,Faulty
NO_ALERT.png,toCheck_100036_00325s_NO_ALERT.png,NA,NA,NA,NA,NA,NA,Faulty
TLT_SERV_OFF.png,toCheck_100036_00325s_TLT_SERV_OFF.png,NA,NA,NA,NA,NA,NA,Faulty
TLT_STOP_OFF.png,toCheck_100036_00325s_TLT_STOP_OFF.png,NA,NA,NA,NA,NA,NA,Faulty
FULL_ALTIA_WAKEUP.png,toCheck_100036_00364s_FULL_ALTIA_WAKEUP.png,NA,NA,NA,NA,NA,NA,Faulty
NO_ALERT.png,toCheck_100036_00366s_NO_ALERT.png,NA,NA,NA,NA,NA,NA,Faulty
TLT_STOP_ON.png,toCheck_100037_00366s_TLT_STOP_ON.png,NA,NA,NA,NA,NA,NA,Faulty
TLT_SERV_OFF.png,toCheck_100037_00426s_TLT_SERV_OFF.png,NA,NA,NA,NA,NA,NA,Faulty
NO_ALERT.png,toCheck_100037_00461s_NO_ALERT.png,NA,NA,NA,NA,NA,NA,Faulty
NO_ALERT.png,toCheck_100037_00325s_NO_ALERT.png,NA,NA,NA,NA,NA,NA,Faulty
TLT_SERV_OFF.png,toCheck_100037_00325s_TLT_SERV_OFF.png,NA,NA,NA,NA,NA,NA,Faulty
TLT_STOP_OFF.png,toCheck_100037_00325s_TLT_STOP_OFF.png,NA,NA,NA,NA,NA,NA,Faulty
FULL_ALTIA_WAKEUP.png,toCheck_100037_00364s_FULL_ALTIA_WAKEUP.png,NA,NA,NA,NA,NA,NA,Faulty
NO_ALERT.png,toCheck_100037_00366s_NO_ALERT.png,NA,NA,NA,NA,NA,NA,Faulty
TLT_STOP_ON.png,toCheck_100038_00396s_TLT_STOP_ON.png,NA,NA,NA,NA,NA,NA,Faulty
NO_ALERT.png,toCheck_100038_00496s_NO_ALERT.png,NA,NA,NA,NA,NA,NA,Faulty
NO_ALERT.png,toCheck_100038_00355s_NO_ALERT.png,NA,NA,NA,NA,NA,NA,Faulty
TLT_SERV_OFF.png,toCheck_100038_00355s_TLT_SERV_OFF.png,NA,NA,NA,NA,NA,NA,Faulty
TLT_STOP_OFF.png,toCheck_100038_00355s_TLT_STOP_OFF.png,NA,NA,NA,NA,NA,NA,Faulty
FULL_ALTIA_WAKEUP.png,toCheck_100038_00394s_FULL_ALTIA_WAKEUP.png,NA,NA,NA,NA,NA,NA,Faulty
NO_ALERT.png,toCheck_100038_00396s_NO_ALERT.png,NA,NA,NA,NA,NA,NA,Faulty
TLT_STOP_ON.png,toCheck_100039_00441s_TLT_STOP_ON.png,NA,NA,NA,NA,NA,NA,Faulty
TLT_SERV_OFF.png,toCheck_100039_00501s_TLT_SERV_OFF.png,NA,NA,NA,NA,NA,NA,Faulty
NO_ALERT.png,toCheck_100039_00606s_NO_ALERT.png,NA,NA,NA,NA,NA,NA,Faulty
NO_ALERT.png,toCheck_100039_00400s_NO_ALERT.png,NA,NA,NA,NA,NA,NA,Faulty
TLT_SERV_OFF.png,toCheck_100039_00400s_TLT_SERV_OFF.png,NA,NA,NA,NA,NA,NA,Faulty
TLT_STOP_OFF.png,toCheck_100039_00400s_TLT_STOP_OFF.png,NA,NA,NA,NA,NA,NA,Faulty
FULL_ALTIA_WAKEUP.png,toCheck_100039_00439s_FULL_ALTIA_WAKEUP.png,NA,NA,NA,NA,NA,NA,Faulty
NO_ALERT.png,toCheck_100039_00441s_NO_ALERT.png,NA,NA,NA,NA,NA,NA,Faulty
TLT_STOP_ON.png,toCheck_100040_00366s_TLT_STOP_ON.png,NA,NA,NA,NA,NA,NA,Faulty
NO_ALERT.png,toCheck_100040_00461s_NO_ALERT.png,NA,NA,NA,NA,NA,NA,Faulty
NO_ALERT.png,toCheck_100040_00325s_NO_ALERT.png,NA,NA,NA,NA,NA,NA,Faulty
TLT_SERV_OFF.png,toCheck_100040_00325s_TLT_SERV_OFF.png,NA,NA,NA,NA,NA,NA,Faulty
TLT_STOP_OFF.png,toCheck_100040_00325s_TLT_STOP_OFF.png,NA,NA,NA,NA,NA,NA,Faulty
FULL_ALTIA_WAKEUP.png,toCheck_100040_00364s_FULL_ALTIA_WAKEUP.png,NA,NA,NA,NA,NA,NA,Faulty
NO_ALERT.png,toCheck_100040_00366s_NO_ALERT.png,NA,NA,NA,NA,NA,NA,Faulty
TLT_ABS_ON.png,toCheck_100041_00366s_TLT_ABS_ON.png,NA,NA,NA,NA,NA,NA,Faulty
TLT_STOP_ON.png,toCheck_100041_00366s_TLT_STOP_ON.png,NA,NA,NA,NA,NA,NA,Faulty
TLT_ABS_ON.png,toCheck_100041_00426s_TLT_ABS_ON.png,NA,NA,NA,NA,NA,NA,Faulty
NO_ALERT.png,toCheck_100041_00461s_NO_ALERT.png,NA,NA,NA,NA,NA,NA,Faulty
NO_ALERT.png,toCheck_100041_00325s_NO_ALERT.png,NA,NA,NA,NA,NA,NA,Faulty
TLT_ABS_OFF.png,toCheck_100041_00325s_TLT_ABS_OFF.png,NA,NA,NA,NA,NA,NA,Faulty
TLT_SERV_OFF.png,toCheck_100041_00325s_TLT_SERV_OFF.png,NA,NA,NA,NA,NA,NA,Faulty
TLT_STOP_OFF.png,toCheck_100041_00325s_TLT_STOP_OFF.png,NA,NA,NA,NA,NA,NA,Faulty
FULL_ALTIA_WAKEUP.png,toCheck_100041_00364s_FULL_ALTIA_WAKEUP.png,NA,NA,NA,NA,NA,NA,Faulty
NO_ALERT.png,toCheck_100041_00366s_NO_ALERT.png,NA,NA,NA,NA,NA,NA,Faulty
BUZ_00_OFF.png,toCheck_100042_00366s_BUZ_00_OFF.png,NA,NA,NA,NA,NA,NA,Faulty
TLT_NIVOCOD_ON.png,toCheck_100042_00366s_TLT_NIVOCOD_ON.png,NA,NA,NA,NA,NA,NA,Faulty
TLT_STOP_ON.png,toCheck_100042_00366s_TLT_STOP_ON.png,NA,NA,NA,NA,NA,NA,Faulty
TLT_SERV_OFF.png,toCheck_100042_00426s_TLT_SERV_OFF.png,NA,NA,NA,NA,NA,NA,Faulty
TLT_STOP_ON.png,toCheck_100042_00426s_TLT_STOP_ON.png,NA,NA,NA,NA,NA,NA,Faulty
NO_ALERT.png,toCheck_100042_00461s_NO_ALERT.png,NA,NA,NA,NA,NA,NA,Faulty
NO_ALERT.png,toCheck_100042_00325s_NO_ALERT.png,NA,NA,NA,NA,NA,NA,Faulty
TLT_NIVOCOD_OFF.png,toCheck_100042_00325s_TLT_NIVOCOD_OFF.png,NA,NA,NA,NA,NA,NA,Faulty
TLT_SERV_OFF.png,toCheck_100042_00325s_TLT_SERV_OFF.png,NA,NA,NA,NA,NA,NA,Faulty
TLT_STOP_OFF.png,toCheck_100042_00325s_TLT_STOP_OFF.png,NA,NA,NA,NA,NA,NA,Faulty
FULL_ALTIA_WAKEUP.png,toCheck_100042_00364s_FULL_ALTIA_WAKEUP.png,NA,NA,NA,NA,NA,NA,Faulty
NO_ALERT.png,toCheck_100042_00366s_NO_ALERT.png,NA,NA,NA,NA,NA,NA,Faulty
BUZ_00_OFF.png,toCheck_100043_00401s_BUZ_00_OFF.png,NA,NA,NA,NA,NA,NA,Faulty
TLT_NIVOCOD_ON.png,toCheck_100043_00401s_TLT_NIVOCOD_ON.png,NA,NA,NA,NA,NA,NA,Faulty
TLT_STOP_ON.png,toCheck_100043_00401s_TLT_STOP_ON.png,NA,NA,NA,NA,NA,NA,Faulty
TLT_STOP_ON.png,toCheck_100043_00461s_TLT_STOP_ON.png,NA,NA,NA,NA,NA,NA,Faulty
NO_ALERT.png,toCheck_100043_00506s_NO_ALERT.png,NA,NA,NA,NA,NA,NA,Faulty
NO_ALERT.png,toCheck_100043_00360s_NO_ALERT.png,NA,NA,NA,NA,NA,NA,Faulty
TLT_NIVOCOD_OFF.png,toCheck_100043_00360s_TLT_NIVOCOD_OFF.png,NA,NA,NA,NA,NA,NA,Faulty
TLT_SERV_OFF.png,toCheck_100043_00360s_TLT_SERV_OFF.png,NA,NA,NA,NA,NA,NA,Faulty
TLT_STOP_OFF.png,toCheck_100043_00360s_TLT_STOP_OFF.png,NA,NA,NA,NA,NA,NA,Faulty
FULL_ALTIA_WAKEUP.png,toCheck_100043_00399s_FULL_ALTIA_WAKEUP.png,NA,NA,NA,NA,NA,NA,Faulty
NO_ALERT.png,toCheck_100043_00401s_NO_ALERT.png,NA,NA,NA,NA,NA,NA,Faulty
TLT_STOP_ON.png,toCheck_100044_00366s_TLT_STOP_ON.png,NA,NA,NA,NA,NA,NA,Faulty
NO_ALERT.png,toCheck_100044_00461s_NO_ALERT.png,NA,NA,NA,NA,NA,NA,Faulty
NO_ALERT.png,toCheck_100044_00325s_NO_ALERT.png,NA,NA,NA,NA,NA,NA,Faulty
TLT_SERV_OFF.png,toCheck_100044_00325s_TLT_SERV_OFF.png,NA,NA,NA,NA,NA,NA,Faulty
TLT_STOP_OFF.png,toCheck_100044_00325s_TLT_STOP_OFF.png,NA,NA,NA,NA,NA,NA,Faulty
FULL_ALTIA_WAKEUP.png,toCheck_100044_00364s_FULL_ALTIA_WAKEUP.png,NA,NA,NA,NA,NA,NA,Faulty
NO_ALERT.png,toCheck_100044_00366s_NO_ALERT.png,NA,NA,NA,NA,NA,NA,Faulty
TLT_STOP_OFF.png,toCheck_100045_00332s_TLT_STOP_OFF.png,NA,NA,NA,NA,NA,NA,Faulty
FULL_ALTIA_WAKEUP.png,toCheck_100045_00371s_FULL_ALTIA_WAKEUP.png,NA,NA,NA,NA,NA,NA,Faulty
NO_ALERT.png,toCheck_100045_00373s_NO_ALERT.png,NA,NA,NA,NA,NA,NA,Faulty
TLT_TPW_ON.png,toCheck_100045_00373s_TLT_TPW_ON.png,NA,NA,NA,NA,NA,NA,Faulty
TLT_TPW_OFF.png,toCheck_100045_00376s_TLT_TPW_OFF.png,NA,NA,NA,NA,NA,NA,Faulty
TLT_TPW_ON.png,toCheck_100045_00378s_TLT_TPW_ON.png,NA,NA,NA,NA,NA,NA,Faulty
TLT_TPW_OFF.png,toCheck_100045_00381s_TLT_TPW_OFF.png,NA,NA,NA,NA,NA,NA,Faulty
TLT_STOP_ON.png,toCheck_100045_00381s_TLT_STOP_ON.png,NA,NA,NA,NA,NA,NA,Faulty
TLT_TPW_ON.png,toCheck_100045_00441s_TLT_TPW_ON.png,NA,NA,NA,NA,NA,NA,Faulty
TLT_TPW_OFF.png,toCheck_100045_00443s_TLT_TPW_OFF.png,NA,NA,NA,NA,NA,NA,Faulty
NO_ALERT.png,toCheck_100045_00481s_NO_ALERT.png,NA,NA,NA,NA,NA,NA,Faulty
NO_ALERT.png,toCheck_100045_00325s_NO_ALERT.png,NA,NA,NA,NA,NA,NA,Faulty
TLT_TPW_OFF.png,toCheck_100045_00325s_TLT_TPW_OFF.png,NA,NA,NA,NA,NA,NA,Faulty
TLT_TPW_OFF.png,toCheck_100045_00327s_TLT_TPW_OFF.png,NA,NA,NA,NA,NA,NA,Faulty
TLT_TPW_OFF.png,toCheck_100045_00330s_TLT_TPW_OFF.png,NA,NA,NA,NA,NA,NA,Faulty
TLT_TPW_OFF.png,toCheck_100045_00332s_TLT_TPW_OFF.png,NA,NA,NA,NA,NA,NA,Faulty
TLT_SERV_OFF.png,toCheck_100045_00332s_TLT_SERV_OFF.png,NA,NA,NA,NA,NA,NA,Faulty
TLT_TPW_ON.png,toCheck_100046_00366s_TLT_TPW_ON.png,NA,NA,NA,NA,NA,NA,Faulty
TLT_STOP_ON.png,toCheck_100046_00366s_TLT_STOP_ON.png,NA,NA,NA,NA,NA,NA,Faulty
TLT_TPW_ON.png,toCheck_100046_00426s_TLT_TPW_ON.png,NA,NA,NA,NA,NA,NA,Faulty
TLT_SERV_OFF.png,toCheck_100046_00426s_TLT_SERV_OFF.png,NA,NA,NA,NA,NA,NA,Faulty
NO_ALERT.png,toCheck_100046_00461s_NO_ALERT.png,NA,NA,NA,NA,NA,NA,Faulty
NO_ALERT.png,toCheck_100046_00325s_NO_ALERT.png,NA,NA,NA,NA,NA,NA,Faulty
TLT_TPW_OFF.png,toCheck_100046_00325s_TLT_TPW_OFF.png,NA,NA,NA,NA,NA,NA,Faulty
TLT_SERV_OFF.png,toCheck_100046_00325s_TLT_SERV_OFF.png,NA,NA,NA,NA,NA,NA,Faulty
TLT_STOP_OFF.png,toCheck_100046_00325s_TLT_STOP_OFF.png,NA,NA,NA,NA,NA,NA,Faulty
FULL_ALTIA_WAKEUP.png,toCheck_100046_00364s_FULL_ALTIA_WAKEUP.png,NA,NA,NA,NA,NA,NA,Faulty
NO_ALERT.png,toCheck_100046_00366s_NO_ALERT.png,NA,NA,NA,NA,NA,NA,Faulty
TLT_TPW_ON.png,toCheck_100047_00366s_TLT_TPW_ON.png,NA,NA,NA,NA,NA,NA,Faulty
TLT_TPW_OFF.png,toCheck_100047_00368s_TLT_TPW_OFF.png,NA,NA,NA,NA,NA,NA,Faulty
TLT_TPW_ON.png,toCheck_100047_00371s_TLT_TPW_ON.png,NA,NA,NA,NA,NA,NA,Faulty
TLT_TPW_OFF.png,toCheck_100047_00373s_TLT_TPW_OFF.png,NA,NA,NA,NA,NA,NA,Faulty
TLT_STOP_ON.png,toCheck_100047_00373s_TLT_STOP_ON.png,NA,NA,NA,NA,NA,NA,Faulty
TLT_TPW_OFF.png,toCheck_100047_00433s_TLT_TPW_OFF.png,NA,NA,NA,NA,NA,NA,Faulty
TLT_TPW_ON.png,toCheck_100047_00436s_TLT_TPW_ON.png,NA,NA,NA,NA,NA,NA,Faulty
TLT_TPW_OFF.png,toCheck_100047_00438s_TLT_TPW_OFF.png,NA,NA,NA,NA,NA,NA,Faulty
TLT_TPW_ON.png,toCheck_100047_00441s_TLT_TPW_ON.png,NA,NA,NA,NA,NA,NA,Faulty
TLT_SERV_OFF.png,toCheck_100047_00443s_TLT_SERV_OFF.png,NA,NA,NA,NA,NA,NA,Faulty
NO_ALERT.png,toCheck_100047_00478s_NO_ALERT.png,NA,NA,NA,NA,NA,NA,Faulty
NO_ALERT.png,toCheck_100047_00325s_NO_ALERT.png,NA,NA,NA,NA,NA,NA,Faulty
TLT_TPW_OFF.png,toCheck_100047_00325s_TLT_TPW_OFF.png,NA,NA,NA,NA,NA,NA,Faulty
TLT_SERV_OFF.png,toCheck_100047_00325s_TLT_SERV_OFF.png,NA,NA,NA,NA,NA,NA,Faulty
TLT_STOP_OFF.png,toCheck_100047_00325s_TLT_STOP_OFF.png,NA,NA,NA,NA,NA,NA,Faulty
FULL_ALTIA_WAKEUP.png,toCheck_100047_00364s_FULL_ALTIA_WAKEUP.png,NA,NA,NA,NA,NA,NA,Faulty
NO_ALERT.png,toCheck_100047_00366s_NO_ALERT.png,NA,NA,NA,NA,NA,NA,Faulty
TLT_TPW_ON.png,toCheck_100048_00366s_TLT_TPW_ON.png,NA,NA,NA,NA,NA,NA,Faulty
TLT_STOP_ON.png,toCheck_100048_00366s_TLT_STOP_ON.png,NA,NA,NA,NA,NA,NA,Faulty
TLT_TPW_ON.png,toCheck_100048_00426s_TLT_TPW_ON.png,NA,NA,NA,NA,NA,NA,Faulty
TLT_SERV_OFF.png,toCheck_100048_00426s_TLT_SERV_OFF.png,NA,NA,NA,NA,NA,NA,Faulty
NO_ALERT.png,toCheck_100048_00461s_NO_ALERT.png,NA,NA,NA,NA,NA,NA,Faulty
NO_ALERT.png,toCheck_100048_00325s_NO_ALERT.png,NA,NA,NA,NA,NA,NA,Faulty
TLT_TPW_OFF.png,toCheck_100048_00325s_TLT_TPW_OFF.png,NA,NA,NA,NA,NA,NA,Faulty
TLT_SERV_OFF.png,toCheck_100048_00325s_TLT_SERV_OFF.png,NA,NA,NA,NA,NA,NA,Faulty
TLT_STOP_OFF.png,toCheck_100048_00325s_TLT_STOP_OFF.png,NA,NA,NA,NA,NA,NA,Faulty
FULL_ALTIA_WAKEUP.png,toCheck_100048_00364s_FULL_ALTIA_WAKEUP.png,NA,NA,NA,NA,NA,NA,Faulty
NO_ALERT.png,toCheck_100048_00366s_NO_ALERT.png,NA,NA,NA,NA,NA,NA,Faulty
TLT_STOP_OFF.png,toCheck_100049_00332s_TLT_STOP_OFF.png,NA,NA,NA,NA,NA,NA,Faulty
FULL_ALTIA_WAKEUP.png,toCheck_100049_00371s_FULL_ALTIA_WAKEUP.png,NA,NA,NA,NA,NA,NA,Faulty
NO_ALERT.png,toCheck_100049_00373s_NO_ALERT.png,NA,NA,NA,NA,NA,NA,Faulty
TLT_TPW_ON.png,toCheck_100049_00373s_TLT_TPW_ON.png,NA,NA,NA,NA,NA,NA,Faulty
TLT_TPW_OFF.png,toCheck_100049_00376s_TLT_TPW_OFF.png,NA,NA,NA,NA,NA,NA,Faulty
TLT_TPW_ON.png,toCheck_100049_00378s_TLT_TPW_ON.png,NA,NA,NA,NA,NA,NA,Faulty
TLT_TPW_OFF.png,toCheck_100049_00381s_TLT_TPW_OFF.png,NA,NA,NA,NA,NA,NA,Faulty
TLT_STOP_ON.png,toCheck_100049_00381s_TLT_STOP_ON.png,NA,NA,NA,NA,NA,NA,Faulty
TLT_TPW_OFF.png,toCheck_100049_00441s_TLT_TPW_OFF.png,NA,NA,NA,NA,NA,NA,Faulty
TLT_TPW_ON.png,toCheck_100049_00443s_TLT_TPW_ON.png,NA,NA,NA,NA,NA,NA,Faulty
TLT_TPW_OFF.png,toCheck_100049_00446s_TLT_TPW_OFF.png,NA,NA,NA,NA,NA,NA,Faulty
TLT_TPW_ON.png,toCheck_100049_00448s_TLT_TPW_ON.png,NA,NA,NA,NA,NA,NA,Faulty
NO_ALERT.png,toCheck_100049_00486s_NO_ALERT.png,NA,NA,NA,NA,NA,NA,Faulty
NO_ALERT.png,toCheck_100049_00325s_NO_ALERT.png,NA,NA,NA,NA,NA,NA,Faulty
TLT_TPW_OFF.png,toCheck_100049_00325s_TLT_TPW_OFF.png,NA,NA,NA,NA,NA,NA,Faulty
TLT_TPW_OFF.png,toCheck_100049_00327s_TLT_TPW_OFF.png,NA,NA,NA,NA,NA,NA,Faulty
TLT_TPW_OFF.png,toCheck_100049_00330s_TLT_TPW_OFF.png,NA,NA,NA,NA,NA,NA,Faulty
TLT_TPW_OFF.png,toCheck_100049_00332s_TLT_TPW_OFF.png,NA,NA,NA,NA,NA,NA,Faulty
TLT_SERV_OFF.png,toCheck_100049_00332s_TLT_SERV_OFF.png,NA,NA,NA,NA,NA,NA,Faulty
TLT_TPW_ON.png,toCheck_100050_00366s_TLT_TPW_ON.png,NA,NA,NA,NA,NA,NA,Faulty
TLT_TPW_OFF.png,toCheck_100050_00368s_TLT_TPW_OFF.png,NA,NA,NA,NA,NA,NA,Faulty
TLT_TPW_ON.png,toCheck_100050_00371s_TLT_TPW_ON.png,NA,NA,NA,NA,NA,NA,Faulty
TLT_TPW_OFF.png,toCheck_100050_00373s_TLT_TPW_OFF.png,NA,NA,NA,NA,NA,NA,Faulty
TLT_STOP_ON.png,toCheck_100050_00373s_TLT_STOP_ON.png,NA,NA,NA,NA,NA,NA,Faulty
TLT_TPW_OFF.png,toCheck_100050_00433s_TLT_TPW_OFF.png,NA,NA,NA,NA,NA,NA,Faulty
TLT_TPW_ON.png,toCheck_100050_00436s_TLT_TPW_ON.png,NA,NA,NA,NA,NA,NA,Faulty
TLT_TPW_OFF.png,toCheck_100050_00438s_TLT_TPW_OFF.png,NA,NA,NA,NA,NA,NA,Faulty
TLT_TPW_ON.png,toCheck_100050_00441s_TLT_TPW_ON.png,NA,NA,NA,NA,NA,NA,Faulty
TLT_SERV_OFF.png,toCheck_100050_00443s_TLT_SERV_OFF.png,NA,NA,NA,NA,NA,NA,Faulty
NO_ALERT.png,toCheck_100050_00478s_NO_ALERT.png,NA,NA,NA,NA,NA,NA,Faulty
NO_ALERT.png,toCheck_100050_00325s_NO_ALERT.png,NA,NA,NA,NA,NA,NA,Faulty
TLT_TPW_OFF.png,toCheck_100050_00325s_TLT_TPW_OFF.png,NA,NA,NA,NA,NA,NA,Faulty
TLT_SERV_OFF.png,toCheck_100050_00325s_TLT_SERV_OFF.png,NA,NA,NA,NA,NA,NA,Faulty
TLT_STOP_OFF.png,toCheck_100050_00325s_TLT_STOP_OFF.png,NA,NA,NA,NA,NA,NA,Faulty
FULL_ALTIA_WAKEUP.png,toCheck_100050_00364s_FULL_ALTIA_WAKEUP.png,NA,NA,NA,NA,NA,NA,Faulty
NO_ALERT.png,toCheck_100050_00366s_NO_ALERT.png,NA,NA,NA,NA,NA,NA,Faulty
TLT_STOP_ON.png,toCheck_100051_00366s_TLT_STOP_ON.png,NA,NA,NA,NA,NA,NA,Faulty
NO_ALERT.png,toCheck_100051_00461s_NO_ALERT.png,NA,NA,NA,NA,NA,NA,Faulty
NO_ALERT.png,toCheck_100051_00325s_NO_ALERT.png,NA,NA,NA,NA,NA,NA,Faulty
TLT_SERV_OFF.png,toCheck_100051_00325s_TLT_SERV_OFF.png,NA,NA,NA,NA,NA,NA,Faulty
TLT_STOP_OFF.png,toCheck_100051_00325s_TLT_STOP_OFF.png,NA,NA,NA,NA,NA,NA,Faulty
FULL_ALTIA_WAKEUP.png,toCheck_100051_00364s_FULL_ALTIA_WAKEUP.png,NA,NA,NA,NA,NA,NA,Faulty
NO_ALERT.png,toCheck_100051_00366s_NO_ALERT.png,NA,NA,NA,NA,NA,NA,Faulty
TLT_STOP_ON.png,toCheck_100053_00598s_TLT_STOP_ON.png,NA,NA,NA,NA,NA,NA,Faulty
TLT_SERV_OFF.png,toCheck_100053_00658s_TLT_SERV_OFF.png,NA,NA,NA,NA,NA,NA,Faulty
TLT_STOP_ON.png,toCheck_100053_00658s_TLT_STOP_ON.png,NA,NA,NA,NA,NA,NA,Faulty
NO_ALERT.png,toCheck_100053_00703s_NO_ALERT.png,NA,NA,NA,NA,NA,NA,Faulty
NO_ALERT.png,toCheck_100053_00557s_NO_ALERT.png,NA,NA,NA,NA,NA,NA,Faulty
TLT_SERV_OFF.png,toCheck_100053_00557s_TLT_SERV_OFF.png,NA,NA,NA,NA,NA,NA,Faulty
TLT_STOP_OFF.png,toCheck_100053_00557s_TLT_STOP_OFF.png,NA,NA,NA,NA,NA,NA,Faulty
FULL_ALTIA_WAKEUP.png,toCheck_100053_00596s_FULL_ALTIA_WAKEUP.png,NA,NA,NA,NA,NA,NA,Faulty
NO_ALERT.png,toCheck_100053_00598s_NO_ALERT.png,NA,NA,NA,NA,NA,NA,Faulty
TLT_STOP_ON.png,toCheck_100054_00366s_TLT_STOP_ON.png,NA,NA,NA,NA,NA,NA,Faulty
TLT_SERV_OFF.png,toCheck_100054_00426s_TLT_SERV_OFF.png,NA,NA,NA,NA,NA,NA,Faulty
NO_ALERT.png,toCheck_100054_00461s_NO_ALERT.png,NA,NA,NA,NA,NA,NA,Faulty
NO_ALERT.png,toCheck_100054_00325s_NO_ALERT.png,NA,NA,NA,NA,NA,NA,Faulty
TLT_SERV_OFF.png,toCheck_100054_00325s_TLT_SERV_OFF.png,NA,NA,NA,NA,NA,NA,Faulty
TLT_STOP_OFF.png,toCheck_100054_00325s_TLT_STOP_OFF.png,NA,NA,NA,NA,NA,NA,Faulty
FULL_ALTIA_WAKEUP.png,toCheck_100054_00364s_FULL_ALTIA_WAKEUP.png,NA,NA,NA,NA,NA,NA,Faulty
NO_ALERT.png,toCheck_100054_00366s_NO_ALERT.png,NA,NA,NA,NA,NA,NA,Faulty
TLT_STOP_ON.png,toCheck_100055_00366s_TLT_STOP_ON.png,NA,NA,NA,NA,NA,NA,Faulty
NO_ALERT.png,toCheck_100055_00461s_NO_ALERT.png,NA,NA,NA,NA,NA,NA,Faulty
NO_ALERT.png,toCheck_100055_00325s_NO_ALERT.png,NA,NA,NA,NA,NA,NA,Faulty
TLT_SERV_OFF.png,toCheck_100055_00325s_TLT_SERV_OFF.png,NA,NA,NA,NA,NA,NA,Faulty
TLT_STOP_OFF.png,toCheck_100055_00325s_TLT_STOP_OFF.png,NA,NA,NA,NA,NA,NA,Faulty
FULL_ALTIA_WAKEUP.png,toCheck_100055_00364s_FULL_ALTIA_WAKEUP.png,NA,NA,NA,NA,NA,NA,Faulty
NO_ALERT.png,toCheck_100055_00366s_NO_ALERT.png,NA,NA,NA,NA,NA,NA,Faulty
TLT_WASHER_ON.png,toCheck_100056_00766s_TLT_WASHER_ON.png,NA,NA,NA,NA,NA,NA,Faulty
TLT_STOP_ON.png,toCheck_100056_00766s_TLT_STOP_ON.png,NA,NA,NA,NA,NA,NA,Faulty
TLT_WASHER_ON.png,toCheck_100056_00826s_TLT_WASHER_ON.png,NA,NA,NA,NA,NA,NA,Faulty
TLT_SERV_OFF.png,toCheck_100056_00826s_TLT_SERV_OFF.png,NA,NA,NA,NA,NA,NA,Faulty
NO_ALERT.png,toCheck_100056_01261s_NO_ALERT.png,NA,NA,NA,NA,NA,NA,Faulty
NO_ALERT.png,toCheck_100056_00725s_NO_ALERT.png,NA,NA,NA,NA,NA,NA,Faulty
TLT_WASHER_OFF.png,toCheck_100056_00725s_TLT_WASHER_OFF.png,NA,NA,NA,NA,NA,NA,Faulty
TLT_SERV_OFF.png,toCheck_100056_00725s_TLT_SERV_OFF.png,NA,NA,NA,NA,NA,NA,Faulty
TLT_STOP_OFF.png,toCheck_100056_00725s_TLT_STOP_OFF.png,NA,NA,NA,NA,NA,NA,Faulty
FULL_ALTIA_WAKEUP.png,toCheck_100056_00764s_FULL_ALTIA_WAKEUP.png,NA,NA,NA,NA,NA,NA,Faulty
NO_ALERT.png,toCheck_100056_00766s_NO_ALERT.png,NA,NA,NA,NA,NA,NA,Faulty
TLT_ARB_ON.png,toCheck_100057_00366s_TLT_ARB_ON.png,NA,NA,NA,NA,NA,NA,Faulty
TLT_STOP_ON.png,toCheck_100057_00366s_TLT_STOP_ON.png,NA,NA,NA,NA,NA,NA,Faulty
NO_ALERT.png,toCheck_100057_00461s_NO_ALERT.png,NA,NA,NA,NA,NA,NA,Faulty
NO_ALERT.png,toCheck_100057_00325s_NO_ALERT.png,NA,NA,NA,NA,NA,NA,Faulty
TLT_SERV_OFF.png,toCheck_100057_00325s_TLT_SERV_OFF.png,NA,NA,NA,NA,NA,NA,Faulty
TLT_STOP_OFF.png,toCheck_100057_00325s_TLT_STOP_OFF.png,NA,NA,NA,NA,NA,NA,Faulty
FULL_ALTIA_WAKEUP.png,toCheck_100057_00364s_FULL_ALTIA_WAKEUP.png,NA,NA,NA,NA,NA,NA,Faulty
NO_ALERT.png,toCheck_100057_00366s_NO_ALERT.png,NA,NA,NA,NA,NA,NA,Faulty
TLT_ARB_ON.png,toCheck_100058_00401s_TLT_ARB_ON.png,NA,NA,NA,NA,NA,NA,Faulty
TLT_STOP_ON.png,toCheck_100058_00401s_TLT_STOP_ON.png,NA,NA,NA,NA,NA,NA,Faulty
NO_ALERT.png,toCheck_100058_00496s_NO_ALERT.png,NA,NA,NA,NA,NA,NA,Faulty
NO_ALERT.png,toCheck_100058_00360s_NO_ALERT.png,NA,NA,NA,NA,NA,NA,Faulty
TLT_SERV_OFF.png,toCheck_100058_00360s_TLT_SERV_OFF.png,NA,NA,NA,NA,NA,NA,Faulty
TLT_STOP_OFF.png,toCheck_100058_00360s_TLT_STOP_OFF.png,NA,NA,NA,NA,NA,NA,Faulty
FULL_ALTIA_WAKEUP.png,toCheck_100058_00399s_FULL_ALTIA_WAKEUP.png,NA,NA,NA,NA,NA,NA,Faulty
NO_ALERT.png,toCheck_100058_00401s_NO_ALERT.png,NA,NA,NA,NA,NA,NA,Faulty
TLT_STOP_ON.png,toCheck_100059_00366s_TLT_STOP_ON.png,NA,NA,NA,NA,NA,NA,Faulty
TLT_SERV_OFF.png,toCheck_100059_00426s_TLT_SERV_OFF.png,NA,NA,NA,NA,NA,NA,Faulty
NO_ALERT.png,toCheck_100059_00461s_NO_ALERT.png,NA,NA,NA,NA,NA,NA,Faulty
NO_ALERT.png,toCheck_100059_00325s_NO_ALERT.png,NA,NA,NA,NA,NA,NA,Faulty
TLT_SERV_OFF.png,toCheck_100059_00325s_TLT_SERV_OFF.png,NA,NA,NA,NA,NA,NA,Faulty
TLT_STOP_OFF.png,toCheck_100059_00325s_TLT_STOP_OFF.png,NA,NA,NA,NA,NA,NA,Faulty
FULL_ALTIA_WAKEUP.png,toCheck_100059_00364s_FULL_ALTIA_WAKEUP.png,NA,NA,NA,NA,NA,NA,Faulty
NO_ALERT.png,toCheck_100059_00366s_NO_ALERT.png,NA,NA,NA,NA,NA,NA,Faulty
TLT_STOP_ON.png,toCheck_100060_00366s_TLT_STOP_ON.png,NA,NA,NA,NA,NA,NA,Faulty
TLT_SERV_OFF.png,toCheck_100060_00426s_TLT_SERV_OFF.png,NA,NA,NA,NA,NA,NA,Faulty
NO_ALERT.png,toCheck_100060_00461s_NO_ALERT.png,NA,NA,NA,NA,NA,NA,Faulty
NO_ALERT.png,toCheck_100060_00325s_NO_ALERT.png,NA,NA,NA,NA,NA,NA,Faulty
TLT_SERV_OFF.png,toCheck_100060_00325s_TLT_SERV_OFF.png,NA,NA,NA,NA,NA,NA,Faulty
TLT_STOP_OFF.png,toCheck_100060_00325s_TLT_STOP_OFF.png,NA,NA,NA,NA,NA,NA,Faulty
FULL_ALTIA_WAKEUP.png,toCheck_100060_00364s_FULL_ALTIA_WAKEUP.png,NA,NA,NA,NA,NA,NA,Faulty
NO_ALERT.png,toCheck_100060_00366s_NO_ALERT.png,NA,NA,NA,NA,NA,NA,Faulty
TLT_STOP_ON.png,toCheck_100061_00366s_TLT_STOP_ON.png,NA,NA,NA,NA,NA,NA,Faulty
TLT_SERV_OFF.png,toCheck_100061_00426s_TLT_SERV_OFF.png,NA,NA,NA,NA,NA,NA,Faulty
NO_ALERT.png,toCheck_100061_00461s_NO_ALERT.png,NA,NA,NA,NA,NA,NA,Faulty
NO_ALERT.png,toCheck_100061_00325s_NO_ALERT.png,NA,NA,NA,NA,NA,NA,Faulty
TLT_SERV_OFF.png,toCheck_100061_00325s_TLT_SERV_OFF.png,NA,NA,NA,NA,NA,NA,Faulty
TLT_STOP_OFF.png,toCheck_100061_00325s_TLT_STOP_OFF.png,NA,NA,NA,NA,NA,NA,Faulty
FULL_ALTIA_WAKEUP.png,toCheck_100061_00364s_FULL_ALTIA_WAKEUP.png,NA,NA,NA,NA,NA,NA,Faulty
NO_ALERT.png,toCheck_100061_00366s_NO_ALERT.png,NA,NA,NA,NA,NA,NA,Faulty
TLT_STOP_ON.png,toCheck_100062_00366s_TLT_STOP_ON.png,NA,NA,NA,NA,NA,NA,Faulty
TLT_SERV_OFF.png,toCheck_100062_00426s_TLT_SERV_OFF.png,NA,NA,NA,NA,NA,NA,Faulty
NO_ALERT.png,toCheck_100062_00461s_NO_ALERT.png,NA,NA,NA,NA,NA,NA,Faulty
NO_ALERT.png,toCheck_100062_00325s_NO_ALERT.png,NA,NA,NA,NA,NA,NA,Faulty
TLT_SERV_OFF.png,toCheck_100062_00325s_TLT_SERV_OFF.png,NA,NA,NA,NA,NA,NA,Faulty
TLT_STOP_OFF.png,toCheck_100062_00325s_TLT_STOP_OFF.png,NA,NA,NA,NA,NA,NA,Faulty
FULL_ALTIA_WAKEUP.png,toCheck_100062_00364s_FULL_ALTIA_WAKEUP.png,NA,NA,NA,NA,NA,NA,Faulty
NO_ALERT.png,toCheck_100062_00366s_NO_ALERT.png,NA,NA,NA,NA,NA,NA,Faulty
TLT_STOP_ON.png,toCheck_100063_00366s_TLT_STOP_ON.png,NA,NA,NA,NA,NA,NA,Faulty
TLT_SERV_OFF.png,toCheck_100063_00426s_TLT_SERV_OFF.png,NA,NA,NA,NA,NA,NA,Faulty
NO_ALERT.png,toCheck_100063_00461s_NO_ALERT.png,NA,NA,NA,NA,NA,NA,Faulty
NO_ALERT.png,toCheck_100063_00325s_NO_ALERT.png,NA,NA,NA,NA,NA,NA,Faulty
TLT_SERV_OFF.png,toCheck_100063_00325s_TLT_SERV_OFF.png,NA,NA,NA,NA,NA,NA,Faulty
TLT_STOP_OFF.png,toCheck_100063_00325s_TLT_STOP_OFF.png,NA,NA,NA,NA,NA,NA,Faulty
FULL_ALTIA_WAKEUP.png,toCheck_100063_00364s_FULL_ALTIA_WAKEUP.png,NA,NA,NA,NA,NA,NA,Faulty
NO_ALERT.png,toCheck_100063_00366s_NO_ALERT.png,NA,NA,NA,NA,NA,NA,Faulty
TLT_STOP_ON.png,toCheck_100064_00366s_TLT_STOP_ON.png,NA,NA,NA,NA,NA,NA,Faulty
NO_ALERT.png,toCheck_100064_00461s_NO_ALERT.png,NA,NA,NA,NA,NA,NA,Faulty
NO_ALERT.png,toCheck_100064_00325s_NO_ALERT.png,NA,NA,NA,NA,NA,NA,Faulty
TLT_SERV_OFF.png,toCheck_100064_00325s_TLT_SERV_OFF.png,NA,NA,NA,NA,NA,NA,Faulty
TLT_STOP_OFF.png,toCheck_100064_00325s_TLT_STOP_OFF.png,NA,NA,NA,NA,NA,NA,Faulty
FULL_ALTIA_WAKEUP.png,toCheck_100064_00364s_FULL_ALTIA_WAKEUP.png,NA,NA,NA,NA,NA,NA,Faulty
NO_ALERT.png,toCheck_100064_00366s_NO_ALERT.png,NA,NA,NA,NA,NA,NA,Faulty
TLT_SBR_OFF.png,toCheck_100000_00422s_TLT_SBR_OFF.png,NA,NA,NA,NA,NA,NA,Faulty
TLT_SBR_ON.png,toCheck_100000_00437s_TLT_SBR_ON.png,NA,NA,NA,NA,NA,NA,Faulty
TLT_SBR_OFF.png,toCheck_100000_00442s_TLT_SBR_OFF.png,NA,NA,NA,NA,NA,NA,Faulty
TLT_SBR_ON.png,toCheck_100000_00447s_TLT_SBR_ON.png,NA,NA,NA,NA,NA,NA,Faulty
TLT_SBR_OFF.png,toCheck_100000_00452s_TLT_SBR_OFF.png,NA,NA,NA,NA,NA,NA,Faulty
TLT_SBR_ON.png,toCheck_100000_00407s_TLT_SBR_ON.png,NA,NA,NA,NA,NA,NA,Faulty
TLT_SBR_OFF.png,toCheck_100000_00412s_TLT_SBR_OFF.png,NA,NA,NA,NA,NA,NA,Faulty
TLT_SBR_ON.png,toCheck_100000_00417s_TLT_SBR_ON.png,NA,NA,NA,NA,NA,NA,Faulty
TLT_SBR_OFF.png,toCheck_100001_00422s_TLT_SBR_OFF.png,NA,NA,NA,NA,NA,NA,Faulty
TLT_SBR_ON.png,toCheck_100001_00667s_TLT_SBR_ON.png,NA,NA,NA,NA,NA,NA,Faulty
TLT_SBR_OFF.png,toCheck_100001_00672s_TLT_SBR_OFF.png,NA,NA,NA,NA,NA,NA,Faulty
TLT_SBR_ON.png,toCheck_100001_00677s_TLT_SBR_ON.png,NA,NA,NA,NA,NA,NA,Faulty
TLT_SBR_OFF.png,toCheck_100001_00682s_TLT_SBR_OFF.png,NA,NA,NA,NA,NA,NA,Faulty
TLT_SBR_ON.png,toCheck_100001_00407s_TLT_SBR_ON.png,NA,NA,NA,NA,NA,NA,Faulty
TLT_SBR_OFF.png,toCheck_100001_00412s_TLT_SBR_OFF.png,NA,NA,NA,NA,NA,NA,Faulty
TLT_SBR_ON.png,toCheck_100001_00417s_TLT_SBR_ON.png,NA,NA,NA,NA,NA,NA,Faulty
TLT_SBR_OFF.png,toCheck_100002_00422s_TLT_SBR_OFF.png,NA,NA,NA,NA,NA,NA,Faulty
TLT_SBR_ON.png,toCheck_100002_00667s_TLT_SBR_ON.png,NA,NA,NA,NA,NA,NA,Faulty
TLT_SBR_OFF.png,toCheck_100002_00672s_TLT_SBR_OFF.png,NA,NA,NA,NA,NA,NA,Faulty
TLT_SBR_ON.png,toCheck_100002_00677s_TLT_SBR_ON.png,NA,NA,NA,NA,NA,NA,Faulty
TLT_SBR_OFF.png,toCheck_100002_00682s_TLT_SBR_OFF.png,NA,NA,NA,NA,NA,NA,Faulty
TLT_SBR_ON.png,toCheck_100002_00407s_TLT_SBR_ON.png,NA,NA,NA,NA,NA,NA,Faulty
TLT_SBR_OFF.png,toCheck_100002_00412s_TLT_SBR_OFF.png,NA,NA,NA,NA,NA,NA,Faulty
TLT_SBR_ON.png,toCheck_100002_00417s_TLT_SBR_ON.png,NA,NA,NA,NA,NA,NA,Faulty
TLT_SBR_ON.png,toCheck_100003_00717s_TLT_SBR_ON.png,NA,NA,NA,NA,NA,NA,Faulty
TLT_SBR_OFF.png,toCheck_100003_00722s_TLT_SBR_OFF.png,NA,NA,NA,NA,NA,NA,Faulty
TLT_SBR_ON.png,toCheck_100003_00727s_TLT_SBR_ON.png,NA,NA,NA,NA,NA,NA,Faulty
TLT_SBR_OFF.png,toCheck_100003_00732s_TLT_SBR_OFF.png,NA,NA,NA,NA,NA,NA,Faulty
TLT_SBR_ON.png,toCheck_100004_00351s_TLT_SBR_ON.png,NA,NA,NA,NA,NA,NA,Faulty
TLT_SBR_OFF.png,toCheck_100004_00356s_TLT_SBR_OFF.png,NA,NA,NA,NA,NA,NA,Faulty
TLT_SBR_ON.png,toCheck_100004_00361s_TLT_SBR_ON.png,NA,NA,NA,NA,NA,NA,Faulty
TLT_SBR_OFF.png,toCheck_100004_00366s_TLT_SBR_OFF.png,NA,NA,NA,NA,NA,NA,Faulty
TLT_SBR_ON.png,toCheck_100004_00501s_TLT_SBR_ON.png,NA,NA,NA,NA,NA,NA,Faulty
TLT_SBR_OFF.png,toCheck_100004_00506s_TLT_SBR_OFF.png,NA,NA,NA,NA,NA,NA,Faulty
TLT_SBR_ON.png,toCheck_100004_00511s_TLT_SBR_ON.png,NA,NA,NA,NA,NA,NA,Faulty
TLT_SBR_OFF.png,toCheck_100004_00516s_TLT_SBR_OFF.png,NA,NA,NA,NA,NA,NA,Faulty
TLT_SBR_ON.png,toCheck_100004_01101s_TLT_SBR_ON.png,NA,NA,NA,NA,NA,NA,Faulty
TLT_SBR_OFF.png,toCheck_100004_01106s_TLT_SBR_OFF.png,NA,NA,NA,NA,NA,NA,Faulty
TLT_SBR_ON.png,toCheck_100004_01111s_TLT_SBR_ON.png,NA,NA,NA,NA,NA,NA,Faulty
TLT_SBR_OFF.png,toCheck_100004_01116s_TLT_SBR_OFF.png,NA,NA,NA,NA,NA,NA,Faulty
SBR_REG_GRR_EEE.png,toCheck_100004_00239s_SBR_REG_GRR_EEE.png,NA,NA,NA,NA,NA,NA,Faulty
TLT_SBR_ON.png,toCheck_100005_00339s_TLT_SBR_ON.png,NA,NA,NA,NA,NA,NA,Faulty
TLT_SBR_OFF.png,toCheck_100005_00344s_TLT_SBR_OFF.png,NA,NA,NA,NA,NA,NA,Faulty
TLT_SBR_ON.png,toCheck_100005_00349s_TLT_SBR_ON.png,NA,NA,NA,NA,NA,NA,Faulty
TLT_SBR_OFF.png,toCheck_100005_00354s_TLT_SBR_OFF.png,NA,NA,NA,NA,NA,NA,Faulty
TLT_SBR_ON.png,toCheck_100005_00529s_TLT_SBR_ON.png,NA,NA,NA,NA,NA,NA,Faulty
TLT_SBR_OFF.png,toCheck_100005_00534s_TLT_SBR_OFF.png,NA,NA,NA,NA,NA,NA,Faulty
TLT_SBR_ON.png,toCheck_100005_00539s_TLT_SBR_ON.png,NA,NA,NA,NA,NA,NA,Faulty
TLT_SBR_OFF.png,toCheck_100005_00544s_TLT_SBR_OFF.png,NA,NA,NA,NA,NA,NA,Faulty
SBR_REG_GRR_EEE.png,toCheck_100005_00679s_SBR_REG_GRR_EEE.png,NA,NA,NA,NA,NA,NA,Faulty
TLT_SBR_ON.png,toCheck_100005_00239s_TLT_SBR_ON.png,NA,NA,NA,NA,NA,NA,Faulty
TLT_SBR_OFF.png,toCheck_100005_00244s_TLT_SBR_OFF.png,NA,NA,NA,NA,NA,NA,Faulty
TLT_SBR_ON.png,toCheck_100005_00249s_TLT_SBR_ON.png,NA,NA,NA,NA,NA,NA,Faulty
TLT_SBR_OFF.png,toCheck_100005_00254s_TLT_SBR_OFF.png,NA,NA,NA,NA,NA,NA,Faulty
TLT_SBR_ON.png,toCheck_100006_00339s_TLT_SBR_ON.png,NA,NA,NA,NA,NA,NA,Faulty
TLT_SBR_OFF.png,toCheck_100006_00344s_TLT_SBR_OFF.png,NA,NA,NA,NA,NA,NA,Faulty
TLT_SBR_ON.png,toCheck_100006_00349s_TLT_SBR_ON.png,NA,NA,NA,NA,NA,NA,Faulty
TLT_SBR_OFF.png,toCheck_100006_00354s_TLT_SBR_OFF.png,NA,NA,NA,NA,NA,NA,Faulty
SBR_REG_RRR_EEE.png,toCheck_100006_00579s_SBR_REG_RRR_EEE.png,NA,NA,NA,NA,NA,NA,Faulty
SBR_REG_RRR_EEE.png,toCheck_100006_00629s_SBR_REG_RRR_EEE.png,NA,NA,NA,NA,NA,NA,Faulty
TLT_SBR_ON.png,toCheck_100006_00839s_TLT_SBR_ON.png,NA,NA,NA,NA,NA,NA,Faulty
TLT_SBR_OFF.png,toCheck_100006_00844s_TLT_SBR_OFF.png,NA,NA,NA,NA,NA,NA,Faulty
TLT_SBR_ON.png,toCheck_100006_00849s_TLT_SBR_ON.png,NA,NA,NA,NA,NA,NA,Faulty
TLT_SBR_OFF.png,toCheck_100006_00854s_TLT_SBR_OFF.png,NA,NA,NA,NA,NA,NA,Faulty
TLT_SBR_ON.png,toCheck_100006_01179s_TLT_SBR_ON.png,NA,NA,NA,NA,NA,NA,Faulty
SBR_REG_GRR_EEE.png,toCheck_100006_01179s_SBR_REG_GRR_EEE.png,NA,NA,NA,NA,NA,NA,Faulty
TLT_SBR_ON.png,toCheck_100006_00239s_TLT_SBR_ON.png,NA,NA,NA,NA,NA,NA,Faulty
TLT_SBR_OFF.png,toCheck_100006_00244s_TLT_SBR_OFF.png,NA,NA,NA,NA,NA,NA,Faulty
TLT_SBR_ON.png,toCheck_100006_00249s_TLT_SBR_ON.png,NA,NA,NA,NA,NA,NA,Faulty
TLT_SBR_OFF.png,toCheck_100006_00254s_TLT_SBR_OFF.png,NA,NA,NA,NA,NA,NA,Faulty
TLT_SBR_ON.png,toCheck_100007_00351s_TLT_SBR_ON.png,NA,NA,NA,NA,NA,NA,Faulty
TLT_SBR_OFF.png,toCheck_100007_00356s_TLT_SBR_OFF.png,NA,NA,NA,NA,NA,NA,Faulty
TLT_SBR_ON.png,toCheck_100007_00361s_TLT_SBR_ON.png,NA,NA,NA,NA,NA,NA,Faulty
TLT_SBR_OFF.png,toCheck_100007_00366s_TLT_SBR_OFF.png,NA,NA,NA,NA,NA,NA,Faulty
SBR_REG_RRR_EEE.png,toCheck_100007_00691s_SBR_REG_RRR_EEE.png,NA,NA,NA,NA,NA,NA,Faulty
SBR_REG_GRR_EEE.png,toCheck_100007_00239s_SBR_REG_GRR_EEE.png,NA,NA,NA,NA,NA,NA,Faulty
TLT_SBR_ON.png,toCheck_100008_00339s_TLT_SBR_ON.png,NA,NA,NA,NA,NA,NA,Faulty
TLT_SBR_OFF.png,toCheck_100008_00344s_TLT_SBR_OFF.png,NA,NA,NA,NA,NA,NA,Faulty
TLT_SBR_ON.png,toCheck_100008_00349s_TLT_SBR_ON.png,NA,NA,NA,NA,NA,NA,Faulty
TLT_SBR_OFF.png,toCheck_100008_00354s_TLT_SBR_OFF.png,NA,NA,NA,NA,NA,NA,Faulty
SBR_REG_RRR_EEE.png,toCheck_100008_00579s_SBR_REG_RRR_EEE.png,NA,NA,NA,NA,NA,NA,Faulty
SBR_REG_RRR_EEE.png,toCheck_100008_00629s_SBR_REG_RRR_EEE.png,NA,NA,NA,NA,NA,NA,Faulty
TLT_SBR_ON.png,toCheck_100008_00239s_TLT_SBR_ON.png,NA,NA,NA,NA,NA,NA,Faulty
TLT_SBR_OFF.png,toCheck_100008_00244s_TLT_SBR_OFF.png,NA,NA,NA,NA,NA,NA,Faulty
TLT_SBR_ON.png,toCheck_100008_00249s_TLT_SBR_ON.png,NA,NA,NA,NA,NA,NA,Faulty
TLT_SBR_OFF.png,toCheck_100008_00254s_TLT_SBR_OFF.png,NA,NA,NA,NA,NA,NA,Faulty
SBR_REG_RRR_EEE.png,toCheck_100009_00329s_SBR_REG_RRR_EEE.png,NA,NA,NA,NA,NA,NA,Faulty
TLT_SBR_ON.png,toCheck_100009_00569s_TLT_SBR_ON.png,NA,NA,NA,NA,NA,NA,Faulty
TLT_SBR_OFF.png,toCheck_100009_00574s_TLT_SBR_OFF.png,NA,NA,NA,NA,NA,NA,Faulty
TLT_SBR_ON.png,toCheck_100009_00579s_TLT_SBR_ON.png,NA,NA,NA,NA,NA,NA,Faulty
TLT_SBR_OFF.png,toCheck_100009_00584s_TLT_SBR_OFF.png,NA,NA,NA,NA,NA,NA,Faulty
TLT_SBR_ON.png,toCheck_100009_00669s_TLT_SBR_ON.png,NA,NA,NA,NA,NA,NA,Faulty
TLT_SBR_OFF.png,toCheck_100009_00674s_TLT_SBR_OFF.png,NA,NA,NA,NA,NA,NA,Faulty
TLT_SBR_ON.png,toCheck_100009_00679s_TLT_SBR_ON.png,NA,NA,NA,NA,NA,NA,Faulty
TLT_SBR_OFF.png,toCheck_100009_00684s_TLT_SBR_OFF.png,NA,NA,NA,NA,NA,NA,Faulty
TLT_SBR_ON.png,toCheck_100009_00239s_TLT_SBR_ON.png,NA,NA,NA,NA,NA,NA,Faulty
TLT_SBR_OFF.png,toCheck_100009_00244s_TLT_SBR_OFF.png,NA,NA,NA,NA,NA,NA,Faulty
TLT_SBR_ON.png,toCheck_100009_00249s_TLT_SBR_ON.png,NA,NA,NA,NA,NA,NA,Faulty
TLT_SBR_OFF.png,toCheck_100009_00254s_TLT_SBR_OFF.png,NA,NA,NA,NA,NA,NA,Faulty
TLT_SBR_OFF.png,toCheck_100018_00432s_TLT_SBR_OFF.png,NA,NA,NA,NA,NA,NA,Faulty
TLT_SBR_ON.png,toCheck_100018_00475s_TLT_SBR_ON.png,NA,NA,NA,NA,NA,NA,Faulty
TLT_SBR_OFF.png,toCheck_100018_00480s_TLT_SBR_OFF.png,NA,NA,NA,NA,NA,NA,Faulty
TLT_SBR_ON.png,toCheck_100018_00485s_TLT_SBR_ON.png,NA,NA,NA,NA,NA,NA,Faulty
TLT_SBR_OFF.png,toCheck_100018_00490s_TLT_SBR_OFF.png,NA,NA,NA,NA,NA,NA,Faulty
TLT_SBR_OFF.png,toCheck_100018_00495s_TLT_SBR_OFF.png,NA,NA,NA,NA,NA,NA,Faulty
TLT_SBR_ON.png,toCheck_100018_00417s_TLT_SBR_ON.png,NA,NA,NA,NA,NA,NA,Faulty
TLT_SBR_OFF.png,toCheck_100018_00422s_TLT_SBR_OFF.png,NA,NA,NA,NA,NA,NA,Faulty
TLT_SBR_ON.png,toCheck_100018_00427s_TLT_SBR_ON.png,NA,NA,NA,NA,NA,NA,Faulty
TLT_SBR_OFF.png,toCheck_100021_00422s_TLT_SBR_OFF.png,NA,NA,NA,NA,NA,NA,Faulty
SBR_RER_EEE_EEE.png,toCheck_100021_00607s_SBR_RER_EEE_EEE.png,NA,NA,NA,NA,NA,NA,Faulty
TLT_SBR_ON.png,toCheck_100021_00667s_TLT_SBR_ON.png,NA,NA,NA,NA,NA,NA,Faulty
TLT_SBR_OFF.png,toCheck_100021_00672s_TLT_SBR_OFF.png,NA,NA,NA,NA,NA,NA,Faulty
TLT_SBR_ON.png,toCheck_100021_00677s_TLT_SBR_ON.png,NA,NA,NA,NA,NA,NA,Faulty
TLT_SBR_OFF.png,toCheck_100021_00682s_TLT_SBR_OFF.png,NA,NA,NA,NA,NA,NA,Faulty
TLT_SBR_OFF.png,toCheck_100021_01587s_TLT_SBR_OFF.png,NA,NA,NA,NA,NA,NA,Faulty
TLT_SBR_ON.png,toCheck_100021_00407s_TLT_SBR_ON.png,NA,NA,NA,NA,NA,NA,Faulty
TLT_SBR_OFF.png,toCheck_100021_00412s_TLT_SBR_OFF.png,NA,NA,NA,NA,NA,NA,Faulty
TLT_SBR_ON.png,toCheck_100021_00417s_TLT_SBR_ON.png,NA,NA,NA,NA,NA,NA,Faulty
TLT_SBR_OFF.png,toCheck_100022_00422s_TLT_SBR_OFF.png,NA,NA,NA,NA,NA,NA,Faulty
TLT_SBR_ON.png,toCheck_100022_00667s_TLT_SBR_ON.png,NA,NA,NA,NA,NA,NA,Faulty
TLT_SBR_OFF.png,toCheck_100022_00672s_TLT_SBR_OFF.png,NA,NA,NA,NA,NA,NA,Faulty
TLT_SBR_ON.png,toCheck_100022_00677s_TLT_SBR_ON.png,NA,NA,NA,NA,NA,NA,Faulty
TLT_SBR_OFF.png,toCheck_100022_00682s_TLT_SBR_OFF.png,NA,NA,NA,NA,NA,NA,Faulty
TLT_SBR_ON.png,toCheck_100022_00967s_TLT_SBR_ON.png,NA,NA,NA,NA,NA,NA,Faulty
TLT_SBR_OFF.png,toCheck_100022_00972s_TLT_SBR_OFF.png,NA,NA,NA,NA,NA,NA,Faulty
TLT_SBR_ON.png,toCheck_100022_00977s_TLT_SBR_ON.png,NA,NA,NA,NA,NA,NA,Faulty
TLT_SBR_OFF.png,toCheck_100022_00982s_TLT_SBR_OFF.png,NA,NA,NA,NA,NA,NA,Faulty
SBR_RER_EEE_EEE.png,toCheck_100022_00987s_SBR_RER_EEE_EEE.png,NA,NA,NA,NA,NA,NA,Faulty
TLT_SBR_OFF.png,toCheck_100022_01937s_TLT_SBR_OFF.png,NA,NA,NA,NA,NA,NA,Faulty
TLT_SBR_ON.png,toCheck_100022_00407s_TLT_SBR_ON.png,NA,NA,NA,NA,NA,NA,Faulty
TLT_SBR_OFF.png,toCheck_100022_00412s_TLT_SBR_OFF.png,NA,NA,NA,NA,NA,NA,Faulty
TLT_SBR_ON.png,toCheck_100022_00417s_TLT_SBR_ON.png,NA,NA,NA,NA,NA,NA,Faulty
TLT_SBR_OFF.png,toCheck_100023_00422s_TLT_SBR_OFF.png,NA,NA,NA,NA,NA,NA,Faulty
TLT_SBR_ON.png,toCheck_100023_00607s_TLT_SBR_ON.png,NA,NA,NA,NA,NA,NA,Faulty
TLT_SBR_OFF.png,toCheck_100023_00612s_TLT_SBR_OFF.png,NA,NA,NA,NA,NA,NA,Faulty
TLT_SBR_ON.png,toCheck_100023_00617s_TLT_SBR_ON.png,NA,NA,NA,NA,NA,NA,Faulty
TLT_SBR_OFF.png,toCheck_100023_00622s_TLT_SBR_OFF.png,NA,NA,NA,NA,NA,NA,Faulty
TLT_SBR_ON.png,toCheck_100023_01647s_TLT_SBR_ON.png,NA,NA,NA,NA,NA,NA,Faulty
TLT_SBR_OFF.png,toCheck_100023_01652s_TLT_SBR_OFF.png,NA,NA,NA,NA,NA,NA,Faulty
TLT_SBR_ON.png,toCheck_100023_01657s_TLT_SBR_ON.png,NA,NA,NA,NA,NA,NA,Faulty
TLT_SBR_OFF.png,toCheck_100023_01662s_TLT_SBR_OFF.png,NA,NA,NA,NA,NA,NA,Faulty
TLT_SBR_ON.png,toCheck_100023_01847s_TLT_SBR_ON.png,NA,NA,NA,NA,NA,NA,Faulty
TLT_SBR_OFF.png,toCheck_100023_01852s_TLT_SBR_OFF.png,NA,NA,NA,NA,NA,NA,Faulty
TLT_SBR_ON.png,toCheck_100023_01857s_TLT_SBR_ON.png,NA,NA,NA,NA,NA,NA,Faulty
TLT_SBR_OFF.png,toCheck_100023_01862s_TLT_SBR_OFF.png,NA,NA,NA,NA,NA,NA,Faulty
TLT_SBR_ON.png,toCheck_100023_02047s_TLT_SBR_ON.png,NA,NA,NA,NA,NA,NA,Faulty
TLT_SBR_OFF.png,toCheck_100023_02052s_TLT_SBR_OFF.png,NA,NA,NA,NA,NA,NA,Faulty
TLT_SBR_ON.png,toCheck_100023_02057s_TLT_SBR_ON.png,NA,NA,NA,NA,NA,NA,Faulty
TLT_SBR_OFF.png,toCheck_100023_02062s_TLT_SBR_OFF.png,NA,NA,NA,NA,NA,NA,Faulty
TLT_SBR_ON.png,toCheck_100023_00407s_TLT_SBR_ON.png,NA,NA,NA,NA,NA,NA,Faulty
TLT_SBR_OFF.png,toCheck_100023_00412s_TLT_SBR_OFF.png,NA,NA,NA,NA,NA,NA,Faulty
TLT_SBR_ON.png,toCheck_100023_00417s_TLT_SBR_ON.png,NA,NA,NA,NA,NA,NA,Faulty
TLT_SBR_ON.png,toCheck_100026_00717s_TLT_SBR_ON.png,NA,NA,NA,NA,NA,NA,Faulty
TLT_SBR_OFF.png,toCheck_100026_00722s_TLT_SBR_OFF.png,NA,NA,NA,NA,NA,NA,Faulty
TLT_SBR_ON.png,toCheck_100026_00727s_TLT_SBR_ON.png,NA,NA,NA,NA,NA,NA,Faulty
TLT_SBR_OFF.png,toCheck_100026_00732s_TLT_SBR_OFF.png,NA,NA,NA,NA,NA,NA,Faulty
BUZ_05_OFF.png,toCheck_100036_00909s_BUZ_05_OFF.png,NA,NA,NA,NA,NA,NA,Faulty
TLT_SBR_ON.png,toCheck_100036_01639s_TLT_SBR_ON.png,NA,NA,NA,NA,NA,NA,Faulty
TLT_SBR_OFF.png,toCheck_100036_01644s_TLT_SBR_OFF.png,NA,NA,NA,NA,NA,NA,Faulty
TLT_SBR_ON.png,toCheck_100036_01649s_TLT_SBR_ON.png,NA,NA,NA,NA,NA,NA,Faulty
TLT_SBR_OFF.png,toCheck_100036_01654s_TLT_SBR_OFF.png,NA,NA,NA,NA,NA,NA,Faulty
SBR_EEE_EER_EEE.png,toCheck_100037_00296s_SBR_EEE_EER_EEE.png,NA,NA,NA,NA,NA,NA,Faulty
BUZ_07_ON.png,toCheck_100037_00296s_BUZ_07_ON.png,NA,NA,NA,NA,NA,NA,Faulty
TLT_SBR_ON.png,toCheck_100037_00301s_TLT_SBR_ON.png,NA,NA,NA,NA,NA,NA,Faulty
TLT_SBR_OFF.png,toCheck_100037_00306s_TLT_SBR_OFF.png,NA,NA,NA,NA,NA,NA,Faulty
TLT_SBR_ON.png,toCheck_100037_00311s_TLT_SBR_ON.png,NA,NA,NA,NA,NA,NA,Faulty
TLT_SBR_OFF.png,toCheck_100037_00316s_TLT_SBR_OFF.png,NA,NA,NA,NA,NA,NA,Faulty
BUZ_05_OFF.png,toCheck_100037_00227s_BUZ_05_OFF.png,NA,NA,NA,NA,NA,NA,Faulty
TLT_SBR_ON.png,toCheck_100038_01112s_TLT_SBR_ON.png,NA,NA,NA,NA,NA,NA,Faulty
TLT_SBR_OFF.png,toCheck_100038_01117s_TLT_SBR_OFF.png,NA,NA,NA,NA,NA,NA,Faulty
TLT_SBR_ON.png,toCheck_100038_01122s_TLT_SBR_ON.png,NA,NA,NA,NA,NA,NA,Faulty
TLT_SBR_OFF.png,toCheck_100038_01127s_TLT_SBR_OFF.png,NA,NA,NA,NA,NA,NA,Faulty
TLT_SBR_ON.png,toCheck_100038_01212s_TLT_SBR_ON.png,NA,NA,NA,NA,NA,NA,Faulty
TLT_SBR_OFF.png,toCheck_100038_01217s_TLT_SBR_OFF.png,NA,NA,NA,NA,NA,NA,Faulty
TLT_SBR_ON.png,toCheck_100038_01222s_TLT_SBR_ON.png,NA,NA,NA,NA,NA,NA,Faulty
TLT_SBR_OFF.png,toCheck_100038_01227s_TLT_SBR_OFF.png,NA,NA,NA,NA,NA,NA,Faulty
SBR_EEE_RGG_EEE.png,toCheck_100039_01042s_SBR_EEE_RGG_EEE.png,NA,NA,NA,NA,NA,NA,Faulty
SBR_EEE_RGG_EEE.png,toCheck_100039_00942s_SBR_EEE_RGG_EEE.png,NA,NA,NA,NA,NA,NA,Faulty
BUZ_07_OFF.png,toCheck_100040_02103s_BUZ_07_OFF.png,NA,NA,NA,NA,NA,NA,Faulty
TLT_SBR_ON.png,toCheck_100040_02790s_TLT_SBR_ON.png,NA,NA,NA,NA,NA,NA,Faulty
TLT_SBR_OFF.png,toCheck_100040_02795s_TLT_SBR_OFF.png,NA,NA,NA,NA,NA,NA,Faulty
TLT_SBR_ON.png,toCheck_100040_02800s_TLT_SBR_ON.png,NA,NA,NA,NA,NA,NA,Faulty
TLT_SBR_OFF.png,toCheck_100040_02805s_TLT_SBR_OFF.png,NA,NA,NA,NA,NA,NA,Faulty
BUZ_07_OFF.png,toCheck_100040_03995s_BUZ_07_OFF.png,NA,NA,NA,NA,NA,NA,Faulty
SBR_EEE_RGG_EEE.png,toCheck_100040_00893s_SBR_EEE_RGG_EEE.png,NA,NA,NA,NA,NA,NA,Faulty
TLT_SBR_ON.png,toCheck_100041_01552s_TLT_SBR_ON.png,NA,NA,NA,NA,NA,NA,Faulty
TLT_SBR_OFF.png,toCheck_100041_01557s_TLT_SBR_OFF.png,NA,NA,NA,NA,NA,NA,Faulty
TLT_SBR_ON.png,toCheck_100041_01562s_TLT_SBR_ON.png,NA,NA,NA,NA,NA,NA,Faulty
TLT_SBR_OFF.png,toCheck_100041_01567s_TLT_SBR_OFF.png,NA,NA,NA,NA,NA,NA,Faulty
SBR_EEE_RRR_EEE.png,toCheck_100041_01642s_SBR_EEE_RRR_EEE.png,NA,NA,NA,NA,NA,NA,Faulty
TLT_SBR_ON.png,toCheck_100041_01652s_TLT_SBR_ON.png,NA,NA,NA,NA,NA,NA,Faulty
TLT_SBR_OFF.png,toCheck_100041_01657s_TLT_SBR_OFF.png,NA,NA,NA,NA,NA,NA,Faulty
TLT_SBR_ON.png,toCheck_100041_01662s_TLT_SBR_ON.png,NA,NA,NA,NA,NA,NA,Faulty
TLT_SBR_OFF.png,toCheck_100041_01667s_TLT_SBR_OFF.png,NA,NA,NA,NA,NA,NA,Faulty
SBR_EEE_RRG_EEE.png,toCheck_100041_01742s_SBR_EEE_RRG_EEE.png,NA,NA,NA,NA,NA,NA,Faulty
TLT_SBR_ON.png,toCheck_100041_01752s_TLT_SBR_ON.png,NA,NA,NA,NA,NA,NA,Faulty
TLT_SBR_OFF.png,toCheck_100041_01757s_TLT_SBR_OFF.png,NA,NA,NA,NA,NA,NA,Faulty
TLT_SBR_ON.png,toCheck_100041_01762s_TLT_SBR_ON.png,NA,NA,NA,NA,NA,NA,Faulty
TLT_SBR_OFF.png,toCheck_100041_01767s_TLT_SBR_OFF.png,NA,NA,NA,NA,NA,NA,Faulty
TLT_SBR_ON.png,toCheck_100042_01552s_TLT_SBR_ON.png,NA,NA,NA,NA,NA,NA,Faulty
TLT_SBR_OFF.png,toCheck_100042_01557s_TLT_SBR_OFF.png,NA,NA,NA,NA,NA,NA,Faulty
TLT_SBR_ON.png,toCheck_100042_01562s_TLT_SBR_ON.png,NA,NA,NA,NA,NA,NA,Faulty
TLT_SBR_OFF.png,toCheck_100042_01567s_TLT_SBR_OFF.png,NA,NA,NA,NA,NA,NA,Faulty
TLT_SBR_ON.png,toCheck_100042_01652s_TLT_SBR_ON.png,NA,NA,NA,NA,NA,NA,Faulty
TLT_SBR_OFF.png,toCheck_100042_01657s_TLT_SBR_OFF.png,NA,NA,NA,NA,NA,NA,Faulty
TLT_SBR_ON.png,toCheck_100042_01662s_TLT_SBR_ON.png,NA,NA,NA,NA,NA,NA,Faulty
TLT_SBR_OFF.png,toCheck_100042_01667s_TLT_SBR_OFF.png,NA,NA,NA,NA,NA,NA,Faulty
SBR_EEE_RRG_EEE.png,toCheck_100042_01672s_SBR_EEE_RRG_EEE.png,NA,NA,NA,NA,NA,NA,Faulty
SBR_EEE_RRG_EEE.png,toCheck_100042_01982s_SBR_EEE_RRG_EEE.png,NA,NA,NA,NA,NA,NA,Faulty
TLT_SBR_ON.png,toCheck_100042_02012s_TLT_SBR_ON.png,NA,NA,NA,NA,NA,NA,Faulty
TLT_SBR_OFF.png,toCheck_100042_02017s_TLT_SBR_OFF.png,NA,NA,NA,NA,NA,NA,Faulty
TLT_SBR_ON.png,toCheck_100042_02022s_TLT_SBR_ON.png,NA,NA,NA,NA,NA,NA,Faulty
TLT_SBR_OFF.png,toCheck_100042_02027s_TLT_SBR_OFF.png,NA,NA,NA,NA,NA,NA,Faulty
SBR_EEE_RGG_EEE.png,toCheck_100043_00993s_SBR_EEE_RGG_EEE.png,NA,NA,NA,NA,NA,NA,Faulty
TLT_SBR_ON.png,toCheck_100043_01003s_TLT_SBR_ON.png,NA,NA,NA,NA,NA,NA,Faulty
TLT_SBR_OFF.png,toCheck_100043_01008s_TLT_SBR_OFF.png,NA,NA,NA,NA,NA,NA,Faulty
TLT_SBR_ON.png,toCheck_100043_01013s_TLT_SBR_ON.png,NA,NA,NA,NA,NA,NA,Faulty
TLT_SBR_OFF.png,toCheck_100043_01018s_TLT_SBR_OFF.png,NA,NA,NA,NA,NA,NA,Faulty
TLT_SBR_ON.png,toCheck_100043_01273s_TLT_SBR_ON.png,NA,NA,NA,NA,NA,NA,Faulty
TLT_SBR_OFF.png,toCheck_100043_01278s_TLT_SBR_OFF.png,NA,NA,NA,NA,NA,NA,Faulty
TLT_SBR_ON.png,toCheck_100043_01283s_TLT_SBR_ON.png,NA,NA,NA,NA,NA,NA,Faulty
TLT_SBR_OFF.png,toCheck_100043_01288s_TLT_SBR_OFF.png,NA,NA,NA,NA,NA,NA,Faulty
TLT_SBR_ON.png,toCheck_100043_01373s_TLT_SBR_ON.png,NA,NA,NA,NA,NA,NA,Faulty
TLT_SBR_OFF.png,toCheck_100043_01378s_TLT_SBR_OFF.png,NA,NA,NA,NA,NA,NA,Faulty
TLT_SBR_ON.png,toCheck_100043_01383s_TLT_SBR_ON.png,NA,NA,NA,NA,NA,NA,Faulty
TLT_SBR_OFF.png,toCheck_100043_01388s_TLT_SBR_OFF.png,NA,NA,NA,NA,NA,NA,Faulty
SBR_EEE_RRR_EEE.png,toCheck_100043_01393s_SBR_EEE_RRR_EEE.png,NA,NA,NA,NA,NA,NA,Faulty
SBR_EEE_RGG_EEE.png,toCheck_100043_00893s_SBR_EEE_RGG_EEE.png,NA,NA,NA,NA,NA,NA,Faulty
SBR_EEE_RGG_EEE.png,toCheck_100044_01163s_SBR_EEE_RGG_EEE.png,NA,NA,NA,NA,NA,NA,Faulty
SBR_EEE_RGG_EEE.png,toCheck_100044_01263s_SBR_EEE_RGG_EEE.png,NA,NA,NA,NA,NA,NA,Faulty
TLT_SBR_ON.png,toCheck_100044_01293s_TLT_SBR_ON.png,NA,NA,NA,NA,NA,NA,Faulty
TLT_SBR_OFF.png,toCheck_100044_01298s_TLT_SBR_OFF.png,NA,NA,NA,NA,NA,NA,Faulty
TLT_SBR_ON.png,toCheck_100044_01303s_TLT_SBR_ON.png,NA,NA,NA,NA,NA,NA,Faulty
TLT_SBR_OFF.png,toCheck_100044_01308s_TLT_SBR_OFF.png,NA,NA,NA,NA,NA,NA,Faulty
SBR_EEE_RRR_EEE.png,toCheck_100044_02350s_SBR_EEE_RRR_EEE.png,NA,NA,NA,NA,NA,NA,Faulty
SBR_EEE_RRR_EEE.png,toCheck_100044_02620s_SBR_EEE_RRR_EEE.png,NA,NA,NA,NA,NA,NA,Faulty
SBR_EEE_RGG_EEE.png,toCheck_100044_00893s_SBR_EEE_RGG_EEE.png,NA,NA,NA,NA,NA,NA,Faulty
SBR_EEE_RGG_EEE.png,toCheck_100045_01252s_SBR_EEE_RGG_EEE.png,NA,NA,NA,NA,NA,NA,Faulty
SBR_EEE_RGG_EEE.png,toCheck_100045_01352s_SBR_EEE_RGG_EEE.png,NA,NA,NA,NA,NA,NA,Faulty
SBR_EEE_RGG_EEE.png,toCheck_100045_00942s_SBR_EEE_RGG_EEE.png,NA,NA,NA,NA,NA,NA,Faulty
SBR_EEE_RGG_EEE.png,toCheck_100046_01252s_SBR_EEE_RGG_EEE.png,NA,NA,NA,NA,NA,NA,Faulty
SBR_EEE_RGG_EEE.png,toCheck_100046_00942s_SBR_EEE_RGG_EEE.png,NA,NA,NA,NA,NA,NA,Faulty
TLT_SBR_ON.png,toCheck_100047_01162s_TLT_SBR_ON.png,NA,NA,NA,NA,NA,NA,Faulty
TLT_SBR_OFF.png,toCheck_100047_01167s_TLT_SBR_OFF.png,NA,NA,NA,NA,NA,NA,Faulty
TLT_SBR_ON.png,toCheck_100047_01172s_TLT_SBR_ON.png,NA,NA,NA,NA,NA,NA,Faulty
TLT_SBR_OFF.png,toCheck_100047_01177s_TLT_SBR_OFF.png,NA,NA,NA,NA,NA,NA,Faulty
TLT_SBR_ON.png,toCheck_100047_01472s_TLT_SBR_ON.png,NA,NA,NA,NA,NA,NA,Faulty
TLT_SBR_OFF.png,toCheck_100047_01477s_TLT_SBR_OFF.png,NA,NA,NA,NA,NA,NA,Faulty
TLT_SBR_ON.png,toCheck_100047_01482s_TLT_SBR_ON.png,NA,NA,NA,NA,NA,NA,Faulty
TLT_SBR_OFF.png,toCheck_100047_01487s_TLT_SBR_OFF.png,NA,NA,NA,NA,NA,NA,Faulty
SBR_EEE_RGG_EEE.png,toCheck_100048_01242s_SBR_EEE_RGG_EEE.png,NA,NA,NA,NA,NA,NA,Faulty
SBR_EEE_RGG_EEE.png,toCheck_100048_00942s_SBR_EEE_RGG_EEE.png,NA,NA,NA,NA,NA,NA,Faulty
SBR_EEE_RGG_EEE.png,toCheck_100049_01203s_SBR_EEE_RGG_EEE.png,NA,NA,NA,NA,NA,NA,Faulty
SBR_EEE_RGG_EEE.png,toCheck_100049_00893s_SBR_EEE_RGG_EEE.png,NA,NA,NA,NA,NA,NA,Faulty
SBR_EEE_RGG_EEE.png,toCheck_100050_01163s_SBR_EEE_RGG_EEE.png,NA,NA,NA,NA,NA,NA,Faulty
SBR_EEE_RGG_EEE.png,toCheck_100050_01263s_SBR_EEE_RGG_EEE.png,NA,NA,NA,NA,NA,NA,Faulty
SBR_EEE_RGG_EEE.png,toCheck_100050_01301s_SBR_EEE_RGG_EEE.png,NA,NA,NA,NA,NA,NA,Faulty
SBR_EEE_RGG_EEE.png,toCheck_100050_01401s_SBR_EEE_RGG_EEE.png,NA,NA,NA,NA,NA,NA,Faulty
TLT_SBR_OFF.png,toCheck_100050_01551s_TLT_SBR_OFF.png,NA,NA,NA,NA,NA,NA,Faulty
TLT_SBR_OFF.png,toCheck_100050_01652s_TLT_SBR_OFF.png,NA,NA,NA,NA,NA,NA,Faulty
SBR_EEE_RGG_EEE.png,toCheck_100050_00893s_SBR_EEE_RGG_EEE.png,NA,NA,NA,NA,NA,NA,Faulty
SBR_EEE_RGG_EEE.png,toCheck_100051_01163s_SBR_EEE_RGG_EEE.png,NA,NA,NA,NA,NA,NA,Faulty
SBR_EEE_RGG_EEE.png,toCheck_100051_01263s_SBR_EEE_RGG_EEE.png,NA,NA,NA,NA,NA,NA,Faulty
SBR_EEE_RGG_EEE.png,toCheck_100051_01281s_SBR_EEE_RGG_EEE.png,NA,NA,NA,NA,NA,NA,Faulty
SBR_EEE_RGG_EEE.png,toCheck_100051_02061s_SBR_EEE_RGG_EEE.png,NA,NA,NA,NA,NA,NA,Faulty
SBR_EEE_RGG_EEE.png,toCheck_100051_00893s_SBR_EEE_RGG_EEE.png,NA,NA,NA,NA,NA,NA,Faulty
SBR_EEE_RGG_EEE.png,toCheck_100052_01203s_SBR_EEE_RGG_EEE.png,NA,NA,NA,NA,NA,NA,Faulty
SBR_EEE_RGG_EEE.png,toCheck_100052_01303s_SBR_EEE_RGG_EEE.png,NA,NA,NA,NA,NA,NA,Faulty
SBR_EEE_RGG_EEE.png,toCheck_100052_01341s_SBR_EEE_RGG_EEE.png,NA,NA,NA,NA,NA,NA,Faulty
SBR_EEE_RGG_EEE.png,toCheck_100052_01441s_SBR_EEE_RGG_EEE.png,NA,NA,NA,NA,NA,NA,Faulty
SBR_EEE_RGG_EEE.png,toCheck_100052_01479s_SBR_EEE_RGG_EEE.png,NA,NA,NA,NA,NA,NA,Faulty
SBR_EEE_RGG_EEE.png,toCheck_100052_01579s_SBR_EEE_RGG_EEE.png,NA,NA,NA,NA,NA,NA,Faulty
TLT_SBR_OFF.png,toCheck_100052_01606s_TLT_SBR_OFF.png,NA,NA,NA,NA,NA,NA,Faulty
SBR_EEE_RGG_EEE.png,toCheck_100052_00893s_SBR_EEE_RGG_EEE.png,NA,NA,NA,NA,NA,NA,Faulty
TLT_SBR_OFF.png,toCheck_100053_00916s_TLT_SBR_OFF.png,NA,NA,NA,NA,NA,NA,Faulty
TLT_SBR_ON.png,toCheck_100053_00921s_TLT_SBR_ON.png,NA,NA,NA,NA,NA,NA,Faulty
TLT_SBR_OFF.png,toCheck_100053_00926s_TLT_SBR_OFF.png,NA,NA,NA,NA,NA,NA,Faulty
TLT_SBR_ON.png,toCheck_100053_00981s_TLT_SBR_ON.png,NA,NA,NA,NA,NA,NA,Faulty
TLT_SBR_OFF.png,toCheck_100053_00986s_TLT_SBR_OFF.png,NA,NA,NA,NA,NA,NA,Faulty
TLT_SBR_ON.png,toCheck_100053_00991s_TLT_SBR_ON.png,NA,NA,NA,NA,NA,NA,Faulty
TLT_SBR_OFF.png,toCheck_100053_00996s_TLT_SBR_OFF.png,NA,NA,NA,NA,NA,NA,Faulty
TLT_SBR_ON.png,toCheck_100053_01019s_TLT_SBR_ON.png,NA,NA,NA,NA,NA,NA,Faulty
TLT_SBR_OFF.png,toCheck_100053_01024s_TLT_SBR_OFF.png,NA,NA,NA,NA,NA,NA,Faulty
TLT_SBR_ON.png,toCheck_100053_01029s_TLT_SBR_ON.png,NA,NA,NA,NA,NA,NA,Faulty
TLT_SBR_OFF.png,toCheck_100053_01034s_TLT_SBR_OFF.png,NA,NA,NA,NA,NA,NA,Faulty
TLT_SBR_ON.png,toCheck_100053_00911s_TLT_SBR_ON.png,NA,NA,NA,NA,NA,NA,Faulty
SBR_EEE_RGG_EEE.png,toCheck_100054_01163s_SBR_EEE_RGG_EEE.png,NA,NA,NA,NA,NA,NA,Faulty
SBR_EEE_RGG_EEE.png,toCheck_100054_01263s_SBR_EEE_RGG_EEE.png,NA,NA,NA,NA,NA,NA,Faulty
SBR_EEE_RGG_EEE.png,toCheck_100054_01281s_SBR_EEE_RGG_EEE.png,NA,NA,NA,NA,NA,NA,Faulty
SBR_EEE_RGG_EEE.png,toCheck_100054_02061s_SBR_EEE_RGG_EEE.png,NA,NA,NA,NA,NA,NA,Faulty
SBR_EEE_RGG_EEE.png,toCheck_100054_00893s_SBR_EEE_RGG_EEE.png,NA,NA,NA,NA,NA,NA,Faulty
TLT_SBR_OFF.png,toCheck_100055_00244s_TLT_SBR_OFF.png,NA,NA,NA,NA,NA,NA,Faulty
SBR_EEE_RRR_EEE.png,toCheck_100055_00842s_SBR_EEE_RRR_EEE.png,NA,NA,NA,NA,NA,NA,Faulty
TLT_SBR_ON.png,toCheck_100055_00229s_TLT_SBR_ON.png,NA,NA,NA,NA,NA,NA,Faulty
TLT_SBR_OFF.png,toCheck_100055_00234s_TLT_SBR_OFF.png,NA,NA,NA,NA,NA,NA,Faulty
TLT_SBR_ON.png,toCheck_100055_00239s_TLT_SBR_ON.png,NA,NA,NA,NA,NA,NA,Faulty
SBR_GEG_RGR_EEE.png,toCheck_100057_00612s_SBR_GEG_RGR_EEE.png,NA,NA,NA,NA,NA,NA,Faulty
TLT_SBR_ON.png,toCheck_100057_00612s_TLT_SBR_ON.png,NA,NA,NA,NA,NA,NA,Faulty
TLT_SBR_ON.png,toCheck_100061_01540s_TLT_SBR_ON.png,NA,NA,NA,NA,NA,NA,Faulty
TLT_SBR_OFF.png,toCheck_100061_01545s_TLT_SBR_OFF.png,NA,NA,NA,NA,NA,NA,Faulty
TLT_SBR_ON.png,toCheck_100061_01550s_TLT_SBR_ON.png,NA,NA,NA,NA,NA,NA,Faulty
TLT_SBR_OFF.png,toCheck_100061_01555s_TLT_SBR_OFF.png,NA,NA,NA,NA,NA,NA,Faulty
TLT_SBR_ON.png,toCheck_100061_01653s_TLT_SBR_ON.png,NA,NA,NA,NA,NA,NA,Faulty
TLT_SBR_OFF.png,toCheck_100061_01658s_TLT_SBR_OFF.png,NA,NA,NA,NA,NA,NA,Faulty
TLT_SBR_ON.png,toCheck_100061_01663s_TLT_SBR_ON.png,NA,NA,NA,NA,NA,NA,Faulty
TLT_SBR_OFF.png,toCheck_100061_01668s_TLT_SBR_OFF.png,NA,NA,NA,NA,NA,NA,Faulty
TLT_SBR_ON.png,toCheck_100062_02120s_TLT_SBR_ON.png,NA,NA,NA,NA,NA,NA,Faulty
TLT_SBR_OFF.png,toCheck_100062_02125s_TLT_SBR_OFF.png,NA,NA,NA,NA,NA,NA,Faulty
TLT_SBR_ON.png,toCheck_100062_02130s_TLT_SBR_ON.png,NA,NA,NA,NA,NA,NA,Faulty
TLT_SBR_OFF.png,toCheck_100062_02135s_TLT_SBR_OFF.png,NA,NA,NA,NA,NA,NA,Faulty
TLT_SBR_ON.png,toCheck_100062_02183s_TLT_SBR_ON.png,NA,NA,NA,NA,NA,NA,Faulty
TLT_SBR_OFF.png,toCheck_100062_02188s_TLT_SBR_OFF.png,NA,NA,NA,NA,NA,NA,Faulty
TLT_SBR_ON.png,toCheck_100062_02193s_TLT_SBR_ON.png,NA,NA,NA,NA,NA,NA,Faulty
TLT_SBR_OFF.png,toCheck_100062_02198s_TLT_SBR_OFF.png,NA,NA,NA,NA,NA,NA,Faulty
TLT_SBR_ON.png,toCheck_100064_01199s_TLT_SBR_ON.png,NA,NA,NA,NA,NA,NA,Faulty
TLT_SBR_OFF.png,toCheck_100064_01204s_TLT_SBR_OFF.png,NA,NA,NA,NA,NA,NA,Faulty
TLT_SBR_ON.png,toCheck_100064_01209s_TLT_SBR_ON.png,NA,NA,NA,NA,NA,NA,Faulty
TLT_SBR_OFF.png,toCheck_100064_01214s_TLT_SBR_OFF.png,NA,NA,NA,NA,NA,NA,Faulty
SPD_Empty_KMPH.png,toCheck_100074_01208s_SPD_Empty_KMPH.png,NA,NA,NA,NA,NA,NA,Faulty
SPD_30_KMPH.png,toCheck_100074_01246s_SPD_30_KMPH.png,NA,NA,NA,NA,NA,NA,Faulty
TLT_SBR_ON.png,toCheck_100074_01251s_TLT_SBR_ON.png,NA,NA,NA,NA,NA,NA,Faulty
TLT_SBR_OFF.png,toCheck_100074_01256s_TLT_SBR_OFF.png,NA,NA,NA,NA,NA,NA,Faulty
TLT_SBR_ON.png,toCheck_100074_01261s_TLT_SBR_ON.png,NA,NA,NA,NA,NA,NA,Faulty
TLT_SBR_OFF.png,toCheck_100074_01266s_TLT_SBR_OFF.png,NA,NA,NA,NA,NA,NA,Faulty
TLT_SBR_ON.png,toCheck_100078_00889s_TLT_SBR_ON.png,NA,NA,NA,NA,NA,NA,Faulty
TLT_SBR_OFF.png,toCheck_100078_00894s_TLT_SBR_OFF.png,NA,NA,NA,NA,NA,NA,Faulty
TLT_SBR_ON.png,toCheck_100078_00899s_TLT_SBR_ON.png,NA,NA,NA,NA,NA,NA,Faulty
TLT_SBR_OFF.png,toCheck_100078_00904s_TLT_SBR_OFF.png,NA,NA,NA,NA,NA,NA,Faulty
SBR_EEE_RRG_EEE.png,toCheck_100078_01002s_SBR_EEE_RRG_EEE.png,NA,NA,NA,NA,NA,NA,Faulty
TLT_SBR_ON.png,toCheck_100079_00889s_TLT_SBR_ON.png,NA,NA,NA,NA,NA,NA,Faulty
TLT_SBR_OFF.png,toCheck_100079_00894s_TLT_SBR_OFF.png,NA,NA,NA,NA,NA,NA,Faulty
TLT_SBR_ON.png,toCheck_100079_00899s_TLT_SBR_ON.png,NA,NA,NA,NA,NA,NA,Faulty
TLT_SBR_OFF.png,toCheck_100079_00904s_TLT_SBR_OFF.png,NA,NA,NA,NA,NA,NA,Faulty
TLT_SBR_ON.png,toCheck_100079_01002s_TLT_SBR_ON.png,NA,NA,NA,NA,NA,NA,Faulty
TLT_SBR_OFF.png,toCheck_100079_01007s_TLT_SBR_OFF.png,NA,NA,NA,NA,NA,NA,Faulty
TLT_SBR_ON.png,toCheck_100079_01012s_TLT_SBR_ON.png,NA,NA,NA,NA,NA,NA,Faulty
TLT_SBR_OFF.png,toCheck_100079_01017s_TLT_SBR_OFF.png,NA,NA,NA,NA,NA,NA,Faulty
TLT_SBR_ON.png,toCheck_100080_00889s_TLT_SBR_ON.png,NA,NA,NA,NA,NA,NA,Faulty
TLT_SBR_OFF.png,toCheck_100080_00894s_TLT_SBR_OFF.png,NA,NA,NA,NA,NA,NA,Faulty
TLT_SBR_ON.png,toCheck_100080_00899s_TLT_SBR_ON.png,NA,NA,NA,NA,NA,NA,Faulty
TLT_SBR_OFF.png,toCheck_100080_00904s_TLT_SBR_OFF.png,NA,NA,NA,NA,NA,NA,Faulty
TLT_SBR_ON.png,toCheck_100080_01299s_TLT_SBR_ON.png,NA,NA,NA,NA,NA,NA,Faulty
TLT_SBR_OFF.png,toCheck_100080_01304s_TLT_SBR_OFF.png,NA,NA,NA,NA,NA,NA,Faulty
TLT_SBR_ON.png,toCheck_100080_01309s_TLT_SBR_ON.png,NA,NA,NA,NA,NA,NA,Faulty
TLT_SBR_OFF.png,toCheck_100080_01314s_TLT_SBR_OFF.png,NA,NA,NA,NA,NA,NA,Faulty
TLT_SBR_ON.png,toCheck_100081_00889s_TLT_SBR_ON.png,NA,NA,NA,NA,NA,NA,Faulty
TLT_SBR_OFF.png,toCheck_100081_00894s_TLT_SBR_OFF.png,NA,NA,NA,NA,NA,NA,Faulty
TLT_SBR_ON.png,toCheck_100081_00899s_TLT_SBR_ON.png,NA,NA,NA,NA,NA,NA,Faulty
TLT_SBR_OFF.png,toCheck_100081_00904s_TLT_SBR_OFF.png,NA,NA,NA,NA,NA,NA,Faulty
TLT_SBR_ON.png,toCheck_100081_01089s_TLT_SBR_ON.png,NA,NA,NA,NA,NA,NA,Faulty
TLT_SBR_OFF.png,toCheck_100081_01094s_TLT_SBR_OFF.png,NA,NA,NA,NA,NA,NA,Faulty
TLT_SBR_ON.png,toCheck_100081_01099s_TLT_SBR_ON.png,NA,NA,NA,NA,NA,NA,Faulty
TLT_SBR_OFF.png,toCheck_100081_01104s_TLT_SBR_OFF.png,NA,NA,NA,NA,NA,NA,Faulty
TLT_SBR_ON.png,toCheck_100082_00889s_TLT_SBR_ON.png,NA,NA,NA,NA,NA,NA,Faulty
TLT_SBR_OFF.png,toCheck_100082_00894s_TLT_SBR_OFF.png,NA,NA,NA,NA,NA,NA,Faulty
TLT_SBR_ON.png,toCheck_100082_00899s_TLT_SBR_ON.png,NA,NA,NA,NA,NA,NA,Faulty
TLT_SBR_OFF.png,toCheck_100082_00904s_TLT_SBR_OFF.png,NA,NA,NA,NA,NA,NA,Faulty
SBR_EEE_RGR_EEE.png,toCheck_100082_01889s_SBR_EEE_RGR_EEE.png,NA,NA,NA,NA,NA,NA,Faulty
TLT_SBR_ON.png,toCheck_100083_00889s_TLT_SBR_ON.png,NA,NA,NA,NA,NA,NA,Faulty
TLT_SBR_OFF.png,toCheck_100083_00894s_TLT_SBR_OFF.png,NA,NA,NA,NA,NA,NA,Faulty
TLT_SBR_ON.png,toCheck_100083_00899s_TLT_SBR_ON.png,NA,NA,NA,NA,NA,NA,Faulty
TLT_SBR_OFF.png,toCheck_100083_00904s_TLT_SBR_OFF.png,NA,NA,NA,NA,NA,NA,Faulty
TLT_SBR_ON.png,toCheck_100083_01299s_TLT_SBR_ON.png,NA,NA,NA,NA,NA,NA,Faulty
TLT_SBR_OFF.png,toCheck_100083_01304s_TLT_SBR_OFF.png,NA,NA,NA,NA,NA,NA,Faulty
TLT_SBR_ON.png,toCheck_100083_01309s_TLT_SBR_ON.png,NA,NA,NA,NA,NA,NA,Faulty
TLT_SBR_OFF.png,toCheck_100083_01314s_TLT_SBR_OFF.png,NA,NA,NA,NA,NA,NA,Faulty
SBR_EEE_RRG_EEE.png,toCheck_100084_01152s_SBR_EEE_RRG_EEE.png,NA,NA,NA,NA,NA,NA,Faulty
TLT_SBR_ON.png,toCheck_100085_00889s_TLT_SBR_ON.png,NA,NA,NA,NA,NA,NA,Faulty
TLT_SBR_OFF.png,toCheck_100085_00894s_TLT_SBR_OFF.png,NA,NA,NA,NA,NA,NA,Faulty
TLT_SBR_ON.png,toCheck_100085_00899s_TLT_SBR_ON.png,NA,NA,NA,NA,NA,NA,Faulty
TLT_SBR_OFF.png,toCheck_100085_00904s_TLT_SBR_OFF.png,NA,NA,NA,NA,NA,NA,Faulty
TLT_SBR_ON.png,toCheck_100086_00889s_TLT_SBR_ON.png,NA,NA,NA,NA,NA,NA,Faulty
TLT_SBR_OFF.png,toCheck_100086_00894s_TLT_SBR_OFF.png,NA,NA,NA,NA,NA,NA,Faulty
TLT_SBR_ON.png,toCheck_100086_00899s_TLT_SBR_ON.png,NA,NA,NA,NA,NA,NA,Faulty
TLT_SBR_OFF.png,toCheck_100086_00904s_TLT_SBR_OFF.png,NA,NA,NA,NA,NA,NA,Faulty
TLT_SBR_ON.png,toCheck_100087_00889s_TLT_SBR_ON.png,NA,NA,NA,NA,NA,NA,Faulty
TLT_SBR_OFF.png,toCheck_100087_00894s_TLT_SBR_OFF.png,NA,NA,NA,NA,NA,NA,Faulty
TLT_SBR_ON.png,toCheck_100087_00899s_TLT_SBR_ON.png,NA,NA,NA,NA,NA,NA,Faulty
TLT_SBR_OFF.png,toCheck_100087_00904s_TLT_SBR_OFF.png,NA,NA,NA,NA,NA,NA,Faulty
TLT_SBR_ON.png,toCheck_100087_01002s_TLT_SBR_ON.png,NA,NA,NA,NA,NA,NA,Faulty
TLT_SBR_OFF.png,toCheck_100087_01007s_TLT_SBR_OFF.png,NA,NA,NA,NA,NA,NA,Faulty
TLT_SBR_ON.png,toCheck_100087_01012s_TLT_SBR_ON.png,NA,NA,NA,NA,NA,NA,Faulty
TLT_SBR_OFF.png,toCheck_100087_01017s_TLT_SBR_OFF.png,NA,NA,NA,NA,NA,NA,Faulty
SBR_EEE_RGR_EEE.png,toCheck_100087_01110s_SBR_EEE_RGR_EEE.png,NA,NA,NA,NA,NA,NA,Faulty
TLT_SBR_ON.png,toCheck_100088_00889s_TLT_SBR_ON.png,NA,NA,NA,NA,NA,NA,Faulty
TLT_SBR_OFF.png,toCheck_100088_00894s_TLT_SBR_OFF.png,NA,NA,NA,NA,NA,NA,Faulty
TLT_SBR_ON.png,toCheck_100088_00899s_TLT_SBR_ON.png,NA,NA,NA,NA,NA,NA,Faulty
TLT_SBR_OFF.png,toCheck_100088_00904s_TLT_SBR_OFF.png,NA,NA,NA,NA,NA,NA,Faulty
TLT_SBR_ON.png,toCheck_100089_00889s_TLT_SBR_ON.png,NA,NA,NA,NA,NA,NA,Faulty
TLT_SBR_OFF.png,toCheck_100089_00894s_TLT_SBR_OFF.png,NA,NA,NA,NA,NA,NA,Faulty
TLT_SBR_ON.png,toCheck_100089_00899s_TLT_SBR_ON.png,NA,NA,NA,NA,NA,NA,Faulty
TLT_SBR_OFF.png,toCheck_100089_00904s_TLT_SBR_OFF.png,NA,NA,NA,NA,NA,NA,Faulty
TLT_SBR_ON.png,toCheck_100090_00889s_TLT_SBR_ON.png,NA,NA,NA,NA,NA,NA,Faulty
TLT_SBR_OFF.png,toCheck_100090_00894s_TLT_SBR_OFF.png,NA,NA,NA,NA,NA,NA,Faulty
TLT_SBR_ON.png,toCheck_100090_00899s_TLT_SBR_ON.png,NA,NA,NA,NA,NA,NA,Faulty
TLT_SBR_OFF.png,toCheck_100090_00904s_TLT_SBR_OFF.png,NA,NA,NA,NA,NA,NA,Faulty
TLT_SBR_ON.png,toCheck_100091_02019s_TLT_SBR_ON.png,NA,NA,NA,NA,NA,NA,Faulty
TLT_SBR_OFF.png,toCheck_100091_02024s_TLT_SBR_OFF.png,NA,NA,NA,NA,NA,NA,Faulty
TLT_SBR_ON.png,toCheck_100091_02029s_TLT_SBR_ON.png,NA,NA,NA,NA,NA,NA,Faulty
TLT_SBR_OFF.png,toCheck_100091_02034s_TLT_SBR_OFF.png,NA,NA,NA,NA,NA,NA,Faulty
TLT_SBR_ON.png,toCheck_100091_02132s_TLT_SBR_ON.png,NA,NA,NA,NA,NA,NA,Faulty
TLT_SBR_OFF.png,toCheck_100091_02137s_TLT_SBR_OFF.png,NA,NA,NA,NA,NA,NA,Faulty
TLT_SBR_ON.png,toCheck_100091_02142s_TLT_SBR_ON.png,NA,NA,NA,NA,NA,NA,Faulty
TLT_SBR_OFF.png,toCheck_100091_02147s_TLT_SBR_OFF.png,NA,NA,NA,NA,NA,NA,Faulty
TLT_SBR_ON.png,toCheck_100092_00889s_TLT_SBR_ON.png,NA,NA,NA,NA,NA,NA,Faulty
TLT_SBR_OFF.png,toCheck_100092_00894s_TLT_SBR_OFF.png,NA,NA,NA,NA,NA,NA,Faulty
TLT_SBR_ON.png,toCheck_100092_00899s_TLT_SBR_ON.png,NA,NA,NA,NA,NA,NA,Faulty
TLT_SBR_OFF.png,toCheck_100092_00904s_TLT_SBR_OFF.png,NA,NA,NA,NA,NA,NA,Faulty
TLT_SBR_ON.png,toCheck_100093_00889s_TLT_SBR_ON.png,NA,NA,NA,NA,NA,NA,Faulty
TLT_SBR_OFF.png,toCheck_100093_00894s_TLT_SBR_OFF.png,NA,NA,NA,NA,NA,NA,Faulty
TLT_SBR_ON.png,toCheck_100093_00899s_TLT_SBR_ON.png,NA,NA,NA,NA,NA,NA,Faulty
TLT_SBR_OFF.png,toCheck_100093_00904s_TLT_SBR_OFF.png,NA,NA,NA,NA,NA,NA,Faulty
TLT_SBR_ON.png,toCheck_100093_02030s_TLT_SBR_ON.png,NA,NA,NA,NA,NA,NA,Faulty
TLT_SBR_OFF.png,toCheck_100093_02035s_TLT_SBR_OFF.png,NA,NA,NA,NA,NA,NA,Faulty
TLT_SBR_ON.png,toCheck_100093_02040s_TLT_SBR_ON.png,NA,NA,NA,NA,NA,NA,Faulty
TLT_SBR_OFF.png,toCheck_100093_02045s_TLT_SBR_OFF.png,NA,NA,NA,NA,NA,NA,Faulty
TLT_SBR_ON.png,toCheck_100093_02230s_TLT_SBR_ON.png,NA,NA,NA,NA,NA,NA,Faulty
TLT_SBR_OFF.png,toCheck_100093_02235s_TLT_SBR_OFF.png,NA,NA,NA,NA,NA,NA,Faulty
TLT_SBR_ON.png,toCheck_100093_02240s_TLT_SBR_ON.png,NA,NA,NA,NA,NA,NA,Faulty
TLT_SBR_OFF.png,toCheck_100093_02245s_TLT_SBR_OFF.png,NA,NA,NA,NA,NA,NA,Faulty
TLT_SBR_ON.png,toCheck_100094_00889s_TLT_SBR_ON.png,NA,NA,NA,NA,NA,NA,Faulty
TLT_SBR_OFF.png,toCheck_100094_00894s_TLT_SBR_OFF.png,NA,NA,NA,NA,NA,NA,Faulty
TLT_SBR_ON.png,toCheck_100094_00899s_TLT_SBR_ON.png,NA,NA,NA,NA,NA,NA,Faulty
TLT_SBR_OFF.png,toCheck_100094_00904s_TLT_SBR_OFF.png,NA,NA,NA,NA,NA,NA,Faulty
TLT_SBR_ON.png,toCheck_100094_01002s_TLT_SBR_ON.png,NA,NA,NA,NA,NA,NA,Faulty
TLT_SBR_OFF.png,toCheck_100094_01007s_TLT_SBR_OFF.png,NA,NA,NA,NA,NA,NA,Faulty
TLT_SBR_ON.png,toCheck_100094_01012s_TLT_SBR_ON.png,NA,NA,NA,NA,NA,NA,Faulty
TLT_SBR_OFF.png,toCheck_100094_01017s_TLT_SBR_OFF.png,NA,NA,NA,NA,NA,NA,Faulty
TLT_SBR_ON.png,toCheck_100095_00889s_TLT_SBR_ON.png,NA,NA,NA,NA,NA,NA,Faulty
TLT_SBR_OFF.png,toCheck_100095_00894s_TLT_SBR_OFF.png,NA,NA,NA,NA,NA,NA,Faulty
TLT_SBR_ON.png,toCheck_100095_00899s_TLT_SBR_ON.png,NA,NA,NA,NA,NA,NA,Faulty
TLT_SBR_OFF.png,toCheck_100095_00904s_TLT_SBR_OFF.png,NA,NA,NA,NA,NA,NA,Faulty
TLT_SBR_ON.png,toCheck_100095_01002s_TLT_SBR_ON.png,NA,NA,NA,NA,NA,NA,Faulty
TLT_SBR_OFF.png,toCheck_100095_01007s_TLT_SBR_OFF.png,NA,NA,NA,NA,NA,NA,Faulty
TLT_SBR_ON.png,toCheck_100095_01012s_TLT_SBR_ON.png,NA,NA,NA,NA,NA,NA,Faulty
TLT_SBR_OFF.png,toCheck_100095_01017s_TLT_SBR_OFF.png,NA,NA,NA,NA,NA,NA,Faulty
TLT_SBR_ON.png,toCheck_100095_01102s_TLT_SBR_ON.png,NA,NA,NA,NA,NA,NA,Faulty
TLT_SBR_OFF.png,toCheck_100095_01107s_TLT_SBR_OFF.png,NA,NA,NA,NA,NA,NA,Faulty
TLT_SBR_ON.png,toCheck_100095_01112s_TLT_SBR_ON.png,NA,NA,NA,NA,NA,NA,Faulty
TLT_SBR_OFF.png,toCheck_100095_01117s_TLT_SBR_OFF.png,NA,NA,NA,NA,NA,NA,Faulty
TLT_SBR_ON.png,toCheck_100095_01620s_TLT_SBR_ON.png,NA,NA,NA,NA,NA,NA,Faulty
TLT_SBR_OFF.png,toCheck_100095_01625s_TLT_SBR_OFF.png,NA,NA,NA,NA,NA,NA,Faulty
TLT_SBR_ON.png,toCheck_100095_01630s_TLT_SBR_ON.png,NA,NA,NA,NA,NA,NA,Faulty
TLT_SBR_OFF.png,toCheck_100095_01635s_TLT_SBR_OFF.png,NA,NA,NA,NA,NA,NA,Faulty
TLT_SBR_ON.png,toCheck_100096_00889s_TLT_SBR_ON.png,NA,NA,NA,NA,NA,NA,Faulty
TLT_SBR_OFF.png,toCheck_100096_00894s_TLT_SBR_OFF.png,NA,NA,NA,NA,NA,NA,Faulty
TLT_SBR_ON.png,toCheck_100096_00899s_TLT_SBR_ON.png,NA,NA,NA,NA,NA,NA,Faulty
TLT_SBR_OFF.png,toCheck_100096_00904s_TLT_SBR_OFF.png,NA,NA,NA,NA,NA,NA,Faulty
TLT_SBR_ON.png,toCheck_100096_02030s_TLT_SBR_ON.png,NA,NA,NA,NA,NA,NA,Faulty
TLT_SBR_OFF.png,toCheck_100096_02035s_TLT_SBR_OFF.png,NA,NA,NA,NA,NA,NA,Faulty
TLT_SBR_ON.png,toCheck_100096_02040s_TLT_SBR_ON.png,NA,NA,NA,NA,NA,NA,Faulty
TLT_SBR_OFF.png,toCheck_100096_02045s_TLT_SBR_OFF.png,NA,NA,NA,NA,NA,NA,Faulty
TLT_SBR_ON.png,toCheck_100097_00889s_TLT_SBR_ON.png,NA,NA,NA,NA,NA,NA,Faulty
TLT_SBR_OFF.png,toCheck_100097_00894s_TLT_SBR_OFF.png,NA,NA,NA,NA,NA,NA,Faulty
TLT_SBR_ON.png,toCheck_100097_00899s_TLT_SBR_ON.png,NA,NA,NA,NA,NA,NA,Faulty
TLT_SBR_OFF.png,toCheck_100097_00904s_TLT_SBR_OFF.png,NA,NA,NA,NA,NA,NA,Faulty
TLT_SBR_ON.png,toCheck_100097_01630s_TLT_SBR_ON.png,NA,NA,NA,NA,NA,NA,Faulty
TLT_SBR_OFF.png,toCheck_100097_01635s_TLT_SBR_OFF.png,NA,NA,NA,NA,NA,NA,Faulty
TLT_SBR_ON.png,toCheck_100097_01640s_TLT_SBR_ON.png,NA,NA,NA,NA,NA,NA,Faulty
TLT_SBR_OFF.png,toCheck_100097_01645s_TLT_SBR_OFF.png,NA,NA,NA,NA,NA,NA,Faulty
TLT_SBR_ON.png,toCheck_100098_00871s_TLT_SBR_ON.png,NA,NA,NA,NA,NA,NA,Faulty
TLT_SBR_OFF.png,toCheck_100098_00876s_TLT_SBR_OFF.png,NA,NA,NA,NA,NA,NA,Faulty
TLT_SBR_ON.png,toCheck_100098_00881s_TLT_SBR_ON.png,NA,NA,NA,NA,NA,NA,Faulty
TLT_SBR_OFF.png,toCheck_100098_00886s_TLT_SBR_OFF.png,NA,NA,NA,NA,NA,NA,Faulty
SBR_EEE_RGG_EEE.png,toCheck_100098_00979s_SBR_EEE_RGG_EEE.png,NA,NA,NA,NA,NA,NA,Faulty
TLT_SBR_ON.png,toCheck_100099_00871s_TLT_SBR_ON.png,NA,NA,NA,NA,NA,NA,Faulty
TLT_SBR_OFF.png,toCheck_100099_00876s_TLT_SBR_OFF.png,NA,NA,NA,NA,NA,NA,Faulty
TLT_SBR_ON.png,toCheck_100099_00881s_TLT_SBR_ON.png,NA,NA,NA,NA,NA,NA,Faulty
TLT_SBR_OFF.png,toCheck_100099_00886s_TLT_SBR_OFF.png,NA,NA,NA,NA,NA,NA,Faulty
TLT_SBR_ON.png,toCheck_100100_00299s_TLT_SBR_ON.png,NA,NA,NA,NA,NA,NA,Faulty
TLT_SBR_OFF.png,toCheck_100100_00304s_TLT_SBR_OFF.png,NA,NA,NA,NA,NA,NA,Faulty
TLT_SBR_ON.png,toCheck_100100_00309s_TLT_SBR_ON.png,NA,NA,NA,NA,NA,NA,Faulty
TLT_SBR_OFF.png,toCheck_100100_00314s_TLT_SBR_OFF.png,NA,NA,NA,NA,NA,NA,Faulty
TLT_SBR_ON.png,toCheck_100100_00399s_TLT_SBR_ON.png,NA,NA,NA,NA,NA,NA,Faulty
TLT_SBR_OFF.png,toCheck_100100_00404s_TLT_SBR_OFF.png,NA,NA,NA,NA,NA,NA,Faulty
TLT_SBR_ON.png,toCheck_100100_00409s_TLT_SBR_ON.png,NA,NA,NA,NA,NA,NA,Faulty
TLT_SBR_OFF.png,toCheck_100100_00414s_TLT_SBR_OFF.png,NA,NA,NA,NA,NA,NA,Faulty
TLT_SBR_ON.png,toCheck_100100_00499s_TLT_SBR_ON.png,NA,NA,NA,NA,NA,NA,Faulty
TLT_SBR_OFF.png,toCheck_100100_00504s_TLT_SBR_OFF.png,NA,NA,NA,NA,NA,NA,Faulty
TLT_SBR_ON.png,toCheck_100100_00509s_TLT_SBR_ON.png,NA,NA,NA,NA,NA,NA,Faulty
TLT_SBR_OFF.png,toCheck_100100_00514s_TLT_SBR_OFF.png,NA,NA,NA,NA,NA,NA,Faulty
BUZ_05_OFF.png,toCheck_100100_00221s_BUZ_05_OFF.png,NA,NA,NA,NA,NA,NA,Faulty
SBR_EEE_GRR_EEE_DORL.png,toCheck_100100_00289s_SBR_EEE_GRR_EEE_DORL.png,NA,NA,NA,NA,NA,NA,Faulty
SBR_EEE_RRR_EEE.png,toCheck_100101_00562s_SBR_EEE_RRR_EEE.png,NA,NA,NA,NA,NA,NA,Faulty
TLT_SBR_ON.png,toCheck_100102_00871s_TLT_SBR_ON.png,NA,NA,NA,NA,NA,NA,Faulty
TLT_SBR_OFF.png,toCheck_100102_00876s_TLT_SBR_OFF.png,NA,NA,NA,NA,NA,NA,Faulty
TLT_SBR_ON.png,toCheck_100102_00881s_TLT_SBR_ON.png,NA,NA,NA,NA,NA,NA,Faulty
TLT_SBR_OFF.png,toCheck_100102_00886s_TLT_SBR_OFF.png,NA,NA,NA,NA,NA,NA,Faulty
SBR_EEE_RGG_EEE.png,toCheck_100102_00979s_SBR_EEE_RGG_EEE.png,NA,NA,NA,NA,NA,NA,Faulty
SBR_EEE_GRR_EEE_DORL.png,toCheck_100103_00649s_SBR_EEE_GRR_EEE_DORL.png,NA,NA,NA,NA,NA,NA,Faulty
SBR_EEE_GRR_EEE.png,toCheck_100103_00749s_SBR_EEE_GRR_EEE.png,NA,NA,NA,NA,NA,NA,Faulty
SBR_EEE_RGR_EEE_DORL.png,toCheck_100104_01199s_SBR_EEE_RGR_EEE_DORL.png,NA,NA,NA,NA,NA,NA,Faulty
BUZ_05_ON.png,toCheck_100104_01199s_BUZ_05_ON.png,NA,NA,NA,NA,NA,NA,Faulty
TLT_SBR_ON.png,toCheck_100105_00889s_TLT_SBR_ON.png,NA,NA,NA,NA,NA,NA,Faulty
TLT_SBR_OFF.png,toCheck_100105_00894s_TLT_SBR_OFF.png,NA,NA,NA,NA,NA,NA,Faulty
TLT_SBR_ON.png,toCheck_100105_00899s_TLT_SBR_ON.png,NA,NA,NA,NA,NA,NA,Faulty
TLT_SBR_OFF.png,toCheck_100105_00904s_TLT_SBR_OFF.png,NA,NA,NA,NA,NA,NA,Faulty
TLT_SBR_ON.png,toCheck_100105_01199s_TLT_SBR_ON.png,NA,NA,NA,NA,NA,NA,Faulty
TLT_SBR_OFF.png,toCheck_100105_01204s_TLT_SBR_OFF.png,NA,NA,NA,NA,NA,NA,Faulty
TLT_SBR_ON.png,toCheck_100105_01209s_TLT_SBR_ON.png,NA,NA,NA,NA,NA,NA,Faulty
TLT_SBR_OFF.png,toCheck_100105_01214s_TLT_SBR_OFF.png,NA,NA,NA,NA,NA,NA,Faulty
MEX_COMFORT_ARTICWHITE_SKIN2_TFT.png,toCheck_100000_00468s_MEX_COMFORT_ARTICWHITE_SKIN2_TFT.png,NA,NA,NA,NA,NA,NA,Faulty
MEX_COMFORT_ARTICWHITE_SKIN2_TFT.png,toCheck_100000_00473s_MEX_COMFORT_ARTICWHITE_SKIN2_TFT.png,NA,NA,NA,NA,NA,NA,Faulty
MEX_COMFORT_ARTICWHITE_SKIN2_TFT.png,toCheck_100000_00478s_MEX_COMFORT_ARTICWHITE_SKIN2_TFT.png,NA,NA,NA,NA,NA,NA,Faulty
MEX_COMFORT_ARTICWHITE_SKIN2_TFT.png,toCheck_100000_00483s_MEX_COMFORT_ARTICWHITE_SKIN2_TFT.png,NA,NA,NA,NA,NA,NA,Faulty
MEX_COMFORT_ARTICWHITE_SKIN2_TFT.png,toCheck_100000_00488s_MEX_COMFORT_ARTICWHITE_SKIN2_TFT.png,NA,NA,NA,NA,NA,NA,Faulty
MEX_COMFORT_ARTICWHITE_SKIN2_TFT.png,toCheck_100000_00493s_MEX_COMFORT_ARTICWHITE_SKIN2_TFT.png,NA,NA,NA,NA,NA,NA,Faulty
MEX_COMFORT_BLUE_SKIN2_TFT.png,toCheck_100001_00468s_MEX_COMFORT_BLUE_SKIN2_TFT.png,NA,NA,NA,NA,NA,NA,Faulty
MEX_COMFORT_BLUE_SKIN2_TFT.png,toCheck_100001_00473s_MEX_COMFORT_BLUE_SKIN2_TFT.png,NA,NA,NA,NA,NA,NA,Faulty
MEX_COMFORT_BLUE_SKIN2_TFT.png,toCheck_100001_00478s_MEX_COMFORT_BLUE_SKIN2_TFT.png,NA,NA,NA,NA,NA,NA,Faulty
MEX_COMFORT_BLUE_SKIN2_TFT.png,toCheck_100001_00483s_MEX_COMFORT_BLUE_SKIN2_TFT.png,NA,NA,NA,NA,NA,NA,Faulty
MEX_COMFORT_BLUE_SKIN2_TFT.png,toCheck_100001_00488s_MEX_COMFORT_BLUE_SKIN2_TFT.png,NA,NA,NA,NA,NA,NA,Faulty
MEX_COMFORT_BLUE_SKIN2_TFT.png,toCheck_100001_00493s_MEX_COMFORT_BLUE_SKIN2_TFT.png,NA,NA,NA,NA,NA,NA,Faulty
MEX_COMFORT_ARTICWHITE_SKIN2_TFT.png,toCheck_100002_00468s_MEX_COMFORT_ARTICWHITE_SKIN2_TFT.png,NA,NA,NA,NA,NA,NA,Faulty
MEX_COMFORT_ARTICWHITE_SKIN2_TFT.png,toCheck_100002_00473s_MEX_COMFORT_ARTICWHITE_SKIN2_TFT.png,NA,NA,NA,NA,NA,NA,Faulty
MEX_COMFORT_BLUE_SKIN2_TFT.png,toCheck_100002_00488s_MEX_COMFORT_BLUE_SKIN2_TFT.png,NA,NA,NA,NA,NA,NA,Faulty
MEX_COMFORT_CORAL_SKIN2_TFT.png,toCheck_100003_00468s_MEX_COMFORT_CORAL_SKIN2_TFT.png,NA,NA,NA,NA,NA,NA,Faulty
MEX_COMFORT_CORAL_SKIN2_TFT.png,toCheck_100003_00473s_MEX_COMFORT_CORAL_SKIN2_TFT.png,NA,NA,NA,NA,NA,NA,Faulty
MEX_COMFORT_CORAL_SKIN2_TFT.png,toCheck_100003_00478s_MEX_COMFORT_CORAL_SKIN2_TFT.png,NA,NA,NA,NA,NA,NA,Faulty
MEX_COMFORT_CORAL_SKIN2_TFT.png,toCheck_100003_00483s_MEX_COMFORT_CORAL_SKIN2_TFT.png,NA,NA,NA,NA,NA,NA,Faulty
MEX_COMFORT_CORAL_SKIN2_TFT.png,toCheck_100003_00488s_MEX_COMFORT_CORAL_SKIN2_TFT.png,NA,NA,NA,NA,NA,NA,Faulty
MEX_COMFORT_CORAL_SKIN2_TFT.png,toCheck_100003_00493s_MEX_COMFORT_CORAL_SKIN2_TFT.png,NA,NA,NA,NA,NA,NA,Faulty
MEX_COMFORT_GREEN_SKIN2_TFT.png,toCheck_100004_00468s_MEX_COMFORT_GREEN_SKIN2_TFT.png,NA,NA,NA,NA,NA,NA,Faulty
MEX_COMFORT_GREEN_SKIN2_TFT.png,toCheck_100004_00473s_MEX_COMFORT_GREEN_SKIN2_TFT.png,NA,NA,NA,NA,NA,NA,Faulty
MEX_COMFORT_GREEN_SKIN2_TFT.png,toCheck_100004_00478s_MEX_COMFORT_GREEN_SKIN2_TFT.png,NA,NA,NA,NA,NA,NA,Faulty
MEX_COMFORT_GREEN_SKIN2_TFT.png,toCheck_100004_00483s_MEX_COMFORT_GREEN_SKIN2_TFT.png,NA,NA,NA,NA,NA,NA,Faulty
MEX_COMFORT_GREEN_SKIN2_TFT.png,toCheck_100004_00488s_MEX_COMFORT_GREEN_SKIN2_TFT.png,NA,NA,NA,NA,NA,NA,Faulty
MEX_COMFORT_GREEN_SKIN2_TFT.png,toCheck_100004_00493s_MEX_COMFORT_GREEN_SKIN2_TFT.png,NA,NA,NA,NA,NA,NA,Faulty
MEX_COMFORT_INDIGOBLUE_SKIN2_TFT.png,toCheck_100005_00468s_MEX_COMFORT_INDIGOBLUE_SKIN2_TFT.png,NA,NA,NA,NA,NA,NA,Faulty
MEX_COMFORT_INDIGOBLUE_SKIN2_TFT.png,toCheck_100005_00473s_MEX_COMFORT_INDIGOBLUE_SKIN2_TFT.png,NA,NA,NA,NA,NA,NA,Faulty
MEX_COMFORT_INDIGOBLUE_SKIN2_TFT.png,toCheck_100005_00478s_MEX_COMFORT_INDIGOBLUE_SKIN2_TFT.png,NA,NA,NA,NA,NA,NA,Faulty
MEX_COMFORT_INDIGOBLUE_SKIN2_TFT.png,toCheck_100005_00483s_MEX_COMFORT_INDIGOBLUE_SKIN2_TFT.png,NA,NA,NA,NA,NA,NA,Faulty
MEX_COMFORT_INDIGOBLUE_SKIN2_TFT.png,toCheck_100005_00488s_MEX_COMFORT_INDIGOBLUE_SKIN2_TFT.png,NA,NA,NA,NA,NA,NA,Faulty
MEX_COMFORT_INDIGOBLUE_SKIN2_TFT.png,toCheck_100005_00493s_MEX_COMFORT_INDIGOBLUE_SKIN2_TFT.png,NA,NA,NA,NA,NA,NA,Faulty
MEX_COMFORT_LIMEGREEN_SKIN2_TFT.png,toCheck_100006_00468s_MEX_COMFORT_LIMEGREEN_SKIN2_TFT.png,NA,NA,NA,NA,NA,NA,Faulty
MEX_COMFORT_LIMEGREEN_SKIN2_TFT.png,toCheck_100006_00473s_MEX_COMFORT_LIMEGREEN_SKIN2_TFT.png,NA,NA,NA,NA,NA,NA,Faulty
MEX_COMFORT_LIMEGREEN_SKIN2_TFT.png,toCheck_100006_00478s_MEX_COMFORT_LIMEGREEN_SKIN2_TFT.png,NA,NA,NA,NA,NA,NA,Faulty
MEX_COMFORT_LIMEGREEN_SKIN2_TFT.png,toCheck_100006_00483s_MEX_COMFORT_LIMEGREEN_SKIN2_TFT.png,NA,NA,NA,NA,NA,NA,Faulty
MEX_COMFORT_LIMEGREEN_SKIN2_TFT.png,toCheck_100006_00488s_MEX_COMFORT_LIMEGREEN_SKIN2_TFT.png,NA,NA,NA,NA,NA,NA,Faulty
MEX_COMFORT_LIMEGREEN_SKIN2_TFT.png,toCheck_100006_00493s_MEX_COMFORT_LIMEGREEN_SKIN2_TFT.png,NA,NA,NA,NA,NA,NA,Faulty
MEX_COMFORT_ORANGE_SKIN2_TFT.png,toCheck_100007_00468s_MEX_COMFORT_ORANGE_SKIN2_TFT.png,NA,NA,NA,NA,NA,NA,Faulty
MEX_COMFORT_ORANGE_SKIN2_TFT.png,toCheck_100007_00473s_MEX_COMFORT_ORANGE_SKIN2_TFT.png,NA,NA,NA,NA,NA,NA,Faulty
MEX_COMFORT_ORANGE_SKIN2_TFT.png,toCheck_100007_00478s_MEX_COMFORT_ORANGE_SKIN2_TFT.png,NA,NA,NA,NA,NA,NA,Faulty
MEX_COMFORT_ORANGE_SKIN2_TFT.png,toCheck_100007_00483s_MEX_COMFORT_ORANGE_SKIN2_TFT.png,NA,NA,NA,NA,NA,NA,Faulty
MEX_COMFORT_ORANGE_SKIN2_TFT.png,toCheck_100007_00488s_MEX_COMFORT_ORANGE_SKIN2_TFT.png,NA,NA,NA,NA,NA,NA,Faulty
MEX_COMFORT_ORANGE_SKIN2_TFT.png,toCheck_100007_00493s_MEX_COMFORT_ORANGE_SKIN2_TFT.png,NA,NA,NA,NA,NA,NA,Faulty
MEX_COMFORT_ROSE_SKIN2_TFT.png,toCheck_100008_00468s_MEX_COMFORT_ROSE_SKIN2_TFT.png,NA,NA,NA,NA,NA,NA,Faulty
MEX_COMFORT_ROSE_SKIN2_TFT.png,toCheck_100008_00473s_MEX_COMFORT_ROSE_SKIN2_TFT.png,NA,NA,NA,NA,NA,NA,Faulty
MEX_COMFORT_ROSE_SKIN2_TFT.png,toCheck_100008_00478s_MEX_COMFORT_ROSE_SKIN2_TFT.png,NA,NA,NA,NA,NA,NA,Faulty
MEX_COMFORT_ROSE_SKIN2_TFT.png,toCheck_100008_00483s_MEX_COMFORT_ROSE_SKIN2_TFT.png,NA,NA,NA,NA,NA,NA,Faulty
MEX_COMFORT_ROSE_SKIN2_TFT.png,toCheck_100008_00488s_MEX_COMFORT_ROSE_SKIN2_TFT.png,NA,NA,NA,NA,NA,NA,Faulty
MEX_COMFORT_ROSE_SKIN2_TFT.png,toCheck_100008_00493s_MEX_COMFORT_ROSE_SKIN2_TFT.png,NA,NA,NA,NA,NA,NA,Faulty
MEX_ECO_ARTICWHITE_SKIN5.png,toCheck_100013_00468s_MEX_ECO_ARTICWHITE_SKIN5.png,NA,NA,NA,NA,NA,NA,Faulty
MEX_DRIVEMODE_ARTICWHITE_SNOW.png,toCheck_100021_00468s_MEX_DRIVEMODE_ARTICWHITE_SNOW.png,NA,NA,NA,NA,NA,NA,Faulty
MEX_DRIVEMODE_ARTICWHITE_SNOW.png,toCheck_100023_00335s_MEX_DRIVEMODE_ARTICWHITE_SNOW.png,NA,NA,NA,NA,NA,NA,Faulty
MEX_TOW_ARCTICWHITE_SKIN5.png,toCheck_100028_00468s_MEX_TOW_ARCTICWHITE_SKIN5.png,NA,NA,NA,NA,NA,NA,Faulty
FULL_ALTIA_WAKEUP_MMI.png,toCheck_100031_00340s_FULL_ALTIA_WAKEUP_MMI.png,NA,NA,NA,NA,NA,NA,Faulty
FULL_ALTIA_WAKEUP_MMI.png,toCheck_100032_01538s_FULL_ALTIA_WAKEUP_MMI.png,NA,NA,NA,NA,NA,NA,Faulty
MEXLIST_3MODE_ECOFOCUSED.png,toCheck_100037_00602s_MEXLIST_3MODE_ECOFOCUSED.png,NA,NA,NA,NA,NA,NA,Faulty
TLT_ECOMODE_ON.png,toCheck_100043_00468s_TLT_ECOMODE_ON.png,NA,NA,NA,NA,NA,NA,Faulty
MEX_DRIVEMODE_ARTICWHITE_SNOW_MMI.png,toCheck_100045_00335s_MEX_DRIVEMODE_ARTICWHITE_SNOW_MMI.png,NA,NA,NA,NA,NA,NA,Faulty
CONSOICE_AVG_INV_INST_0_KMPL.png,toCheck_100048_00600s_CONSOICE_AVG_INV_INST_0_KMPL.png,NA,NA,NA,NA,NA,NA,Faulty
MEX_COMFORT_ARTICWHITE.png,toCheck_100048_00670s_MEX_COMFORT_ARTICWHITE.png,NA,NA,NA,NA,NA,NA,Faulty
HMGT_EMPTY_PAGE.png,toCheck_100048_00490s_HMGT_EMPTY_PAGE.png,NA,NA,NA,NA,NA,NA,Faulty
MSC_SERVICE_PAGE.png,toCheck_100048_00518s_MSC_SERVICE_PAGE.png,NA,NA,NA,NA,NA,NA,Faulty
MSC_OIL_PAGE.png,toCheck_100048_00545s_MSC_OIL_PAGE.png,NA,NA,NA,NA,NA,NA,Faulty
EV_INFO_PAGE.png,toCheck_100048_00573s_EV_INFO_PAGE.png,NA,NA,NA,NA,NA,NA,Faulty
MEX_ECO_BLUE.png,toCheck_100052_00473s_MEX_ECO_BLUE.png,NA,NA,NA,NA,NA,NA,Faulty
MEX_ECO_BLUE.png,toCheck_100052_00478s_MEX_ECO_BLUE.png,NA,NA,NA,NA,NA,NA,Faulty
MEX_COMFORT_BLUE_SKIN2.png,toCheck_100054_00468s_MEX_COMFORT_BLUE_SKIN2.png,NA,NA,NA,NA,NA,NA,Faulty
MEX_NODISP.png,toCheck_100054_00473s_MEX_NODISP.png,NA,NA,NA,NA,NA,NA,Faulty
NO_ALERT.png,toCheck_100000_00226s_NO_ALERT.png,NA,NA,NA,NA,NA,NA,Faulty
NO_ALERT.png,toCheck_100001_00261s_NO_ALERT.png,NA,NA,NA,NA,NA,NA,Faulty
NO_ALERT.png,toCheck_100002_00226s_NO_ALERT.png,NA,NA,NA,NA,NA,NA,Faulty
TLT_SERV_OFF.png,toCheck_100003_00191s_TLT_SERV_OFF.png,NA,NA,NA,NA,NA,NA,Faulty
NO_ALERT.png,toCheck_100003_00226s_NO_ALERT.png,NA,NA,NA,NA,NA,NA,Faulty
NO_ALERT.png,toCheck_100004_00286s_NO_ALERT.png,NA,NA,NA,NA,NA,NA,Faulty
NO_ALERT.png,toCheck_100005_00228s_NO_ALERT.png,NA,NA,NA,NA,NA,NA,Faulty
NO_ALERT.png,toCheck_100006_00230s_NO_ALERT.png,NA,NA,NA,NA,NA,NA,Faulty
NO_ALERT.png,toCheck_100007_00228s_NO_ALERT.png,NA,NA,NA,NA,NA,NA,Faulty
NO_ALERT.png,toCheck_100008_00236s_NO_ALERT.png,NA,NA,NA,NA,NA,NA,Faulty
NO_ALERT.png,toCheck_100009_00286s_NO_ALERT.png,NA,NA,NA,NA,NA,NA,Faulty
NO_ALERT.png,toCheck_100010_00286s_NO_ALERT.png,NA,NA,NA,NA,NA,NA,Faulty
NO_ALERT.png,toCheck_100011_00266s_NO_ALERT.png,NA,NA,NA,NA,NA,NA,Faulty
TLT_SERV_OFF.png,toCheck_100012_00191s_TLT_SERV_OFF.png,NA,NA,NA,NA,NA,NA,Faulty
TLT_STOP_ON.png,toCheck_100012_00191s_TLT_STOP_ON.png,NA,NA,NA,NA,NA,NA,Faulty
NO_ALERT.png,toCheck_100012_00226s_NO_ALERT.png,NA,NA,NA,NA,NA,NA,Faulty
TLT_SERV_OFF.png,toCheck_100013_00191s_TLT_SERV_OFF.png,NA,NA,NA,NA,NA,NA,Faulty
TLT_STOP_ON.png,toCheck_100013_00191s_TLT_STOP_ON.png,NA,NA,NA,NA,NA,NA,Faulty
NO_ALERT.png,toCheck_100013_00226s_NO_ALERT.png,NA,NA,NA,NA,NA,NA,Faulty
TLT_SERV_OFF.png,toCheck_100014_00191s_TLT_SERV_OFF.png,NA,NA,NA,NA,NA,NA,Faulty
TLT_STOP_ON.png,toCheck_100014_00191s_TLT_STOP_ON.png,NA,NA,NA,NA,NA,NA,Faulty
NO_ALERT.png,toCheck_100014_00226s_NO_ALERT.png,NA,NA,NA,NA,NA,NA,Faulty
TLT_SERV_OFF.png,toCheck_100015_00191s_TLT_SERV_OFF.png,NA,NA,NA,NA,NA,NA,Faulty
TLT_STOP_ON.png,toCheck_100015_00191s_TLT_STOP_ON.png,NA,NA,NA,NA,NA,NA,Faulty
NO_ALERT.png,toCheck_100015_00226s_NO_ALERT.png,NA,NA,NA,NA,NA,NA,Faulty
NO_ALERT.png,toCheck_100016_00296s_NO_ALERT.png,NA,NA,NA,NA,NA,NA,Faulty
NO_ALERT.png,toCheck_100017_00261s_NO_ALERT.png,NA,NA,NA,NA,NA,NA,Faulty
NO_ALERT.png,toCheck_100018_00261s_NO_ALERT.png,NA,NA,NA,NA,NA,NA,Faulty
TLT_SERV_OFF.png,toCheck_100019_00191s_TLT_SERV_OFF.png,NA,NA,NA,NA,NA,NA,Faulty
NO_ALERT.png,toCheck_100019_00226s_NO_ALERT.png,NA,NA,NA,NA,NA,NA,Faulty
TLT_SERV_OFF.png,toCheck_100020_00191s_TLT_SERV_OFF.png,NA,NA,NA,NA,NA,NA,Faulty
NO_ALERT.png,toCheck_100020_00226s_NO_ALERT.png,NA,NA,NA,NA,NA,NA,Faulty
TLT_SERV_OFF.png,toCheck_100021_00191s_TLT_SERV_OFF.png,NA,NA,NA,NA,NA,NA,Faulty
NO_ALERT.png,toCheck_100021_00191s_NO_ALERT.png,NA,NA,NA,NA,NA,NA,Faulty
NO_ALERT.png,toCheck_100021_00236s_NO_ALERT.png,NA,NA,NA,NA,NA,NA,Faulty
TLT_SERV_OFF.png,toCheck_100022_00191s_TLT_SERV_OFF.png,NA,NA,NA,NA,NA,NA,Faulty
NO_ALERT.png,toCheck_100022_00191s_NO_ALERT.png,NA,NA,NA,NA,NA,NA,Faulty
NO_ALERT.png,toCheck_100022_00226s_NO_ALERT.png,NA,NA,NA,NA,NA,NA,Faulty
TLT_SERV_OFF.png,toCheck_100023_00191s_TLT_SERV_OFF.png,NA,NA,NA,NA,NA,NA,Faulty
NO_ALERT.png,toCheck_100023_00226s_NO_ALERT.png,NA,NA,NA,NA,NA,NA,Faulty
TLT_SERV_OFF.png,toCheck_100024_00191s_TLT_SERV_OFF.png,NA,NA,NA,NA,NA,NA,Faulty
NO_ALERT.png,toCheck_100024_00226s_NO_ALERT.png,NA,NA,NA,NA,NA,NA,Faulty
TLT_SERV_OFF.png,toCheck_100025_00191s_TLT_SERV_OFF.png,NA,NA,NA,NA,NA,NA,Faulty
NO_ALERT.png,toCheck_100025_00226s_NO_ALERT.png,NA,NA,NA,NA,NA,NA,Faulty
TLT_SERV_OFF.png,toCheck_100026_00361s_TLT_SERV_OFF.png,NA,NA,NA,NA,NA,NA,Faulty
TXTALT_10202_1_FR.png,toCheck_100026_00361s_TXTALT_10202_1_FR.png,NA,NA,NA,NA,NA,NA,Faulty
NO_ALERT.png,toCheck_100026_00571s_NO_ALERT.png,NA,NA,NA,NA,NA,NA,Faulty
TLT_SERV_OFF.png,toCheck_100027_00293s_TLT_SERV_OFF.png,NA,NA,NA,NA,NA,NA,Faulty
NO_ALERT.png,toCheck_100027_00458s_NO_ALERT.png,NA,NA,NA,NA,NA,NA,Faulty
TLT_SERV_OFF.png,toCheck_100028_00298s_TLT_SERV_OFF.png,NA,NA,NA,NA,NA,NA,Faulty
TXTALT_10202_5_FR.png,toCheck_100028_00298s_TXTALT_10202_5_FR.png,NA,NA,NA,NA,NA,NA,Faulty
TLT_SERV_OFF.png,toCheck_100029_00308s_TLT_SERV_OFF.png,NA,NA,NA,NA,NA,NA,Faulty
TXTALT_10202_5_FR.png,toCheck_100029_00308s_TXTALT_10202_5_FR.png,NA,NA,NA,NA,NA,NA,Faulty
TLT_SERV_OFF.png,toCheck_100030_00431s_TLT_SERV_OFF.png,NA,NA,NA,NA,NA,NA,Faulty
TLT_STOP_OFF.png,toCheck_100030_00431s_TLT_STOP_OFF.png,NA,NA,NA,NA,NA,NA,Faulty
NO_ALERT.png,toCheck_100030_00431s_NO_ALERT.png,NA,NA,NA,NA,NA,NA,Faulty
NO_ALERT.png,toCheck_100030_00476s_NO_ALERT.png,NA,NA,NA,NA,NA,NA,Faulty
TLT_OSP_WARN_ON.png,toCheck_100031_00356s_TLT_OSP_WARN_ON.png,NA,NA,NA,NA,NA,NA,Faulty
TLT_SERV_OFF.png,toCheck_100031_00356s_TLT_SERV_OFF.png,NA,NA,NA,NA,NA,NA,Faulty
TLT_STOP_OFF.png,toCheck_100031_00356s_TLT_STOP_OFF.png,NA,NA,NA,NA,NA,NA,Faulty
NO_ALERT.png,toCheck_100031_00356s_NO_ALERT.png,NA,NA,NA,NA,NA,NA,Faulty
NO_ALERT.png,toCheck_100031_00411s_NO_ALERT.png,NA,NA,NA,NA,NA,NA,Faulty
TLT_OSP_WARN_ON.png,toCheck_100032_00356s_TLT_OSP_WARN_ON.png,NA,NA,NA,NA,NA,NA,Faulty
TLT_SERV_OFF.png,toCheck_100032_00356s_TLT_SERV_OFF.png,NA,NA,NA,NA,NA,NA,Faulty
TLT_STOP_OFF.png,toCheck_100032_00356s_TLT_STOP_OFF.png,NA,NA,NA,NA,NA,NA,Faulty
NO_ALERT.png,toCheck_100032_00356s_NO_ALERT.png,NA,NA,NA,NA,NA,NA,Faulty
NO_ALERT.png,toCheck_100032_00411s_NO_ALERT.png,NA,NA,NA,NA,NA,NA,Faulty
TLT_SERV_OFF.png,toCheck_100033_00321s_TLT_SERV_OFF.png,NA,NA,NA,NA,NA,NA,Faulty
TLT_SERV_OFF.png,toCheck_100034_00191s_TLT_SERV_OFF.png,NA,NA,NA,NA,NA,NA,Faulty
TXTALT_10208_4_FR.png,toCheck_100034_00191s_TXTALT_10208_4_FR.png,NA,NA,NA,NA,NA,NA,Faulty
NO_ALERT.png,toCheck_100034_00226s_NO_ALERT.png,NA,NA,NA,NA,NA,NA,Faulty
TLT_SERV_OFF.png,toCheck_100035_00191s_TLT_SERV_OFF.png,NA,NA,NA,NA,NA,NA,Faulty
NO_ALERT.png,toCheck_100035_00226s_NO_ALERT.png,NA,NA,NA,NA,NA,NA,Faulty
NO_ALERT.png,toCheck_100036_00226s_NO_ALERT.png,NA,NA,NA,NA,NA,NA,Faulty
NO_ALERT.png,toCheck_100037_00226s_NO_ALERT.png,NA,NA,NA,NA,NA,NA,Faulty
TLT_SERV_OFF.png,toCheck_100038_00191s_TLT_SERV_OFF.png,NA,NA,NA,NA,NA,NA,Faulty
NO_ALERT.png,toCheck_100038_00226s_NO_ALERT.png,NA,NA,NA,NA,NA,NA,Faulty
TLT_SERV_OFF.png,toCheck_100039_00191s_TLT_SERV_OFF.png,NA,NA,NA,NA,NA,NA,Faulty
NO_ALERT.png,toCheck_100039_00191s_NO_ALERT.png,NA,NA,NA,NA,NA,NA,Faulty
NO_ALERT.png,toCheck_100039_00226s_NO_ALERT.png,NA,NA,NA,NA,NA,NA,Faulty
TLT_SERV_OFF.png,toCheck_100040_00191s_TLT_SERV_OFF.png,NA,NA,NA,NA,NA,NA,Faulty
NO_ALERT.png,toCheck_100040_00191s_NO_ALERT.png,NA,NA,NA,NA,NA,NA,Faulty
NO_ALERT.png,toCheck_100040_00226s_NO_ALERT.png,NA,NA,NA,NA,NA,NA,Faulty
TLT_SERV_OFF.png,toCheck_100041_00213s_TLT_SERV_OFF.png,NA,NA,NA,NA,NA,NA,Faulty
NO_ALERT.png,toCheck_100041_00248s_NO_ALERT.png,NA,NA,NA,NA,NA,NA,Faulty
TLT_SERV_OFF.png,toCheck_100042_00226s_TLT_SERV_OFF.png,NA,NA,NA,NA,NA,NA,Faulty
TLT_STOP_ON.png,toCheck_100042_00226s_TLT_STOP_ON.png,NA,NA,NA,NA,NA,NA,Faulty
NO_ALERT.png,toCheck_100042_00296s_NO_ALERT.png,NA,NA,NA,NA,NA,NA,Faulty
TLT_SERV_OFF.png,toCheck_100043_00223s_TLT_SERV_OFF.png,NA,NA,NA,NA,NA,NA,Faulty
TLT_STOP_ON.png,toCheck_100043_00223s_TLT_STOP_ON.png,NA,NA,NA,NA,NA,NA,Faulty
NO_ALERT.png,toCheck_100043_00258s_NO_ALERT.png,NA,NA,NA,NA,NA,NA,Faulty
TLT_SERV_OFF.png,toCheck_100044_00191s_TLT_SERV_OFF.png,NA,NA,NA,NA,NA,NA,Faulty
TLT_STOP_ON.png,toCheck_100044_00191s_TLT_STOP_ON.png,NA,NA,NA,NA,NA,NA,Faulty
NO_ALERT.png,toCheck_100044_00226s_NO_ALERT.png,NA,NA,NA,NA,NA,NA,Faulty
TLT_DAE_WARN_ON.png,toCheck_100045_00191s_TLT_DAE_WARN_ON.png,NA,NA,NA,NA,NA,NA,Faulty
TLT_SERV_OFF.png,toCheck_100045_00191s_TLT_SERV_OFF.png,NA,NA,NA,NA,NA,NA,Faulty
NO_ALERT.png,toCheck_100045_00226s_NO_ALERT.png,NA,NA,NA,NA,NA,NA,Faulty
TLT_SERV_OFF.png,toCheck_100046_00191s_TLT_SERV_OFF.png,NA,NA,NA,NA,NA,NA,Faulty
NO_ALERT.png,toCheck_100046_00191s_NO_ALERT.png,NA,NA,NA,NA,NA,NA,Faulty
NO_ALERT.png,toCheck_100046_00226s_NO_ALERT.png,NA,NA,NA,NA,NA,NA,Faulty
TLT_SERV_OFF.png,toCheck_100047_00211s_TLT_SERV_OFF.png,NA,NA,NA,NA,NA,NA,Faulty
TLT_STOP_OFF.png,toCheck_100047_00211s_TLT_STOP_OFF.png,NA,NA,NA,NA,NA,NA,Faulty
NO_ALERT.png,toCheck_100047_00246s_NO_ALERT.png,NA,NA,NA,NA,NA,NA,Faulty
TLT_SERV_OFF.png,toCheck_100048_00191s_TLT_SERV_OFF.png,NA,NA,NA,NA,NA,NA,Faulty
NO_ALERT.png,toCheck_100048_00226s_NO_ALERT.png,NA,NA,NA,NA,NA,NA,Faulty
TLT_SERV_OFF.png,toCheck_100049_00191s_TLT_SERV_OFF.png,NA,NA,NA,NA,NA,NA,Faulty
NO_ALERT.png,toCheck_100049_00226s_NO_ALERT.png,NA,NA,NA,NA,NA,NA,Faulty
TLT_SERV_OFF.png,toCheck_100050_00191s_TLT_SERV_OFF.png,NA,NA,NA,NA,NA,NA,Faulty
NO_ALERT.png,toCheck_100050_00226s_NO_ALERT.png,NA,NA,NA,NA,NA,NA,Faulty
TLT_SERV_OFF.png,toCheck_100051_00191s_TLT_SERV_OFF.png,NA,NA,NA,NA,NA,NA,Faulty
NO_ALERT.png,toCheck_100051_00226s_NO_ALERT.png,NA,NA,NA,NA,NA,NA,Faulty
TLT_SERV_OFF.png,toCheck_100052_00191s_TLT_SERV_OFF.png,NA,NA,NA,NA,NA,NA,Faulty
NO_ALERT.png,toCheck_100052_00226s_NO_ALERT.png,NA,NA,NA,NA,NA,NA,Faulty
TLT_SERV_OFF.png,toCheck_100053_00191s_TLT_SERV_OFF.png,NA,NA,NA,NA,NA,NA,Faulty
NO_ALERT.png,toCheck_100053_00226s_NO_ALERT.png,NA,NA,NA,NA,NA,NA,Faulty
NO_ALERT.png,toCheck_100054_00418s_NO_ALERT.png,NA,NA,NA,NA,NA,NA,Faulty
TLT_PB_OFF.png,toCheck_100054_00361s_TLT_PB_OFF.png,NA,NA,NA,NA,NA,NA,Faulty
TLT_PB_OFF.png,toCheck_100054_00366s_TLT_PB_OFF.png,NA,NA,NA,NA,NA,NA,Faulty
NO_ALERT.png,toCheck_100055_00416s_NO_ALERT.png,NA,NA,NA,NA,NA,NA,Faulty
TLT_PB_OFF.png,toCheck_100055_00356s_TLT_PB_OFF.png,NA,NA,NA,NA,NA,NA,Faulty
TLT_PB_OFF.png,toCheck_100055_00361s_TLT_PB_OFF.png,NA,NA,NA,NA,NA,NA,Faulty
TLT_SERV_OFF.png,toCheck_100056_00191s_TLT_SERV_OFF.png,NA,NA,NA,NA,NA,NA,Faulty
NO_ALERT.png,toCheck_100056_00226s_NO_ALERT.png,NA,NA,NA,NA,NA,NA,Faulty
NO_ALERT.png,toCheck_100057_00236s_NO_ALERT.png,NA,NA,NA,NA,NA,NA,Faulty
TLT_PB_OFF.png,toCheck_100057_00191s_TLT_PB_OFF.png,NA,NA,NA,NA,NA,NA,Faulty
TLT_PB_OFF.png,toCheck_100057_00196s_TLT_PB_OFF.png,NA,NA,NA,NA,NA,NA,Faulty
TLT_SERV_OFF.png,toCheck_100057_00201s_TLT_SERV_OFF.png,NA,NA,NA,NA,NA,NA,Faulty
NO_ALERT.png,toCheck_100057_00201s_NO_ALERT.png,NA,NA,NA,NA,NA,NA,Faulty
NO_ALERT.png,toCheck_100058_00236s_NO_ALERT.png,NA,NA,NA,NA,NA,NA,Faulty
TLT_PB_OFF.png,toCheck_100058_00191s_TLT_PB_OFF.png,NA,NA,NA,NA,NA,NA,Faulty
TLT_PB_OFF.png,toCheck_100058_00196s_TLT_PB_OFF.png,NA,NA,NA,NA,NA,NA,Faulty
TLT_SERV_OFF.png,toCheck_100058_00201s_TLT_SERV_OFF.png,NA,NA,NA,NA,NA,NA,Faulty
NO_ALERT.png,toCheck_100058_00201s_NO_ALERT.png,NA,NA,NA,NA,NA,NA,Faulty
NO_ALERT.png,toCheck_100059_00236s_NO_ALERT.png,NA,NA,NA,NA,NA,NA,Faulty
TLT_PB_OFF.png,toCheck_100059_00191s_TLT_PB_OFF.png,NA,NA,NA,NA,NA,NA,Faulty
TLT_PB_OFF.png,toCheck_100059_00196s_TLT_PB_OFF.png,NA,NA,NA,NA,NA,NA,Faulty
TLT_SERV_OFF.png,toCheck_100059_00201s_TLT_SERV_OFF.png,NA,NA,NA,NA,NA,NA,Faulty
NO_ALERT.png,toCheck_100059_00201s_NO_ALERT.png,NA,NA,NA,NA,NA,NA,Faulty
TLT_SERV_OFF.png,toCheck_100060_00201s_TLT_SERV_OFF.png,NA,NA,NA,NA,NA,NA,Faulty
NO_ALERT.png,toCheck_100060_00201s_NO_ALERT.png,NA,NA,NA,NA,NA,NA,Faulty
NO_ALERT.png,toCheck_100060_00236s_NO_ALERT.png,NA,NA,NA,NA,NA,NA,Faulty
NO_ALERT.png,toCheck_100061_00228s_NO_ALERT.png,NA,NA,NA,NA,NA,NA,Faulty
NO_ALERT.png,toCheck_100062_00228s_NO_ALERT.png,NA,NA,NA,NA,NA,NA,Faulty
TLT_STOP_ON.png,toCheck_100063_00221s_TLT_STOP_ON.png,NA,NA,NA,NA,NA,NA,Faulty
NO_ALERT.png,toCheck_100063_00246s_NO_ALERT.png,NA,NA,NA,NA,NA,NA,Faulty
TLT_SERV_OFF.png,toCheck_100064_00191s_TLT_SERV_OFF.png,NA,NA,NA,NA,NA,NA,Faulty
NO_ALERT.png,toCheck_100064_00191s_NO_ALERT.png,NA,NA,NA,NA,NA,NA,Faulty
NO_ALERT.png,toCheck_100064_00226s_NO_ALERT.png,NA,NA,NA,NA,NA,NA,Faulty
NO_ALERT.png,toCheck_100065_00258s_NO_ALERT.png,NA,NA,NA,NA,NA,NA,Faulty
NO_ALERT.png,toCheck_100066_00226s_NO_ALERT.png,NA,NA,NA,NA,NA,NA,Faulty
TLT_STOP_ON.png,toCheck_100067_00261s_TLT_STOP_ON.png,NA,NA,NA,NA,NA,NA,Faulty
NO_ALERT.png,toCheck_100067_00306s_NO_ALERT.png,NA,NA,NA,NA,NA,NA,Faulty
TLT_STOP_ON.png,toCheck_100068_00191s_TLT_STOP_ON.png,NA,NA,NA,NA,NA,NA,Faulty
NO_ALERT.png,toCheck_100068_00226s_NO_ALERT.png,NA,NA,NA,NA,NA,NA,Faulty
NO_ALERT.png,toCheck_100069_00263s_NO_ALERT.png,NA,NA,NA,NA,NA,NA,Faulty
NO_ALERT.png,toCheck_100070_00263s_NO_ALERT.png,NA,NA,NA,NA,NA,NA,Faulty
NO_ALERT.png,toCheck_100071_00226s_NO_ALERT.png,NA,NA,NA,NA,NA,NA,Faulty
TLT_SERV_OFF.png,toCheck_100072_00191s_TLT_SERV_OFF.png,NA,NA,NA,NA,NA,NA,Faulty
NO_ALERT.png,toCheck_100072_00226s_NO_ALERT.png,NA,NA,NA,NA,NA,NA,Faulty
TLT_SERV_OFF.png,toCheck_100073_00191s_TLT_SERV_OFF.png,NA,NA,NA,NA,NA,NA,Faulty
NO_ALERT.png,toCheck_100073_00226s_NO_ALERT.png,NA,NA,NA,NA,NA,NA,Faulty
TLT_SERV_OFF.png,toCheck_100074_00191s_TLT_SERV_OFF.png,NA,NA,NA,NA,NA,NA,Faulty
NO_ALERT.png,toCheck_100074_00226s_NO_ALERT.png,NA,NA,NA,NA,NA,NA,Faulty
NO_ALERT.png,toCheck_100075_00226s_NO_ALERT.png,NA,NA,NA,NA,NA,NA,Faulty
NO_ALERT.png,toCheck_100076_00226s_NO_ALERT.png,NA,NA,NA,NA,NA,NA,Faulty
TLT_SERV_OFF.png,toCheck_100077_00191s_TLT_SERV_OFF.png,NA,NA,NA,NA,NA,NA,Faulty
NO_ALERT.png,toCheck_100077_00226s_NO_ALERT.png,NA,NA,NA,NA,NA,NA,Faulty
TLT_SERV_OFF.png,toCheck_100078_00191s_TLT_SERV_OFF.png,NA,NA,NA,NA,NA,NA,Faulty
NO_ALERT.png,toCheck_100078_00226s_NO_ALERT.png,NA,NA,NA,NA,NA,NA,Faulty
TLT_SERV_OFF.png,toCheck_100079_00191s_TLT_SERV_OFF.png,NA,NA,NA,NA,NA,NA,Faulty
NO_ALERT.png,toCheck_100079_00226s_NO_ALERT.png,NA,NA,NA,NA,NA,NA,Faulty
TLT_SERV_OFF.png,toCheck_100080_00191s_TLT_SERV_OFF.png,NA,NA,NA,NA,NA,NA,Faulty
NO_ALERT.png,toCheck_100080_00226s_NO_ALERT.png,NA,NA,NA,NA,NA,NA,Faulty
TLT_SERV_OFF.png,toCheck_100081_00191s_TLT_SERV_OFF.png,NA,NA,NA,NA,NA,NA,Faulty
NO_ALERT.png,toCheck_100081_00226s_NO_ALERT.png,NA,NA,NA,NA,NA,NA,Faulty
TLT_SERV_OFF.png,toCheck_100082_00191s_TLT_SERV_OFF.png,NA,NA,NA,NA,NA,NA,Faulty
NO_ALERT.png,toCheck_100082_00226s_NO_ALERT.png,NA,NA,NA,NA,NA,NA,Faulty
TLT_SERV_OFF.png,toCheck_100083_00191s_TLT_SERV_OFF.png,NA,NA,NA,NA,NA,NA,Faulty
NO_ALERT.png,toCheck_100083_00226s_NO_ALERT.png,NA,NA,NA,NA,NA,NA,Faulty
TLT_SERV_OFF.png,toCheck_100084_00191s_TLT_SERV_OFF.png,NA,NA,NA,NA,NA,NA,Faulty
NO_ALERT.png,toCheck_100084_00226s_NO_ALERT.png,NA,NA,NA,NA,NA,NA,Faulty
TLT_SERV_OFF.png,toCheck_100085_00191s_TLT_SERV_OFF.png,NA,NA,NA,NA,NA,NA,Faulty
NO_ALERT.png,toCheck_100085_00226s_NO_ALERT.png,NA,NA,NA,NA,NA,NA,Faulty
TLT_SERV_OFF.png,toCheck_100086_00191s_TLT_SERV_OFF.png,NA,NA,NA,NA,NA,NA,Faulty
NO_ALERT.png,toCheck_100086_00226s_NO_ALERT.png,NA,NA,NA,NA,NA,NA,Faulty
TLT_SERV_OFF.png,toCheck_100087_00191s_TLT_SERV_OFF.png,NA,NA,NA,NA,NA,NA,Faulty
NO_ALERT.png,toCheck_100087_00226s_NO_ALERT.png,NA,NA,NA,NA,NA,NA,Faulty
TLT_SERV_OFF.png,toCheck_100088_00191s_TLT_SERV_OFF.png,NA,NA,NA,NA,NA,NA,Faulty
NO_ALERT.png,toCheck_100088_00226s_NO_ALERT.png,NA,NA,NA,NA,NA,NA,Faulty
TLT_SERV_OFF.png,toCheck_100089_00191s_TLT_SERV_OFF.png,NA,NA,NA,NA,NA,NA,Faulty
NO_ALERT.png,toCheck_100089_00226s_NO_ALERT.png,NA,NA,NA,NA,NA,NA,Faulty
TLT_SERV_OFF.png,toCheck_100090_00191s_TLT_SERV_OFF.png,NA,NA,NA,NA,NA,NA,Faulty
NO_ALERT.png,toCheck_100090_00226s_NO_ALERT.png,NA,NA,NA,NA,NA,NA,Faulty
TLT_SERV_OFF.png,toCheck_100091_00191s_TLT_SERV_OFF.png,NA,NA,NA,NA,NA,NA,Faulty
NO_ALERT.png,toCheck_100091_00226s_NO_ALERT.png,NA,NA,NA,NA,NA,NA,Faulty
TLT_SERV_OFF.png,toCheck_100092_00191s_TLT_SERV_OFF.png,NA,NA,NA,NA,NA,NA,Faulty
NO_ALERT.png,toCheck_100092_00226s_NO_ALERT.png,NA,NA,NA,NA,NA,NA,Faulty
NO_ALERT.png,toCheck_100093_00226s_NO_ALERT.png,NA,NA,NA,NA,NA,NA,Faulty
NO_ALERT.png,toCheck_100094_00226s_NO_ALERT.png,NA,NA,NA,NA,NA,NA,Faulty
NO_ALERT.png,toCheck_100095_00226s_NO_ALERT.png,NA,NA,NA,NA,NA,NA,Faulty
NO_ALERT.png,toCheck_100096_00226s_NO_ALERT.png,NA,NA,NA,NA,NA,NA,Faulty
TLT_SERV_OFF.png,toCheck_100097_00191s_TLT_SERV_OFF.png,NA,NA,NA,NA,NA,NA,Faulty
NO_ALERT.png,toCheck_100097_00226s_NO_ALERT.png,NA,NA,NA,NA,NA,NA,Faulty
TLT_SERV_OFF.png,toCheck_100098_00191s_TLT_SERV_OFF.png,NA,NA,NA,NA,NA,NA,Faulty
NO_ALERT.png,toCheck_100098_00226s_NO_ALERT.png,NA,NA,NA,NA,NA,NA,Faulty
TLT_SERV_OFF.png,toCheck_100099_00191s_TLT_SERV_OFF.png,NA,NA,NA,NA,NA,NA,Faulty
NO_ALERT.png,toCheck_100099_00226s_NO_ALERT.png,NA,NA,NA,NA,NA,NA,Faulty
TLT_SERV_OFF.png,toCheck_100100_00191s_TLT_SERV_OFF.png,NA,NA,NA,NA,NA,NA,Faulty
NO_ALERT.png,toCheck_100100_00226s_NO_ALERT.png,NA,NA,NA,NA,NA,NA,Faulty
TLT_SERV_OFF.png,toCheck_100101_00191s_TLT_SERV_OFF.png,NA,NA,NA,NA,NA,NA,Faulty
NO_ALERT.png,toCheck_100101_00226s_NO_ALERT.png,NA,NA,NA,NA,NA,NA,Faulty
TLT_SERV_OFF.png,toCheck_100102_00191s_TLT_SERV_OFF.png,NA,NA,NA,NA,NA,NA,Faulty
NO_ALERT.png,toCheck_100102_00226s_NO_ALERT.png,NA,NA,NA,NA,NA,NA,Faulty
TLT_SERV_OFF.png,toCheck_100103_00191s_TLT_SERV_OFF.png,NA,NA,NA,NA,NA,NA,Faulty
NO_ALERT.png,toCheck_100103_00226s_NO_ALERT.png,NA,NA,NA,NA,NA,NA,Faulty
TLT_SERV_OFF.png,toCheck_100104_00191s_TLT_SERV_OFF.png,NA,NA,NA,NA,NA,NA,Faulty
NO_ALERT.png,toCheck_100104_00226s_NO_ALERT.png,NA,NA,NA,NA,NA,NA,Faulty
TLT_SERV_OFF.png,toCheck_100105_00191s_TLT_SERV_OFF.png,NA,NA,NA,NA,NA,NA,Faulty
NO_ALERT.png,toCheck_100105_00226s_NO_ALERT.png,NA,NA,NA,NA,NA,NA,Faulty
TLT_SERV_OFF.png,toCheck_100106_00191s_TLT_SERV_OFF.png,NA,NA,NA,NA,NA,NA,Faulty
NO_ALERT.png,toCheck_100106_00226s_NO_ALERT.png,NA,NA,NA,NA,NA,NA,Faulty
TLT_SERV_OFF.png,toCheck_100107_00163s_TLT_SERV_OFF.png,NA,NA,NA,NA,NA,NA,Faulty
NO_ALERT.png,toCheck_100107_00168s_NO_ALERT.png,NA,NA,NA,NA,NA,NA,Faulty
TLT_SERV_OFF.png,toCheck_100108_00163s_TLT_SERV_OFF.png,NA,NA,NA,NA,NA,NA,Faulty
NO_ALERT.png,toCheck_100108_00168s_NO_ALERT.png,NA,NA,NA,NA,NA,NA,Faulty
TLT_SERV_OFF.png,toCheck_100109_00191s_TLT_SERV_OFF.png,NA,NA,NA,NA,NA,NA,Faulty
NO_ALERT.png,toCheck_100109_00226s_NO_ALERT.png,NA,NA,NA,NA,NA,NA,Faulty
TLT_SERV_OFF.png,toCheck_100110_00191s_TLT_SERV_OFF.png,NA,NA,NA,NA,NA,NA,Faulty
NO_ALERT.png,toCheck_100110_00226s_NO_ALERT.png,NA,NA,NA,NA,NA,NA,Faulty
TLT_SERV_OFF.png,toCheck_100111_00191s_TLT_SERV_OFF.png,NA,NA,NA,NA,NA,NA,Faulty
NO_ALERT.png,toCheck_100111_00226s_NO_ALERT.png,NA,NA,NA,NA,NA,NA,Faulty
TLT_SERV_OFF.png,toCheck_100112_00191s_TLT_SERV_OFF.png,NA,NA,NA,NA,NA,NA,Faulty
NO_ALERT.png,toCheck_100112_00226s_NO_ALERT.png,NA,NA,NA,NA,NA,NA,Faulty
TLT_SERV_OFF.png,toCheck_100113_00191s_TLT_SERV_OFF.png,NA,NA,NA,NA,NA,NA,Faulty
NO_ALERT.png,toCheck_100113_00191s_NO_ALERT.png,NA,NA,NA,NA,NA,NA,Faulty
NO_ALERT.png,toCheck_100113_00226s_NO_ALERT.png,NA,NA,NA,NA,NA,NA,Faulty
TLT_SERV_OFF.png,toCheck_100114_00191s_TLT_SERV_OFF.png,NA,NA,NA,NA,NA,NA,Faulty
NO_ALERT.png,toCheck_100114_00191s_NO_ALERT.png,NA,NA,NA,NA,NA,NA,Faulty
NO_ALERT.png,toCheck_100114_00226s_NO_ALERT.png,NA,NA,NA,NA,NA,NA,Faulty
TLT_SERV_OFF.png,toCheck_100115_00191s_TLT_SERV_OFF.png,NA,NA,NA,NA,NA,NA,Faulty
NO_ALERT.png,toCheck_100115_00236s_NO_ALERT.png,NA,NA,NA,NA,NA,NA,Faulty
TLT_SERV_OFF.png,toCheck_100116_00191s_TLT_SERV_OFF.png,NA,NA,NA,NA,NA,NA,Faulty
NO_ALERT.png,toCheck_100116_00236s_NO_ALERT.png,NA,NA,NA,NA,NA,NA,Faulty
TLT_SERV_OFF.png,toCheck_100117_00191s_TLT_SERV_OFF.png,NA,NA,NA,NA,NA,NA,Faulty
NO_ALERT.png,toCheck_100117_00191s_NO_ALERT.png,NA,NA,NA,NA,NA,NA,Faulty
NO_ALERT.png,toCheck_100117_00226s_NO_ALERT.png,NA,NA,NA,NA,NA,NA,Faulty
TLT_SERV_OFF.png,toCheck_100118_00191s_TLT_SERV_OFF.png,NA,NA,NA,NA,NA,NA,Faulty
NO_ALERT.png,toCheck_100118_00226s_NO_ALERT.png,NA,NA,NA,NA,NA,NA,Faulty
TLT_SERV_OFF.png,toCheck_100119_00191s_TLT_SERV_OFF.png,NA,NA,NA,NA,NA,NA,Faulty
NO_ALERT.png,toCheck_100119_00226s_NO_ALERT.png,NA,NA,NA,NA,NA,NA,Faulty
TLT_SERV_OFF.png,toCheck_100120_00191s_TLT_SERV_OFF.png,NA,NA,NA,NA,NA,NA,Faulty
NO_ALERT.png,toCheck_100120_00226s_NO_ALERT.png,NA,NA,NA,NA,NA,NA,Faulty
TLT_SERV_OFF.png,toCheck_100121_00191s_TLT_SERV_OFF.png,NA,NA,NA,NA,NA,NA,Faulty
NO_ALERT.png,toCheck_100121_00226s_NO_ALERT.png,NA,NA,NA,NA,NA,NA,Faulty
TLT_SERV_OFF.png,toCheck_100122_00191s_TLT_SERV_OFF.png,NA,NA,NA,NA,NA,NA,Faulty
NO_ALERT.png,toCheck_100122_00226s_NO_ALERT.png,NA,NA,NA,NA,NA,NA,Faulty
TLT_ELEP_OFF.png,toCheck_100123_00191s_TLT_ELEP_OFF.png,NA,NA,NA,NA,NA,NA,Faulty
TLT_ELEP_ON.png,toCheck_100123_00196s_TLT_ELEP_ON.png,NA,NA,NA,NA,NA,NA,Faulty
TLT_SERV_OFF.png,toCheck_100123_00201s_TLT_SERV_OFF.png,NA,NA,NA,NA,NA,NA,Faulty
NO_ALERT.png,toCheck_100123_00236s_NO_ALERT.png,NA,NA,NA,NA,NA,NA,Faulty
TLT_SERV_OFF.png,toCheck_100124_00191s_TLT_SERV_OFF.png,NA,NA,NA,NA,NA,NA,Faulty
TLT_STOP_OFF.png,toCheck_100124_00191s_TLT_STOP_OFF.png,NA,NA,NA,NA,NA,NA,Faulty
NO_ALERT.png,toCheck_100124_00191s_NO_ALERT.png,NA,NA,NA,NA,NA,NA,Faulty
NO_ALERT.png,toCheck_100124_00226s_NO_ALERT.png,NA,NA,NA,NA,NA,NA,Faulty
TLT_SERV_OFF.png,toCheck_100125_00191s_TLT_SERV_OFF.png,NA,NA,NA,NA,NA,NA,Faulty
TLT_LDW_ON.png,toCheck_100125_00191s_TLT_LDW_ON.png,NA,NA,NA,NA,NA,NA,Faulty
NO_ALERT.png,toCheck_100125_00191s_NO_ALERT.png,NA,NA,NA,NA,NA,NA,Faulty
NO_ALERT.png,toCheck_100125_00226s_NO_ALERT.png,NA,NA,NA,NA,NA,NA,Faulty
TLT_SERV_OFF.png,toCheck_100126_00191s_TLT_SERV_OFF.png,NA,NA,NA,NA,NA,NA,Faulty
NO_ALERT.png,toCheck_100126_00226s_NO_ALERT.png,NA,NA,NA,NA,NA,NA,Faulty
TLT_SERV_OFF.png,toCheck_100127_00196s_TLT_SERV_OFF.png,NA,NA,NA,NA,NA,NA,Faulty
TLT_LKA_ON.png,toCheck_100127_00196s_TLT_LKA_ON.png,NA,NA,NA,NA,NA,NA,Faulty
NO_ALERT.png,toCheck_100127_00196s_NO_ALERT.png,NA,NA,NA,NA,NA,NA,Faulty
NO_ALERT.png,toCheck_100127_00236s_NO_ALERT.png,NA,NA,NA,NA,NA,NA,Faulty
TLT_SERV_OFF.png,toCheck_100128_00191s_TLT_SERV_OFF.png,NA,NA,NA,NA,NA,NA,Faulty
NO_ALERT.png,toCheck_100128_00226s_NO_ALERT.png,NA,NA,NA,NA,NA,NA,Faulty
TLT_SERV_OFF.png,toCheck_100129_00191s_TLT_SERV_OFF.png,NA,NA,NA,NA,NA,NA,Faulty
NO_ALERT.png,toCheck_100129_00226s_NO_ALERT.png,NA,NA,NA,NA,NA,NA,Faulty
TLT_SERV_OFF.png,toCheck_100130_00191s_TLT_SERV_OFF.png,NA,NA,NA,NA,NA,NA,Faulty
NO_ALERT.png,toCheck_100130_00226s_NO_ALERT.png,NA,NA,NA,NA,NA,NA,Faulty
TLT_SERV_OFF.png,toCheck_100131_00351s_TLT_SERV_OFF.png,NA,NA,NA,NA,NA,NA,Faulty
NO_ALERT.png,toCheck_100131_00386s_NO_ALERT.png,NA,NA,NA,NA,NA,NA,Faulty
TLT_SERV_OFF.png,toCheck_100132_00191s_TLT_SERV_OFF.png,NA,NA,NA,NA,NA,NA,Faulty
TLT_SBSFAILOFF_ON.png,toCheck_100132_00191s_TLT_SBSFAILOFF_ON.png,NA,NA,NA,NA,NA,NA,Faulty
NO_ALERT.png,toCheck_100132_00191s_NO_ALERT.png,NA,NA,NA,NA,NA,NA,Faulty
NO_ALERT.png,toCheck_100132_00226s_NO_ALERT.png,NA,NA,NA,NA,NA,NA,Faulty
TLT_SERV_OFF.png,toCheck_100133_00191s_TLT_SERV_OFF.png,NA,NA,NA,NA,NA,NA,Faulty
TLT_STOP_OFF.png,toCheck_100133_00191s_TLT_STOP_OFF.png,NA,NA,NA,NA,NA,NA,Faulty
TLT_SBSRED_ON.png,toCheck_100133_00191s_TLT_SBSRED_ON.png,NA,NA,NA,NA,NA,NA,Faulty
NO_ALERT.png,toCheck_100133_00226s_NO_ALERT.png,NA,NA,NA,NA,NA,NA,Faulty
TLT_SERV_OFF.png,toCheck_100134_00191s_TLT_SERV_OFF.png,NA,NA,NA,NA,NA,NA,Faulty
TLT_STOP_OFF.png,toCheck_100134_00191s_TLT_STOP_OFF.png,NA,NA,NA,NA,NA,NA,Faulty
TLT_SBSRED_ON.png,toCheck_100134_00191s_TLT_SBSRED_ON.png,NA,NA,NA,NA,NA,NA,Faulty
TXTALT_10925_5_FR_ADAS_LAYOUT.png,toCheck_100134_00191s_TXTALT_10925_5_FR_ADAS_LAYOUT.png,NA,NA,NA,NA,NA,NA,Faulty
NO_ALERT.png,toCheck_100134_00226s_NO_ALERT.png,NA,NA,NA,NA,NA,NA,Faulty
TLT_SERV_OFF.png,toCheck_100135_00191s_TLT_SERV_OFF.png,NA,NA,NA,NA,NA,NA,Faulty
NO_ALERT.png,toCheck_100135_00226s_NO_ALERT.png,NA,NA,NA,NA,NA,NA,Faulty
TLT_SERV_OFF.png,toCheck_100136_00191s_TLT_SERV_OFF.png,NA,NA,NA,NA,NA,NA,Faulty
NO_ALERT.png,toCheck_100136_00191s_NO_ALERT.png,NA,NA,NA,NA,NA,NA,Faulty
NO_ALERT.png,toCheck_100136_00226s_NO_ALERT.png,NA,NA,NA,NA,NA,NA,Faulty
TLT_SERV_OFF.png,toCheck_100137_00191s_TLT_SERV_OFF.png,NA,NA,NA,NA,NA,NA,Faulty
NO_ALERT.png,toCheck_100137_00226s_NO_ALERT.png,NA,NA,NA,NA,NA,NA,Faulty
TLT_SERV_OFF.png,toCheck_100138_00191s_TLT_SERV_OFF.png,NA,NA,NA,NA,NA,NA,Faulty
NO_ALERT.png,toCheck_100138_00226s_NO_ALERT.png,NA,NA,NA,NA,NA,NA,Faulty
TLT_SERV_OFF.png,toCheck_100139_00191s_TLT_SERV_OFF.png,NA,NA,NA,NA,NA,NA,Faulty
NO_ALERT.png,toCheck_100139_00226s_NO_ALERT.png,NA,NA,NA,NA,NA,NA,Faulty
TLT_SERV_OFF.png,toCheck_100140_00191s_TLT_SERV_OFF.png,NA,NA,NA,NA,NA,NA,Faulty
NO_ALERT.png,toCheck_100140_00226s_NO_ALERT.png,NA,NA,NA,NA,NA,NA,Faulty
TLT_SERV_OFF.png,toCheck_100141_00191s_TLT_SERV_OFF.png,NA,NA,NA,NA,NA,NA,Faulty
NO_ALERT.png,toCheck_100141_00226s_NO_ALERT.png,NA,NA,NA,NA,NA,NA,Faulty
TLT_SERV_OFF.png,toCheck_100142_00191s_TLT_SERV_OFF.png,NA,NA,NA,NA,NA,NA,Faulty
NO_ALERT.png,toCheck_100142_00226s_NO_ALERT.png,NA,NA,NA,NA,NA,NA,Faulty
TLT_SERV_OFF.png,toCheck_100143_00191s_TLT_SERV_OFF.png,NA,NA,NA,NA,NA,NA,Faulty
NO_ALERT.png,toCheck_100143_00226s_NO_ALERT.png,NA,NA,NA,NA,NA,NA,Faulty
TLT_SERV_OFF.png,toCheck_100144_00191s_TLT_SERV_OFF.png,NA,NA,NA,NA,NA,NA,Faulty
NO_ALERT.png,toCheck_100144_00226s_NO_ALERT.png,NA,NA,NA,NA,NA,NA,Faulty
TLT_SERV_OFF.png,toCheck_100145_00191s_TLT_SERV_OFF.png,NA,NA,NA,NA,NA,NA,Faulty
NO_ALERT.png,toCheck_100145_00191s_NO_ALERT.png,NA,NA,NA,NA,NA,NA,Faulty
NO_ALERT.png,toCheck_100145_00226s_NO_ALERT.png,NA,NA,NA,NA,NA,NA,Faulty
TLT_SERV_OFF.png,toCheck_100146_00191s_TLT_SERV_OFF.png,NA,NA,NA,NA,NA,NA,Faulty
NO_ALERT.png,toCheck_100146_00226s_NO_ALERT.png,NA,NA,NA,NA,NA,NA,Faulty
TLT_ODB_OFF.png,toCheck_100147_00191s_TLT_ODB_OFF.png,NA,NA,NA,NA,NA,NA,Faulty
TLT_ODB_ON.png,toCheck_100147_00192s_TLT_ODB_ON.png,NA,NA,NA,NA,NA,NA,Faulty
TLT_SERV_OFF.png,toCheck_100147_00193s_TLT_SERV_OFF.png,NA,NA,NA,NA,NA,NA,Faulty
NO_ALERT.png,toCheck_100147_00193s_NO_ALERT.png,NA,NA,NA,NA,NA,NA,Faulty
NO_ALERT.png,toCheck_100147_00228s_NO_ALERT.png,NA,NA,NA,NA,NA,NA,Faulty
NO_ALERT.png,toCheck_100148_00226s_NO_ALERT.png,NA,NA,NA,NA,NA,NA,Faulty
TLT_ODB_ON.png,toCheck_100149_00191s_TLT_ODB_ON.png,NA,NA,NA,NA,NA,NA,Faulty
NO_ALERT.png,toCheck_100149_00226s_NO_ALERT.png,NA,NA,NA,NA,NA,NA,Faulty
TLT_ODB_ON.png,toCheck_100150_00191s_TLT_ODB_ON.png,NA,NA,NA,NA,NA,NA,Faulty
NO_ALERT.png,toCheck_100150_00226s_NO_ALERT.png,NA,NA,NA,NA,NA,NA,Faulty
TLT_SERV_OFF.png,toCheck_100151_00191s_TLT_SERV_OFF.png,NA,NA,NA,NA,NA,NA,Faulty
TLT_STOP_ON.png,toCheck_100151_00191s_TLT_STOP_ON.png,NA,NA,NA,NA,NA,NA,Faulty
NO_ALERT.png,toCheck_100151_00226s_NO_ALERT.png,NA,NA,NA,NA,NA,NA,Faulty
TLT_SERV_OFF.png,toCheck_100152_00191s_TLT_SERV_OFF.png,NA,NA,NA,NA,NA,NA,Faulty
TLT_STOP_ON.png,toCheck_100152_00191s_TLT_STOP_ON.png,NA,NA,NA,NA,NA,NA,Faulty
NO_ALERT.png,toCheck_100152_00226s_NO_ALERT.png,NA,NA,NA,NA,NA,NA,Faulty
TLT_ODB_OFF.png,toCheck_100153_00191s_TLT_ODB_OFF.png,NA,NA,NA,NA,NA,NA,Faulty
TLT_ODB_ON.png,toCheck_100153_00196s_TLT_ODB_ON.png,NA,NA,NA,NA,NA,NA,Faulty
NO_ALERT.png,toCheck_100153_00201s_NO_ALERT.png,NA,NA,NA,NA,NA,NA,Faulty
NO_ALERT.png,toCheck_100153_00236s_NO_ALERT.png,NA,NA,NA,NA,NA,NA,Faulty
TLT_ODB_OFF.png,toCheck_100154_00191s_TLT_ODB_OFF.png,NA,NA,NA,NA,NA,NA,Faulty
TLT_ODB_ON.png,toCheck_100154_00196s_TLT_ODB_ON.png,NA,NA,NA,NA,NA,NA,Faulty
NO_ALERT.png,toCheck_100154_00201s_NO_ALERT.png,NA,NA,NA,NA,NA,NA,Faulty
NO_ALERT.png,toCheck_100154_00236s_NO_ALERT.png,NA,NA,NA,NA,NA,NA,Faulty
TLT_ODB_ON.png,toCheck_100155_00191s_TLT_ODB_ON.png,NA,NA,NA,NA,NA,NA,Faulty
TLT_SERV_OFF.png,toCheck_100155_00191s_TLT_SERV_OFF.png,NA,NA,NA,NA,NA,NA,Faulty
NO_ALERT.png,toCheck_100155_00191s_NO_ALERT.png,NA,NA,NA,NA,NA,NA,Faulty
NO_ALERT.png,toCheck_100155_00226s_NO_ALERT.png,NA,NA,NA,NA,NA,NA,Faulty
TLT_ODB_ON.png,toCheck_100156_00191s_TLT_ODB_ON.png,NA,NA,NA,NA,NA,NA,Faulty
TLT_SERV_OFF.png,toCheck_100156_00191s_TLT_SERV_OFF.png,NA,NA,NA,NA,NA,NA,Faulty
NO_ALERT.png,toCheck_100156_00191s_NO_ALERT.png,NA,NA,NA,NA,NA,NA,Faulty
NO_ALERT.png,toCheck_100156_00226s_NO_ALERT.png,NA,NA,NA,NA,NA,NA,Faulty
TLT_ODB_OFF.png,toCheck_100157_00191s_TLT_ODB_OFF.png,NA,NA,NA,NA,NA,NA,Faulty
TLT_ODB_ON.png,toCheck_100157_00196s_TLT_ODB_ON.png,NA,NA,NA,NA,NA,NA,Faulty
TLT_SERV_OFF.png,toCheck_100157_00201s_TLT_SERV_OFF.png,NA,NA,NA,NA,NA,NA,Faulty
NO_ALERT.png,toCheck_100157_00201s_NO_ALERT.png,NA,NA,NA,NA,NA,NA,Faulty
NO_ALERT.png,toCheck_100157_00236s_NO_ALERT.png,NA,NA,NA,NA,NA,NA,Faulty
TLT_ODB_OFF.png,toCheck_100158_00191s_TLT_ODB_OFF.png,NA,NA,NA,NA,NA,NA,Faulty
TLT_ODB_ON.png,toCheck_100158_00196s_TLT_ODB_ON.png,NA,NA,NA,NA,NA,NA,Faulty
TLT_SERV_OFF.png,toCheck_100158_00201s_TLT_SERV_OFF.png,NA,NA,NA,NA,NA,NA,Faulty
NO_ALERT.png,toCheck_100158_00201s_NO_ALERT.png,NA,NA,NA,NA,NA,NA,Faulty
NO_ALERT.png,toCheck_100158_00236s_NO_ALERT.png,NA,NA,NA,NA,NA,NA,Faulty
TLT_ODB_OFF.png,toCheck_100159_00191s_TLT_ODB_OFF.png,NA,NA,NA,NA,NA,NA,Faulty
TLT_ODB_ON.png,toCheck_100159_00196s_TLT_ODB_ON.png,NA,NA,NA,NA,NA,NA,Faulty
TLT_SERV_OFF.png,toCheck_100159_00201s_TLT_SERV_OFF.png,NA,NA,NA,NA,NA,NA,Faulty
NO_ALERT.png,toCheck_100159_00201s_NO_ALERT.png,NA,NA,NA,NA,NA,NA,Faulty
NO_ALERT.png,toCheck_100159_00236s_NO_ALERT.png,NA,NA,NA,NA,NA,NA,Faulty
TLT_ODB_OFF.png,toCheck_100160_00191s_TLT_ODB_OFF.png,NA,NA,NA,NA,NA,NA,Faulty
TLT_ODB_ON.png,toCheck_100160_00196s_TLT_ODB_ON.png,NA,NA,NA,NA,NA,NA,Faulty
TLT_SERV_OFF.png,toCheck_100160_00201s_TLT_SERV_OFF.png,NA,NA,NA,NA,NA,NA,Faulty
NO_ALERT.png,toCheck_100160_00201s_NO_ALERT.png,NA,NA,NA,NA,NA,NA,Faulty
NO_ALERT.png,toCheck_100160_00236s_NO_ALERT.png,NA,NA,NA,NA,NA,NA,Faulty
TLT_STOP_ON.png,toCheck_100161_00191s_TLT_STOP_ON.png,NA,NA,NA,NA,NA,NA,Faulty
NO_ALERT.png,toCheck_100161_00191s_NO_ALERT.png,NA,NA,NA,NA,NA,NA,Faulty
NO_ALERT.png,toCheck_100161_00226s_NO_ALERT.png,NA,NA,NA,NA,NA,NA,Faulty
TLT_SERV_OFF.png,toCheck_100162_00191s_TLT_SERV_OFF.png,NA,NA,NA,NA,NA,NA,Faulty
NO_ALERT.png,toCheck_100162_00226s_NO_ALERT.png,NA,NA,NA,NA,NA,NA,Faulty
TLT_SERV_OFF.png,toCheck_100163_00163s_TLT_SERV_OFF.png,NA,NA,NA,NA,NA,NA,Faulty
TLT_STOP_ON.png,toCheck_100163_00163s_TLT_STOP_ON.png,NA,NA,NA,NA,NA,NA,Faulty
NO_ALERT.png,toCheck_100163_00168s_NO_ALERT.png,NA,NA,NA,NA,NA,NA,Faulty
TLT_PRE_HEAT_ON.png,toCheck_100164_00191s_TLT_PRE_HEAT_ON.png,NA,NA,NA,NA,NA,NA,Faulty
TLT_SERV_OFF.png,toCheck_100164_00191s_TLT_SERV_OFF.png,NA,NA,NA,NA,NA,NA,Faulty
NO_ALERT.png,toCheck_100164_00191s_NO_ALERT.png,NA,NA,NA,NA,NA,NA,Faulty
NO_ALERT.png,toCheck_100164_00226s_NO_ALERT.png,NA,NA,NA,NA,NA,NA,Faulty
TLT_DPF_ON.png,toCheck_100165_00191s_TLT_DPF_ON.png,NA,NA,NA,NA,NA,NA,Faulty
TLT_SERV_OFF.png,toCheck_100165_00191s_TLT_SERV_OFF.png,NA,NA,NA,NA,NA,NA,Faulty
NO_ALERT.png,toCheck_100165_00226s_NO_ALERT.png,NA,NA,NA,NA,NA,NA,Faulty
TLT_SERV_OFF.png,toCheck_100166_00191s_TLT_SERV_OFF.png,NA,NA,NA,NA,NA,NA,Faulty
NO_ALERT.png,toCheck_100166_00226s_NO_ALERT.png,NA,NA,NA,NA,NA,NA,Faulty
TLT_SERV_OFF.png,toCheck_100167_00191s_TLT_SERV_OFF.png,NA,NA,NA,NA,NA,NA,Faulty
NO_ALERT.png,toCheck_100167_00226s_NO_ALERT.png,NA,NA,NA,NA,NA,NA,Faulty
TLT_DPF_ON.png,toCheck_100168_00191s_TLT_DPF_ON.png,NA,NA,NA,NA,NA,NA,Faulty
TLT_SERV_OFF.png,toCheck_100168_00191s_TLT_SERV_OFF.png,NA,NA,NA,NA,NA,NA,Faulty
NO_ALERT.png,toCheck_100168_00191s_NO_ALERT.png,NA,NA,NA,NA,NA,NA,Faulty
NO_ALERT.png,toCheck_100168_00226s_NO_ALERT.png,NA,NA,NA,NA,NA,NA,Faulty
TLT_UREA_ON.png,toCheck_100169_00293s_TLT_UREA_ON.png,NA,NA,NA,NA,NA,NA,Faulty
NO_ALERT.png,toCheck_100169_00458s_NO_ALERT.png,NA,NA,NA,NA,NA,NA,Faulty
TLT_SERV_OFF.png,toCheck_100170_00191s_TLT_SERV_OFF.png,NA,NA,NA,NA,NA,NA,Faulty
TLT_STOP_ON.png,toCheck_100170_00191s_TLT_STOP_ON.png,NA,NA,NA,NA,NA,NA,Faulty
NO_ALERT.png,toCheck_100170_00226s_NO_ALERT.png,NA,NA,NA,NA,NA,NA,Faulty
TLT_SERV_OFF.png,toCheck_100171_00191s_TLT_SERV_OFF.png,NA,NA,NA,NA,NA,NA,Faulty
NO_ALERT.png,toCheck_100171_00226s_NO_ALERT.png,NA,NA,NA,NA,NA,NA,Faulty
TLT_SERV_OFF.png,toCheck_100172_00191s_TLT_SERV_OFF.png,NA,NA,NA,NA,NA,NA,Faulty
NO_ALERT.png,toCheck_100172_00226s_NO_ALERT.png,NA,NA,NA,NA,NA,NA,Faulty
TLT_SERV_OFF.png,toCheck_100173_00226s_TLT_SERV_OFF.png,NA,NA,NA,NA,NA,NA,Faulty
TLT_STOP_ON.png,toCheck_100173_00226s_TLT_STOP_ON.png,NA,NA,NA,NA,NA,NA,Faulty
NO_ALERT.png,toCheck_100173_00261s_NO_ALERT.png,NA,NA,NA,NA,NA,NA,Faulty
TLT_SERV_OFF.png,toCheck_100174_00326s_TLT_SERV_OFF.png,NA,NA,NA,NA,NA,NA,Faulty
NO_ALERT.png,toCheck_100174_00326s_NO_ALERT.png,NA,NA,NA,NA,NA,NA,Faulty
NO_ALERT.png,toCheck_100174_00361s_NO_ALERT.png,NA,NA,NA,NA,NA,NA,Faulty
TLT_SERV_OFF.png,toCheck_100175_00191s_TLT_SERV_OFF.png,NA,NA,NA,NA,NA,NA,Faulty
TLT_STOP_OFF.png,toCheck_100175_00191s_TLT_STOP_OFF.png,NA,NA,NA,NA,NA,NA,Faulty
NO_ALERT.png,toCheck_100175_00226s_NO_ALERT.png,NA,NA,NA,NA,NA,NA,Faulty
TLT_SERV_OFF.png,toCheck_100176_00163s_TLT_SERV_OFF.png,NA,NA,NA,NA,NA,NA,Faulty
NO_ALERT.png,toCheck_100176_00198s_NO_ALERT.png,NA,NA,NA,NA,NA,NA,Faulty
NO_ALERT.png,toCheck_100177_00258s_NO_ALERT.png,NA,NA,NA,NA,NA,NA,Faulty
TLT_SERV_OFF.png,toCheck_100178_00191s_TLT_SERV_OFF.png,NA,NA,NA,NA,NA,NA,Faulty
TLT_STOP_ON.png,toCheck_100178_00191s_TLT_STOP_ON.png,NA,NA,NA,NA,NA,NA,Faulty
NO_ALERT.png,toCheck_100178_00226s_NO_ALERT.png,NA,NA,NA,NA,NA,NA,Faulty
TLT_SERV_OFF.png,toCheck_100179_00191s_TLT_SERV_OFF.png,NA,NA,NA,NA,NA,NA,Faulty
NO_ALERT.png,toCheck_100179_00226s_NO_ALERT.png,NA,NA,NA,NA,NA,NA,Faulty
TLT_SERV_OFF.png,toCheck_100180_00191s_TLT_SERV_OFF.png,NA,NA,NA,NA,NA,NA,Faulty
NO_ALERT.png,toCheck_100180_00226s_NO_ALERT.png,NA,NA,NA,NA,NA,NA,Faulty
NO_ALERT.png,toCheck_100181_00258s_NO_ALERT.png,NA,NA,NA,NA,NA,NA,Faulty
NO_ALERT.png,toCheck_100182_00226s_NO_ALERT.png,NA,NA,NA,NA,NA,NA,Faulty
TLT_SERV_OFF.png,toCheck_100183_00298s_TLT_SERV_OFF.png,NA,NA,NA,NA,NA,NA,Faulty
NO_ALERT.png,toCheck_100183_00298s_NO_ALERT.png,NA,NA,NA,NA,NA,NA,Faulty
NO_ALERT.png,toCheck_100183_00468s_NO_ALERT.png,NA,NA,NA,NA,NA,NA,Faulty
TLT_SERV_OFF.png,toCheck_100184_00191s_TLT_SERV_OFF.png,NA,NA,NA,NA,NA,NA,Faulty
NO_ALERT.png,toCheck_100184_00226s_NO_ALERT.png,NA,NA,NA,NA,NA,NA,Faulty
TLT_SERV_OFF.png,toCheck_100185_00191s_TLT_SERV_OFF.png,NA,NA,NA,NA,NA,NA,Faulty
NO_ALERT.png,toCheck_100185_00226s_NO_ALERT.png,NA,NA,NA,NA,NA,NA,Faulty
TLT_SERV_OFF.png,toCheck_100186_00201s_TLT_SERV_OFF.png,NA,NA,NA,NA,NA,NA,Faulty
NO_ALERT.png,toCheck_100186_00201s_NO_ALERT.png,NA,NA,NA,NA,NA,NA,Faulty
NO_ALERT.png,toCheck_100186_00236s_NO_ALERT.png,NA,NA,NA,NA,NA,NA,Faulty
TLT_SERV_OFF.png,toCheck_100187_00191s_TLT_SERV_OFF.png,NA,NA,NA,NA,NA,NA,Faulty
NO_ALERT.png,toCheck_100187_00226s_NO_ALERT.png,NA,NA,NA,NA,NA,NA,Faulty
NO_ALERT.png,toCheck_100188_00226s_NO_ALERT.png,NA,NA,NA,NA,NA,NA,Faulty
TLT_SERV_OFF.png,toCheck_100189_00191s_TLT_SERV_OFF.png,NA,NA,NA,NA,NA,NA,Faulty
NO_ALERT.png,toCheck_100189_00226s_NO_ALERT.png,NA,NA,NA,NA,NA,NA,Faulty
TLT_ESC_ON.png,toCheck_100190_00191s_TLT_ESC_ON.png,NA,NA,NA,NA,NA,NA,Faulty
NO_ALERT.png,toCheck_100190_00226s_NO_ALERT.png,NA,NA,NA,NA,NA,NA,Faulty
TLT_ESC_OFF.png,toCheck_100191_00191s_TLT_ESC_OFF.png,NA,NA,NA,NA,NA,NA,Faulty
TLT_ESC_ON.png,toCheck_100191_00193s_TLT_ESC_ON.png,NA,NA,NA,NA,NA,NA,Faulty
TLT_SERV_OFF.png,toCheck_100191_00196s_TLT_SERV_OFF.png,NA,NA,NA,NA,NA,NA,Faulty
NO_ALERT.png,toCheck_100191_00196s_NO_ALERT.png,NA,NA,NA,NA,NA,NA,Faulty
NO_ALERT.png,toCheck_100191_00231s_NO_ALERT.png,NA,NA,NA,NA,NA,NA,Faulty
TLT_ESPOFF_ON.png,toCheck_100192_00191s_TLT_ESPOFF_ON.png,NA,NA,NA,NA,NA,NA,Faulty
TLT_SERV_OFF.png,toCheck_100192_00192s_TLT_SERV_OFF.png,NA,NA,NA,NA,NA,NA,Faulty
NO_ALERT.png,toCheck_100192_00227s_NO_ALERT.png,NA,NA,NA,NA,NA,NA,Faulty
TLT_SERV_OFF.png,toCheck_100193_00191s_TLT_SERV_OFF.png,NA,NA,NA,NA,NA,NA,Faulty
NO_ALERT.png,toCheck_100193_00226s_NO_ALERT.png,NA,NA,NA,NA,NA,NA,Faulty
TLT_STOP_ON.png,toCheck_100194_00221s_TLT_STOP_ON.png,NA,NA,NA,NA,NA,NA,Faulty
NO_ALERT.png,toCheck_100194_00266s_NO_ALERT.png,NA,NA,NA,NA,NA,NA,Faulty
TLT_SERV_OFF.png,toCheck_100195_00191s_TLT_SERV_OFF.png,NA,NA,NA,NA,NA,NA,Faulty
NO_ALERT.png,toCheck_100195_00191s_NO_ALERT.png,NA,NA,NA,NA,NA,NA,Faulty
NO_ALERT.png,toCheck_100195_00226s_NO_ALERT.png,NA,NA,NA,NA,NA,NA,Faulty
TLT_SERV_OFF.png,toCheck_100196_00191s_TLT_SERV_OFF.png,NA,NA,NA,NA,NA,NA,Faulty
NO_ALERT.png,toCheck_100196_00191s_NO_ALERT.png,NA,NA,NA,NA,NA,NA,Faulty
NO_ALERT.png,toCheck_100196_00226s_NO_ALERT.png,NA,NA,NA,NA,NA,NA,Faulty
TLT_SERV_OFF.png,toCheck_100197_00191s_TLT_SERV_OFF.png,NA,NA,NA,NA,NA,NA,Faulty
NO_ALERT.png,toCheck_100197_00191s_NO_ALERT.png,NA,NA,NA,NA,NA,NA,Faulty
NO_ALERT.png,toCheck_100197_00226s_NO_ALERT.png,NA,NA,NA,NA,NA,NA,Faulty
TLT_SERV_OFF.png,toCheck_100198_00191s_TLT_SERV_OFF.png,NA,NA,NA,NA,NA,NA,Faulty
NO_ALERT.png,toCheck_100198_00191s_NO_ALERT.png,NA,NA,NA,NA,NA,NA,Faulty
NO_ALERT.png,toCheck_100198_00226s_NO_ALERT.png,NA,NA,NA,NA,NA,NA,Faulty
TLT_SERV_OFF.png,toCheck_100199_00191s_TLT_SERV_OFF.png,NA,NA,NA,NA,NA,NA,Faulty
NO_ALERT.png,toCheck_100199_00191s_NO_ALERT.png,NA,NA,NA,NA,NA,NA,Faulty
NO_ALERT.png,toCheck_100199_00226s_NO_ALERT.png,NA,NA,NA,NA,NA,NA,Faulty
TLT_SERV_OFF.png,toCheck_100200_00191s_TLT_SERV_OFF.png,NA,NA,NA,NA,NA,NA,Faulty
NO_ALERT.png,toCheck_100200_00191s_NO_ALERT.png,NA,NA,NA,NA,NA,NA,Faulty
NO_ALERT.png,toCheck_100200_00226s_NO_ALERT.png,NA,NA,NA,NA,NA,NA,Faulty
TLT_SERV_OFF.png,toCheck_100201_00196s_TLT_SERV_OFF.png,NA,NA,NA,NA,NA,NA,Faulty
NO_ALERT.png,toCheck_100201_00196s_NO_ALERT.png,NA,NA,NA,NA,NA,NA,Faulty
NO_ALERT.png,toCheck_100201_00231s_NO_ALERT.png,NA,NA,NA,NA,NA,NA,Faulty
TLT_SERV_OFF.png,toCheck_100202_00791s_TLT_SERV_OFF.png,NA,NA,NA,NA,NA,NA,Faulty
NO_ALERT.png,toCheck_100202_00791s_NO_ALERT.png,NA,NA,NA,NA,NA,NA,Faulty
NO_ALERT.png,toCheck_100202_00826s_NO_ALERT.png,NA,NA,NA,NA,NA,NA,Faulty
TLT_SERV_OFF.png,toCheck_100203_00791s_TLT_SERV_OFF.png,NA,NA,NA,NA,NA,NA,Faulty
NO_ALERT.png,toCheck_100203_00791s_NO_ALERT.png,NA,NA,NA,NA,NA,NA,Faulty
NO_ALERT.png,toCheck_100203_00826s_NO_ALERT.png,NA,NA,NA,NA,NA,NA,Faulty
TLT_SERV_OFF.png,toCheck_100204_00791s_TLT_SERV_OFF.png,NA,NA,NA,NA,NA,NA,Faulty
NO_ALERT.png,toCheck_100204_00791s_NO_ALERT.png,NA,NA,NA,NA,NA,NA,Faulty
NO_ALERT.png,toCheck_100204_00826s_NO_ALERT.png,NA,NA,NA,NA,NA,NA,Faulty
TLT_SERV_OFF.png,toCheck_100205_00791s_TLT_SERV_OFF.png,NA,NA,NA,NA,NA,NA,Faulty
NO_ALERT.png,toCheck_100205_00791s_NO_ALERT.png,NA,NA,NA,NA,NA,NA,Faulty
NO_ALERT.png,toCheck_100205_00826s_NO_ALERT.png,NA,NA,NA,NA,NA,NA,Faulty
TLT_SERV_OFF.png,toCheck_100206_00791s_TLT_SERV_OFF.png,NA,NA,NA,NA,NA,NA,Faulty
NO_ALERT.png,toCheck_100206_00791s_NO_ALERT.png,NA,NA,NA,NA,NA,NA,Faulty
NO_ALERT.png,toCheck_100206_00826s_NO_ALERT.png,NA,NA,NA,NA,NA,NA,Faulty
TLT_SERV_OFF.png,toCheck_100207_00791s_TLT_SERV_OFF.png,NA,NA,NA,NA,NA,NA,Faulty
NO_ALERT.png,toCheck_100207_00791s_NO_ALERT.png,NA,NA,NA,NA,NA,NA,Faulty
NO_ALERT.png,toCheck_100207_00826s_NO_ALERT.png,NA,NA,NA,NA,NA,NA,Faulty
TLT_SERV_OFF.png,toCheck_100208_00191s_TLT_SERV_OFF.png,NA,NA,NA,NA,NA,NA,Faulty
NO_ALERT.png,toCheck_100208_00191s_NO_ALERT.png,NA,NA,NA,NA,NA,NA,Faulty
NO_ALERT.png,toCheck_100208_00226s_NO_ALERT.png,NA,NA,NA,NA,NA,NA,Faulty
TLT_SERV_OFF.png,toCheck_100209_00191s_TLT_SERV_OFF.png,NA,NA,NA,NA,NA,NA,Faulty
NO_ALERT.png,toCheck_100209_00191s_NO_ALERT.png,NA,NA,NA,NA,NA,NA,Faulty
NO_ALERT.png,toCheck_100209_00226s_NO_ALERT.png,NA,NA,NA,NA,NA,NA,Faulty
TLT_SERV_OFF.png,toCheck_100210_00191s_TLT_SERV_OFF.png,NA,NA,NA,NA,NA,NA,Faulty
NO_ALERT.png,toCheck_100210_00191s_NO_ALERT.png,NA,NA,NA,NA,NA,NA,Faulty
NO_ALERT.png,toCheck_100210_00226s_NO_ALERT.png,NA,NA,NA,NA,NA,NA,Faulty
TLT_SERV_OFF.png,toCheck_100211_00191s_TLT_SERV_OFF.png,NA,NA,NA,NA,NA,NA,Faulty
NO_ALERT.png,toCheck_100211_00191s_NO_ALERT.png,NA,NA,NA,NA,NA,NA,Faulty
NO_ALERT.png,toCheck_100211_00226s_NO_ALERT.png,NA,NA,NA,NA,NA,NA,Faulty
TLT_SERV_OFF.png,toCheck_100212_00191s_TLT_SERV_OFF.png,NA,NA,NA,NA,NA,NA,Faulty
NO_ALERT.png,toCheck_100212_00191s_NO_ALERT.png,NA,NA,NA,NA,NA,NA,Faulty
NO_ALERT.png,toCheck_100212_00226s_NO_ALERT.png,NA,NA,NA,NA,NA,NA,Faulty
TLT_SERV_OFF.png,toCheck_100213_00191s_TLT_SERV_OFF.png,NA,NA,NA,NA,NA,NA,Faulty
NO_ALERT.png,toCheck_100213_00191s_NO_ALERT.png,NA,NA,NA,NA,NA,NA,Faulty
NO_ALERT.png,toCheck_100213_00226s_NO_ALERT.png,NA,NA,NA,NA,NA,NA,Faulty
TLT_SERV_OFF.png,toCheck_100214_00191s_TLT_SERV_OFF.png,NA,NA,NA,NA,NA,NA,Faulty
NO_ALERT.png,toCheck_100214_00191s_NO_ALERT.png,NA,NA,NA,NA,NA,NA,Faulty
NO_ALERT.png,toCheck_100214_00226s_NO_ALERT.png,NA,NA,NA,NA,NA,NA,Faulty
TLT_SERV_OFF.png,toCheck_100215_00191s_TLT_SERV_OFF.png,NA,NA,NA,NA,NA,NA,Faulty
NO_ALERT.png,toCheck_100215_00191s_NO_ALERT.png,NA,NA,NA,NA,NA,NA,Faulty
NO_ALERT.png,toCheck_100215_00226s_NO_ALERT.png,NA,NA,NA,NA,NA,NA,Faulty
TLT_SERV_OFF.png,toCheck_100216_00191s_TLT_SERV_OFF.png,NA,NA,NA,NA,NA,NA,Faulty
NO_ALERT.png,toCheck_100216_00191s_NO_ALERT.png,NA,NA,NA,NA,NA,NA,Faulty
NO_ALERT.png,toCheck_100216_00226s_NO_ALERT.png,NA,NA,NA,NA,NA,NA,Faulty
TLT_SERV_OFF.png,toCheck_100217_00191s_TLT_SERV_OFF.png,NA,NA,NA,NA,NA,NA,Faulty
NO_ALERT.png,toCheck_100217_00191s_NO_ALERT.png,NA,NA,NA,NA,NA,NA,Faulty
NO_ALERT.png,toCheck_100217_00226s_NO_ALERT.png,NA,NA,NA,NA,NA,NA,Faulty
TLT_SERV_OFF.png,toCheck_100218_00191s_TLT_SERV_OFF.png,NA,NA,NA,NA,NA,NA,Faulty
NO_ALERT.png,toCheck_100218_00191s_NO_ALERT.png,NA,NA,NA,NA,NA,NA,Faulty
NO_ALERT.png,toCheck_100218_00226s_NO_ALERT.png,NA,NA,NA,NA,NA,NA,Faulty
NO_ALERT.png,toCheck_100219_00226s_NO_ALERT.png,NA,NA,NA,NA,NA,NA,Faulty
NO_ALERT.png,toCheck_100220_00226s_NO_ALERT.png,NA,NA,NA,NA,NA,NA,Faulty
TLT_SERV_OFF.png,toCheck_100221_00191s_TLT_SERV_OFF.png,NA,NA,NA,NA,NA,NA,Faulty
NO_ALERT.png,toCheck_100221_00226s_NO_ALERT.png,NA,NA,NA,NA,NA,NA,Faulty
NO_ALERT.png,toCheck_100222_00261s_NO_ALERT.png,NA,NA,NA,NA,NA,NA,Faulty
TLT_SERV_OFF.png,toCheck_100223_00191s_TLT_SERV_OFF.png,NA,NA,NA,NA,NA,NA,Faulty
TLT_ESPOFF_ON.png,toCheck_100223_00191s_TLT_ESPOFF_ON.png,NA,NA,NA,NA,NA,NA,Faulty
NO_ALERT.png,toCheck_100223_00226s_NO_ALERT.png,NA,NA,NA,NA,NA,NA,Faulty
TLT_SERV_OFF.png,toCheck_100224_00191s_TLT_SERV_OFF.png,NA,NA,NA,NA,NA,NA,Faulty
NO_ALERT.png,toCheck_100224_00226s_NO_ALERT.png,NA,NA,NA,NA,NA,NA,Faulty
TLT_SERV_OFF.png,toCheck_100225_00191s_TLT_SERV_OFF.png,NA,NA,NA,NA,NA,NA,Faulty
TLT_ESPOFF_ON.png,toCheck_100225_00191s_TLT_ESPOFF_ON.png,NA,NA,NA,NA,NA,NA,Faulty
NO_ALERT.png,toCheck_100225_00191s_NO_ALERT.png,NA,NA,NA,NA,NA,NA,Faulty
NO_ALERT.png,toCheck_100225_00226s_NO_ALERT.png,NA,NA,NA,NA,NA,NA,Faulty
TLT_SERV_OFF.png,toCheck_100226_00238s_TLT_SERV_OFF.png,NA,NA,NA,NA,NA,NA,Faulty
NO_ALERT.png,toCheck_100226_00343s_NO_ALERT.png,NA,NA,NA,NA,NA,NA,Faulty
TLT_SERV_OFF.png,toCheck_100227_00191s_TLT_SERV_OFF.png,NA,NA,NA,NA,NA,NA,Faulty
NO_ALERT.png,toCheck_100227_00226s_NO_ALERT.png,NA,NA,NA,NA,NA,NA,Faulty
TLT_SERV_OFF.png,toCheck_100228_00191s_TLT_SERV_OFF.png,NA,NA,NA,NA,NA,NA,Faulty
NO_ALERT.png,toCheck_100228_00226s_NO_ALERT.png,NA,NA,NA,NA,NA,NA,Faulty
TLT_SERV_OFF.png,toCheck_100229_00191s_TLT_SERV_OFF.png,NA,NA,NA,NA,NA,NA,Faulty
NO_ALERT.png,toCheck_100229_00191s_NO_ALERT.png,NA,NA,NA,NA,NA,NA,Faulty
NO_ALERT.png,toCheck_100229_00226s_NO_ALERT.png,NA,NA,NA,NA,NA,NA,Faulty
TLT_SERV_OFF.png,toCheck_100230_00191s_TLT_SERV_OFF.png,NA,NA,NA,NA,NA,NA,Faulty
NO_ALERT.png,toCheck_100230_00226s_NO_ALERT.png,NA,NA,NA,NA,NA,NA,Faulty
TLT_SERV_OFF.png,toCheck_100231_00191s_TLT_SERV_OFF.png,NA,NA,NA,NA,NA,NA,Faulty
NO_ALERT.png,toCheck_100231_00226s_NO_ALERT.png,NA,NA,NA,NA,NA,NA,Faulty
TLT_SERV_OFF.png,toCheck_100232_00191s_TLT_SERV_OFF.png,NA,NA,NA,NA,NA,NA,Faulty
TLT_ELOCKER_ON.png,toCheck_100232_00191s_TLT_ELOCKER_ON.png,NA,NA,NA,NA,NA,NA,Faulty
NO_ALERT.png,toCheck_100232_00191s_NO_ALERT.png,NA,NA,NA,NA,NA,NA,Faulty
NO_ALERT.png,toCheck_100232_00226s_NO_ALERT.png,NA,NA,NA,NA,NA,NA,Faulty
TLT_SERV_OFF.png,toCheck_100233_00191s_TLT_SERV_OFF.png,NA,NA,NA,NA,NA,NA,Faulty
NO_ALERT.png,toCheck_100233_00226s_NO_ALERT.png,NA,NA,NA,NA,NA,NA,Faulty
TLT_SERV_OFF.png,toCheck_100234_00191s_TLT_SERV_OFF.png,NA,NA,NA,NA,NA,NA,Faulty
NO_ALERT.png,toCheck_100234_00226s_NO_ALERT.png,NA,NA,NA,NA,NA,NA,Faulty
NO_ALERT.png,toCheck_100235_00226s_NO_ALERT.png,NA,NA,NA,NA,NA,NA,Faulty
TLT_SERV_OFF.png,toCheck_100236_00191s_TLT_SERV_OFF.png,NA,NA,NA,NA,NA,NA,Faulty
NO_ALERT.png,toCheck_100236_00191s_NO_ALERT.png,NA,NA,NA,NA,NA,NA,Faulty
NO_ALERT.png,toCheck_100236_00226s_NO_ALERT.png,NA,NA,NA,NA,NA,NA,Faulty
TLT_SERV_OFF.png,toCheck_100237_00191s_TLT_SERV_OFF.png,NA,NA,NA,NA,NA,NA,Faulty
NO_ALERT.png,toCheck_100237_00191s_NO_ALERT.png,NA,NA,NA,NA,NA,NA,Faulty
NO_ALERT.png,toCheck_100237_00226s_NO_ALERT.png,NA,NA,NA,NA,NA,NA,Faulty
TLT_SERV_OFF.png,toCheck_100238_00191s_TLT_SERV_OFF.png,NA,NA,NA,NA,NA,NA,Faulty
NO_ALERT.png,toCheck_100238_00191s_NO_ALERT.png,NA,NA,NA,NA,NA,NA,Faulty
NO_ALERT.png,toCheck_100238_00226s_NO_ALERT.png,NA,NA,NA,NA,NA,NA,Faulty
NO_ALERT.png,toCheck_100239_00226s_NO_ALERT.png,NA,NA,NA,NA,NA,NA,Faulty
TLT_SERV_OFF.png,toCheck_100240_00191s_TLT_SERV_OFF.png,NA,NA,NA,NA,NA,NA,Faulty
NO_ALERT.png,toCheck_100240_00226s_NO_ALERT.png,NA,NA,NA,NA,NA,NA,Faulty
TLT_SERV_OFF.png,toCheck_100241_00196s_TLT_SERV_OFF.png,NA,NA,NA,NA,NA,NA,Faulty
NO_ALERT.png,toCheck_100241_00196s_NO_ALERT.png,NA,NA,NA,NA,NA,NA,Faulty
NO_ALERT.png,toCheck_100241_00231s_NO_ALERT.png,NA,NA,NA,NA,NA,NA,Faulty
TLT_ABS_ON.png,toCheck_100242_00191s_TLT_ABS_ON.png,NA,NA,NA,NA,NA,NA,Faulty
NO_ALERT.png,toCheck_100242_00226s_NO_ALERT.png,NA,NA,NA,NA,NA,NA,Faulty
TLT_STOP_ON.png,toCheck_100243_00196s_TLT_STOP_ON.png,NA,NA,NA,NA,NA,NA,Faulty
TLT_SERV_OFF.png,toCheck_100243_00196s_TLT_SERV_OFF.png,NA,NA,NA,NA,NA,NA,Faulty
NO_ALERT.png,toCheck_100243_00231s_NO_ALERT.png,NA,NA,NA,NA,NA,NA,Faulty
NO_ALERT.png,toCheck_100244_00226s_NO_ALERT.png,NA,NA,NA,NA,NA,NA,Faulty
TLT_STOP_ON.png,toCheck_100245_00191s_TLT_STOP_ON.png,NA,NA,NA,NA,NA,NA,Faulty
TLT_SERV_OFF.png,toCheck_100245_00191s_TLT_SERV_OFF.png,NA,NA,NA,NA,NA,NA,Faulty
NO_ALERT.png,toCheck_100245_00191s_NO_ALERT.png,NA,NA,NA,NA,NA,NA,Faulty
NO_ALERT.png,toCheck_100245_00226s_NO_ALERT.png,NA,NA,NA,NA,NA,NA,Faulty
TLT_SERV_OFF.png,toCheck_100246_00191s_TLT_SERV_OFF.png,NA,NA,NA,NA,NA,NA,Faulty
TLT_STOP_ON.png,toCheck_100246_00191s_TLT_STOP_ON.png,NA,NA,NA,NA,NA,NA,Faulty
NO_ALERT.png,toCheck_100246_00226s_NO_ALERT.png,NA,NA,NA,NA,NA,NA,Faulty
TLT_STOP_ON.png,toCheck_100247_00226s_TLT_STOP_ON.png,NA,NA,NA,NA,NA,NA,Faulty
NO_ALERT.png,toCheck_100247_00271s_NO_ALERT.png,NA,NA,NA,NA,NA,NA,Faulty
TLT_ABS_ON.png,toCheck_100248_00226s_TLT_ABS_ON.png,NA,NA,NA,NA,NA,NA,Faulty
TLT_STOP_ON.png,toCheck_100248_00226s_TLT_STOP_ON.png,NA,NA,NA,NA,NA,NA,Faulty
NO_ALERT.png,toCheck_100248_00261s_NO_ALERT.png,NA,NA,NA,NA,NA,NA,Faulty
TLT_ESC_ON.png,toCheck_100249_00226s_TLT_ESC_ON.png,NA,NA,NA,NA,NA,NA,Faulty
TLT_STOP_ON.png,toCheck_100249_00226s_TLT_STOP_ON.png,NA,NA,NA,NA,NA,NA,Faulty
NO_ALERT.png,toCheck_100249_00261s_NO_ALERT.png,NA,NA,NA,NA,NA,NA,Faulty
TLT_SERV_OFF.png,toCheck_100250_00191s_TLT_SERV_OFF.png,NA,NA,NA,NA,NA,NA,Faulty
TLT_STOP_ON.png,toCheck_100250_00191s_TLT_STOP_ON.png,NA,NA,NA,NA,NA,NA,Faulty
NO_ALERT.png,toCheck_100250_00226s_NO_ALERT.png,NA,NA,NA,NA,NA,NA,Faulty
NO_ALERT.png,toCheck_100251_00226s_NO_ALERT.png,NA,NA,NA,NA,NA,NA,Faulty
TLT_SERV_OFF.png,toCheck_100252_00193s_TLT_SERV_OFF.png,NA,NA,NA,NA,NA,NA,Faulty
NO_ALERT.png,toCheck_100252_00228s_NO_ALERT.png,NA,NA,NA,NA,NA,NA,Faulty
TLT_SERV_OFF.png,toCheck_100253_00191s_TLT_SERV_OFF.png,NA,NA,NA,NA,NA,NA,Faulty
TLT_STOP_ON.png,toCheck_100253_00191s_TLT_STOP_ON.png,NA,NA,NA,NA,NA,NA,Faulty
NO_ALERT.png,toCheck_100253_00226s_NO_ALERT.png,NA,NA,NA,NA,NA,NA,Faulty
TLT_SERV_OFF.png,toCheck_100254_00191s_TLT_SERV_OFF.png,NA,NA,NA,NA,NA,NA,Faulty
TLT_STOP_ON.png,toCheck_100254_00191s_TLT_STOP_ON.png,NA,NA,NA,NA,NA,NA,Faulty
NO_ALERT.png,toCheck_100254_00226s_NO_ALERT.png,NA,NA,NA,NA,NA,NA,Faulty
NO_ALERT.png,toCheck_100255_00226s_NO_ALERT.png,NA,NA,NA,NA,NA,NA,Faulty
NO_ALERT.png,toCheck_100256_00226s_NO_ALERT.png,NA,NA,NA,NA,NA,NA,Faulty
NO_ALERT.png,toCheck_100257_00231s_NO_ALERT.png,NA,NA,NA,NA,NA,NA,Faulty
NO_ALERT.png,toCheck_100258_00261s_NO_ALERT.png,NA,NA,NA,NA,NA,NA,Faulty
TLT_SERV_OFF.png,toCheck_100259_00191s_TLT_SERV_OFF.png,NA,NA,NA,NA,NA,NA,Faulty
NO_ALERT.png,toCheck_100259_00226s_NO_ALERT.png,NA,NA,NA,NA,NA,NA,Faulty
NO_ALERT.png,toCheck_100260_00318s_NO_ALERT.png,NA,NA,NA,NA,NA,NA,Faulty
TLT_TPW_ON.png,toCheck_100260_00268s_TLT_TPW_ON.png,NA,NA,NA,NA,NA,NA,Faulty
TLT_TPW_OFF.png,toCheck_100260_00270s_TLT_TPW_OFF.png,NA,NA,NA,NA,NA,NA,Faulty
TLT_TPW_ON.png,toCheck_100260_00273s_TLT_TPW_ON.png,NA,NA,NA,NA,NA,NA,Faulty
TLT_TPW_OFF.png,toCheck_100260_00275s_TLT_TPW_OFF.png,NA,NA,NA,NA,NA,NA,Faulty
TLT_SERV_ON.png,toCheck_100260_00278s_TLT_SERV_ON.png,NA,NA,NA,NA,NA,NA,Faulty
TXTALT_30201_10_FR.png,toCheck_100260_00278s_TXTALT_30201_10_FR.png,NA,NA,NA,NA,NA,NA,Faulty
TLT_TPW_ON.png,toCheck_100261_00308s_TLT_TPW_ON.png,NA,NA,NA,NA,NA,NA,Faulty
TLT_TPW_OFF.png,toCheck_100261_00310s_TLT_TPW_OFF.png,NA,NA,NA,NA,NA,NA,Faulty
TLT_SERV_ON.png,toCheck_100261_00313s_TLT_SERV_ON.png,NA,NA,NA,NA,NA,NA,Faulty
TXTALT_30201_10_FR.png,toCheck_100261_00313s_TXTALT_30201_10_FR.png,NA,NA,NA,NA,NA,NA,Faulty
NO_ALERT.png,toCheck_100261_00348s_NO_ALERT.png,NA,NA,NA,NA,NA,NA,Faulty
TLT_TPW_OFF.png,toCheck_100262_00191s_TLT_TPW_OFF.png,NA,NA,NA,NA,NA,NA,Faulty
TLT_TPW_ON.png,toCheck_100262_00193s_TLT_TPW_ON.png,NA,NA,NA,NA,NA,NA,Faulty
NO_ALERT.png,toCheck_100262_00231s_NO_ALERT.png,NA,NA,NA,NA,NA,NA,Faulty
TLT_TPW_OFF.png,toCheck_100263_00191s_TLT_TPW_OFF.png,NA,NA,NA,NA,NA,NA,Faulty
TLT_TPW_ON.png,toCheck_100263_00193s_TLT_TPW_ON.png,NA,NA,NA,NA,NA,NA,Faulty
NO_ALERT.png,toCheck_100263_00231s_NO_ALERT.png,NA,NA,NA,NA,NA,NA,Faulty
TLT_TPW_OFF.png,toCheck_100264_00191s_TLT_TPW_OFF.png,NA,NA,NA,NA,NA,NA,Faulty
TLT_TPW_ON.png,toCheck_100264_00193s_TLT_TPW_ON.png,NA,NA,NA,NA,NA,NA,Faulty
NO_ALERT.png,toCheck_100264_00231s_NO_ALERT.png,NA,NA,NA,NA,NA,NA,Faulty
TLT_TPW_OFF.png,toCheck_100265_00191s_TLT_TPW_OFF.png,NA,NA,NA,NA,NA,NA,Faulty
TLT_TPW_ON.png,toCheck_100265_00193s_TLT_TPW_ON.png,NA,NA,NA,NA,NA,NA,Faulty
NO_ALERT.png,toCheck_100265_00231s_NO_ALERT.png,NA,NA,NA,NA,NA,NA,Faulty
TLT_TPW_ON.png,toCheck_100266_00163s_TLT_TPW_ON.png,NA,NA,NA,NA,NA,NA,Faulty
TLT_TPW_OFF.png,toCheck_100266_00165s_TLT_TPW_OFF.png,NA,NA,NA,NA,NA,NA,Faulty
NO_ALERT.png,toCheck_100266_00203s_NO_ALERT.png,NA,NA,NA,NA,NA,NA,Faulty
TLT_TPW_ON.png,toCheck_100267_00163s_TLT_TPW_ON.png,NA,NA,NA,NA,NA,NA,Faulty
TLT_TPW_OFF.png,toCheck_100267_00165s_TLT_TPW_OFF.png,NA,NA,NA,NA,NA,NA,Faulty
NO_ALERT.png,toCheck_100267_00203s_NO_ALERT.png,NA,NA,NA,NA,NA,NA,Faulty
TLT_TPW_ON.png,toCheck_100268_00163s_TLT_TPW_ON.png,NA,NA,NA,NA,NA,NA,Faulty
TLT_TPW_OFF.png,toCheck_100268_00165s_TLT_TPW_OFF.png,NA,NA,NA,NA,NA,NA,Faulty
NO_ALERT.png,toCheck_100268_00203s_NO_ALERT.png,NA,NA,NA,NA,NA,NA,Faulty
TLT_TPW_ON.png,toCheck_100269_00163s_TLT_TPW_ON.png,NA,NA,NA,NA,NA,NA,Faulty
TLT_TPW_OFF.png,toCheck_100269_00165s_TLT_TPW_OFF.png,NA,NA,NA,NA,NA,NA,Faulty
NO_ALERT.png,toCheck_100269_00203s_NO_ALERT.png,NA,NA,NA,NA,NA,NA,Faulty
TLT_TPW_ON.png,toCheck_100270_00191s_TLT_TPW_ON.png,NA,NA,NA,NA,NA,NA,Faulty
TLT_SERV_OFF.png,toCheck_100270_00191s_TLT_SERV_OFF.png,NA,NA,NA,NA,NA,NA,Faulty
NO_ALERT.png,toCheck_100270_00226s_NO_ALERT.png,NA,NA,NA,NA,NA,NA,Faulty
TLT_TPW_ON.png,toCheck_100271_00191s_TLT_TPW_ON.png,NA,NA,NA,NA,NA,NA,Faulty
TLT_SERV_OFF.png,toCheck_100271_00191s_TLT_SERV_OFF.png,NA,NA,NA,NA,NA,NA,Faulty
NO_ALERT.png,toCheck_100271_00226s_NO_ALERT.png,NA,NA,NA,NA,NA,NA,Faulty
TLT_TPW_ON.png,toCheck_100272_00191s_TLT_TPW_ON.png,NA,NA,NA,NA,NA,NA,Faulty
TLT_SERV_OFF.png,toCheck_100272_00191s_TLT_SERV_OFF.png,NA,NA,NA,NA,NA,NA,Faulty
NO_ALERT.png,toCheck_100272_00226s_NO_ALERT.png,NA,NA,NA,NA,NA,NA,Faulty
TLT_TPW_ON.png,toCheck_100273_00191s_TLT_TPW_ON.png,NA,NA,NA,NA,NA,NA,Faulty
TLT_SERV_OFF.png,toCheck_100273_00191s_TLT_SERV_OFF.png,NA,NA,NA,NA,NA,NA,Faulty
NO_ALERT.png,toCheck_100273_00226s_NO_ALERT.png,NA,NA,NA,NA,NA,NA,Faulty
TLT_TPW_ON.png,toCheck_100274_00191s_TLT_TPW_ON.png,NA,NA,NA,NA,NA,NA,Faulty
TLT_SERV_OFF.png,toCheck_100274_00191s_TLT_SERV_OFF.png,NA,NA,NA,NA,NA,NA,Faulty
TLT_STOP_ON.png,toCheck_100274_00191s_TLT_STOP_ON.png,NA,NA,NA,NA,NA,NA,Faulty
NO_ALERT.png,toCheck_100274_00226s_NO_ALERT.png,NA,NA,NA,NA,NA,NA,Faulty
TLT_TPW_ON.png,toCheck_100275_00191s_TLT_TPW_ON.png,NA,NA,NA,NA,NA,NA,Faulty
TLT_SERV_OFF.png,toCheck_100275_00191s_TLT_SERV_OFF.png,NA,NA,NA,NA,NA,NA,Faulty
TLT_STOP_ON.png,toCheck_100275_00191s_TLT_STOP_ON.png,NA,NA,NA,NA,NA,NA,Faulty
NO_ALERT.png,toCheck_100275_00226s_NO_ALERT.png,NA,NA,NA,NA,NA,NA,Faulty
TLT_TPW_ON.png,toCheck_100276_00191s_TLT_TPW_ON.png,NA,NA,NA,NA,NA,NA,Faulty
TLT_SERV_OFF.png,toCheck_100276_00191s_TLT_SERV_OFF.png,NA,NA,NA,NA,NA,NA,Faulty
TLT_STOP_ON.png,toCheck_100276_00191s_TLT_STOP_ON.png,NA,NA,NA,NA,NA,NA,Faulty
NO_ALERT.png,toCheck_100276_00226s_NO_ALERT.png,NA,NA,NA,NA,NA,NA,Faulty
TLT_TPW_ON.png,toCheck_100277_00191s_TLT_TPW_ON.png,NA,NA,NA,NA,NA,NA,Faulty
TLT_SERV_OFF.png,toCheck_100277_00191s_TLT_SERV_OFF.png,NA,NA,NA,NA,NA,NA,Faulty
TLT_STOP_ON.png,toCheck_100277_00191s_TLT_STOP_ON.png,NA,NA,NA,NA,NA,NA,Faulty
NO_ALERT.png,toCheck_100277_00226s_NO_ALERT.png,NA,NA,NA,NA,NA,NA,Faulty
NO_ALERT.png,toCheck_100278_00236s_NO_ALERT.png,NA,NA,NA,NA,NA,NA,Faulty
TLT_TPW_OFF.png,toCheck_100278_00191s_TLT_TPW_OFF.png,NA,NA,NA,NA,NA,NA,Faulty
TLT_TPW_ON.png,toCheck_100278_00193s_TLT_TPW_ON.png,NA,NA,NA,NA,NA,NA,Faulty
TLT_TPW_OFF.png,toCheck_100278_00196s_TLT_TPW_OFF.png,NA,NA,NA,NA,NA,NA,Faulty
TLT_TPW_ON.png,toCheck_100278_00198s_TLT_TPW_ON.png,NA,NA,NA,NA,NA,NA,Faulty
TLT_SERV_OFF.png,toCheck_100278_00201s_TLT_SERV_OFF.png,NA,NA,NA,NA,NA,NA,Faulty
NO_ALERT.png,toCheck_100279_00236s_NO_ALERT.png,NA,NA,NA,NA,NA,NA,Faulty
TLT_TPW_OFF.png,toCheck_100279_00191s_TLT_TPW_OFF.png,NA,NA,NA,NA,NA,NA,Faulty
TLT_TPW_ON.png,toCheck_100279_00193s_TLT_TPW_ON.png,NA,NA,NA,NA,NA,NA,Faulty
TLT_TPW_OFF.png,toCheck_100279_00196s_TLT_TPW_OFF.png,NA,NA,NA,NA,NA,NA,Faulty
TLT_TPW_ON.png,toCheck_100279_00198s_TLT_TPW_ON.png,NA,NA,NA,NA,NA,NA,Faulty
TLT_SERV_OFF.png,toCheck_100279_00201s_TLT_SERV_OFF.png,NA,NA,NA,NA,NA,NA,Faulty
TLT_TPW_ON.png,toCheck_100280_00191s_TLT_TPW_ON.png,NA,NA,NA,NA,NA,NA,Faulty
TLT_SERV_OFF.png,toCheck_100280_00191s_TLT_SERV_OFF.png,NA,NA,NA,NA,NA,NA,Faulty
NO_ALERT.png,toCheck_100280_00226s_NO_ALERT.png,NA,NA,NA,NA,NA,NA,Faulty
NO_ALERT.png,toCheck_100281_00236s_NO_ALERT.png,NA,NA,NA,NA,NA,NA,Faulty
TLT_TPW_OFF.png,toCheck_100281_00191s_TLT_TPW_OFF.png,NA,NA,NA,NA,NA,NA,Faulty
TLT_TPW_ON.png,toCheck_100281_00193s_TLT_TPW_ON.png,NA,NA,NA,NA,NA,NA,Faulty
TLT_TPW_OFF.png,toCheck_100281_00196s_TLT_TPW_OFF.png,NA,NA,NA,NA,NA,NA,Faulty
TLT_TPW_ON.png,toCheck_100281_00198s_TLT_TPW_ON.png,NA,NA,NA,NA,NA,NA,Faulty
NO_ALERT.png,toCheck_100282_00236s_NO_ALERT.png,NA,NA,NA,NA,NA,NA,Faulty
TLT_TPW_OFF.png,toCheck_100282_00191s_TLT_TPW_OFF.png,NA,NA,NA,NA,NA,NA,Faulty
TLT_TPW_ON.png,toCheck_100282_00193s_TLT_TPW_ON.png,NA,NA,NA,NA,NA,NA,Faulty
TLT_TPW_OFF.png,toCheck_100282_00196s_TLT_TPW_OFF.png,NA,NA,NA,NA,NA,NA,Faulty
TLT_TPW_ON.png,toCheck_100282_00198s_TLT_TPW_ON.png,NA,NA,NA,NA,NA,NA,Faulty
NO_ALERT.png,toCheck_100283_00596s_NO_ALERT.png,NA,NA,NA,NA,NA,NA,Faulty
TLT_TPW_OFF.png,toCheck_100283_00551s_TLT_TPW_OFF.png,NA,NA,NA,NA,NA,NA,Faulty
TLT_TPW_ON.png,toCheck_100283_00553s_TLT_TPW_ON.png,NA,NA,NA,NA,NA,NA,Faulty
TLT_TPW_OFF.png,toCheck_100283_00556s_TLT_TPW_OFF.png,NA,NA,NA,NA,NA,NA,Faulty
TLT_TPW_ON.png,toCheck_100283_00558s_TLT_TPW_ON.png,NA,NA,NA,NA,NA,NA,Faulty
TLT_STOP_ON.png,toCheck_100283_00561s_TLT_STOP_ON.png,NA,NA,NA,NA,NA,NA,Faulty
NO_ALERT.png,toCheck_100284_00596s_NO_ALERT.png,NA,NA,NA,NA,NA,NA,Faulty
TLT_TPW_OFF.png,toCheck_100284_00551s_TLT_TPW_OFF.png,NA,NA,NA,NA,NA,NA,Faulty
TLT_TPW_ON.png,toCheck_100284_00553s_TLT_TPW_ON.png,NA,NA,NA,NA,NA,NA,Faulty
TLT_TPW_OFF.png,toCheck_100284_00556s_TLT_TPW_OFF.png,NA,NA,NA,NA,NA,NA,Faulty
TLT_TPW_ON.png,toCheck_100284_00558s_TLT_TPW_ON.png,NA,NA,NA,NA,NA,NA,Faulty
TLT_STOP_ON.png,toCheck_100284_00561s_TLT_STOP_ON.png,NA,NA,NA,NA,NA,NA,Faulty
NO_ALERT.png,toCheck_100285_00236s_NO_ALERT.png,NA,NA,NA,NA,NA,NA,Faulty
TLT_TPW_OFF.png,toCheck_100285_00191s_TLT_TPW_OFF.png,NA,NA,NA,NA,NA,NA,Faulty
TLT_TPW_ON.png,toCheck_100285_00193s_TLT_TPW_ON.png,NA,NA,NA,NA,NA,NA,Faulty
TLT_TPW_OFF.png,toCheck_100285_00196s_TLT_TPW_OFF.png,NA,NA,NA,NA,NA,NA,Faulty
TLT_TPW_ON.png,toCheck_100285_00198s_TLT_TPW_ON.png,NA,NA,NA,NA,NA,NA,Faulty
TLT_SERV_OFF.png,toCheck_100285_00201s_TLT_SERV_OFF.png,NA,NA,NA,NA,NA,NA,Faulty
NO_ALERT.png,toCheck_100286_00236s_NO_ALERT.png,NA,NA,NA,NA,NA,NA,Faulty
TLT_TPW_OFF.png,toCheck_100286_00191s_TLT_TPW_OFF.png,NA,NA,NA,NA,NA,NA,Faulty
TLT_TPW_ON.png,toCheck_100286_00193s_TLT_TPW_ON.png,NA,NA,NA,NA,NA,NA,Faulty
TLT_TPW_OFF.png,toCheck_100286_00196s_TLT_TPW_OFF.png,NA,NA,NA,NA,NA,NA,Faulty
TLT_TPW_ON.png,toCheck_100286_00198s_TLT_TPW_ON.png,NA,NA,NA,NA,NA,NA,Faulty
TLT_SERV_OFF.png,toCheck_100286_00201s_TLT_SERV_OFF.png,NA,NA,NA,NA,NA,NA,Faulty
TLT_SERV_OFF.png,toCheck_100287_00191s_TLT_SERV_OFF.png,NA,NA,NA,NA,NA,NA,Faulty
NO_ALERT.png,toCheck_100287_00226s_NO_ALERT.png,NA,NA,NA,NA,NA,NA,Faulty
TLT_SERV_OFF.png,toCheck_100288_00191s_TLT_SERV_OFF.png,NA,NA,NA,NA,NA,NA,Faulty
NO_ALERT.png,toCheck_100288_00226s_NO_ALERT.png,NA,NA,NA,NA,NA,NA,Faulty
NO_ALERT.png,toCheck_100289_00226s_NO_ALERT.png,NA,NA,NA,NA,NA,NA,Faulty
TLT_SERV_OFF.png,toCheck_100291_00423s_TLT_SERV_OFF.png,NA,NA,NA,NA,NA,NA,Faulty
TLT_STOP_ON.png,toCheck_100291_00423s_TLT_STOP_ON.png,NA,NA,NA,NA,NA,NA,Faulty
NO_ALERT.png,toCheck_100291_00468s_NO_ALERT.png,NA,NA,NA,NA,NA,NA,Faulty
TLT_SERV_OFF.png,toCheck_100292_00191s_TLT_SERV_OFF.png,NA,NA,NA,NA,NA,NA,Faulty
NO_ALERT.png,toCheck_100292_00226s_NO_ALERT.png,NA,NA,NA,NA,NA,NA,Faulty
TLT_SERV_OFF.png,toCheck_100293_00191s_TLT_SERV_OFF.png,NA,NA,NA,NA,NA,NA,Faulty
NO_ALERT.png,toCheck_100293_00226s_NO_ALERT.png,NA,NA,NA,NA,NA,NA,Faulty
TLT_SERV_OFF.png,toCheck_100294_00191s_TLT_SERV_OFF.png,NA,NA,NA,NA,NA,NA,Faulty
NO_ALERT.png,toCheck_100294_00191s_NO_ALERT.png,NA,NA,NA,NA,NA,NA,Faulty
NO_ALERT.png,toCheck_100294_00226s_NO_ALERT.png,NA,NA,NA,NA,NA,NA,Faulty
TLT_SERV_OFF.png,toCheck_100295_00191s_TLT_SERV_OFF.png,NA,NA,NA,NA,NA,NA,Faulty
NO_ALERT.png,toCheck_100295_00191s_NO_ALERT.png,NA,NA,NA,NA,NA,NA,Faulty
NO_ALERT.png,toCheck_100295_00226s_NO_ALERT.png,NA,NA,NA,NA,NA,NA,Faulty
TLT_SERV_OFF.png,toCheck_100296_00191s_TLT_SERV_OFF.png,NA,NA,NA,NA,NA,NA,Faulty
NO_ALERT.png,toCheck_100296_00191s_NO_ALERT.png,NA,NA,NA,NA,NA,NA,Faulty
NO_ALERT.png,toCheck_100296_00226s_NO_ALERT.png,NA,NA,NA,NA,NA,NA,Faulty
NO_ALERT.png,toCheck_100297_00226s_NO_ALERT.png,NA,NA,NA,NA,NA,NA,Faulty
TLT_RAIN_ON.png,toCheck_100298_00191s_TLT_RAIN_ON.png,NA,NA,NA,NA,NA,NA,Faulty
TLT_SERV_OFF.png,toCheck_100298_00191s_TLT_SERV_OFF.png,NA,NA,NA,NA,NA,NA,Faulty
NO_ALERT.png,toCheck_100298_00191s_NO_ALERT.png,NA,NA,NA,NA,NA,NA,Faulty
NO_ALERT.png,toCheck_100298_00226s_NO_ALERT.png,NA,NA,NA,NA,NA,NA,Faulty
TLT_SERV_OFF.png,toCheck_100299_00191s_TLT_SERV_OFF.png,NA,NA,NA,NA,NA,NA,Faulty
NO_ALERT.png,toCheck_100299_00226s_NO_ALERT.png,NA,NA,NA,NA,NA,NA,Faulty
TLT_SERV_OFF.png,toCheck_100300_00191s_TLT_SERV_OFF.png,NA,NA,NA,NA,NA,NA,Faulty
NO_ALERT.png,toCheck_100300_00191s_NO_ALERT.png,NA,NA,NA,NA,NA,NA,Faulty
NO_ALERT.png,toCheck_100300_00226s_NO_ALERT.png,NA,NA,NA,NA,NA,NA,Faulty
TLT_SERV_OFF.png,toCheck_100301_00191s_TLT_SERV_OFF.png,NA,NA,NA,NA,NA,NA,Faulty
NO_ALERT.png,toCheck_100301_00226s_NO_ALERT.png,NA,NA,NA,NA,NA,NA,Faulty
TLT_SERV_OFF.png,toCheck_100302_00191s_TLT_SERV_OFF.png,NA,NA,NA,NA,NA,NA,Faulty
NO_ALERT.png,toCheck_100302_00226s_NO_ALERT.png,NA,NA,NA,NA,NA,NA,Faulty
TLT_SERV_OFF.png,toCheck_100303_00191s_TLT_SERV_OFF.png,NA,NA,NA,NA,NA,NA,Faulty
NO_ALERT.png,toCheck_100303_00226s_NO_ALERT.png,NA,NA,NA,NA,NA,NA,Faulty
TLT_SERV_OFF.png,toCheck_100304_00191s_TLT_SERV_OFF.png,NA,NA,NA,NA,NA,NA,Faulty
NO_ALERT.png,toCheck_100304_00226s_NO_ALERT.png,NA,NA,NA,NA,NA,NA,Faulty
TLT_SERV_OFF.png,toCheck_100305_00196s_TLT_SERV_OFF.png,NA,NA,NA,NA,NA,NA,Faulty
NO_ALERT.png,toCheck_100305_00231s_NO_ALERT.png,NA,NA,NA,NA,NA,NA,Faulty
TLT_SERV_OFF.png,toCheck_100306_00231s_TLT_SERV_OFF.png,NA,NA,NA,NA,NA,NA,Faulty
NO_ALERT.png,toCheck_100306_00266s_NO_ALERT.png,NA,NA,NA,NA,NA,NA,Faulty
TLT_AFSF_ON.png,toCheck_100307_00191s_TLT_AFSF_ON.png,NA,NA,NA,NA,NA,NA,Faulty
TLT_SERV_OFF.png,toCheck_100307_00191s_TLT_SERV_OFF.png,NA,NA,NA,NA,NA,NA,Faulty
NO_ALERT.png,toCheck_100307_00226s_NO_ALERT.png,NA,NA,NA,NA,NA,NA,Faulty
TLT_SERV_OFF.png,toCheck_100308_00191s_TLT_SERV_OFF.png,NA,NA,NA,NA,NA,NA,Faulty
NO_ALERT.png,toCheck_100308_00226s_NO_ALERT.png,NA,NA,NA,NA,NA,NA,Faulty
TLT_SERV_OFF.png,toCheck_100309_00191s_TLT_SERV_OFF.png,NA,NA,NA,NA,NA,NA,Faulty
NO_ALERT.png,toCheck_100309_00191s_NO_ALERT.png,NA,NA,NA,NA,NA,NA,Faulty
NO_ALERT.png,toCheck_100309_00226s_NO_ALERT.png,NA,NA,NA,NA,NA,NA,Faulty
TLT_SERV_OFF.png,toCheck_100310_00191s_TLT_SERV_OFF.png,NA,NA,NA,NA,NA,NA,Faulty
NO_ALERT.png,toCheck_100310_00226s_NO_ALERT.png,NA,NA,NA,NA,NA,NA,Faulty
NO_ALERT.png,toCheck_100311_00231s_NO_ALERT.png,NA,NA,NA,NA,NA,NA,Faulty
NO_ALERT.png,toCheck_100312_00231s_NO_ALERT.png,NA,NA,NA,NA,NA,NA,Faulty
TLT_AFSF_ON.png,toCheck_100313_00191s_TLT_AFSF_ON.png,NA,NA,NA,NA,NA,NA,Faulty
TLT_SERV_OFF.png,toCheck_100313_00191s_TLT_SERV_OFF.png,NA,NA,NA,NA,NA,NA,Faulty
NO_ALERT.png,toCheck_100313_00226s_NO_ALERT.png,NA,NA,NA,NA,NA,NA,Faulty
TLT_SERV_OFF.png,toCheck_100314_00191s_TLT_SERV_OFF.png,NA,NA,NA,NA,NA,NA,Faulty
NO_ALERT.png,toCheck_100314_00191s_NO_ALERT.png,NA,NA,NA,NA,NA,NA,Faulty
NO_ALERT.png,toCheck_100314_00226s_NO_ALERT.png,NA,NA,NA,NA,NA,NA,Faulty
TLT_SERV_OFF.png,toCheck_100315_00191s_TLT_SERV_OFF.png,NA,NA,NA,NA,NA,NA,Faulty
NO_ALERT.png,toCheck_100315_00226s_NO_ALERT.png,NA,NA,NA,NA,NA,NA,Faulty
NO_ALERT.png,toCheck_100316_00226s_NO_ALERT.png,NA,NA,NA,NA,NA,NA,Faulty
TLT_SERV_OFF.png,toCheck_100317_00191s_TLT_SERV_OFF.png,NA,NA,NA,NA,NA,NA,Faulty
NO_ALERT.png,toCheck_100317_00226s_NO_ALERT.png,NA,NA,NA,NA,NA,NA,Faulty
TLT_SERV_OFF.png,toCheck_100318_00191s_TLT_SERV_OFF.png,NA,NA,NA,NA,NA,NA,Faulty
NO_ALERT.png,toCheck_100318_00191s_NO_ALERT.png,NA,NA,NA,NA,NA,NA,Faulty
NO_ALERT.png,toCheck_100318_00226s_NO_ALERT.png,NA,NA,NA,NA,NA,NA,Faulty
TLT_SERV_OFF.png,toCheck_100319_00191s_TLT_SERV_OFF.png,NA,NA,NA,NA,NA,NA,Faulty
NO_ALERT.png,toCheck_100319_00191s_NO_ALERT.png,NA,NA,NA,NA,NA,NA,Faulty
NO_ALERT.png,toCheck_100319_00226s_NO_ALERT.png,NA,NA,NA,NA,NA,NA,Faulty
TLT_SERV_OFF.png,toCheck_100320_00191s_TLT_SERV_OFF.png,NA,NA,NA,NA,NA,NA,Faulty
NO_ALERT.png,toCheck_100320_00191s_NO_ALERT.png,NA,NA,NA,NA,NA,NA,Faulty
NO_ALERT.png,toCheck_100320_00226s_NO_ALERT.png,NA,NA,NA,NA,NA,NA,Faulty
TLT_SERV_OFF.png,toCheck_100321_00191s_TLT_SERV_OFF.png,NA,NA,NA,NA,NA,NA,Faulty
NO_ALERT.png,toCheck_100321_00191s_NO_ALERT.png,NA,NA,NA,NA,NA,NA,Faulty
NO_ALERT.png,toCheck_100321_00226s_NO_ALERT.png,NA,NA,NA,NA,NA,NA,Faulty
TLT_SERV_OFF.png,toCheck_100322_00191s_TLT_SERV_OFF.png,NA,NA,NA,NA,NA,NA,Faulty
NO_ALERT.png,toCheck_100322_00191s_NO_ALERT.png,NA,NA,NA,NA,NA,NA,Faulty
NO_ALERT.png,toCheck_100322_00226s_NO_ALERT.png,NA,NA,NA,NA,NA,NA,Faulty
NO_ALERT.png,toCheck_100323_00226s_NO_ALERT.png,NA,NA,NA,NA,NA,NA,Faulty
TLT_SERV_OFF.png,toCheck_100324_00191s_TLT_SERV_OFF.png,NA,NA,NA,NA,NA,NA,Faulty
NO_ALERT.png,toCheck_100324_00191s_NO_ALERT.png,NA,NA,NA,NA,NA,NA,Faulty
NO_ALERT.png,toCheck_100324_00226s_NO_ALERT.png,NA,NA,NA,NA,NA,NA,Faulty
NO_ALERT.png,toCheck_100325_00226s_NO_ALERT.png,NA,NA,NA,NA,NA,NA,Faulty
TLT_SERV_OFF.png,toCheck_100326_00191s_TLT_SERV_OFF.png,NA,NA,NA,NA,NA,NA,Faulty
NO_ALERT.png,toCheck_100326_00226s_NO_ALERT.png,NA,NA,NA,NA,NA,NA,Faulty
TLT_WASHER_ON.png,toCheck_100327_00591s_TLT_WASHER_ON.png,NA,NA,NA,NA,NA,NA,Faulty
TLT_SERV_OFF.png,toCheck_100327_00591s_TLT_SERV_OFF.png,NA,NA,NA,NA,NA,NA,Faulty
NO_ALERT.png,toCheck_100327_01026s_NO_ALERT.png,NA,NA,NA,NA,NA,NA,Faulty
NO_ALERT.png,toCheck_100328_00226s_NO_ALERT.png,NA,NA,NA,NA,NA,NA,Faulty
NO_ALERT.png,toCheck_100329_00261s_NO_ALERT.png,NA,NA,NA,NA,NA,NA,Faulty
TLT_SERV_OFF.png,toCheck_100330_00191s_TLT_SERV_OFF.png,NA,NA,NA,NA,NA,NA,Faulty
NO_ALERT.png,toCheck_100330_00191s_NO_ALERT.png,NA,NA,NA,NA,NA,NA,Faulty
NO_ALERT.png,toCheck_100330_00226s_NO_ALERT.png,NA,NA,NA,NA,NA,NA,Faulty
NO_ALERT.png,toCheck_100331_00271s_NO_ALERT.png,NA,NA,NA,NA,NA,NA,Faulty
TLT_SERV_OFF.png,toCheck_100332_00191s_TLT_SERV_OFF.png,NA,NA,NA,NA,NA,NA,Faulty
NO_ALERT.png,toCheck_100332_00226s_NO_ALERT.png,NA,NA,NA,NA,NA,NA,Faulty
TLT_SERV_OFF.png,toCheck_100333_00191s_TLT_SERV_OFF.png,NA,NA,NA,NA,NA,NA,Faulty
NO_ALERT.png,toCheck_100333_00226s_NO_ALERT.png,NA,NA,NA,NA,NA,NA,Faulty
TLT_SERV_OFF.png,toCheck_100334_00191s_TLT_SERV_OFF.png,NA,NA,NA,NA,NA,NA,Faulty
NO_ALERT.png,toCheck_100334_00226s_NO_ALERT.png,NA,NA,NA,NA,NA,NA,Faulty
TLT_SERV_OFF.png,toCheck_100335_00191s_TLT_SERV_OFF.png,NA,NA,NA,NA,NA,NA,Faulty
NO_ALERT.png,toCheck_100335_00226s_NO_ALERT.png,NA,NA,NA,NA,NA,NA,Faulty
TLT_SERV_OFF.png,toCheck_100336_00191s_TLT_SERV_OFF.png,NA,NA,NA,NA,NA,NA,Faulty
NO_ALERT.png,toCheck_100336_00226s_NO_ALERT.png,NA,NA,NA,NA,NA,NA,Faulty
TLT_SERV_OFF.png,toCheck_100337_00191s_TLT_SERV_OFF.png,NA,NA,NA,NA,NA,NA,Faulty
NO_ALERT.png,toCheck_100337_00226s_NO_ALERT.png,NA,NA,NA,NA,NA,NA,Faulty
TLT_SERV_OFF.png,toCheck_100338_00226s_TLT_SERV_OFF.png,NA,NA,NA,NA,NA,NA,Faulty
NO_ALERT.png,toCheck_100338_00296s_NO_ALERT.png,NA,NA,NA,NA,NA,NA,Faulty
TLT_SERV_OFF.png,toCheck_100339_00191s_TLT_SERV_OFF.png,NA,NA,NA,NA,NA,NA,Faulty
NO_ALERT.png,toCheck_100339_00226s_NO_ALERT.png,NA,NA,NA,NA,NA,NA,Faulty
TLT_SERV_OFF.png,toCheck_100340_00201s_TLT_SERV_OFF.png,NA,NA,NA,NA,NA,NA,Faulty
TXTALT_50204_14_FR.png,toCheck_100340_00201s_TXTALT_50204_14_FR.png,NA,NA,NA,NA,NA,NA,Faulty
NO_ALERT.png,toCheck_100340_00236s_NO_ALERT.png,NA,NA,NA,NA,NA,NA,Faulty
TLT_SERV_OFF.png,toCheck_100341_00191s_TLT_SERV_OFF.png,NA,NA,NA,NA,NA,NA,Faulty
NO_ALERT.png,toCheck_100341_00226s_NO_ALERT.png,NA,NA,NA,NA,NA,NA,Faulty
TLT_SERV_OFF.png,toCheck_100342_00191s_TLT_SERV_OFF.png,NA,NA,NA,NA,NA,NA,Faulty
NO_ALERT.png,toCheck_100342_00226s_NO_ALERT.png,NA,NA,NA,NA,NA,NA,Faulty
TLT_SERV_OFF.png,toCheck_100343_00191s_TLT_SERV_OFF.png,NA,NA,NA,NA,NA,NA,Faulty
NO_ALERT.png,toCheck_100343_00226s_NO_ALERT.png,NA,NA,NA,NA,NA,NA,Faulty
TLT_SERV_OFF.png,toCheck_100344_00191s_TLT_SERV_OFF.png,NA,NA,NA,NA,NA,NA,Faulty
NO_ALERT.png,toCheck_100344_00226s_NO_ALERT.png,NA,NA,NA,NA,NA,NA,Faulty
TLT_SERV_OFF.png,toCheck_100346_00191s_TLT_SERV_OFF.png,NA,NA,NA,NA,NA,NA,Faulty
NO_ALERT.png,toCheck_100346_00226s_NO_ALERT.png,NA,NA,NA,NA,NA,NA,Faulty
TLT_SERV_OFF.png,toCheck_100347_00191s_TLT_SERV_OFF.png,NA,NA,NA,NA,NA,NA,Faulty
NO_ALERT.png,toCheck_100347_00226s_NO_ALERT.png,NA,NA,NA,NA,NA,NA,Faulty
NO_ALERT.png,toCheck_100348_00226s_NO_ALERT.png,NA,NA,NA,NA,NA,NA,Faulty
TLT_SBSOFF_ON.png,toCheck_100349_00346s_TLT_SBSOFF_ON.png,NA,NA,NA,NA,NA,NA,Faulty
TLT_SERV_OFF.png,toCheck_100349_00346s_TLT_SERV_OFF.png,NA,NA,NA,NA,NA,NA,Faulty
NO_ALERT.png,toCheck_100349_00381s_NO_ALERT.png,NA,NA,NA,NA,NA,NA,Faulty
TLT_SERV_OFF.png,toCheck_100350_00191s_TLT_SERV_OFF.png,NA,NA,NA,NA,NA,NA,Faulty
NO_ALERT.png,toCheck_100350_00226s_NO_ALERT.png,NA,NA,NA,NA,NA,NA,Faulty
TLT_SERV_OFF.png,toCheck_100351_00191s_TLT_SERV_OFF.png,NA,NA,NA,NA,NA,NA,Faulty
NO_ALERT.png,toCheck_100351_00191s_NO_ALERT.png,NA,NA,NA,NA,NA,NA,Faulty
NO_ALERT.png,toCheck_100351_00226s_NO_ALERT.png,NA,NA,NA,NA,NA,NA,Faulty
TLT_SERV_OFF.png,toCheck_100352_00191s_TLT_SERV_OFF.png,NA,NA,NA,NA,NA,NA,Faulty
NO_ALERT.png,toCheck_100352_00191s_NO_ALERT.png,NA,NA,NA,NA,NA,NA,Faulty
NO_ALERT.png,toCheck_100352_00226s_NO_ALERT.png,NA,NA,NA,NA,NA,NA,Faulty
TLT_SERV_OFF.png,toCheck_100353_00191s_TLT_SERV_OFF.png,NA,NA,NA,NA,NA,NA,Faulty
NO_ALERT.png,toCheck_100353_00191s_NO_ALERT.png,NA,NA,NA,NA,NA,NA,Faulty
NO_ALERT.png,toCheck_100353_00226s_NO_ALERT.png,NA,NA,NA,NA,NA,NA,Faulty
TLT_SERV_OFF.png,toCheck_100354_00191s_TLT_SERV_OFF.png,NA,NA,NA,NA,NA,NA,Faulty
NO_ALERT.png,toCheck_100354_00226s_NO_ALERT.png,NA,NA,NA,NA,NA,NA,Faulty
TLT_SERV_OFF.png,toCheck_100355_00191s_TLT_SERV_OFF.png,NA,NA,NA,NA,NA,NA,Faulty
NO_ALERT.png,toCheck_100355_00226s_NO_ALERT.png,NA,NA,NA,NA,NA,NA,Faulty
TLT_SERV_OFF.png,toCheck_100356_00191s_TLT_SERV_OFF.png,NA,NA,NA,NA,NA,NA,Faulty
NO_ALERT.png,toCheck_100356_00226s_NO_ALERT.png,NA,NA,NA,NA,NA,NA,Faulty
TLT_SERV_OFF.png,toCheck_100357_00191s_TLT_SERV_OFF.png,NA,NA,NA,NA,NA,NA,Faulty
NO_ALERT.png,toCheck_100357_00226s_NO_ALERT.png,NA,NA,NA,NA,NA,NA,Faulty
TLT_SERV_OFF.png,toCheck_100358_00191s_TLT_SERV_OFF.png,NA,NA,NA,NA,NA,NA,Faulty
NO_ALERT.png,toCheck_100358_00226s_NO_ALERT.png,NA,NA,NA,NA,NA,NA,Faulty
TLT_SERV_OFF.png,toCheck_100359_00191s_TLT_SERV_OFF.png,NA,NA,NA,NA,NA,NA,Faulty
NO_ALERT.png,toCheck_100359_00226s_NO_ALERT.png,NA,NA,NA,NA,NA,NA,Faulty
TLT_SERV_OFF.png,toCheck_100360_00191s_TLT_SERV_OFF.png,NA,NA,NA,NA,NA,NA,Faulty
NO_ALERT.png,toCheck_100360_00226s_NO_ALERT.png,NA,NA,NA,NA,NA,NA,Faulty
TLT_SERV_OFF.png,toCheck_100361_00191s_TLT_SERV_OFF.png,NA,NA,NA,NA,NA,NA,Faulty
NO_ALERT.png,toCheck_100361_00226s_NO_ALERT.png,NA,NA,NA,NA,NA,NA,Faulty
TLT_SERV_OFF.png,toCheck_100362_00191s_TLT_SERV_OFF.png,NA,NA,NA,NA,NA,NA,Faulty
NO_ALERT.png,toCheck_100362_00226s_NO_ALERT.png,NA,NA,NA,NA,NA,NA,Faulty
TLT_SERV_OFF.png,toCheck_100363_00191s_TLT_SERV_OFF.png,NA,NA,NA,NA,NA,NA,Faulty
NO_ALERT.png,toCheck_100363_00226s_NO_ALERT.png,NA,NA,NA,NA,NA,NA,Faulty
TLT_SERV_OFF.png,toCheck_100364_00191s_TLT_SERV_OFF.png,NA,NA,NA,NA,NA,NA,Faulty
NO_ALERT.png,toCheck_100364_00226s_NO_ALERT.png,NA,NA,NA,NA,NA,NA,Faulty
TLT_SERV_OFF.png,toCheck_100365_00191s_TLT_SERV_OFF.png,NA,NA,NA,NA,NA,NA,Faulty
NO_ALERT.png,toCheck_100365_00226s_NO_ALERT.png,NA,NA,NA,NA,NA,NA,Faulty
TLT_SERV_OFF.png,toCheck_100366_00191s_TLT_SERV_OFF.png,NA,NA,NA,NA,NA,NA,Faulty
NO_ALERT.png,toCheck_100366_00226s_NO_ALERT.png,NA,NA,NA,NA,NA,NA,Faulty
TLT_SERV_OFF.png,toCheck_100367_00191s_TLT_SERV_OFF.png,NA,NA,NA,NA,NA,NA,Faulty
NO_ALERT.png,toCheck_100367_00226s_NO_ALERT.png,NA,NA,NA,NA,NA,NA,Faulty
TLT_SERV_OFF.png,toCheck_100368_00191s_TLT_SERV_OFF.png,NA,NA,NA,NA,NA,NA,Faulty
NO_ALERT.png,toCheck_100368_00226s_NO_ALERT.png,NA,NA,NA,NA,NA,NA,Faulty
TLT_SERV_OFF.png,toCheck_100369_00191s_TLT_SERV_OFF.png,NA,NA,NA,NA,NA,NA,Faulty
NO_ALERT.png,toCheck_100369_00226s_NO_ALERT.png,NA,NA,NA,NA,NA,NA,Faulty
TLT_SERV_OFF.png,toCheck_100370_00191s_TLT_SERV_OFF.png,NA,NA,NA,NA,NA,NA,Faulty
NO_ALERT.png,toCheck_100370_00191s_NO_ALERT.png,NA,NA,NA,NA,NA,NA,Faulty
NO_ALERT.png,toCheck_100370_00226s_NO_ALERT.png,NA,NA,NA,NA,NA,NA,Faulty
TLT_SERV_OFF.png,toCheck_100371_00191s_TLT_SERV_OFF.png,NA,NA,NA,NA,NA,NA,Faulty
NO_ALERT.png,toCheck_100371_00226s_NO_ALERT.png,NA,NA,NA,NA,NA,NA,Faulty
TLT_SERV_OFF.png,toCheck_100372_00191s_TLT_SERV_OFF.png,NA,NA,NA,NA,NA,NA,Faulty
NO_ALERT.png,toCheck_100372_00191s_NO_ALERT.png,NA,NA,NA,NA,NA,NA,Faulty
NO_ALERT.png,toCheck_100372_00226s_NO_ALERT.png,NA,NA,NA,NA,NA,NA,Faulty
TLT_SERV_OFF.png,toCheck_100373_00191s_TLT_SERV_OFF.png,NA,NA,NA,NA,NA,NA,Faulty
NO_ALERT.png,toCheck_100373_00191s_NO_ALERT.png,NA,NA,NA,NA,NA,NA,Faulty
NO_ALERT.png,toCheck_100373_00226s_NO_ALERT.png,NA,NA,NA,NA,NA,NA,Faulty
TLT_SERV_OFF.png,toCheck_100374_00191s_TLT_SERV_OFF.png,NA,NA,NA,NA,NA,NA,Faulty
NO_ALERT.png,toCheck_100374_00191s_NO_ALERT.png,NA,NA,NA,NA,NA,NA,Faulty
NO_ALERT.png,toCheck_100374_00226s_NO_ALERT.png,NA,NA,NA,NA,NA,NA,Faulty
TLT_SERV_OFF.png,toCheck_100375_00191s_TLT_SERV_OFF.png,NA,NA,NA,NA,NA,NA,Faulty
NO_ALERT.png,toCheck_100375_00191s_NO_ALERT.png,NA,NA,NA,NA,NA,NA,Faulty
NO_ALERT.png,toCheck_100375_00226s_NO_ALERT.png,NA,NA,NA,NA,NA,NA,Faulty
TLT_SERV_OFF.png,toCheck_100376_00191s_TLT_SERV_OFF.png,NA,NA,NA,NA,NA,NA,Faulty
NO_ALERT.png,toCheck_100376_00226s_NO_ALERT.png,NA,NA,NA,NA,NA,NA,Faulty
TLT_SERV_OFF.png,toCheck_100377_00191s_TLT_SERV_OFF.png,NA,NA,NA,NA,NA,NA,Faulty
NO_ALERT.png,toCheck_100377_00226s_NO_ALERT.png,NA,NA,NA,NA,NA,NA,Faulty
TLT_SERV_OFF.png,toCheck_100378_00191s_TLT_SERV_OFF.png,NA,NA,NA,NA,NA,NA,Faulty
NO_ALERT.png,toCheck_100378_00226s_NO_ALERT.png,NA,NA,NA,NA,NA,NA,Faulty
TLT_SERV_OFF.png,toCheck_100379_00191s_TLT_SERV_OFF.png,NA,NA,NA,NA,NA,NA,Faulty
NO_ALERT.png,toCheck_100379_00226s_NO_ALERT.png,NA,NA,NA,NA,NA,NA,Faulty
TLT_SERV_OFF.png,toCheck_100380_00191s_TLT_SERV_OFF.png,NA,NA,NA,NA,NA,NA,Faulty
NO_ALERT.png,toCheck_100380_00226s_NO_ALERT.png,NA,NA,NA,NA,NA,NA,Faulty
TLT_SERV_OFF.png,toCheck_100381_00191s_TLT_SERV_OFF.png,NA,NA,NA,NA,NA,NA,Faulty
NO_ALERT.png,toCheck_100381_00226s_NO_ALERT.png,NA,NA,NA,NA,NA,NA,Faulty
TLT_SERV_OFF.png,toCheck_100382_00191s_TLT_SERV_OFF.png,NA,NA,NA,NA,NA,NA,Faulty
NO_ALERT.png,toCheck_100382_00226s_NO_ALERT.png,NA,NA,NA,NA,NA,NA,Faulty
TLT_SERV_OFF.png,toCheck_100383_00191s_TLT_SERV_OFF.png,NA,NA,NA,NA,NA,NA,Faulty
NO_ALERT.png,toCheck_100383_00226s_NO_ALERT.png,NA,NA,NA,NA,NA,NA,Faulty
TLT_SERV_OFF.png,toCheck_100384_00191s_TLT_SERV_OFF.png,NA,NA,NA,NA,NA,NA,Faulty
NO_ALERT.png,toCheck_100384_00226s_NO_ALERT.png,NA,NA,NA,NA,NA,NA,Faulty
TLT_SERV_OFF.png,toCheck_100385_00163s_TLT_SERV_OFF.png,NA,NA,NA,NA,NA,NA,Faulty
NO_ALERT.png,toCheck_100385_00168s_NO_ALERT.png,NA,NA,NA,NA,NA,NA,Faulty
NO_ALERT.png,toCheck_100386_00226s_NO_ALERT.png,NA,NA,NA,NA,NA,NA,Faulty
TLT_SERV_OFF.png,toCheck_100387_00191s_TLT_SERV_OFF.png,NA,NA,NA,NA,NA,NA,Faulty
TLT_STOP_ON.png,toCheck_100387_00191s_TLT_STOP_ON.png,NA,NA,NA,NA,NA,NA,Faulty
NO_ALERT.png,toCheck_100387_00226s_NO_ALERT.png,NA,NA,NA,NA,NA,NA,Faulty
TLT_SERV_OFF.png,toCheck_100388_00191s_TLT_SERV_OFF.png,NA,NA,NA,NA,NA,NA,Faulty
NO_ALERT.png,toCheck_100388_00226s_NO_ALERT.png,NA,NA,NA,NA,NA,NA,Faulty
TLT_SERV_OFF.png,toCheck_100389_00163s_TLT_SERV_OFF.png,NA,NA,NA,NA,NA,NA,Faulty
NO_ALERT.png,toCheck_100389_00168s_NO_ALERT.png,NA,NA,NA,NA,NA,NA,Faulty
TLT_SERV_OFF.png,toCheck_100390_00163s_TLT_SERV_OFF.png,NA,NA,NA,NA,NA,NA,Faulty
NO_ALERT.png,toCheck_100390_00198s_NO_ALERT.png,NA,NA,NA,NA,NA,NA,Faulty
TLT_SERV_OFF.png,toCheck_100391_00191s_TLT_SERV_OFF.png,NA,NA,NA,NA,NA,NA,Faulty
NO_ALERT.png,toCheck_100391_00226s_NO_ALERT.png,NA,NA,NA,NA,NA,NA,Faulty
TLT_SERV_OFF.png,toCheck_100392_00191s_TLT_SERV_OFF.png,NA,NA,NA,NA,NA,NA,Faulty
NO_ALERT.png,toCheck_100392_00226s_NO_ALERT.png,NA,NA,NA,NA,NA,NA,Faulty
TLT_SERV_OFF.png,toCheck_100393_00191s_TLT_SERV_OFF.png,NA,NA,NA,NA,NA,NA,Faulty
NO_ALERT.png,toCheck_100393_00226s_NO_ALERT.png,NA,NA,NA,NA,NA,NA,Faulty
TLT_SERV_OFF.png,toCheck_100394_00191s_TLT_SERV_OFF.png,NA,NA,NA,NA,NA,NA,Faulty
NO_ALERT.png,toCheck_100394_00226s_NO_ALERT.png,NA,NA,NA,NA,NA,NA,Faulty
TLT_SERV_OFF.png,toCheck_100395_00163s_TLT_SERV_OFF.png,NA,NA,NA,NA,NA,NA,Faulty
NO_ALERT.png,toCheck_100395_00198s_NO_ALERT.png,NA,NA,NA,NA,NA,NA,Faulty
TLT_SERV_OFF.png,toCheck_100396_00191s_TLT_SERV_OFF.png,NA,NA,NA,NA,NA,NA,Faulty
TLT_STOP_ON.png,toCheck_100396_00191s_TLT_STOP_ON.png,NA,NA,NA,NA,NA,NA,Faulty
NO_ALERT.png,toCheck_100396_00226s_NO_ALERT.png,NA,NA,NA,NA,NA,NA,Faulty
NO_ALERT.png,toCheck_100397_00226s_NO_ALERT.png,NA,NA,NA,NA,NA,NA,Faulty
NO_ALERT.png,toCheck_100398_00226s_NO_ALERT.png,NA,NA,NA,NA,NA,NA,Faulty
TLT_SERV_OFF.png,toCheck_100399_00191s_TLT_SERV_OFF.png,NA,NA,NA,NA,NA,NA,Faulty
NO_ALERT.png,toCheck_100399_00226s_NO_ALERT.png,NA,NA,NA,NA,NA,NA,Faulty
TLT_STOP_OFF.png,toCheck_100400_00191s_TLT_STOP_OFF.png,NA,NA,NA,NA,NA,NA,Faulty
NO_ALERT.png,toCheck_100400_00226s_NO_ALERT.png,NA,NA,NA,NA,NA,NA,Faulty
TLT_SERV_OFF.png,toCheck_100401_00191s_TLT_SERV_OFF.png,NA,NA,NA,NA,NA,NA,Faulty
TLT_STOP_ON.png,toCheck_100401_00191s_TLT_STOP_ON.png,NA,NA,NA,NA,NA,NA,Faulty
NO_ALERT.png,toCheck_100401_00226s_NO_ALERT.png,NA,NA,NA,NA,NA,NA,Faulty
TLT_SERV_OFF.png,toCheck_100402_00191s_TLT_SERV_OFF.png,NA,NA,NA,NA,NA,NA,Faulty
TLT_STOP_ON.png,toCheck_100402_00191s_TLT_STOP_ON.png,NA,NA,NA,NA,NA,NA,Faulty
NO_ALERT.png,toCheck_100402_00226s_NO_ALERT.png,NA,NA,NA,NA,NA,NA,Faulty
TLT_STOP_OFF.png,toCheck_100403_00191s_TLT_STOP_OFF.png,NA,NA,NA,NA,NA,NA,Faulty
NO_ALERT.png,toCheck_100403_00191s_NO_ALERT.png,NA,NA,NA,NA,NA,NA,Faulty
NO_ALERT.png,toCheck_100403_00226s_NO_ALERT.png,NA,NA,NA,NA,NA,NA,Faulty
TLT_SERV_OFF.png,toCheck_100404_00191s_TLT_SERV_OFF.png,NA,NA,NA,NA,NA,NA,Faulty
NO_ALERT.png,toCheck_100404_00226s_NO_ALERT.png,NA,NA,NA,NA,NA,NA,Faulty
NO_ALERT.png,toCheck_100405_00226s_NO_ALERT.png,NA,NA,NA,NA,NA,NA,Faulty
TLT_SERV_OFF.png,toCheck_100406_00191s_TLT_SERV_OFF.png,NA,NA,NA,NA,NA,NA,Faulty
NO_ALERT.png,toCheck_100406_00226s_NO_ALERT.png,NA,NA,NA,NA,NA,NA,Faulty
TLT_SERV_OFF.png,toCheck_100407_00191s_TLT_SERV_OFF.png,NA,NA,NA,NA,NA,NA,Faulty
NO_ALERT.png,toCheck_100407_00226s_NO_ALERT.png,NA,NA,NA,NA,NA,NA,Faulty
TLT_SERV_OFF.png,toCheck_100408_00191s_TLT_SERV_OFF.png,NA,NA,NA,NA,NA,NA,Faulty
NO_ALERT.png,toCheck_100408_00226s_NO_ALERT.png,NA,NA,NA,NA,NA,NA,Faulty
TLT_SERV_OFF.png,toCheck_100409_00191s_TLT_SERV_OFF.png,NA,NA,NA,NA,NA,NA,Faulty
NO_ALERT.png,toCheck_100409_00226s_NO_ALERT.png,NA,NA,NA,NA,NA,NA,Faulty
TLT_SERV_OFF.png,toCheck_100410_00191s_TLT_SERV_OFF.png,NA,NA,NA,NA,NA,NA,Faulty
NO_ALERT.png,toCheck_100410_00226s_NO_ALERT.png,NA,NA,NA,NA,NA,NA,Faulty
TLT_SERV_OFF.png,toCheck_100411_00191s_TLT_SERV_OFF.png,NA,NA,NA,NA,NA,NA,Faulty
NO_ALERT.png,toCheck_100411_00226s_NO_ALERT.png,NA,NA,NA,NA,NA,NA,Faulty
TLT_SERV_OFF.png,toCheck_100412_00191s_TLT_SERV_OFF.png,NA,NA,NA,NA,NA,NA,Faulty
NO_ALERT.png,toCheck_100412_00226s_NO_ALERT.png,NA,NA,NA,NA,NA,NA,Faulty
TLT_SERV_OFF.png,toCheck_100413_00191s_TLT_SERV_OFF.png,NA,NA,NA,NA,NA,NA,Faulty
NO_ALERT.png,toCheck_100413_00226s_NO_ALERT.png,NA,NA,NA,NA,NA,NA,Faulty
NO_ALERT.png,toCheck_100414_00226s_NO_ALERT.png,NA,NA,NA,NA,NA,NA,Faulty
NO_ALERT.png,toCheck_100415_00226s_NO_ALERT.png,NA,NA,NA,NA,NA,NA,Faulty
TLT_SERV_OFF.png,toCheck_100416_00191s_TLT_SERV_OFF.png,NA,NA,NA,NA,NA,NA,Faulty
NO_ALERT.png,toCheck_100416_00226s_NO_ALERT.png,NA,NA,NA,NA,NA,NA,Faulty
TLT_SERV_OFF.png,toCheck_100417_00191s_TLT_SERV_OFF.png,NA,NA,NA,NA,NA,NA,Faulty
NO_ALERT.png,toCheck_100417_00226s_NO_ALERT.png,NA,NA,NA,NA,NA,NA,Faulty
TLT_SERV_OFF.png,toCheck_100418_00191s_TLT_SERV_OFF.png,NA,NA,NA,NA,NA,NA,Faulty
NO_ALERT.png,toCheck_100418_00226s_NO_ALERT.png,NA,NA,NA,NA,NA,NA,Faulty
TLT_SERV_OFF.png,toCheck_100419_00191s_TLT_SERV_OFF.png,NA,NA,NA,NA,NA,NA,Faulty
NO_ALERT.png,toCheck_100419_00226s_NO_ALERT.png,NA,NA,NA,NA,NA,NA,Faulty
TLT_SERV_OFF.png,toCheck_100420_00191s_TLT_SERV_OFF.png,NA,NA,NA,NA,NA,NA,Faulty
NO_ALERT.png,toCheck_100420_00226s_NO_ALERT.png,NA,NA,NA,NA,NA,NA,Faulty
TLT_SERV_OFF.png,toCheck_100421_00191s_TLT_SERV_OFF.png,NA,NA,NA,NA,NA,NA,Faulty
NO_ALERT.png,toCheck_100421_00226s_NO_ALERT.png,NA,NA,NA,NA,NA,NA,Faulty
TLT_SERV_OFF.png,toCheck_100422_00191s_TLT_SERV_OFF.png,NA,NA,NA,NA,NA,NA,Faulty
NO_ALERT.png,toCheck_100422_00226s_NO_ALERT.png,NA,NA,NA,NA,NA,NA,Faulty
TLT_SERV_OFF.png,toCheck_100423_00163s_TLT_SERV_OFF.png,NA,NA,NA,NA,NA,NA,Faulty
NO_ALERT.png,toCheck_100423_00163s_NO_ALERT.png,NA,NA,NA,NA,NA,NA,Faulty
NO_ALERT.png,toCheck_100423_00168s_NO_ALERT.png,NA,NA,NA,NA,NA,NA,Faulty
TLT_SERV_OFF.png,toCheck_100424_00163s_TLT_SERV_OFF.png,NA,NA,NA,NA,NA,NA,Faulty
NO_ALERT.png,toCheck_100424_00163s_NO_ALERT.png,NA,NA,NA,NA,NA,NA,Faulty
NO_ALERT.png,toCheck_100424_00168s_NO_ALERT.png,NA,NA,NA,NA,NA,NA,Faulty
TLT_RDIR_ON.png,toCheck_100425_00163s_TLT_RDIR_ON.png,NA,NA,NA,NA,NA,NA,Faulty
TLT_RDIR_OFF.png,toCheck_100425_00168s_TLT_RDIR_OFF.png,NA,NA,NA,NA,NA,NA,Faulty
TLT_SERV_OFF.png,toCheck_100425_00173s_TLT_SERV_OFF.png,NA,NA,NA,NA,NA,NA,Faulty
NO_ALERT.png,toCheck_100425_00173s_NO_ALERT.png,NA,NA,NA,NA,NA,NA,Faulty
NO_ALERT.png,toCheck_100425_00178s_NO_ALERT.png,NA,NA,NA,NA,NA,NA,Faulty
TLT_SERV_OFF.png,toCheck_100426_00173s_TLT_SERV_OFF.png,NA,NA,NA,NA,NA,NA,Faulty
NO_ALERT.png,toCheck_100426_00173s_NO_ALERT.png,NA,NA,NA,NA,NA,NA,Faulty
NO_ALERT.png,toCheck_100426_00178s_NO_ALERT.png,NA,NA,NA,NA,NA,NA,Faulty
TLT_SERV_OFF.png,toCheck_100427_00191s_TLT_SERV_OFF.png,NA,NA,NA,NA,NA,NA,Faulty
NO_ALERT.png,toCheck_100427_00226s_NO_ALERT.png,NA,NA,NA,NA,NA,NA,Faulty
TLT_SERV_OFF.png,toCheck_100000_00163s_TLT_SERV_OFF.png,NA,NA,NA,NA,NA,NA,Faulty
NO_ALERT.png,toCheck_100000_00168s_NO_ALERT.png,NA,NA,NA,NA,NA,NA,Faulty
TLT_SERV_OFF.png,toCheck_100001_00338s_TLT_SERV_OFF.png,NA,NA,NA,NA,NA,NA,Faulty
TLT_FUELCAP_ON.png,toCheck_100001_00338s_TLT_FUELCAP_ON.png,NA,NA,NA,NA,NA,NA,Faulty
NO_ALERT.png,toCheck_100001_00338s_NO_ALERT.png,NA,NA,NA,NA,NA,NA,Faulty
NO_ALERT.png,toCheck_100001_00373s_NO_ALERT.png,NA,NA,NA,NA,NA,NA,Faulty
TLT_FUELCAPOPEN_OFF.png,toCheck_100002_00536s_TLT_FUELCAPOPEN_OFF.png,NA,NA,NA,NA,NA,NA,Faulty
FUELCAP_PREV_PAGE.png,toCheck_100002_00536s_FUELCAP_PREV_PAGE.png,NA,NA,NA,NA,NA,NA,Faulty
TLT_SERV_OFF.png,toCheck_100000_00196s_TLT_SERV_OFF.png,NA,NA,NA,NA,NA,NA,Faulty
NO_ALERT.png,toCheck_100000_00236s_NO_ALERT.png,NA,NA,NA,NA,NA,NA,Faulty
TLT_SERV_OFF.png,toCheck_100001_00201s_TLT_SERV_OFF.png,NA,NA,NA,NA,NA,NA,Faulty
TXTALT_10925_16_FR.png,toCheck_100001_00201s_TXTALT_10925_16_FR.png,NA,NA,NA,NA,NA,NA,Faulty
NO_ALERT.png,toCheck_100001_00241s_NO_ALERT.png,NA,NA,NA,NA,NA,NA,Faulty
TLT_STOP_OFF.png,toCheck_100002_00430s_TLT_STOP_OFF.png,NA,NA,NA,NA,NA,NA,Faulty
TLT_SERV_OFF.png,toCheck_100002_00430s_TLT_SERV_OFF.png,NA,NA,NA,NA,NA,NA,Faulty
TLT_SERV_OFF.png,toCheck_100002_00420s_TLT_SERV_OFF.png,NA,NA,NA,NA,NA,NA,Faulty
TLT_STOP_OFF.png,toCheck_100002_00420s_TLT_STOP_OFF.png,NA,NA,NA,NA,NA,NA,Faulty
TLT_SERV_OFF.png,toCheck_100002_00425s_TLT_SERV_OFF.png,NA,NA,NA,NA,NA,NA,Faulty
TLT_STOP_OFF.png,toCheck_100002_00425s_TLT_STOP_OFF.png,NA,NA,NA,NA,NA,NA,Faulty
TLT_SERV_OFF.png,toCheck_100003_00191s_TLT_SERV_OFF.png,NA,NA,NA,NA,NA,NA,Faulty
NO_ALERT.png,toCheck_100003_00191s_NO_ALERT.png,NA,NA,NA,NA,NA,NA,Faulty
NO_ALERT.png,toCheck_100003_00226s_NO_ALERT.png,NA,NA,NA,NA,NA,NA,Faulty
CC_GRY_INV.png,toCheck_100004_00191s_CC_GRY_INV.png,NA,NA,NA,NA,NA,NA,Faulty
TLT_SERV_OFF.png,toCheck_100004_00191s_TLT_SERV_OFF.png,NA,NA,NA,NA,NA,NA,Faulty
NO_ALERT.png,toCheck_100004_00191s_NO_ALERT.png,NA,NA,NA,NA,NA,NA,Faulty
NO_ALERT.png,toCheck_100004_00226s_NO_ALERT.png,NA,NA,NA,NA,NA,NA,Faulty
TLT_SERV_OFF.png,toCheck_100005_00191s_TLT_SERV_OFF.png,NA,NA,NA,NA,NA,NA,Faulty
NO_ALERT.png,toCheck_100005_00191s_NO_ALERT.png,NA,NA,NA,NA,NA,NA,Faulty
NO_ALERT.png,toCheck_100005_00226s_NO_ALERT.png,NA,NA,NA,NA,NA,NA,Faulty
TLT_SERV_OFF.png,toCheck_100006_00191s_TLT_SERV_OFF.png,NA,NA,NA,NA,NA,NA,Faulty
NO_ALERT.png,toCheck_100006_00191s_NO_ALERT.png,NA,NA,NA,NA,NA,NA,Faulty
NO_ALERT.png,toCheck_100006_00226s_NO_ALERT.png,NA,NA,NA,NA,NA,NA,Faulty
TLT_SERV_OFF.png,toCheck_100007_00191s_TLT_SERV_OFF.png,NA,NA,NA,NA,NA,NA,Faulty
NO_ALERT.png,toCheck_100007_00191s_NO_ALERT.png,NA,NA,NA,NA,NA,NA,Faulty
NO_ALERT.png,toCheck_100007_00226s_NO_ALERT.png,NA,NA,NA,NA,NA,NA,Faulty
TLT_STOP_OFF.png,toCheck_100008_00680s_TLT_STOP_OFF.png,NA,NA,NA,NA,NA,NA,Faulty
NO_ALERT.png,toCheck_100008_00690s_NO_ALERT.png,NA,NA,NA,NA,NA,NA,Faulty
NO_ALERT.png,toCheck_100008_01150s_NO_ALERT.png,NA,NA,NA,NA,NA,NA,Faulty
TLT_SERV_OFF.png,toCheck_100008_00663s_TLT_SERV_OFF.png,NA,NA,NA,NA,NA,NA,Faulty
TLT_STOP_OFF.png,toCheck_100008_00663s_TLT_STOP_OFF.png,NA,NA,NA,NA,NA,NA,Faulty
TLT_SERV_OFF.png,toCheck_100008_00680s_TLT_SERV_OFF.png,NA,NA,NA,NA,NA,NA,Faulty
NO_ALERT.png,toCheck_100009_00208s_NO_ALERT.png,NA,NA,NA,NA,NA,NA,Faulty
NO_ALERT.png,toCheck_100010_00208s_NO_ALERT.png,NA,NA,NA,NA,NA,NA,Faulty
NO_ALERT.png,toCheck_100011_00233s_NO_ALERT.png,NA,NA,NA,NA,NA,NA,Faulty
NO_ALERT.png,toCheck_100011_00238s_NO_ALERT.png,NA,NA,NA,NA,NA,NA,Faulty
NO_ALERT.png,toCheck_100011_00243s_NO_ALERT.png,NA,NA,NA,NA,NA,NA,Faulty
NO_ALERT.png,toCheck_100011_00208s_NO_ALERT.png,NA,NA,NA,NA,NA,NA,Faulty
NO_ALERT.png,toCheck_100011_00223s_NO_ALERT.png,NA,NA,NA,NA,NA,NA,Faulty
NO_ALERT.png,toCheck_100011_00228s_NO_ALERT.png,NA,NA,NA,NA,NA,NA,Faulty
NO_ALERT.png,toCheck_100012_00208s_NO_ALERT.png,NA,NA,NA,NA,NA,NA,Faulty
NO_ALERT.png,toCheck_100013_00709s_NO_ALERT.png,NA,NA,NA,NA,NA,NA,Faulty
NO_ALERT.png,toCheck_100013_00208s_NO_ALERT.png,NA,NA,NA,NA,NA,NA,Faulty
NO_ALERT.png,toCheck_100013_00704s_NO_ALERT.png,NA,NA,NA,NA,NA,NA,Faulty
NO_ALERT.png,toCheck_100014_00680s_NO_ALERT.png,NA,NA,NA,NA,NA,NA,Faulty
NO_ALERT.png,toCheck_100014_01140s_NO_ALERT.png,NA,NA,NA,NA,NA,NA,Faulty
TLT_SERV_OFF.png,toCheck_100014_00653s_TLT_SERV_OFF.png,NA,NA,NA,NA,NA,NA,Faulty
TLT_STOP_OFF.png,toCheck_100014_00653s_TLT_STOP_OFF.png,NA,NA,NA,NA,NA,NA,Faulty
TLT_SERV_OFF.png,toCheck_100014_00670s_TLT_SERV_OFF.png,NA,NA,NA,NA,NA,NA,Faulty
TLT_STOP_OFF.png,toCheck_100014_00670s_TLT_STOP_OFF.png,NA,NA,NA,NA,NA,NA,Faulty
NO_ALERT.png,toCheck_100015_00261s_NO_ALERT.png,NA,NA,NA,NA,NA,NA,Faulty
NO_ALERT.png,toCheck_100015_00283s_NO_ALERT.png,NA,NA,NA,NA,NA,NA,Faulty
NO_ALERT.png,toCheck_100015_00306s_NO_ALERT.png,NA,NA,NA,NA,NA,NA,Faulty
NO_ALERT.png,toCheck_100015_00311s_NO_ALERT.png,NA,NA,NA,NA,NA,NA,Faulty
NO_ALERT.png,toCheck_100015_00333s_NO_ALERT.png,NA,NA,NA,NA,NA,NA,Faulty
NO_ALERT.png,toCheck_100015_00356s_NO_ALERT.png,NA,NA,NA,NA,NA,NA,Faulty
NO_ALERT.png,toCheck_100015_00361s_NO_ALERT.png,NA,NA,NA,NA,NA,NA,Faulty
TXTALT_10911_9_FR.png,toCheck_100015_00211s_TXTALT_10911_9_FR.png,NA,NA,NA,NA,NA,NA,Faulty
NO_ALERT.png,toCheck_100015_00216s_NO_ALERT.png,NA,NA,NA,NA,NA,NA,Faulty
NO_ALERT.png,toCheck_100015_00238s_NO_ALERT.png,NA,NA,NA,NA,NA,NA,Faulty
TLT_SERV_OFF.png,toCheck_100016_00449s_TLT_SERV_OFF.png,NA,NA,NA,NA,NA,NA,Faulty
TLT_SERV_OFF.png,toCheck_100016_00489s_TLT_SERV_OFF.png,NA,NA,NA,NA,NA,NA,Faulty
TLT_SERV_OFF.png,toCheck_100016_00489s_TLT_SERV_OFF.png,NA,NA,NA,NA,NA,NA,Faulty
TLT_SERV_OFF.png,toCheck_100016_00506s_TLT_SERV_OFF.png,NA,NA,NA,NA,NA,NA,Faulty
TLT_SERV_OFF.png,toCheck_100016_00506s_TLT_SERV_OFF.png,NA,NA,NA,NA,NA,NA,Faulty
TLT_SERV_OFF.png,toCheck_100016_00511s_TLT_SERV_OFF.png,NA,NA,NA,NA,NA,NA,Faulty
NO_ALERT.png,toCheck_100016_00521s_NO_ALERT.png,NA,NA,NA,NA,NA,NA,Faulty
TLT_SERV_OFF.png,toCheck_100016_00429s_TLT_SERV_OFF.png,NA,NA,NA,NA,NA,NA,Faulty
NO_ALERT.png,toCheck_100016_00434s_NO_ALERT.png,NA,NA,NA,NA,NA,NA,Faulty
NO_ALERT.png,toCheck_100016_00444s_NO_ALERT.png,NA,NA,NA,NA,NA,NA,Faulty
TLT_SERV_OFF.png,toCheck_100017_00563s_TLT_SERV_OFF.png,NA,NA,NA,NA,NA,NA,Faulty
TLT_STOP_OFF.png,toCheck_100017_00563s_TLT_STOP_OFF.png,NA,NA,NA,NA,NA,NA,Faulty
TLT_SERV_OFF.png,toCheck_100017_00580s_TLT_SERV_OFF.png,NA,NA,NA,NA,NA,NA,Faulty
TLT_STOP_OFF.png,toCheck_100017_00580s_TLT_STOP_OFF.png,NA,NA,NA,NA,NA,NA,Faulty
NO_ALERT.png,toCheck_100017_00745s_NO_ALERT.png,NA,NA,NA,NA,NA,NA,Faulty
NO_ALERT.png,toCheck_100017_01205s_NO_ALERT.png,NA,NA,NA,NA,NA,NA,Faulty
TLT_SERV_OFF.png,toCheck_100018_00533s_TLT_SERV_OFF.png,NA,NA,NA,NA,NA,NA,Faulty
TLT_STOP_OFF.png,toCheck_100018_00533s_TLT_STOP_OFF.png,NA,NA,NA,NA,NA,NA,Faulty
TLT_SERV_OFF.png,toCheck_100018_00550s_TLT_SERV_OFF.png,NA,NA,NA,NA,NA,NA,Faulty
TLT_STOP_OFF.png,toCheck_100018_00550s_TLT_STOP_OFF.png,NA,NA,NA,NA,NA,NA,Faulty
NO_ALERT.png,toCheck_100018_00560s_NO_ALERT.png,NA,NA,NA,NA,NA,NA,Faulty
NO_ALERT.png,toCheck_100018_00865s_NO_ALERT.png,NA,NA,NA,NA,NA,NA,Faulty
TLT_SERV_OFF.png,toCheck_100019_00430s_TLT_SERV_OFF.png,NA,NA,NA,NA,NA,NA,Faulty
TLT_STOP_OFF.png,toCheck_100019_00430s_TLT_STOP_OFF.png,NA,NA,NA,NA,NA,NA,Faulty
TLT_SERV_OFF.png,toCheck_100019_00420s_TLT_SERV_OFF.png,NA,NA,NA,NA,NA,NA,Faulty
TLT_STOP_OFF.png,toCheck_100019_00420s_TLT_STOP_OFF.png,NA,NA,NA,NA,NA,NA,Faulty
TLT_SERV_OFF.png,toCheck_100020_00533s_TLT_SERV_OFF.png,NA,NA,NA,NA,NA,NA,Faulty
TLT_STOP_OFF.png,toCheck_100020_00533s_TLT_STOP_OFF.png,NA,NA,NA,NA,NA,NA,Faulty
TLT_BSISOFF_ON.png,toCheck_100020_00533s_TLT_BSISOFF_ON.png,NA,NA,NA,NA,NA,NA,Faulty
NO_ALERT.png,toCheck_100020_00550s_NO_ALERT.png,NA,NA,NA,NA,NA,NA,Faulty
NO_ALERT.png,toCheck_100020_00560s_NO_ALERT.png,NA,NA,NA,NA,NA,NA,Faulty
NO_ALERT.png,toCheck_100020_00865s_NO_ALERT.png,NA,NA,NA,NA,NA,NA,Faulty
NO_ALERT.png,toCheck_100021_00550s_NO_ALERT.png,NA,NA,NA,NA,NA,NA,Faulty
NO_ALERT.png,toCheck_100021_00880s_NO_ALERT.png,NA,NA,NA,NA,NA,NA,Faulty
TLT_SERV_OFF.png,toCheck_100021_00523s_TLT_SERV_OFF.png,NA,NA,NA,NA,NA,NA,Faulty
TLT_STOP_OFF.png,toCheck_100021_00523s_TLT_STOP_OFF.png,NA,NA,NA,NA,NA,NA,Faulty
TLT_SERV_OFF.png,toCheck_100021_00523s_TLT_SERV_OFF.png,NA,NA,NA,NA,NA,NA,Faulty
TLT_STOP_OFF.png,toCheck_100021_00523s_TLT_STOP_OFF.png,NA,NA,NA,NA,NA,NA,Faulty
TLT_BSISOFF_ON.png,toCheck_100021_00523s_TLT_BSISOFF_ON.png,NA,NA,NA,NA,NA,NA,Faulty
NO_ALERT.png,toCheck_100021_00540s_NO_ALERT.png,NA,NA,NA,NA,NA,NA,Faulty
NO_ALERT.png,toCheck_100022_00213s_NO_ALERT.png,NA,NA,NA,NA,NA,NA,Faulty
TLT_SERV_OFF.png,toCheck_100023_00518s_TLT_SERV_OFF.png,NA,NA,NA,NA,NA,NA,Faulty
TLT_STOP_OFF.png,toCheck_100023_00518s_TLT_STOP_OFF.png,NA,NA,NA,NA,NA,NA,Faulty
NO_ALERT.png,toCheck_100023_00535s_NO_ALERT.png,NA,NA,NA,NA,NA,NA,Faulty
NO_ALERT.png,toCheck_100023_00545s_NO_ALERT.png,NA,NA,NA,NA,NA,NA,Faulty
NO_ALERT.png,toCheck_100023_00850s_NO_ALERT.png,NA,NA,NA,NA,NA,NA,Faulty
NO_ALERT.png,toCheck_100024_00515s_NO_ALERT.png,NA,NA,NA,NA,NA,NA,Faulty
NO_ALERT.png,toCheck_100024_00525s_NO_ALERT.png,NA,NA,NA,NA,NA,NA,Faulty
NO_ALERT.png,toCheck_100024_00830s_NO_ALERT.png,NA,NA,NA,NA,NA,NA,Faulty
NO_ALERT.png,toCheck_100026_00528s_NO_ALERT.png,NA,NA,NA,NA,NA,NA,Faulty
NO_ALERT.png,toCheck_100026_00538s_NO_ALERT.png,NA,NA,NA,NA,NA,NA,Faulty
NO_ALERT.png,toCheck_100026_00548s_NO_ALERT.png,NA,NA,NA,NA,NA,NA,Faulty
NO_ALERT.png,toCheck_100026_00558s_NO_ALERT.png,NA,NA,NA,NA,NA,NA,Faulty
NO_ALERT.png,toCheck_100026_00568s_NO_ALERT.png,NA,NA,NA,NA,NA,NA,Faulty
NO_ALERT.png,toCheck_100026_00578s_NO_ALERT.png,NA,NA,NA,NA,NA,NA,Faulty
TLT_SERV_OFF.png,toCheck_100026_00378s_TLT_SERV_OFF.png,NA,NA,NA,NA,NA,NA,Faulty
TLT_STOP_OFF.png,toCheck_100026_00378s_TLT_STOP_OFF.png,NA,NA,NA,NA,NA,NA,Faulty
NO_ALERT.png,toCheck_100026_00395s_NO_ALERT.png,NA,NA,NA,NA,NA,NA,Faulty
NO_ALERT.png,toCheck_100026_00518s_NO_ALERT.png,NA,NA,NA,NA,NA,NA,Faulty
NO_ALERT.png,toCheck_100027_00678s_NO_ALERT.png,NA,NA,NA,NA,NA,NA,Faulty
NO_ALERT.png,toCheck_100027_00983s_NO_ALERT.png,NA,NA,NA,NA,NA,NA,Faulty
TLT_SERV_OFF.png,toCheck_100027_00533s_TLT_SERV_OFF.png,NA,NA,NA,NA,NA,NA,Faulty
TLT_STOP_OFF.png,toCheck_100027_00533s_TLT_STOP_OFF.png,NA,NA,NA,NA,NA,NA,Faulty
TLT_SERV_OFF.png,toCheck_100027_00550s_TLT_SERV_OFF.png,NA,NA,NA,NA,NA,NA,Faulty
TLT_STOP_OFF.png,toCheck_100027_00550s_TLT_STOP_OFF.png,NA,NA,NA,NA,NA,NA,Faulty
NO_ALERT.png,toCheck_100028_00528s_NO_ALERT.png,NA,NA,NA,NA,NA,NA,Faulty
NO_ALERT.png,toCheck_100028_00538s_NO_ALERT.png,NA,NA,NA,NA,NA,NA,Faulty
NO_ALERT.png,toCheck_100028_00548s_NO_ALERT.png,NA,NA,NA,NA,NA,NA,Faulty
NO_ALERT.png,toCheck_100028_00558s_NO_ALERT.png,NA,NA,NA,NA,NA,NA,Faulty
NO_ALERT.png,toCheck_100028_00568s_NO_ALERT.png,NA,NA,NA,NA,NA,NA,Faulty
NO_ALERT.png,toCheck_100028_00578s_NO_ALERT.png,NA,NA,NA,NA,NA,NA,Faulty
TLT_SERV_OFF.png,toCheck_100028_00378s_TLT_SERV_OFF.png,NA,NA,NA,NA,NA,NA,Faulty
TLT_STOP_OFF.png,toCheck_100028_00378s_TLT_STOP_OFF.png,NA,NA,NA,NA,NA,NA,Faulty
NO_ALERT.png,toCheck_100028_00395s_NO_ALERT.png,NA,NA,NA,NA,NA,NA,Faulty
NO_ALERT.png,toCheck_100028_00518s_NO_ALERT.png,NA,NA,NA,NA,NA,NA,Faulty
NO_ALERT.png,toCheck_100029_00968s_NO_ALERT.png,NA,NA,NA,NA,NA,NA,Faulty
NO_ALERT.png,toCheck_100029_01418s_NO_ALERT.png,NA,NA,NA,NA,NA,NA,Faulty
TLT_SERV_OFF.png,toCheck_100029_00678s_TLT_SERV_OFF.png,NA,NA,NA,NA,NA,NA,Faulty
TLT_STOP_OFF.png,toCheck_100029_00678s_TLT_STOP_OFF.png,NA,NA,NA,NA,NA,NA,Faulty
TLT_SERV_OFF.png,toCheck_100029_00695s_TLT_SERV_OFF.png,NA,NA,NA,NA,NA,NA,Faulty
TLT_STOP_OFF.png,toCheck_100029_00695s_TLT_STOP_OFF.png,NA,NA,NA,NA,NA,NA,Faulty
NoSafeAdviceMsg.png,toCheck_100030_00731s_NoSafeAdviceMsg.png,NA,NA,NA,NA,NA,NA,Faulty
SafeScore_NoDisplay.png,toCheck_100031_00739s_SafeScore_NoDisplay.png,NA,NA,NA,NA,NA,NA,Faulty
NO_ALERT.png,toCheck_100033_00243s_NO_ALERT.png,NA,NA,NA,NA,NA,NA,Faulty
NO_ALERT.png,toCheck_100033_00248s_NO_ALERT.png,NA,NA,NA,NA,NA,NA,Faulty
NO_ALERT.png,toCheck_100033_00208s_NO_ALERT.png,NA,NA,NA,NA,NA,NA,Faulty
NO_ALERT.png,toCheck_100033_00238s_NO_ALERT.png,NA,NA,NA,NA,NA,NA,Faulty
NO_ALERT.png,toCheck_100034_00208s_NO_ALERT.png,NA,NA,NA,NA,NA,NA,Faulty
NO_ALERT.png,toCheck_100034_00218s_NO_ALERT.png,NA,NA,NA,NA,NA,NA,Faulty
NO_ALERT.png,toCheck_100034_00223s_NO_ALERT.png,NA,NA,NA,NA,NA,NA,Faulty
NO_ALERT.png,toCheck_100035_00208s_NO_ALERT.png,NA,NA,NA,NA,NA,NA,Faulty
NO_ALERT.png,toCheck_100035_00709s_NO_ALERT.png,NA,NA,NA,NA,NA,NA,Faulty
TLT_SERV_OFF.png,toCheck_100036_00563s_TLT_SERV_OFF.png,NA,NA,NA,NA,NA,NA,Faulty
TLT_STOP_OFF.png,toCheck_100036_00563s_TLT_STOP_OFF.png,NA,NA,NA,NA,NA,NA,Faulty
TLT_SERV_OFF.png,toCheck_100036_00580s_TLT_SERV_OFF.png,NA,NA,NA,NA,NA,NA,Faulty
TLT_STOP_OFF.png,toCheck_100036_00580s_TLT_STOP_OFF.png,NA,NA,NA,NA,NA,NA,Faulty
NO_ALERT.png,toCheck_100036_00745s_NO_ALERT.png,NA,NA,NA,NA,NA,NA,Faulty
NO_ALERT.png,toCheck_100036_01205s_NO_ALERT.png,NA,NA,NA,NA,NA,NA,Faulty
TLT_SERV_OFF.png,toCheck_100037_00393s_TLT_SERV_OFF.png,NA,NA,NA,NA,NA,NA,Faulty
NO_ALERT.png,toCheck_100037_00393s_NO_ALERT.png,NA,NA,NA,NA,NA,NA,Faulty
TLT_SERV_OFF.png,toCheck_100037_00398s_TLT_SERV_OFF.png,NA,NA,NA,NA,NA,NA,Faulty
TLT_SERV_OFF.png,toCheck_100037_00418s_TLT_SERV_OFF.png,NA,NA,NA,NA,NA,NA,Faulty
TLT_SERV_OFF.png,toCheck_100037_00423s_TLT_SERV_OFF.png,NA,NA,NA,NA,NA,NA,Faulty
TLT_SERV_OFF.png,toCheck_100037_00443s_TLT_SERV_OFF.png,NA,NA,NA,NA,NA,NA,Faulty
TLT_SERV_OFF.png,toCheck_100037_00448s_TLT_SERV_OFF.png,NA,NA,NA,NA,NA,NA,Faulty
TLT_SERV_OFF.png,toCheck_100037_00453s_TLT_SERV_OFF.png,NA,NA,NA,NA,NA,NA,Faulty
TLT_SERV_OFF.png,toCheck_100037_00458s_TLT_SERV_OFF.png,NA,NA,NA,NA,NA,NA,Faulty
TLT_SERV_OFF.png,toCheck_100037_00478s_TLT_SERV_OFF.png,NA,NA,NA,NA,NA,NA,Faulty
TLT_SERV_OFF.png,toCheck_100037_00483s_TLT_SERV_OFF.png,NA,NA,NA,NA,NA,NA,Faulty
TLT_SERV_OFF.png,toCheck_100037_00493s_TLT_SERV_OFF.png,NA,NA,NA,NA,NA,NA,Faulty
TLT_SERV_OFF.png,toCheck_100037_00383s_TLT_SERV_OFF.png,NA,NA,NA,NA,NA,NA,Faulty
TLT_SERV_OFF.png,toCheck_100037_00493s_TLT_SERV_OFF.png,NA,NA,NA,NA,NA,NA,Faulty
TLT_SERV_OFF.png,toCheck_100037_00510s_TLT_SERV_OFF.png,NA,NA,NA,NA,NA,NA,Faulty
TLT_SERV_OFF.png,toCheck_100037_00510s_TLT_SERV_OFF.png,NA,NA,NA,NA,NA,NA,Faulty
NO_ALERT.png,toCheck_100037_00525s_NO_ALERT.png,NA,NA,NA,NA,NA,NA,Faulty
TLT_SERV_OFF.png,toCheck_100037_00388s_TLT_SERV_OFF.png,NA,NA,NA,NA,NA,NA,Faulty
NO_ALERT.png,toCheck_100038_00255s_NO_ALERT.png,NA,NA,NA,NA,NA,NA,Faulty
NO_ALERT.png,toCheck_100038_00278s_NO_ALERT.png,NA,NA,NA,NA,NA,NA,Faulty
NO_ALERT.png,toCheck_100038_00288s_NO_ALERT.png,NA,NA,NA,NA,NA,NA,Faulty
NO_ALERT.png,toCheck_100038_00310s_NO_ALERT.png,NA,NA,NA,NA,NA,NA,Faulty
NO_ALERT.png,toCheck_100038_00320s_NO_ALERT.png,NA,NA,NA,NA,NA,NA,Faulty
NO_ALERT.png,toCheck_100038_00343s_NO_ALERT.png,NA,NA,NA,NA,NA,NA,Faulty
NO_ALERT.png,toCheck_100038_00353s_NO_ALERT.png,NA,NA,NA,NA,NA,NA,Faulty
TLT_SERV_OFF.png,toCheck_100038_00358s_TLT_SERV_OFF.png,NA,NA,NA,NA,NA,NA,Faulty
TLT_STOP_OFF.png,toCheck_100038_00358s_TLT_STOP_OFF.png,NA,NA,NA,NA,NA,NA,Faulty
NO_ALERT.png,toCheck_100038_00363s_NO_ALERT.png,NA,NA,NA,NA,NA,NA,Faulty
NO_ALERT.png,toCheck_100038_00385s_NO_ALERT.png,NA,NA,NA,NA,NA,NA,Faulty
NO_ALERT.png,toCheck_100038_00395s_NO_ALERT.png,NA,NA,NA,NA,NA,NA,Faulty
NO_ALERT.png,toCheck_100038_00405s_NO_ALERT.png,NA,NA,NA,NA,NA,NA,Faulty
NO_ALERT.png,toCheck_100038_00213s_NO_ALERT.png,NA,NA,NA,NA,NA,NA,Faulty
NO_ALERT.png,toCheck_100038_00223s_NO_ALERT.png,NA,NA,NA,NA,NA,NA,Faulty
NO_ALERT.png,toCheck_100038_00245s_NO_ALERT.png,NA,NA,NA,NA,NA,NA,Faulty
NO_ALERT.png,toCheck_100039_00223s_NO_ALERT.png,NA,NA,NA,NA,NA,NA,Faulty
NO_ALERT.png,toCheck_100039_00233s_NO_ALERT.png,NA,NA,NA,NA,NA,NA,Faulty
NO_ALERT.png,toCheck_100039_00243s_NO_ALERT.png,NA,NA,NA,NA,NA,NA,Faulty
NO_ALERT.png,toCheck_100039_00253s_NO_ALERT.png,NA,NA,NA,NA,NA,NA,Faulty
NO_ALERT.png,toCheck_100039_00263s_NO_ALERT.png,NA,NA,NA,NA,NA,NA,Faulty
NO_ALERT.png,toCheck_100039_00273s_NO_ALERT.png,NA,NA,NA,NA,NA,NA,Faulty
TLT_SBSOFF_ON.png,toCheck_100039_00278s_TLT_SBSOFF_ON.png,NA,NA,NA,NA,NA,NA,Faulty
TLT_SERV_OFF.png,toCheck_100039_00278s_TLT_SERV_OFF.png,NA,NA,NA,NA,NA,NA,Faulty
TLT_STOP_OFF.png,toCheck_100039_00278s_TLT_STOP_OFF.png,NA,NA,NA,NA,NA,NA,Faulty
TLT_SERV_OFF.png,toCheck_100039_00278s_TLT_SERV_OFF.png,NA,NA,NA,NA,NA,NA,Faulty
TLT_STOP_OFF.png,toCheck_100039_00278s_TLT_STOP_OFF.png,NA,NA,NA,NA,NA,NA,Faulty
NO_ALERT.png,toCheck_100039_00283s_NO_ALERT.png,NA,NA,NA,NA,NA,NA,Faulty
TLT_SBSOFF_ON.png,toCheck_100039_00208s_TLT_SBSOFF_ON.png,NA,NA,NA,NA,NA,NA,Faulty
TLT_SERV_OFF.png,toCheck_100039_00208s_TLT_SERV_OFF.png,NA,NA,NA,NA,NA,NA,Faulty
TLT_STOP_OFF.png,toCheck_100039_00208s_TLT_STOP_OFF.png,NA,NA,NA,NA,NA,NA,Faulty
TLT_SERV_OFF.png,toCheck_100039_00208s_TLT_SERV_OFF.png,NA,NA,NA,NA,NA,NA,Faulty
TLT_STOP_OFF.png,toCheck_100039_00208s_TLT_STOP_OFF.png,NA,NA,NA,NA,NA,NA,Faulty
NO_ALERT.png,toCheck_100039_00213s_NO_ALERT.png,NA,NA,NA,NA,NA,NA,Faulty
NO_ALERT.png,toCheck_100040_00235s_NO_ALERT.png,NA,NA,NA,NA,NA,NA,Faulty
TLT_SERV_OFF.png,toCheck_100040_00240s_TLT_SERV_OFF.png,NA,NA,NA,NA,NA,NA,Faulty
TLT_STOP_OFF.png,toCheck_100040_00240s_TLT_STOP_OFF.png,NA,NA,NA,NA,NA,NA,Faulty
NO_ALERT.png,toCheck_100040_00258s_NO_ALERT.png,NA,NA,NA,NA,NA,NA,Faulty
TLT_SERV_OFF.png,toCheck_100040_00263s_TLT_SERV_OFF.png,NA,NA,NA,NA,NA,NA,Faulty
TLT_STOP_OFF.png,toCheck_100040_00263s_TLT_STOP_OFF.png,NA,NA,NA,NA,NA,NA,Faulty
NO_ALERT.png,toCheck_100040_00268s_NO_ALERT.png,NA,NA,NA,NA,NA,NA,Faulty
TLT_SERV_OFF.png,toCheck_100040_00273s_TLT_SERV_OFF.png,NA,NA,NA,NA,NA,NA,Faulty
TLT_STOP_OFF.png,toCheck_100040_00273s_TLT_STOP_OFF.png,NA,NA,NA,NA,NA,NA,Faulty
NO_ALERT.png,toCheck_100040_00290s_NO_ALERT.png,NA,NA,NA,NA,NA,NA,Faulty
NO_ALERT.png,toCheck_100040_00300s_NO_ALERT.png,NA,NA,NA,NA,NA,NA,Faulty
NO_ALERT.png,toCheck_100040_00310s_NO_ALERT.png,NA,NA,NA,NA,NA,NA,Faulty
TLT_SERV_OFF.png,toCheck_100040_00315s_TLT_SERV_OFF.png,NA,NA,NA,NA,NA,NA,Faulty
TLT_STOP_OFF.png,toCheck_100040_00315s_TLT_STOP_OFF.png,NA,NA,NA,NA,NA,NA,Faulty
NO_ALERT.png,toCheck_100040_00320s_NO_ALERT.png,NA,NA,NA,NA,NA,NA,Faulty
TLT_SERV_OFF.png,toCheck_100040_00208s_TLT_SERV_OFF.png,NA,NA,NA,NA,NA,NA,Faulty
TLT_STOP_OFF.png,toCheck_100040_00208s_TLT_STOP_OFF.png,NA,NA,NA,NA,NA,NA,Faulty
NO_ALERT.png,toCheck_100040_00225s_NO_ALERT.png,NA,NA,NA,NA,NA,NA,Faulty
TLT_SERV_OFF.png,toCheck_100040_00230s_TLT_SERV_OFF.png,NA,NA,NA,NA,NA,NA,Faulty
TLT_STOP_OFF.png,toCheck_100040_00230s_TLT_STOP_OFF.png,NA,NA,NA,NA,NA,NA,Faulty
NO_ALERT.png,toCheck_100041_00268s_NO_ALERT.png,NA,NA,NA,NA,NA,NA,Faulty
TLT_SERV_OFF.png,toCheck_100041_00273s_TLT_SERV_OFF.png,NA,NA,NA,NA,NA,NA,Faulty
TLT_STOP_OFF.png,toCheck_100041_00273s_TLT_STOP_OFF.png,NA,NA,NA,NA,NA,NA,Faulty
TLT_SBSOFF_ON.png,toCheck_100041_00273s_TLT_SBSOFF_ON.png,NA,NA,NA,NA,NA,NA,Faulty
TLT_SERV_OFF.png,toCheck_100041_00273s_TLT_SERV_OFF.png,NA,NA,NA,NA,NA,NA,Faulty
TLT_STOP_OFF.png,toCheck_100041_00273s_TLT_STOP_OFF.png,NA,NA,NA,NA,NA,NA,Faulty
TLT_SERV_OFF.png,toCheck_100041_00273s_TLT_SERV_OFF.png,NA,NA,NA,NA,NA,NA,Faulty
TLT_STOP_OFF.png,toCheck_100041_00273s_TLT_STOP_OFF.png,NA,NA,NA,NA,NA,NA,Faulty
NO_ALERT.png,toCheck_100041_00290s_NO_ALERT.png,NA,NA,NA,NA,NA,NA,Faulty
TLT_SERV_OFF.png,toCheck_100041_00295s_TLT_SERV_OFF.png,NA,NA,NA,NA,NA,NA,Faulty
TLT_STOP_OFF.png,toCheck_100041_00295s_TLT_STOP_OFF.png,NA,NA,NA,NA,NA,NA,Faulty
TLT_SBSOFF_ON.png,toCheck_100041_00295s_TLT_SBSOFF_ON.png,NA,NA,NA,NA,NA,NA,Faulty
TLT_SERV_OFF.png,toCheck_100041_00295s_TLT_SERV_OFF.png,NA,NA,NA,NA,NA,NA,Faulty
TLT_STOP_OFF.png,toCheck_100041_00295s_TLT_STOP_OFF.png,NA,NA,NA,NA,NA,NA,Faulty
NO_ALERT.png,toCheck_100041_00300s_NO_ALERT.png,NA,NA,NA,NA,NA,NA,Faulty
TLT_SBSOFF_ON.png,toCheck_100041_00335s_TLT_SBSOFF_ON.png,NA,NA,NA,NA,NA,NA,Faulty
TLT_SERV_OFF.png,toCheck_100041_00335s_TLT_SERV_OFF.png,NA,NA,NA,NA,NA,NA,Faulty
TLT_STOP_OFF.png,toCheck_100041_00335s_TLT_STOP_OFF.png,NA,NA,NA,NA,NA,NA,Faulty
TLT_SERV_OFF.png,toCheck_100041_00335s_TLT_SERV_OFF.png,NA,NA,NA,NA,NA,NA,Faulty
TLT_STOP_OFF.png,toCheck_100041_00335s_TLT_STOP_OFF.png,NA,NA,NA,NA,NA,NA,Faulty
NO_ALERT.png,toCheck_100041_00360s_NO_ALERT.png,NA,NA,NA,NA,NA,NA,Faulty
TLT_SERV_OFF.png,toCheck_100041_00365s_TLT_SERV_OFF.png,NA,NA,NA,NA,NA,NA,Faulty
TLT_STOP_OFF.png,toCheck_100041_00365s_TLT_STOP_OFF.png,NA,NA,NA,NA,NA,NA,Faulty
NO_ALERT.png,toCheck_100041_00383s_NO_ALERT.png,NA,NA,NA,NA,NA,NA,Faulty
TLT_SERV_OFF.png,toCheck_100041_00388s_TLT_SERV_OFF.png,NA,NA,NA,NA,NA,NA,Faulty
TLT_STOP_OFF.png,toCheck_100041_00388s_TLT_STOP_OFF.png,NA,NA,NA,NA,NA,NA,Faulty
NO_ALERT.png,toCheck_100041_00393s_NO_ALERT.png,NA,NA,NA,NA,NA,NA,Faulty
TLT_SERV_OFF.png,toCheck_100041_00398s_TLT_SERV_OFF.png,NA,NA,NA,NA,NA,NA,Faulty
TLT_STOP_OFF.png,toCheck_100041_00398s_TLT_STOP_OFF.png,NA,NA,NA,NA,NA,NA,Faulty
NO_ALERT.png,toCheck_100041_00415s_NO_ALERT.png,NA,NA,NA,NA,NA,NA,Faulty
TLT_SERV_OFF.png,toCheck_100041_00420s_TLT_SERV_OFF.png,NA,NA,NA,NA,NA,NA,Faulty
TLT_STOP_OFF.png,toCheck_100041_00420s_TLT_STOP_OFF.png,NA,NA,NA,NA,NA,NA,Faulty
NO_ALERT.png,toCheck_100041_00425s_NO_ALERT.png,NA,NA,NA,NA,NA,NA,Faulty
NO_ALERT.png,toCheck_100041_00225s_NO_ALERT.png,NA,NA,NA,NA,NA,NA,Faulty
TLT_SERV_OFF.png,toCheck_100041_00430s_TLT_SERV_OFF.png,NA,NA,NA,NA,NA,NA,Faulty
TLT_STOP_OFF.png,toCheck_100041_00430s_TLT_STOP_OFF.png,NA,NA,NA,NA,NA,NA,Faulty
NO_ALERT.png,toCheck_100041_00448s_NO_ALERT.png,NA,NA,NA,NA,NA,NA,Faulty
TLT_SERV_OFF.png,toCheck_100041_00453s_TLT_SERV_OFF.png,NA,NA,NA,NA,NA,NA,Faulty
TLT_STOP_OFF.png,toCheck_100041_00453s_TLT_STOP_OFF.png,NA,NA,NA,NA,NA,NA,Faulty
NO_ALERT.png,toCheck_100041_00458s_NO_ALERT.png,NA,NA,NA,NA,NA,NA,Faulty
TLT_SERV_OFF.png,toCheck_100041_00463s_TLT_SERV_OFF.png,NA,NA,NA,NA,NA,NA,Faulty
TLT_STOP_OFF.png,toCheck_100041_00463s_TLT_STOP_OFF.png,NA,NA,NA,NA,NA,NA,Faulty
TLT_SBSOFF_ON.png,toCheck_100041_00463s_TLT_SBSOFF_ON.png,NA,NA,NA,NA,NA,NA,Faulty
TLT_SERV_OFF.png,toCheck_100041_00463s_TLT_SERV_OFF.png,NA,NA,NA,NA,NA,NA,Faulty
TLT_STOP_OFF.png,toCheck_100041_00463s_TLT_STOP_OFF.png,NA,NA,NA,NA,NA,NA,Faulty
TLT_SERV_OFF.png,toCheck_100041_00463s_TLT_SERV_OFF.png,NA,NA,NA,NA,NA,NA,Faulty
TLT_STOP_OFF.png,toCheck_100041_00463s_TLT_STOP_OFF.png,NA,NA,NA,NA,NA,NA,Faulty
NO_ALERT.png,toCheck_100041_00468s_NO_ALERT.png,NA,NA,NA,NA,NA,NA,Faulty
NO_ALERT.png,toCheck_100041_00235s_NO_ALERT.png,NA,NA,NA,NA,NA,NA,Faulty
NO_ALERT.png,toCheck_100041_00258s_NO_ALERT.png,NA,NA,NA,NA,NA,NA,Faulty
NO_ALERT.png,toCheck_100042_00268s_NO_ALERT.png,NA,NA,NA,NA,NA,NA,Faulty
TLT_SBSOFF_ON.png,toCheck_100042_00273s_TLT_SBSOFF_ON.png,NA,NA,NA,NA,NA,NA,Faulty
TLT_SERV_OFF.png,toCheck_100042_00273s_TLT_SERV_OFF.png,NA,NA,NA,NA,NA,NA,Faulty
TLT_STOP_OFF.png,toCheck_100042_00273s_TLT_STOP_OFF.png,NA,NA,NA,NA,NA,NA,Faulty
TLT_SERV_OFF.png,toCheck_100042_00273s_TLT_SERV_OFF.png,NA,NA,NA,NA,NA,NA,Faulty
TLT_STOP_OFF.png,toCheck_100042_00273s_TLT_STOP_OFF.png,NA,NA,NA,NA,NA,NA,Faulty
NO_ALERT.png,toCheck_100042_00290s_NO_ALERT.png,NA,NA,NA,NA,NA,NA,Faulty
TLT_SERV_OFF.png,toCheck_100042_00295s_TLT_SERV_OFF.png,NA,NA,NA,NA,NA,NA,Faulty
TLT_STOP_OFF.png,toCheck_100042_00295s_TLT_STOP_OFF.png,NA,NA,NA,NA,NA,NA,Faulty
TLT_SERV_OFF.png,toCheck_100042_00295s_TLT_SERV_OFF.png,NA,NA,NA,NA,NA,NA,Faulty
TLT_STOP_OFF.png,toCheck_100042_00295s_TLT_STOP_OFF.png,NA,NA,NA,NA,NA,NA,Faulty
NO_ALERT.png,toCheck_100042_00300s_NO_ALERT.png,NA,NA,NA,NA,NA,NA,Faulty
TLT_SBSOFF_ON.png,toCheck_100042_00335s_TLT_SBSOFF_ON.png,NA,NA,NA,NA,NA,NA,Faulty
TLT_SERV_OFF.png,toCheck_100042_00335s_TLT_SERV_OFF.png,NA,NA,NA,NA,NA,NA,Faulty
TLT_STOP_OFF.png,toCheck_100042_00335s_TLT_STOP_OFF.png,NA,NA,NA,NA,NA,NA,Faulty
TLT_SERV_OFF.png,toCheck_100042_00335s_TLT_SERV_OFF.png,NA,NA,NA,NA,NA,NA,Faulty
TLT_STOP_OFF.png,toCheck_100042_00335s_TLT_STOP_OFF.png,NA,NA,NA,NA,NA,NA,Faulty
NO_ALERT.png,toCheck_100042_00340s_NO_ALERT.png,NA,NA,NA,NA,NA,NA,Faulty
NO_ALERT.png,toCheck_100042_00225s_NO_ALERT.png,NA,NA,NA,NA,NA,NA,Faulty
NO_ALERT.png,toCheck_100042_00235s_NO_ALERT.png,NA,NA,NA,NA,NA,NA,Faulty
NO_ALERT.png,toCheck_100042_00258s_NO_ALERT.png,NA,NA,NA,NA,NA,NA,Faulty
NO_ALERT.png,toCheck_100043_00235s_NO_ALERT.png,NA,NA,NA,NA,NA,NA,Faulty
TLT_SERV_OFF.png,toCheck_100043_00208s_TLT_SERV_OFF.png,NA,NA,NA,NA,NA,NA,Faulty
TLT_STOP_OFF.png,toCheck_100043_00208s_TLT_STOP_OFF.png,NA,NA,NA,NA,NA,NA,Faulty
NO_ALERT.png,toCheck_100043_00225s_NO_ALERT.png,NA,NA,NA,NA,NA,NA,Faulty
TLT_SERV_OFF.png,toCheck_100043_00230s_TLT_SERV_OFF.png,NA,NA,NA,NA,NA,NA,Faulty
TLT_STOP_OFF.png,toCheck_100043_00230s_TLT_STOP_OFF.png,NA,NA,NA,NA,NA,NA,Faulty
NO_ALERT.png,toCheck_100044_00235s_NO_ALERT.png,NA,NA,NA,NA,NA,NA,Faulty
TLT_SERV_OFF.png,toCheck_100044_00208s_TLT_SERV_OFF.png,NA,NA,NA,NA,NA,NA,Faulty
TLT_STOP_OFF.png,toCheck_100044_00208s_TLT_STOP_OFF.png,NA,NA,NA,NA,NA,NA,Faulty
NO_ALERT.png,toCheck_100044_00225s_NO_ALERT.png,NA,NA,NA,NA,NA,NA,Faulty
TLT_SERV_OFF.png,toCheck_100044_00230s_TLT_SERV_OFF.png,NA,NA,NA,NA,NA,NA,Faulty
TLT_STOP_OFF.png,toCheck_100044_00230s_TLT_STOP_OFF.png,NA,NA,NA,NA,NA,NA,Faulty
NO_ALERT.png,toCheck_100045_00235s_NO_ALERT.png,NA,NA,NA,NA,NA,NA,Faulty
TLT_SERV_OFF.png,toCheck_100045_00240s_TLT_SERV_OFF.png,NA,NA,NA,NA,NA,NA,Faulty
TLT_STOP_OFF.png,toCheck_100045_00240s_TLT_STOP_OFF.png,NA,NA,NA,NA,NA,NA,Faulty
NO_ALERT.png,toCheck_100045_00245s_NO_ALERT.png,NA,NA,NA,NA,NA,NA,Faulty
TLT_SERV_OFF.png,toCheck_100045_00250s_TLT_SERV_OFF.png,NA,NA,NA,NA,NA,NA,Faulty
TLT_STOP_OFF.png,toCheck_100045_00250s_TLT_STOP_OFF.png,NA,NA,NA,NA,NA,NA,Faulty
NO_ALERT.png,toCheck_100045_00268s_NO_ALERT.png,NA,NA,NA,NA,NA,NA,Faulty
TLT_SERV_OFF.png,toCheck_100045_00273s_TLT_SERV_OFF.png,NA,NA,NA,NA,NA,NA,Faulty
TLT_STOP_OFF.png,toCheck_100045_00273s_TLT_STOP_OFF.png,NA,NA,NA,NA,NA,NA,Faulty
NO_ALERT.png,toCheck_100045_00278s_NO_ALERT.png,NA,NA,NA,NA,NA,NA,Faulty
TLT_SERV_OFF.png,toCheck_100045_00283s_TLT_SERV_OFF.png,NA,NA,NA,NA,NA,NA,Faulty
TLT_STOP_OFF.png,toCheck_100045_00283s_TLT_STOP_OFF.png,NA,NA,NA,NA,NA,NA,Faulty
NO_ALERT.png,toCheck_100045_00300s_NO_ALERT.png,NA,NA,NA,NA,NA,NA,Faulty
TLT_SERV_OFF.png,toCheck_100045_00305s_TLT_SERV_OFF.png,NA,NA,NA,NA,NA,NA,Faulty
TLT_STOP_OFF.png,toCheck_100045_00305s_TLT_STOP_OFF.png,NA,NA,NA,NA,NA,NA,Faulty
NO_ALERT.png,toCheck_100045_00310s_NO_ALERT.png,NA,NA,NA,NA,NA,NA,Faulty
TLT_SERV_OFF.png,toCheck_100045_00315s_TLT_SERV_OFF.png,NA,NA,NA,NA,NA,NA,Faulty
TLT_STOP_OFF.png,toCheck_100045_00315s_TLT_STOP_OFF.png,NA,NA,NA,NA,NA,NA,Faulty
NO_ALERT.png,toCheck_100045_00320s_NO_ALERT.png,NA,NA,NA,NA,NA,NA,Faulty
NO_ALERT.png,toCheck_100045_00330s_NO_ALERT.png,NA,NA,NA,NA,NA,NA,Faulty
TLT_SERV_OFF.png,toCheck_100045_00208s_TLT_SERV_OFF.png,NA,NA,NA,NA,NA,NA,Faulty
TLT_STOP_OFF.png,toCheck_100045_00208s_TLT_STOP_OFF.png,NA,NA,NA,NA,NA,NA,Faulty
NO_ALERT.png,toCheck_100045_00213s_NO_ALERT.png,NA,NA,NA,NA,NA,NA,Faulty
TLT_SERV_OFF.png,toCheck_100045_00218s_TLT_SERV_OFF.png,NA,NA,NA,NA,NA,NA,Faulty
TLT_STOP_OFF.png,toCheck_100045_00218s_TLT_STOP_OFF.png,NA,NA,NA,NA,NA,NA,Faulty
NO_ALERT.png,toCheck_100046_00235s_NO_ALERT.png,NA,NA,NA,NA,NA,NA,Faulty
TLT_SERV_OFF.png,toCheck_100046_00240s_TLT_SERV_OFF.png,NA,NA,NA,NA,NA,NA,Faulty
TLT_STOP_OFF.png,toCheck_100046_00240s_TLT_STOP_OFF.png,NA,NA,NA,NA,NA,NA,Faulty
NO_ALERT.png,toCheck_100046_00258s_NO_ALERT.png,NA,NA,NA,NA,NA,NA,Faulty
TLT_SERV_OFF.png,toCheck_100046_00263s_TLT_SERV_OFF.png,NA,NA,NA,NA,NA,NA,Faulty
TLT_STOP_OFF.png,toCheck_100046_00263s_TLT_STOP_OFF.png,NA,NA,NA,NA,NA,NA,Faulty
NO_ALERT.png,toCheck_100046_00268s_NO_ALERT.png,NA,NA,NA,NA,NA,NA,Faulty
TLT_SBSOFF_ON.png,toCheck_100046_00273s_TLT_SBSOFF_ON.png,NA,NA,NA,NA,NA,NA,Faulty
TLT_SERV_OFF.png,toCheck_100046_00273s_TLT_SERV_OFF.png,NA,NA,NA,NA,NA,NA,Faulty
TLT_STOP_OFF.png,toCheck_100046_00273s_TLT_STOP_OFF.png,NA,NA,NA,NA,NA,NA,Faulty
TLT_SERV_OFF.png,toCheck_100046_00273s_TLT_SERV_OFF.png,NA,NA,NA,NA,NA,NA,Faulty
TLT_STOP_OFF.png,toCheck_100046_00273s_TLT_STOP_OFF.png,NA,NA,NA,NA,NA,NA,Faulty
NO_ALERT.png,toCheck_100046_00290s_NO_ALERT.png,NA,NA,NA,NA,NA,NA,Faulty
TLT_SBSOFF_ON.png,toCheck_100046_00295s_TLT_SBSOFF_ON.png,NA,NA,NA,NA,NA,NA,Faulty
TLT_SERV_OFF.png,toCheck_100046_00295s_TLT_SERV_OFF.png,NA,NA,NA,NA,NA,NA,Faulty
TLT_STOP_OFF.png,toCheck_100046_00295s_TLT_STOP_OFF.png,NA,NA,NA,NA,NA,NA,Faulty
TLT_SERV_OFF.png,toCheck_100046_00295s_TLT_SERV_OFF.png,NA,NA,NA,NA,NA,NA,Faulty
TLT_STOP_OFF.png,toCheck_100046_00295s_TLT_STOP_OFF.png,NA,NA,NA,NA,NA,NA,Faulty
NO_ALERT.png,toCheck_100046_00300s_NO_ALERT.png,NA,NA,NA,NA,NA,NA,Faulty
TLT_SERV_OFF.png,toCheck_100046_00305s_TLT_SERV_OFF.png,NA,NA,NA,NA,NA,NA,Faulty
TLT_STOP_OFF.png,toCheck_100046_00305s_TLT_STOP_OFF.png,NA,NA,NA,NA,NA,NA,Faulty
TLT_MOISOFF_ON.png,toCheck_100046_00305s_TLT_MOISOFF_ON.png,NA,NA,NA,NA,NA,NA,Faulty
NO_ALERT.png,toCheck_100046_00310s_NO_ALERT.png,NA,NA,NA,NA,NA,NA,Faulty
TLT_SERV_OFF.png,toCheck_100046_00315s_TLT_SERV_OFF.png,NA,NA,NA,NA,NA,NA,Faulty
TLT_STOP_OFF.png,toCheck_100046_00315s_TLT_STOP_OFF.png,NA,NA,NA,NA,NA,NA,Faulty
TLT_BSISOFF_ON.png,toCheck_100046_00315s_TLT_BSISOFF_ON.png,NA,NA,NA,NA,NA,NA,Faulty
NO_ALERT.png,toCheck_100046_00333s_NO_ALERT.png,NA,NA,NA,NA,NA,NA,Faulty
TLT_SERV_OFF.png,toCheck_100046_00338s_TLT_SERV_OFF.png,NA,NA,NA,NA,NA,NA,Faulty
TLT_STOP_OFF.png,toCheck_100046_00338s_TLT_STOP_OFF.png,NA,NA,NA,NA,NA,NA,Faulty
TLT_BSISOFF_ON.png,toCheck_100046_00338s_TLT_BSISOFF_ON.png,NA,NA,NA,NA,NA,NA,Faulty
NO_ALERT.png,toCheck_100046_00343s_NO_ALERT.png,NA,NA,NA,NA,NA,NA,Faulty
TLT_SERV_OFF.png,toCheck_100046_00348s_TLT_SERV_OFF.png,NA,NA,NA,NA,NA,NA,Faulty
TLT_SERV_OFF.png,toCheck_100046_00208s_TLT_SERV_OFF.png,NA,NA,NA,NA,NA,NA,Faulty
TLT_STOP_OFF.png,toCheck_100046_00348s_TLT_STOP_OFF.png,NA,NA,NA,NA,NA,NA,Faulty
TLT_BSISOFF_ON.png,toCheck_100046_00348s_TLT_BSISOFF_ON.png,NA,NA,NA,NA,NA,NA,Faulty
NO_ALERT.png,toCheck_100046_00365s_NO_ALERT.png,NA,NA,NA,NA,NA,NA,Faulty
TLT_SERV_OFF.png,toCheck_100046_00370s_TLT_SERV_OFF.png,NA,NA,NA,NA,NA,NA,Faulty
TLT_STOP_OFF.png,toCheck_100046_00370s_TLT_STOP_OFF.png,NA,NA,NA,NA,NA,NA,Faulty
TLT_BSISOFF_ON.png,toCheck_100046_00370s_TLT_BSISOFF_ON.png,NA,NA,NA,NA,NA,NA,Faulty
NO_ALERT.png,toCheck_100046_00375s_NO_ALERT.png,NA,NA,NA,NA,NA,NA,Faulty
TLT_STOP_OFF.png,toCheck_100046_00208s_TLT_STOP_OFF.png,NA,NA,NA,NA,NA,NA,Faulty
NO_ALERT.png,toCheck_100046_00225s_NO_ALERT.png,NA,NA,NA,NA,NA,NA,Faulty
TLT_SERV_OFF.png,toCheck_100046_00230s_TLT_SERV_OFF.png,NA,NA,NA,NA,NA,NA,Faulty
TLT_STOP_OFF.png,toCheck_100046_00230s_TLT_STOP_OFF.png,NA,NA,NA,NA,NA,NA,Faulty
NO_ALERT.png,toCheck_100047_00268s_NO_ALERT.png,NA,NA,NA,NA,NA,NA,Faulty
NO_ALERT.png,toCheck_100047_00290s_NO_ALERT.png,NA,NA,NA,NA,NA,NA,Faulty
NO_ALERT.png,toCheck_100047_00300s_NO_ALERT.png,NA,NA,NA,NA,NA,NA,Faulty
NO_ALERT.png,toCheck_100047_00310s_NO_ALERT.png,NA,NA,NA,NA,NA,NA,Faulty
NO_ALERT.png,toCheck_100047_00320s_NO_ALERT.png,NA,NA,NA,NA,NA,NA,Faulty
NO_ALERT.png,toCheck_100047_00330s_NO_ALERT.png,NA,NA,NA,NA,NA,NA,Faulty
NO_ALERT.png,toCheck_100047_00225s_NO_ALERT.png,NA,NA,NA,NA,NA,NA,Faulty
NO_ALERT.png,toCheck_100047_00235s_NO_ALERT.png,NA,NA,NA,NA,NA,NA,Faulty
NO_ALERT.png,toCheck_100047_00258s_NO_ALERT.png,NA,NA,NA,NA,NA,NA,Faulty
TLT_SBSOFF_ON.png,toCheck_100048_00230s_TLT_SBSOFF_ON.png,NA,NA,NA,NA,NA,NA,Faulty
TLT_SERV_OFF.png,toCheck_100048_00230s_TLT_SERV_OFF.png,NA,NA,NA,NA,NA,NA,Faulty
TLT_STOP_OFF.png,toCheck_100048_00230s_TLT_STOP_OFF.png,NA,NA,NA,NA,NA,NA,Faulty
TLT_SERV_OFF.png,toCheck_100048_00230s_TLT_SERV_OFF.png,NA,NA,NA,NA,NA,NA,Faulty
TLT_STOP_OFF.png,toCheck_100048_00230s_TLT_STOP_OFF.png,NA,NA,NA,NA,NA,NA,Faulty
NO_ALERT.png,toCheck_100048_00235s_NO_ALERT.png,NA,NA,NA,NA,NA,NA,Faulty
NO_ALERT.png,toCheck_100048_00258s_NO_ALERT.png,NA,NA,NA,NA,NA,NA,Faulty
NO_ALERT.png,toCheck_100048_00268s_NO_ALERT.png,NA,NA,NA,NA,NA,NA,Faulty
NO_ALERT.png,toCheck_100048_00290s_NO_ALERT.png,NA,NA,NA,NA,NA,NA,Faulty
NO_ALERT.png,toCheck_100048_00300s_NO_ALERT.png,NA,NA,NA,NA,NA,NA,Faulty
NO_ALERT.png,toCheck_100048_00310s_NO_ALERT.png,NA,NA,NA,NA,NA,NA,Faulty
TLT_SBSOFF_ON.png,toCheck_100048_00315s_TLT_SBSOFF_ON.png,NA,NA,NA,NA,NA,NA,Faulty
TLT_SERV_OFF.png,toCheck_100048_00315s_TLT_SERV_OFF.png,NA,NA,NA,NA,NA,NA,Faulty
TLT_STOP_OFF.png,toCheck_100048_00315s_TLT_STOP_OFF.png,NA,NA,NA,NA,NA,NA,Faulty
TLT_SERV_OFF.png,toCheck_100048_00315s_TLT_SERV_OFF.png,NA,NA,NA,NA,NA,NA,Faulty
TLT_STOP_OFF.png,toCheck_100048_00315s_TLT_STOP_OFF.png,NA,NA,NA,NA,NA,NA,Faulty
NO_ALERT.png,toCheck_100048_00320s_NO_ALERT.png,NA,NA,NA,NA,NA,NA,Faulty
TLT_SBSOFF_ON.png,toCheck_100048_00208s_TLT_SBSOFF_ON.png,NA,NA,NA,NA,NA,NA,Faulty
TLT_SERV_OFF.png,toCheck_100048_00208s_TLT_SERV_OFF.png,NA,NA,NA,NA,NA,NA,Faulty
TLT_STOP_OFF.png,toCheck_100048_00208s_TLT_STOP_OFF.png,NA,NA,NA,NA,NA,NA,Faulty
TLT_SERV_OFF.png,toCheck_100048_00208s_TLT_SERV_OFF.png,NA,NA,NA,NA,NA,NA,Faulty
TLT_STOP_OFF.png,toCheck_100048_00208s_TLT_STOP_OFF.png,NA,NA,NA,NA,NA,NA,Faulty
NO_ALERT.png,toCheck_100048_00225s_NO_ALERT.png,NA,NA,NA,NA,NA,NA,Faulty
TLT_SBSOFF_ON.png,toCheck_100049_00230s_TLT_SBSOFF_ON.png,NA,NA,NA,NA,NA,NA,Faulty
TLT_SERV_OFF.png,toCheck_100049_00230s_TLT_SERV_OFF.png,NA,NA,NA,NA,NA,NA,Faulty
TLT_STOP_OFF.png,toCheck_100049_00230s_TLT_STOP_OFF.png,NA,NA,NA,NA,NA,NA,Faulty
TLT_SERV_OFF.png,toCheck_100049_00230s_TLT_SERV_OFF.png,NA,NA,NA,NA,NA,NA,Faulty
TLT_STOP_OFF.png,toCheck_100049_00230s_TLT_STOP_OFF.png,NA,NA,NA,NA,NA,NA,Faulty
NO_ALERT.png,toCheck_100049_00235s_NO_ALERT.png,NA,NA,NA,NA,NA,NA,Faulty
TLT_SBSOFF_ON.png,toCheck_100049_00270s_TLT_SBSOFF_ON.png,NA,NA,NA,NA,NA,NA,Faulty
TLT_SERV_OFF.png,toCheck_100049_00270s_TLT_SERV_OFF.png,NA,NA,NA,NA,NA,NA,Faulty
TLT_STOP_OFF.png,toCheck_100049_00270s_TLT_STOP_OFF.png,NA,NA,NA,NA,NA,NA,Faulty
TLT_SERV_OFF.png,toCheck_100049_00270s_TLT_SERV_OFF.png,NA,NA,NA,NA,NA,NA,Faulty
TLT_STOP_OFF.png,toCheck_100049_00270s_TLT_STOP_OFF.png,NA,NA,NA,NA,NA,NA,Faulty
NO_ALERT.png,toCheck_100049_00295s_NO_ALERT.png,NA,NA,NA,NA,NA,NA,Faulty
NO_ALERT.png,toCheck_100049_00318s_NO_ALERT.png,NA,NA,NA,NA,NA,NA,Faulty
NO_ALERT.png,toCheck_100049_00328s_NO_ALERT.png,NA,NA,NA,NA,NA,NA,Faulty
NO_ALERT.png,toCheck_100049_00350s_NO_ALERT.png,NA,NA,NA,NA,NA,NA,Faulty
NO_ALERT.png,toCheck_100049_00360s_NO_ALERT.png,NA,NA,NA,NA,NA,NA,Faulty
NO_ALERT.png,toCheck_100049_00383s_NO_ALERT.png,NA,NA,NA,NA,NA,NA,Faulty
NO_ALERT.png,toCheck_100049_00393s_NO_ALERT.png,NA,NA,NA,NA,NA,NA,Faulty
TLT_SBSOFF_ON.png,toCheck_100049_00398s_TLT_SBSOFF_ON.png,NA,NA,NA,NA,NA,NA,Faulty
TLT_SERV_OFF.png,toCheck_100049_00398s_TLT_SERV_OFF.png,NA,NA,NA,NA,NA,NA,Faulty
TLT_STOP_OFF.png,toCheck_100049_00398s_TLT_STOP_OFF.png,NA,NA,NA,NA,NA,NA,Faulty
TLT_SERV_OFF.png,toCheck_100049_00398s_TLT_SERV_OFF.png,NA,NA,NA,NA,NA,NA,Faulty
TLT_STOP_OFF.png,toCheck_100049_00398s_TLT_STOP_OFF.png,NA,NA,NA,NA,NA,NA,Faulty
NO_ALERT.png,toCheck_100049_00415s_NO_ALERT.png,NA,NA,NA,NA,NA,NA,Faulty
TLT_SBSOFF_ON.png,toCheck_100049_00420s_TLT_SBSOFF_ON.png,NA,NA,NA,NA,NA,NA,Faulty
TLT_SERV_OFF.png,toCheck_100049_00420s_TLT_SERV_OFF.png,NA,NA,NA,NA,NA,NA,Faulty
TLT_STOP_OFF.png,toCheck_100049_00420s_TLT_STOP_OFF.png,NA,NA,NA,NA,NA,NA,Faulty
TLT_SERV_OFF.png,toCheck_100049_00420s_TLT_SERV_OFF.png,NA,NA,NA,NA,NA,NA,Faulty
TLT_STOP_OFF.png,toCheck_100049_00420s_TLT_STOP_OFF.png,NA,NA,NA,NA,NA,NA,Faulty
NO_ALERT.png,toCheck_100049_00425s_NO_ALERT.png,NA,NA,NA,NA,NA,NA,Faulty
TLT_SBSOFF_ON.png,toCheck_100049_00208s_TLT_SBSOFF_ON.png,NA,NA,NA,NA,NA,NA,Faulty
NO_ALERT.png,toCheck_100049_00448s_NO_ALERT.png,NA,NA,NA,NA,NA,NA,Faulty
NO_ALERT.png,toCheck_100049_00458s_NO_ALERT.png,NA,NA,NA,NA,NA,NA,Faulty
TLT_SBSOFF_ON.png,toCheck_100049_00463s_TLT_SBSOFF_ON.png,NA,NA,NA,NA,NA,NA,Faulty
TLT_SERV_OFF.png,toCheck_100049_00463s_TLT_SERV_OFF.png,NA,NA,NA,NA,NA,NA,Faulty
TLT_STOP_OFF.png,toCheck_100049_00463s_TLT_STOP_OFF.png,NA,NA,NA,NA,NA,NA,Faulty
TLT_SERV_OFF.png,toCheck_100049_00463s_TLT_SERV_OFF.png,NA,NA,NA,NA,NA,NA,Faulty
TLT_STOP_OFF.png,toCheck_100049_00463s_TLT_STOP_OFF.png,NA,NA,NA,NA,NA,NA,Faulty
TLT_SERV_OFF.png,toCheck_100049_00208s_TLT_SERV_OFF.png,NA,NA,NA,NA,NA,NA,Faulty
NO_ALERT.png,toCheck_100049_00468s_NO_ALERT.png,NA,NA,NA,NA,NA,NA,Faulty
TLT_STOP_OFF.png,toCheck_100049_00208s_TLT_STOP_OFF.png,NA,NA,NA,NA,NA,NA,Faulty
TLT_SERV_OFF.png,toCheck_100049_00208s_TLT_SERV_OFF.png,NA,NA,NA,NA,NA,NA,Faulty
TLT_STOP_OFF.png,toCheck_100049_00208s_TLT_STOP_OFF.png,NA,NA,NA,NA,NA,NA,Faulty
NO_ALERT.png,toCheck_100049_00225s_NO_ALERT.png,NA,NA,NA,NA,NA,NA,Faulty
TLT_SBSOFF_ON.png,toCheck_100050_00230s_TLT_SBSOFF_ON.png,NA,NA,NA,NA,NA,NA,Faulty
TLT_SERV_OFF.png,toCheck_100050_00230s_TLT_SERV_OFF.png,NA,NA,NA,NA,NA,NA,Faulty
TLT_STOP_OFF.png,toCheck_100050_00230s_TLT_STOP_OFF.png,NA,NA,NA,NA,NA,NA,Faulty
TLT_SERV_OFF.png,toCheck_100050_00230s_TLT_SERV_OFF.png,NA,NA,NA,NA,NA,NA,Faulty
TLT_STOP_OFF.png,toCheck_100050_00230s_TLT_STOP_OFF.png,NA,NA,NA,NA,NA,NA,Faulty
NO_ALERT.png,toCheck_100050_00235s_NO_ALERT.png,NA,NA,NA,NA,NA,NA,Faulty
NO_ALERT.png,toCheck_100050_00288s_NO_ALERT.png,NA,NA,NA,NA,NA,NA,Faulty
NO_ALERT.png,toCheck_100050_00298s_NO_ALERT.png,NA,NA,NA,NA,NA,NA,Faulty
NO_ALERT.png,toCheck_100050_00320s_NO_ALERT.png,NA,NA,NA,NA,NA,NA,Faulty
NO_ALERT.png,toCheck_100050_00330s_NO_ALERT.png,NA,NA,NA,NA,NA,NA,Faulty
NO_ALERT.png,toCheck_100050_00340s_NO_ALERT.png,NA,NA,NA,NA,NA,NA,Faulty
TLT_SBSOFF_ON.png,toCheck_100050_00208s_TLT_SBSOFF_ON.png,NA,NA,NA,NA,NA,NA,Faulty
TLT_SERV_OFF.png,toCheck_100050_00208s_TLT_SERV_OFF.png,NA,NA,NA,NA,NA,NA,Faulty
TLT_STOP_OFF.png,toCheck_100050_00208s_TLT_STOP_OFF.png,NA,NA,NA,NA,NA,NA,Faulty
TLT_SERV_OFF.png,toCheck_100050_00208s_TLT_SERV_OFF.png,NA,NA,NA,NA,NA,NA,Faulty
TLT_STOP_OFF.png,toCheck_100050_00208s_TLT_STOP_OFF.png,NA,NA,NA,NA,NA,NA,Faulty
NO_ALERT.png,toCheck_100050_00225s_NO_ALERT.png,NA,NA,NA,NA,NA,NA,Faulty
NO_ALERT.png,toCheck_100051_00225s_NO_ALERT.png,NA,NA,NA,NA,NA,NA,Faulty
NO_ALERT.png,toCheck_100051_00235s_NO_ALERT.png,NA,NA,NA,NA,NA,NA,Faulty
NO_ALERT.png,toCheck_100052_00225s_NO_ALERT.png,NA,NA,NA,NA,NA,NA,Faulty
NO_ALERT.png,toCheck_100052_00235s_NO_ALERT.png,NA,NA,NA,NA,NA,NA,Faulty
NO_ALERT.png,toCheck_100053_00213s_NO_ALERT.png,NA,NA,NA,NA,NA,NA,Faulty
NO_ALERT.png,toCheck_100053_00223s_NO_ALERT.png,NA,NA,NA,NA,NA,NA,Faulty
TLT_SERV_OFF.png,toCheck_100054_00230s_TLT_SERV_OFF.png,NA,NA,NA,NA,NA,NA,Faulty
TLT_STOP_OFF.png,toCheck_100054_00230s_TLT_STOP_OFF.png,NA,NA,NA,NA,NA,NA,Faulty
NO_ALERT.png,toCheck_100054_00235s_NO_ALERT.png,NA,NA,NA,NA,NA,NA,Faulty
NO_ALERT.png,toCheck_100054_00258s_NO_ALERT.png,NA,NA,NA,NA,NA,NA,Faulty
NO_ALERT.png,toCheck_100054_00268s_NO_ALERT.png,NA,NA,NA,NA,NA,NA,Faulty
NO_ALERT.png,toCheck_100054_00290s_NO_ALERT.png,NA,NA,NA,NA,NA,NA,Faulty
NO_ALERT.png,toCheck_100054_00300s_NO_ALERT.png,NA,NA,NA,NA,NA,NA,Faulty
TLT_SERV_OFF.png,toCheck_100054_00305s_TLT_SERV_OFF.png,NA,NA,NA,NA,NA,NA,Faulty
TLT_STOP_OFF.png,toCheck_100054_00305s_TLT_STOP_OFF.png,NA,NA,NA,NA,NA,NA,Faulty
TLT_MOISOFF_ON.png,toCheck_100054_00305s_TLT_MOISOFF_ON.png,NA,NA,NA,NA,NA,NA,Faulty
TLT_SERV_OFF.png,toCheck_100054_00310s_TLT_SERV_OFF.png,NA,NA,NA,NA,NA,NA,Faulty
TLT_STOP_OFF.png,toCheck_100054_00310s_TLT_STOP_OFF.png,NA,NA,NA,NA,NA,NA,Faulty
TLT_MOISOFF_ON.png,toCheck_100054_00310s_TLT_MOISOFF_ON.png,NA,NA,NA,NA,NA,NA,Faulty
NO_ALERT.png,toCheck_100054_00315s_NO_ALERT.png,NA,NA,NA,NA,NA,NA,Faulty
TLT_SERV_OFF.png,toCheck_100054_00320s_TLT_SERV_OFF.png,NA,NA,NA,NA,NA,NA,Faulty
TLT_STOP_OFF.png,toCheck_100054_00320s_TLT_STOP_OFF.png,NA,NA,NA,NA,NA,NA,Faulty
TLT_BSISOFF_ON.png,toCheck_100054_00320s_TLT_BSISOFF_ON.png,NA,NA,NA,NA,NA,NA,Faulty
NO_ALERT.png,toCheck_100054_00338s_NO_ALERT.png,NA,NA,NA,NA,NA,NA,Faulty
TLT_SERV_OFF.png,toCheck_100054_00343s_TLT_SERV_OFF.png,NA,NA,NA,NA,NA,NA,Faulty
TLT_STOP_OFF.png,toCheck_100054_00343s_TLT_STOP_OFF.png,NA,NA,NA,NA,NA,NA,Faulty
TLT_BSISOFF_ON.png,toCheck_100054_00343s_TLT_BSISOFF_ON.png,NA,NA,NA,NA,NA,NA,Faulty
NO_ALERT.png,toCheck_100054_00348s_NO_ALERT.png,NA,NA,NA,NA,NA,NA,Faulty
TLT_SERV_OFF.png,toCheck_100054_00353s_TLT_SERV_OFF.png,NA,NA,NA,NA,NA,NA,Faulty
TLT_STOP_OFF.png,toCheck_100054_00353s_TLT_STOP_OFF.png,NA,NA,NA,NA,NA,NA,Faulty
TLT_BSISOFF_ON.png,toCheck_100054_00353s_TLT_BSISOFF_ON.png,NA,NA,NA,NA,NA,NA,Faulty
NO_ALERT.png,toCheck_100054_00370s_NO_ALERT.png,NA,NA,NA,NA,NA,NA,Faulty
TLT_SERV_OFF.png,toCheck_100054_00375s_TLT_SERV_OFF.png,NA,NA,NA,NA,NA,NA,Faulty
TLT_STOP_OFF.png,toCheck_100054_00375s_TLT_STOP_OFF.png,NA,NA,NA,NA,NA,NA,Faulty
TLT_BSISOFF_ON.png,toCheck_100054_00375s_TLT_BSISOFF_ON.png,NA,NA,NA,NA,NA,NA,Faulty
NO_ALERT.png,toCheck_100054_00380s_NO_ALERT.png,NA,NA,NA,NA,NA,NA,Faulty
TLT_SBSOFF_ON.png,toCheck_100054_00208s_TLT_SBSOFF_ON.png,NA,NA,NA,NA,NA,NA,Faulty
TLT_SERV_OFF.png,toCheck_100054_00208s_TLT_SERV_OFF.png,NA,NA,NA,NA,NA,NA,Faulty
TLT_STOP_OFF.png,toCheck_100054_00208s_TLT_STOP_OFF.png,NA,NA,NA,NA,NA,NA,Faulty
NO_ALERT.png,toCheck_100054_00225s_NO_ALERT.png,NA,NA,NA,NA,NA,NA,Faulty
TLT_SBSOFF_ON.png,toCheck_100054_00230s_TLT_SBSOFF_ON.png,NA,NA,NA,NA,NA,NA,Faulty
NO_ALERT.png,toCheck_100055_00268s_NO_ALERT.png,NA,NA,NA,NA,NA,NA,Faulty
NO_ALERT.png,toCheck_100055_00290s_NO_ALERT.png,NA,NA,NA,NA,NA,NA,Faulty
NO_ALERT.png,toCheck_100055_00300s_NO_ALERT.png,NA,NA,NA,NA,NA,NA,Faulty
NO_ALERT.png,toCheck_100055_00323s_NO_ALERT.png,NA,NA,NA,NA,NA,NA,Faulty
NO_ALERT.png,toCheck_100055_00333s_NO_ALERT.png,NA,NA,NA,NA,NA,NA,Faulty
NO_ALERT.png,toCheck_100055_00355s_NO_ALERT.png,NA,NA,NA,NA,NA,NA,Faulty
NO_ALERT.png,toCheck_100055_00365s_NO_ALERT.png,NA,NA,NA,NA,NA,NA,Faulty
NO_ALERT.png,toCheck_100055_00388s_NO_ALERT.png,NA,NA,NA,NA,NA,NA,Faulty
NO_ALERT.png,toCheck_100055_00398s_NO_ALERT.png,NA,NA,NA,NA,NA,NA,Faulty
NO_ALERT.png,toCheck_100055_00420s_NO_ALERT.png,NA,NA,NA,NA,NA,NA,Faulty
NO_ALERT.png,toCheck_100055_00430s_NO_ALERT.png,NA,NA,NA,NA,NA,NA,Faulty
NO_ALERT.png,toCheck_100055_00440s_NO_ALERT.png,NA,NA,NA,NA,NA,NA,Faulty
NO_ALERT.png,toCheck_100055_00225s_NO_ALERT.png,NA,NA,NA,NA,NA,NA,Faulty
NO_ALERT.png,toCheck_100055_00235s_NO_ALERT.png,NA,NA,NA,NA,NA,NA,Faulty
NO_ALERT.png,toCheck_100055_00258s_NO_ALERT.png,NA,NA,NA,NA,NA,NA,Faulty
NO_ALERT.png,toCheck_100056_00226s_NO_ALERT.png,NA,NA,NA,NA,NA,NA,Faulty
NO_ALERT.png,toCheck_100056_00216s_NO_ALERT.png,NA,NA,NA,NA,NA,NA,Faulty
TLT_SERV_OFF.png,toCheck_100056_00221s_TLT_SERV_OFF.png,NA,NA,NA,NA,NA,NA,Faulty
TLT_STOP_OFF.png,toCheck_100056_00221s_TLT_STOP_OFF.png,NA,NA,NA,NA,NA,NA,Faulty
TLT_STOP_OFF.png,toCheck_100057_00515s_TLT_STOP_OFF.png,NA,NA,NA,NA,NA,NA,Faulty
NO_ALERT.png,toCheck_100057_00525s_NO_ALERT.png,NA,NA,NA,NA,NA,NA,Faulty
NO_ALERT.png,toCheck_100057_00830s_NO_ALERT.png,NA,NA,NA,NA,NA,NA,Faulty
TLT_SERV_OFF.png,toCheck_100057_00498s_TLT_SERV_OFF.png,NA,NA,NA,NA,NA,NA,Faulty
TLT_STOP_OFF.png,toCheck_100057_00498s_TLT_STOP_OFF.png,NA,NA,NA,NA,NA,NA,Faulty
TLT_SERV_OFF.png,toCheck_100057_00498s_TLT_SERV_OFF.png,NA,NA,NA,NA,NA,NA,Faulty
TLT_STOP_OFF.png,toCheck_100057_00498s_TLT_STOP_OFF.png,NA,NA,NA,NA,NA,NA,Faulty
TLT_MOISOFF_ON.png,toCheck_100057_00498s_TLT_MOISOFF_ON.png,NA,NA,NA,NA,NA,NA,Faulty
TLT_SERV_OFF.png,toCheck_100057_00515s_TLT_SERV_OFF.png,NA,NA,NA,NA,NA,NA,Faulty
TLT_SERV_OFF.png,toCheck_100058_00430s_TLT_SERV_OFF.png,NA,NA,NA,NA,NA,NA,Faulty
TLT_STOP_OFF.png,toCheck_100058_00430s_TLT_STOP_OFF.png,NA,NA,NA,NA,NA,NA,Faulty
TLT_SERV_OFF.png,toCheck_100058_00440s_TLT_SERV_OFF.png,NA,NA,NA,NA,NA,NA,Faulty
TLT_STOP_OFF.png,toCheck_100058_00440s_TLT_STOP_OFF.png,NA,NA,NA,NA,NA,NA,Faulty
TLT_SERV_OFF.png,toCheck_100058_00420s_TLT_SERV_OFF.png,NA,NA,NA,NA,NA,NA,Faulty
TLT_STOP_OFF.png,toCheck_100058_00420s_TLT_STOP_OFF.png,NA,NA,NA,NA,NA,NA,Faulty
TLT_SERV_OFF.png,toCheck_100058_00425s_TLT_SERV_OFF.png,NA,NA,NA,NA,NA,NA,Faulty
TLT_STOP_OFF.png,toCheck_100058_00425s_TLT_STOP_OFF.png,NA,NA,NA,NA,NA,NA,Faulty
NO_ALERT.png,toCheck_100059_00423s_NO_ALERT.png,NA,NA,NA,NA,NA,NA,Faulty
NO_ALERT.png,toCheck_100059_00438s_NO_ALERT.png,NA,NA,NA,NA,NA,NA,Faulty
NO_ALERT.png,toCheck_100059_00453s_NO_ALERT.png,NA,NA,NA,NA,NA,NA,Faulty
NO_ALERT.png,toCheck_100059_00393s_NO_ALERT.png,NA,NA,NA,NA,NA,NA,Faulty
NO_ALERT.png,toCheck_100059_00408s_NO_ALERT.png,NA,NA,NA,NA,NA,NA,Faulty
TLT_SERV_OFF.png,toCheck_100060_00503s_TLT_SERV_OFF.png,NA,NA,NA,NA,NA,NA,Faulty
TLT_STOP_OFF.png,toCheck_100060_00503s_TLT_STOP_OFF.png,NA,NA,NA,NA,NA,NA,Faulty
NO_ALERT.png,toCheck_100060_00528s_NO_ALERT.png,NA,NA,NA,NA,NA,NA,Faulty
NO_ALERT.png,toCheck_100060_00843s_NO_ALERT.png,NA,NA,NA,NA,NA,NA,Faulty
TLT_SERV_OFF.png,toCheck_100061_00518s_TLT_SERV_OFF.png,NA,NA,NA,NA,NA,NA,Faulty
TLT_STOP_OFF.png,toCheck_100061_00518s_TLT_STOP_OFF.png,NA,NA,NA,NA,NA,NA,Faulty
TLT_SERV_OFF.png,toCheck_100061_00535s_TLT_SERV_OFF.png,NA,NA,NA,NA,NA,NA,Faulty
TLT_STOP_OFF.png,toCheck_100061_00535s_TLT_STOP_OFF.png,NA,NA,NA,NA,NA,NA,Faulty
NO_ALERT.png,toCheck_100061_00545s_NO_ALERT.png,NA,NA,NA,NA,NA,NA,Faulty
NO_ALERT.png,toCheck_100061_00850s_NO_ALERT.png,NA,NA,NA,NA,NA,NA,Faulty
NO_ALERT.png,toCheck_100062_00425s_NO_ALERT.png,NA,NA,NA,NA,NA,NA,Faulty
NO_ALERT.png,toCheck_100062_00740s_NO_ALERT.png,NA,NA,NA,NA,NA,NA,Faulty
NO_ALERT.png,toCheck_100063_00228s_NO_ALERT.png,NA,NA,NA,NA,NA,NA,Faulty
NO_ALERT.png,toCheck_100063_00251s_NO_ALERT.png,NA,NA,NA,NA,NA,NA,Faulty
NO_ALERT.png,toCheck_100063_00256s_NO_ALERT.png,NA,NA,NA,NA,NA,NA,Faulty
NO_ALERT.png,toCheck_100064_00228s_NO_ALERT.png,NA,NA,NA,NA,NA,NA,Faulty
NO_ALERT.png,toCheck_100065_00278s_NO_ALERT.png,NA,NA,NA,NA,NA,NA,Faulty
NO_ALERT.png,toCheck_100065_00301s_NO_ALERT.png,NA,NA,NA,NA,NA,NA,Faulty
NO_ALERT.png,toCheck_100065_00306s_NO_ALERT.png,NA,NA,NA,NA,NA,NA,Faulty
NO_ALERT.png,toCheck_100065_00228s_NO_ALERT.png,NA,NA,NA,NA,NA,NA,Faulty
NO_ALERT.png,toCheck_100065_00251s_NO_ALERT.png,NA,NA,NA,NA,NA,NA,Faulty
NO_ALERT.png,toCheck_100065_00256s_NO_ALERT.png,NA,NA,NA,NA,NA,NA,Faulty
NO_ALERT.png,toCheck_100000_00193s_NO_ALERT.png,NA,NA,NA,NA,NA,NA,Faulty
NO_ALERT.png,toCheck_100000_00258s_NO_ALERT.png,NA,NA,NA,NA,NA,NA,Faulty
NO_ALERT.png,toCheck_100001_00168s_NO_ALERT.png,NA,NA,NA,NA,NA,NA,Faulty
NO_ALERT.png,toCheck_100001_00208s_NO_ALERT.png,NA,NA,NA,NA,NA,NA,Faulty
NO_ALERT.png,toCheck_100002_00193s_NO_ALERT.png,NA,NA,NA,NA,NA,NA,Faulty
NO_ALERT.png,toCheck_100002_00258s_NO_ALERT.png,NA,NA,NA,NA,NA,NA,Faulty
NO_ALERT.png,toCheck_100003_00203s_NO_ALERT.png,NA,NA,NA,NA,NA,NA,Faulty
NO_ALERT.png,toCheck_100004_00218s_NO_ALERT.png,NA,NA,NA,NA,NA,NA,Faulty
BUZ_14_ON.png,toCheck_100004_00168s_BUZ_14_ON.png,NA,NA,NA,NA,NA,NA,Faulty
TLT_UREA_ON.png,toCheck_100004_00168s_TLT_UREA_ON.png,NA,NA,NA,NA,NA,NA,Faulty
TLT_UREA_OFF.png,toCheck_100004_00170s_TLT_UREA_OFF.png,NA,NA,NA,NA,NA,NA,Faulty
TLT_UREA_ON.png,toCheck_100004_00173s_TLT_UREA_ON.png,NA,NA,NA,NA,NA,NA,Faulty
TLT_UREA_OFF.png,toCheck_100004_00175s_TLT_UREA_OFF.png,NA,NA,NA,NA,NA,NA,Faulty
TLT_SERV_ON.png,toCheck_100004_00178s_TLT_SERV_ON.png,NA,NA,NA,NA,NA,NA,Faulty
NO_ALERT.png,toCheck_100004_00178s_NO_ALERT.png,NA,NA,NA,NA,NA,NA,Faulty
TLT_UREA_ON.png,toCheck_100005_00481s_TLT_UREA_ON.png,NA,NA,NA,NA,NA,NA,Faulty
TLT_UREA_ON.png,toCheck_100005_00543s_TLT_UREA_ON.png,NA,NA,NA,NA,NA,NA,Faulty
TLT_UREA_ON.png,toCheck_100005_00449s_TLT_UREA_ON.png,NA,NA,NA,NA,NA,NA,Faulty
TLT_UREA_ON.png,toCheck_100005_00459s_TLT_UREA_ON.png,NA,NA,NA,NA,NA,NA,Faulty
TLT_UREA_OFF.png,toCheck_100006_00472s_TLT_UREA_OFF.png,NA,NA,NA,NA,NA,NA,Faulty
TLT_UREA_ON.png,toCheck_100006_00590s_TLT_UREA_ON.png,NA,NA,NA,NA,NA,NA,Faulty
TLT_UREA_ON.png,toCheck_100006_00960s_TLT_UREA_ON.png,NA,NA,NA,NA,NA,NA,Faulty
TLT_UREA_ON.png,toCheck_100006_00449s_TLT_UREA_ON.png,NA,NA,NA,NA,NA,NA,Faulty
TLT_UREA_ON.png,toCheck_100006_00459s_TLT_UREA_ON.png,NA,NA,NA,NA,NA,NA,Faulty
NO_ALERT.png,toCheck_100007_00494s_NO_ALERT.png,NA,NA,NA,NA,NA,NA,Faulty
TLT_UREA_ON.png,toCheck_100007_00499s_TLT_UREA_ON.png,NA,NA,NA,NA,NA,NA,Faulty
NO_ALERT.png,toCheck_100007_00521s_NO_ALERT.png,NA,NA,NA,NA,NA,NA,Faulty
TLT_UREA_ON.png,toCheck_100007_00444s_TLT_UREA_ON.png,NA,NA,NA,NA,NA,NA,Faulty
NO_ALERT.png,toCheck_100007_00466s_NO_ALERT.png,NA,NA,NA,NA,NA,NA,Faulty
TLT_UREA_ON.png,toCheck_100007_00471s_TLT_UREA_ON.png,NA,NA,NA,NA,NA,NA,Faulty
TLT_UREA_ON.png,toCheck_100008_00669s_TLT_UREA_ON.png,NA,NA,NA,NA,NA,NA,Faulty
MMI_CONFORTNominal_MI_SCR.png,toCheck_100008_00423s_MMI_CONFORTNominal_MI_SCR.png,NA,NA,NA,NA,NA,NA,Faulty
TLT_UREA_ON.png,toCheck_100008_00614s_TLT_UREA_ON.png,NA,NA,NA,NA,NA,NA,Faulty
TLT_UREA_ON.png,toCheck_100008_00641s_TLT_UREA_ON.png,NA,NA,NA,NA,NA,NA,Faulty
TLT_UREA_ON.png,toCheck_100009_00491s_TLT_UREA_ON.png,NA,NA,NA,NA,NA,NA,Faulty
TLT_UREA_ON.png,toCheck_100009_00496s_TLT_UREA_ON.png,NA,NA,NA,NA,NA,NA,Faulty
TLT_UREA_ON.png,toCheck_100009_00501s_TLT_UREA_ON.png,NA,NA,NA,NA,NA,NA,Faulty
TLT_UREA_ON.png,toCheck_100009_00506s_TLT_UREA_ON.png,NA,NA,NA,NA,NA,NA,Faulty
TLT_UREA_ON.png,toCheck_100009_00516s_TLT_UREA_ON.png,NA,NA,NA,NA,NA,NA,Faulty
NO_ALERT.png,toCheck_100009_00544s_NO_ALERT.png,NA,NA,NA,NA,NA,NA,Faulty
TLT_UREA_ON.png,toCheck_100009_00549s_TLT_UREA_ON.png,NA,NA,NA,NA,NA,NA,Faulty
TLT_UREA_OFF.png,toCheck_100009_00554s_TLT_UREA_OFF.png,NA,NA,NA,NA,NA,NA,Faulty
TLT_UREA_ON.png,toCheck_100009_00556s_TLT_UREA_ON.png,NA,NA,NA,NA,NA,NA,Faulty
TLT_UREA_OFF.png,toCheck_100009_00559s_TLT_UREA_OFF.png,NA,NA,NA,NA,NA,NA,Faulty
TLT_UREA_ON.png,toCheck_100009_00561s_TLT_UREA_ON.png,NA,NA,NA,NA,NA,NA,Faulty
TLT_UREA_OFF.png,toCheck_100009_00586s_TLT_UREA_OFF.png,NA,NA,NA,NA,NA,NA,Faulty
TLT_UREA_ON.png,toCheck_100009_00589s_TLT_UREA_ON.png,NA,NA,NA,NA,NA,NA,Faulty
TLT_UREA_OFF.png,toCheck_100009_00591s_TLT_UREA_OFF.png,NA,NA,NA,NA,NA,NA,Faulty
TLT_UREA_ON.png,toCheck_100009_00594s_TLT_UREA_ON.png,NA,NA,NA,NA,NA,NA,Faulty
NO_ALERT.png,toCheck_100009_00596s_NO_ALERT.png,NA,NA,NA,NA,NA,NA,Faulty
TLT_UREA_OFF.png,toCheck_100009_06596s_TLT_UREA_OFF.png,NA,NA,NA,NA,NA,NA,Faulty
TLT_UREA_ON.png,toCheck_100009_06599s_TLT_UREA_ON.png,NA,NA,NA,NA,NA,NA,Faulty
TLT_UREA_OFF.png,toCheck_100009_06601s_TLT_UREA_OFF.png,NA,NA,NA,NA,NA,NA,Faulty
TLT_UREA_ON.png,toCheck_100009_06604s_TLT_UREA_ON.png,NA,NA,NA,NA,NA,NA,Faulty
TLT_UREA_ON.png,toCheck_100009_00449s_TLT_UREA_ON.png,NA,NA,NA,NA,NA,NA,Faulty
TLT_UREA_ON.png,toCheck_100009_00459s_TLT_UREA_ON.png,NA,NA,NA,NA,NA,NA,Faulty
NO_ALERT.png,toCheck_100009_00486s_NO_ALERT.png,NA,NA,NA,NA,NA,NA,Faulty
TLT_UREA_ON.png,toCheck_100010_00661s_TLT_UREA_ON.png,NA,NA,NA,NA,NA,NA,Faulty
TLT_UREA_ON.png,toCheck_100010_00666s_TLT_UREA_ON.png,NA,NA,NA,NA,NA,NA,Faulty
TLT_UREA_ON.png,toCheck_100010_00671s_TLT_UREA_ON.png,NA,NA,NA,NA,NA,NA,Faulty
TLT_UREA_ON.png,toCheck_100010_00676s_TLT_UREA_ON.png,NA,NA,NA,NA,NA,NA,Faulty
TLT_UREA_ON.png,toCheck_100010_00686s_TLT_UREA_ON.png,NA,NA,NA,NA,NA,NA,Faulty
TLT_UREA_ON.png,toCheck_100010_00719s_TLT_UREA_ON.png,NA,NA,NA,NA,NA,NA,Faulty
TLT_UREA_OFF.png,toCheck_100010_00724s_TLT_UREA_OFF.png,NA,NA,NA,NA,NA,NA,Faulty
TLT_UREA_ON.png,toCheck_100010_00726s_TLT_UREA_ON.png,NA,NA,NA,NA,NA,NA,Faulty
TLT_UREA_OFF.png,toCheck_100010_00729s_TLT_UREA_OFF.png,NA,NA,NA,NA,NA,NA,Faulty
MMI_CONFORTNominal_MI_SCR.png,toCheck_100010_00423s_MMI_CONFORTNominal_MI_SCR.png,NA,NA,NA,NA,NA,NA,Faulty
TLT_UREA_ON.png,toCheck_100010_00731s_TLT_UREA_ON.png,NA,NA,NA,NA,NA,NA,Faulty
TLT_UREA_OFF.png,toCheck_100010_00756s_TLT_UREA_OFF.png,NA,NA,NA,NA,NA,NA,Faulty
TLT_UREA_ON.png,toCheck_100010_00759s_TLT_UREA_ON.png,NA,NA,NA,NA,NA,NA,Faulty
TLT_UREA_OFF.png,toCheck_100010_00761s_TLT_UREA_OFF.png,NA,NA,NA,NA,NA,NA,Faulty
TLT_UREA_ON.png,toCheck_100010_00764s_TLT_UREA_ON.png,NA,NA,NA,NA,NA,NA,Faulty
TLT_UREA_OFF.png,toCheck_100010_06766s_TLT_UREA_OFF.png,NA,NA,NA,NA,NA,NA,Faulty
TLT_UREA_ON.png,toCheck_100010_06769s_TLT_UREA_ON.png,NA,NA,NA,NA,NA,NA,Faulty
TLT_UREA_OFF.png,toCheck_100010_06771s_TLT_UREA_OFF.png,NA,NA,NA,NA,NA,NA,Faulty
TLT_UREA_ON.png,toCheck_100010_06774s_TLT_UREA_ON.png,NA,NA,NA,NA,NA,NA,Faulty
TLT_UREA_ON.png,toCheck_100010_00619s_TLT_UREA_ON.png,NA,NA,NA,NA,NA,NA,Faulty
TLT_UREA_ON.png,toCheck_100010_00629s_TLT_UREA_ON.png,NA,NA,NA,NA,NA,NA,Faulty
NO_ALERT.png,toCheck_100011_00441s_NO_ALERT.png,NA,NA,NA,NA,NA,NA,Faulty
TLT_UREA_ON.png,toCheck_100011_00446s_TLT_UREA_ON.png,NA,NA,NA,NA,NA,NA,Faulty
NO_ALERT.png,toCheck_100011_00474s_NO_ALERT.png,NA,NA,NA,NA,NA,NA,Faulty
TLT_UREA_ON.png,toCheck_100011_00479s_TLT_UREA_ON.png,NA,NA,NA,NA,NA,NA,Faulty
NO_ALERT.png,toCheck_100011_00506s_NO_ALERT.png,NA,NA,NA,NA,NA,NA,Faulty
TLT_UREA_ON.png,toCheck_100011_00511s_TLT_UREA_ON.png,NA,NA,NA,NA,NA,NA,Faulty
NO_ALERT.png,toCheck_100011_00539s_NO_ALERT.png,NA,NA,NA,NA,NA,NA,Faulty
TLT_UREA_OFF.png,toCheck_100011_00544s_TLT_UREA_OFF.png,NA,NA,NA,NA,NA,NA,Faulty
TLT_UREA_ON.png,toCheck_100011_00546s_TLT_UREA_ON.png,NA,NA,NA,NA,NA,NA,Faulty
TLT_UREA_OFF.png,toCheck_100011_00549s_TLT_UREA_OFF.png,NA,NA,NA,NA,NA,NA,Faulty
TLT_UREA_ON.png,toCheck_100011_00551s_TLT_UREA_ON.png,NA,NA,NA,NA,NA,NA,Faulty
TLT_UREA_OFF.png,toCheck_100011_00581s_TLT_UREA_OFF.png,NA,NA,NA,NA,NA,NA,Faulty
TLT_UREA_ON.png,toCheck_100011_00584s_TLT_UREA_ON.png,NA,NA,NA,NA,NA,NA,Faulty
TLT_UREA_OFF.png,toCheck_100011_00586s_TLT_UREA_OFF.png,NA,NA,NA,NA,NA,NA,Faulty
TLT_UREA_ON.png,toCheck_100011_00589s_TLT_UREA_ON.png,NA,NA,NA,NA,NA,NA,Faulty
NO_ALERT.png,toCheck_100011_00591s_NO_ALERT.png,NA,NA,NA,NA,NA,NA,Faulty
TLT_UREA_OFF.png,toCheck_100011_06591s_TLT_UREA_OFF.png,NA,NA,NA,NA,NA,NA,Faulty
TLT_UREA_ON.png,toCheck_100011_06594s_TLT_UREA_ON.png,NA,NA,NA,NA,NA,NA,Faulty
TLT_UREA_OFF.png,toCheck_100011_06596s_TLT_UREA_OFF.png,NA,NA,NA,NA,NA,NA,Faulty
TLT_UREA_ON.png,toCheck_100011_06599s_TLT_UREA_ON.png,NA,NA,NA,NA,NA,NA,Faulty
NO_ALERT.png,toCheck_100011_00399s_NO_ALERT.png,NA,NA,NA,NA,NA,NA,Faulty
TLT_UREA_ON.png,toCheck_100011_00404s_TLT_UREA_ON.png,NA,NA,NA,NA,NA,NA,Faulty
TLT_UREA_ON.png,toCheck_100011_00414s_TLT_UREA_ON.png,NA,NA,NA,NA,NA,NA,Faulty
TLT_UREA_ON.png,toCheck_100012_00616s_TLT_UREA_ON.png,NA,NA,NA,NA,NA,NA,Faulty
TLT_UREA_ON.png,toCheck_100012_00649s_TLT_UREA_ON.png,NA,NA,NA,NA,NA,NA,Faulty
TLT_UREA_ON.png,toCheck_100012_00681s_TLT_UREA_ON.png,NA,NA,NA,NA,NA,NA,Faulty
TLT_UREA_OFF.png,toCheck_100012_00714s_TLT_UREA_OFF.png,NA,NA,NA,NA,NA,NA,Faulty
TLT_UREA_ON.png,toCheck_100012_00716s_TLT_UREA_ON.png,NA,NA,NA,NA,NA,NA,Faulty
TLT_UREA_OFF.png,toCheck_100012_00719s_TLT_UREA_OFF.png,NA,NA,NA,NA,NA,NA,Faulty
TLT_UREA_ON.png,toCheck_100012_00721s_TLT_UREA_ON.png,NA,NA,NA,NA,NA,NA,Faulty
MMI_CONFORTNominal_MI_SCR.png,toCheck_100012_00423s_MMI_CONFORTNominal_MI_SCR.png,NA,NA,NA,NA,NA,NA,Faulty
TLT_UREA_OFF.png,toCheck_100012_00751s_TLT_UREA_OFF.png,NA,NA,NA,NA,NA,NA,Faulty
TLT_UREA_ON.png,toCheck_100012_00754s_TLT_UREA_ON.png,NA,NA,NA,NA,NA,NA,Faulty
TLT_UREA_OFF.png,toCheck_100012_00756s_TLT_UREA_OFF.png,NA,NA,NA,NA,NA,NA,Faulty
TLT_UREA_ON.png,toCheck_100012_00759s_TLT_UREA_ON.png,NA,NA,NA,NA,NA,NA,Faulty
TLT_UREA_OFF.png,toCheck_100012_06761s_TLT_UREA_OFF.png,NA,NA,NA,NA,NA,NA,Faulty
TLT_UREA_ON.png,toCheck_100012_06764s_TLT_UREA_ON.png,NA,NA,NA,NA,NA,NA,Faulty
TLT_UREA_OFF.png,toCheck_100012_06766s_TLT_UREA_OFF.png,NA,NA,NA,NA,NA,NA,Faulty
TLT_UREA_ON.png,toCheck_100012_06769s_TLT_UREA_ON.png,NA,NA,NA,NA,NA,NA,Faulty
TLT_UREA_ON.png,toCheck_100012_00574s_TLT_UREA_ON.png,NA,NA,NA,NA,NA,NA,Faulty
TLT_UREA_ON.png,toCheck_100012_00584s_TLT_UREA_ON.png,NA,NA,NA,NA,NA,NA,Faulty
NO_ALERT.png,toCheck_100013_00446s_NO_ALERT.png,NA,NA,NA,NA,NA,NA,Faulty
TLT_UREA_ON.png,toCheck_100013_00451s_TLT_UREA_ON.png,NA,NA,NA,NA,NA,NA,Faulty
NO_ALERT.png,toCheck_100013_00479s_NO_ALERT.png,NA,NA,NA,NA,NA,NA,Faulty
TLT_UREA_ON.png,toCheck_100013_00484s_TLT_UREA_ON.png,NA,NA,NA,NA,NA,NA,Faulty
NO_ALERT.png,toCheck_100013_00511s_NO_ALERT.png,NA,NA,NA,NA,NA,NA,Faulty
TLT_UREA_ON.png,toCheck_100013_00516s_TLT_UREA_ON.png,NA,NA,NA,NA,NA,NA,Faulty
NO_ALERT.png,toCheck_100013_00544s_NO_ALERT.png,NA,NA,NA,NA,NA,NA,Faulty
TLT_UREA_ON.png,toCheck_100013_00549s_TLT_UREA_ON.png,NA,NA,NA,NA,NA,NA,Faulty
NO_ALERT.png,toCheck_100013_00576s_NO_ALERT.png,NA,NA,NA,NA,NA,NA,Faulty
TLT_UREA_OFF.png,toCheck_100013_00581s_TLT_UREA_OFF.png,NA,NA,NA,NA,NA,NA,Faulty
TLT_UREA_ON.png,toCheck_100013_00584s_TLT_UREA_ON.png,NA,NA,NA,NA,NA,NA,Faulty
TLT_UREA_OFF.png,toCheck_100013_00586s_TLT_UREA_OFF.png,NA,NA,NA,NA,NA,NA,Faulty
TLT_UREA_ON.png,toCheck_100013_00589s_TLT_UREA_ON.png,NA,NA,NA,NA,NA,NA,Faulty
NO_ALERT.png,toCheck_100013_00614s_NO_ALERT.png,NA,NA,NA,NA,NA,NA,Faulty
TLT_UREA_OFF.png,toCheck_100013_00614s_TLT_UREA_OFF.png,NA,NA,NA,NA,NA,NA,Faulty
TLT_UREA_ON.png,toCheck_100013_00616s_TLT_UREA_ON.png,NA,NA,NA,NA,NA,NA,Faulty
TLT_UREA_OFF.png,toCheck_100013_00619s_TLT_UREA_OFF.png,NA,NA,NA,NA,NA,NA,Faulty
TLT_UREA_ON.png,toCheck_100013_00621s_TLT_UREA_ON.png,NA,NA,NA,NA,NA,NA,Faulty
TLT_UREA_OFF.png,toCheck_100013_06624s_TLT_UREA_OFF.png,NA,NA,NA,NA,NA,NA,Faulty
TLT_UREA_ON.png,toCheck_100013_06626s_TLT_UREA_ON.png,NA,NA,NA,NA,NA,NA,Faulty
TLT_UREA_OFF.png,toCheck_100013_06629s_TLT_UREA_OFF.png,NA,NA,NA,NA,NA,NA,Faulty
TLT_UREA_ON.png,toCheck_100013_06631s_TLT_UREA_ON.png,NA,NA,NA,NA,NA,NA,Faulty
FULL_ALTIA_WAKEUP_MMI.png,toCheck_100013_06924s_FULL_ALTIA_WAKEUP_MMI.png,NA,NA,NA,NA,NA,NA,Faulty
NO_ALERT.png,toCheck_100013_07070s_NO_ALERT.png,NA,NA,NA,NA,NA,NA,Faulty
NO_ALERT.png,toCheck_100013_00399s_NO_ALERT.png,NA,NA,NA,NA,NA,NA,Faulty
TLT_UREA_ON.png,toCheck_100013_00409s_TLT_UREA_ON.png,NA,NA,NA,NA,NA,NA,Faulty
TLT_UREA_ON.png,toCheck_100013_00419s_TLT_UREA_ON.png,NA,NA,NA,NA,NA,NA,Faulty
TLT_UREA_ON.png,toCheck_100014_00621s_TLT_UREA_ON.png,NA,NA,NA,NA,NA,NA,Faulty
TLT_UREA_ON.png,toCheck_100014_00654s_TLT_UREA_ON.png,NA,NA,NA,NA,NA,NA,Faulty
TLT_UREA_ON.png,toCheck_100014_00686s_TLT_UREA_ON.png,NA,NA,NA,NA,NA,NA,Faulty
TLT_UREA_ON.png,toCheck_100014_00719s_TLT_UREA_ON.png,NA,NA,NA,NA,NA,NA,Faulty
TLT_UREA_OFF.png,toCheck_100014_00751s_TLT_UREA_OFF.png,NA,NA,NA,NA,NA,NA,Faulty
TLT_UREA_ON.png,toCheck_100014_00754s_TLT_UREA_ON.png,NA,NA,NA,NA,NA,NA,Faulty
MMI_CONFORTNominal_MI_SCR.png,toCheck_100014_00423s_MMI_CONFORTNominal_MI_SCR.png,NA,NA,NA,NA,NA,NA,Faulty
TLT_UREA_OFF.png,toCheck_100014_00756s_TLT_UREA_OFF.png,NA,NA,NA,NA,NA,NA,Faulty
TLT_UREA_ON.png,toCheck_100014_00759s_TLT_UREA_ON.png,NA,NA,NA,NA,NA,NA,Faulty
TLT_UREA_OFF.png,toCheck_100014_00784s_TLT_UREA_OFF.png,NA,NA,NA,NA,NA,NA,Faulty
TLT_UREA_ON.png,toCheck_100014_00786s_TLT_UREA_ON.png,NA,NA,NA,NA,NA,NA,Faulty
TLT_UREA_OFF.png,toCheck_100014_00789s_TLT_UREA_OFF.png,NA,NA,NA,NA,NA,NA,Faulty
TLT_UREA_ON.png,toCheck_100014_00791s_TLT_UREA_ON.png,NA,NA,NA,NA,NA,NA,Faulty
TLT_UREA_OFF.png,toCheck_100014_06794s_TLT_UREA_OFF.png,NA,NA,NA,NA,NA,NA,Faulty
TLT_UREA_ON.png,toCheck_100014_06796s_TLT_UREA_ON.png,NA,NA,NA,NA,NA,NA,Faulty
TLT_UREA_OFF.png,toCheck_100014_06799s_TLT_UREA_OFF.png,NA,NA,NA,NA,NA,NA,Faulty
TLT_UREA_ON.png,toCheck_100014_06801s_TLT_UREA_ON.png,NA,NA,NA,NA,NA,NA,Faulty
TLT_UREA_ON.png,toCheck_100014_00579s_TLT_UREA_ON.png,NA,NA,NA,NA,NA,NA,Faulty
TLT_UREA_ON.png,toCheck_100014_00589s_TLT_UREA_ON.png,NA,NA,NA,NA,NA,NA,Faulty
TLT_UREA_ON.png,toCheck_100016_00635s_TLT_UREA_ON.png,NA,NA,NA,NA,NA,NA,Faulty
TLT_UREA_ON.png,toCheck_100016_01005s_TLT_UREA_ON.png,NA,NA,NA,NA,NA,NA,Faulty
TLT_UREA_OFF.png,toCheck_100016_01010s_TLT_UREA_OFF.png,NA,NA,NA,NA,NA,NA,Faulty
TLT_UREA_ON.png,toCheck_100016_01015s_TLT_UREA_ON.png,NA,NA,NA,NA,NA,NA,Faulty
TLT_UREA_OFF.png,toCheck_100016_01020s_TLT_UREA_OFF.png,NA,NA,NA,NA,NA,NA,Faulty
TLT_UREA_ON.png,toCheck_100016_00454s_TLT_UREA_ON.png,NA,NA,NA,NA,NA,NA,Faulty
TLT_UREA_ON.png,toCheck_100016_00464s_TLT_UREA_ON.png,NA,NA,NA,NA,NA,NA,Faulty
TLT_UREA_OFF.png,toCheck_100016_00469s_TLT_UREA_OFF.png,NA,NA,NA,NA,NA,NA,Faulty
TLT_UREA_ON.png,toCheck_100016_00474s_TLT_UREA_ON.png,NA,NA,NA,NA,NA,NA,Faulty
TLT_UREA_OFF.png,toCheck_100016_00479s_TLT_UREA_OFF.png,NA,NA,NA,NA,NA,NA,Faulty
NO_ALERT.png,toCheck_100017_00514s_NO_ALERT.png,NA,NA,NA,NA,NA,NA,Faulty
TLT_UREA_ON.png,toCheck_100017_00529s_TLT_UREA_ON.png,NA,NA,NA,NA,NA,NA,Faulty
NO_ALERT.png,toCheck_100017_00551s_NO_ALERT.png,NA,NA,NA,NA,NA,NA,Faulty
TLT_UREA_ON.png,toCheck_100017_00561s_TLT_UREA_ON.png,NA,NA,NA,NA,NA,NA,Faulty
TLT_UREA_OFF.png,toCheck_100017_00566s_TLT_UREA_OFF.png,NA,NA,NA,NA,NA,NA,Faulty
TLT_UREA_ON.png,toCheck_100017_00571s_TLT_UREA_ON.png,NA,NA,NA,NA,NA,NA,Faulty
TLT_UREA_OFF.png,toCheck_100017_00576s_TLT_UREA_OFF.png,NA,NA,NA,NA,NA,NA,Faulty
NO_ALERT.png,toCheck_100017_00596s_NO_ALERT.png,NA,NA,NA,NA,NA,NA,Faulty
TLT_UREA_ON.png,toCheck_100017_00596s_TLT_UREA_ON.png,NA,NA,NA,NA,NA,NA,Faulty
TLT_UREA_OFF.png,toCheck_100017_00601s_TLT_UREA_OFF.png,NA,NA,NA,NA,NA,NA,Faulty
TLT_UREA_ON.png,toCheck_100017_00606s_TLT_UREA_ON.png,NA,NA,NA,NA,NA,NA,Faulty
TLT_UREA_OFF.png,toCheck_100017_00611s_TLT_UREA_OFF.png,NA,NA,NA,NA,NA,NA,Faulty
TLT_UREA_ON.png,toCheck_100017_00454s_TLT_UREA_ON.png,NA,NA,NA,NA,NA,NA,Faulty
NO_ALERT.png,toCheck_100017_00476s_NO_ALERT.png,NA,NA,NA,NA,NA,NA,Faulty
TLT_UREA_ON.png,toCheck_100017_00491s_TLT_UREA_ON.png,NA,NA,NA,NA,NA,NA,Faulty
TLT_UREA_ON.png,toCheck_100018_00504s_TLT_UREA_ON.png,NA,NA,NA,NA,NA,NA,Faulty
TLT_UREA_OFF.png,toCheck_100018_00509s_TLT_UREA_OFF.png,NA,NA,NA,NA,NA,NA,Faulty
TLT_UREA_ON.png,toCheck_100018_00634s_TLT_UREA_ON.png,NA,NA,NA,NA,NA,NA,Faulty
TLT_UREA_ON.png,toCheck_100018_00639s_TLT_UREA_ON.png,NA,NA,NA,NA,NA,NA,Faulty
TLT_UREA_OFF.png,toCheck_100018_00644s_TLT_UREA_OFF.png,NA,NA,NA,NA,NA,NA,Faulty
TLT_UREA_ON.png,toCheck_100018_00649s_TLT_UREA_ON.png,NA,NA,NA,NA,NA,NA,Faulty
TLT_UREA_OFF.png,toCheck_100018_00654s_TLT_UREA_OFF.png,NA,NA,NA,NA,NA,NA,Faulty
TLT_UREA_ON.png,toCheck_100018_00674s_TLT_UREA_ON.png,NA,NA,NA,NA,NA,NA,Faulty
TLT_UREA_OFF.png,toCheck_100018_00679s_TLT_UREA_OFF.png,NA,NA,NA,NA,NA,NA,Faulty
TLT_UREA_ON.png,toCheck_100018_00684s_TLT_UREA_ON.png,NA,NA,NA,NA,NA,NA,Faulty
TLT_UREA_OFF.png,toCheck_100018_00689s_TLT_UREA_OFF.png,NA,NA,NA,NA,NA,NA,Faulty
TLT_UREA_ON.png,toCheck_100018_00809s_TLT_UREA_ON.png,NA,NA,NA,NA,NA,NA,Faulty
TLT_UREA_OFF.png,toCheck_100018_00814s_TLT_UREA_OFF.png,NA,NA,NA,NA,NA,NA,Faulty
TLT_UREA_ON.png,toCheck_100018_00819s_TLT_UREA_ON.png,NA,NA,NA,NA,NA,NA,Faulty
TLT_UREA_OFF.png,toCheck_100018_00824s_TLT_UREA_OFF.png,NA,NA,NA,NA,NA,NA,Faulty
TLT_UREA_ON.png,toCheck_100018_01355s_TLT_UREA_ON.png,NA,NA,NA,NA,NA,NA,Faulty
TLT_UREA_OFF.png,toCheck_100018_01360s_TLT_UREA_OFF.png,NA,NA,NA,NA,NA,NA,Faulty
TLT_UREA_ON.png,toCheck_100018_01365s_TLT_UREA_ON.png,NA,NA,NA,NA,NA,NA,Faulty
TLT_UREA_OFF.png,toCheck_100018_01370s_TLT_UREA_OFF.png,NA,NA,NA,NA,NA,NA,Faulty
TLT_UREA_ON.png,toCheck_100018_01385s_TLT_UREA_ON.png,NA,NA,NA,NA,NA,NA,Faulty
TLT_UREA_ON.png,toCheck_100018_01926s_TLT_UREA_ON.png,NA,NA,NA,NA,NA,NA,Faulty
TLT_UREA_ON.png,toCheck_100018_00454s_TLT_UREA_ON.png,NA,NA,NA,NA,NA,NA,Faulty
TLT_UREA_ON.png,toCheck_100018_00459s_TLT_UREA_ON.png,NA,NA,NA,NA,NA,NA,Faulty
TLT_UREA_OFF.png,toCheck_100018_00464s_TLT_UREA_OFF.png,NA,NA,NA,NA,NA,NA,Faulty
TLT_UREA_ON.png,toCheck_100018_00469s_TLT_UREA_ON.png,NA,NA,NA,NA,NA,NA,Faulty
TLT_UREA_OFF.png,toCheck_100018_00474s_TLT_UREA_OFF.png,NA,NA,NA,NA,NA,NA,Faulty
TLT_UREA_ON.png,toCheck_100018_00494s_TLT_UREA_ON.png,NA,NA,NA,NA,NA,NA,Faulty
TLT_UREA_OFF.png,toCheck_100018_00499s_TLT_UREA_OFF.png,NA,NA,NA,NA,NA,NA,Faulty
TLT_TPW_OFF.png,toCheck_100000_00478s_TLT_TPW_OFF.png,NA,NA,NA,NA,NA,NA,Faulty
TLT_SERV_OFF.png,toCheck_100000_00478s_TLT_SERV_OFF.png,NA,NA,NA,NA,NA,NA,Faulty
NO_ALERT.png,toCheck_100000_00478s_NO_ALERT.png,NA,NA,NA,NA,NA,NA,Faulty
TLT_TPW_ON.png,toCheck_100001_00493s_TLT_TPW_ON.png,NA,NA,NA,NA,NA,NA,Faulty
TLT_TPW_ON.png,toCheck_100001_01195s_TLT_TPW_ON.png,NA,NA,NA,NA,NA,NA,Faulty
TLT_TPW_ON.png,toCheck_100001_01200s_TLT_TPW_ON.png,NA,NA,NA,NA,NA,NA,Faulty
TLT_TPW_ON.png,toCheck_100001_01205s_TLT_TPW_ON.png,NA,NA,NA,NA,NA,NA,Faulty
TLT_TPW_OFF.png,toCheck_100001_00478s_TLT_TPW_OFF.png,NA,NA,NA,NA,NA,NA,Faulty
TLT_SERV_OFF.png,toCheck_100001_00478s_TLT_SERV_OFF.png,NA,NA,NA,NA,NA,NA,Faulty
NO_ALERT.png,toCheck_100001_00478s_NO_ALERT.png,NA,NA,NA,NA,NA,NA,Faulty
TLT_TPW_OFF.png,toCheck_100001_00485s_TLT_TPW_OFF.png,NA,NA,NA,NA,NA,NA,Faulty
TLT_TPW_ON.png,toCheck_100001_00488s_TLT_TPW_ON.png,NA,NA,NA,NA,NA,NA,Faulty
TLT_TPW_OFF.png,toCheck_100001_00490s_TLT_TPW_OFF.png,NA,NA,NA,NA,NA,NA,Faulty
TLT_TPW_ON.png,toCheck_100002_00493s_TLT_TPW_ON.png,NA,NA,NA,NA,NA,NA,Faulty
TLT_TPW_ON.png,toCheck_100002_01195s_TLT_TPW_ON.png,NA,NA,NA,NA,NA,NA,Faulty
TLT_TPW_ON.png,toCheck_100002_01200s_TLT_TPW_ON.png,NA,NA,NA,NA,NA,NA,Faulty
TLT_TPW_ON.png,toCheck_100002_01205s_TLT_TPW_ON.png,NA,NA,NA,NA,NA,NA,Faulty
TLT_TPW_OFF.png,toCheck_100002_00478s_TLT_TPW_OFF.png,NA,NA,NA,NA,NA,NA,Faulty
TLT_SERV_OFF.png,toCheck_100002_00478s_TLT_SERV_OFF.png,NA,NA,NA,NA,NA,NA,Faulty
NO_ALERT.png,toCheck_100002_00478s_NO_ALERT.png,NA,NA,NA,NA,NA,NA,Faulty
TLT_TPW_OFF.png,toCheck_100002_00485s_TLT_TPW_OFF.png,NA,NA,NA,NA,NA,NA,Faulty
TLT_TPW_ON.png,toCheck_100002_00488s_TLT_TPW_ON.png,NA,NA,NA,NA,NA,NA,Faulty
TLT_TPW_OFF.png,toCheck_100002_00490s_TLT_TPW_OFF.png,NA,NA,NA,NA,NA,NA,Faulty
TLT_TPW_OFF.png,toCheck_100003_00478s_TLT_TPW_OFF.png,NA,NA,NA,NA,NA,NA,Faulty
TLT_SERV_OFF.png,toCheck_100003_00478s_TLT_SERV_OFF.png,NA,NA,NA,NA,NA,NA,Faulty
TLT_TPW_OFF.png,toCheck_100004_00478s_TLT_TPW_OFF.png,NA,NA,NA,NA,NA,NA,Faulty
TLT_SERV_OFF.png,toCheck_100004_00478s_TLT_SERV_OFF.png,NA,NA,NA,NA,NA,NA,Faulty
NO_ALERT.png,toCheck_100004_00478s_NO_ALERT.png,NA,NA,NA,NA,NA,NA,Faulty
TLT_TPW_ON.png,toCheck_100004_00483s_TLT_TPW_ON.png,NA,NA,NA,NA,NA,NA,Faulty
TLT_SERV_OFF.png,toCheck_100004_00483s_TLT_SERV_OFF.png,NA,NA,NA,NA,NA,NA,Faulty
TLT_TPW_OFF.png,toCheck_100005_00505s_TLT_TPW_OFF.png,NA,NA,NA,NA,NA,NA,Faulty
TLT_TPW_ON.png,toCheck_100005_00508s_TLT_TPW_ON.png,NA,NA,NA,NA,NA,NA,Faulty
TLT_TPW_OFF.png,toCheck_100005_00510s_TLT_TPW_OFF.png,NA,NA,NA,NA,NA,NA,Faulty
TLT_TPW_ON.png,toCheck_100005_00513s_TLT_TPW_ON.png,NA,NA,NA,NA,NA,NA,Faulty
TLT_SERV_OFF.png,toCheck_100005_00515s_TLT_SERV_OFF.png,NA,NA,NA,NA,NA,NA,Faulty
TLT_TPW_OFF.png,toCheck_100005_00478s_TLT_TPW_OFF.png,NA,NA,NA,NA,NA,NA,Faulty
TLT_SERV_OFF.png,toCheck_100005_00478s_TLT_SERV_OFF.png,NA,NA,NA,NA,NA,NA,Faulty
NO_ALERT.png,toCheck_100005_00478s_NO_ALERT.png,NA,NA,NA,NA,NA,NA,Faulty
TLT_TPW_OFF.png,toCheck_100005_00500s_TLT_TPW_OFF.png,NA,NA,NA,NA,NA,NA,Faulty
TLT_SERV_OFF.png,toCheck_100005_00500s_TLT_SERV_OFF.png,NA,NA,NA,NA,NA,NA,Faulty
TPW_TXTALT_30202_9_FR.png,toCheck_100006_00545s_TPW_TXTALT_30202_9_FR.png,NA,NA,NA,NA,NA,NA,Faulty
TLT_TPW_OFF.png,toCheck_100006_00550s_TLT_TPW_OFF.png,NA,NA,NA,NA,NA,NA,Faulty
TLT_SERV_OFF.png,toCheck_100006_00550s_TLT_SERV_OFF.png,NA,NA,NA,NA,NA,NA,Faulty
TLT_TPW_OFF.png,toCheck_100006_00478s_TLT_TPW_OFF.png,NA,NA,NA,NA,NA,NA,Faulty
TLT_SERV_OFF.png,toCheck_100006_00478s_TLT_SERV_OFF.png,NA,NA,NA,NA,NA,NA,Faulty
NO_ALERT.png,toCheck_100006_00478s_NO_ALERT.png,NA,NA,NA,NA,NA,NA,Faulty
TLT_TPW_OFF.png,toCheck_100006_00545s_TLT_TPW_OFF.png,NA,NA,NA,NA,NA,NA,Faulty
TLT_SERV_OFF.png,toCheck_100006_00545s_TLT_SERV_OFF.png,NA,NA,NA,NA,NA,NA,Faulty
TPW_TXTALT_30202_9_FR.png,toCheck_100007_00615s_TPW_TXTALT_30202_9_FR.png,NA,NA,NA,NA,NA,NA,Faulty
TLT_TPW_OFF.png,toCheck_100007_00478s_TLT_TPW_OFF.png,NA,NA,NA,NA,NA,NA,Faulty
TLT_SERV_OFF.png,toCheck_100007_00478s_TLT_SERV_OFF.png,NA,NA,NA,NA,NA,NA,Faulty
NO_ALERT.png,toCheck_100007_00478s_NO_ALERT.png,NA,NA,NA,NA,NA,NA,Faulty
TPW_TXTMessage_30202_14_FR_ON.png,toCheck_100008_00520s_TPW_TXTMessage_30202_14_FR_ON.png,NA,NA,NA,NA,NA,NA,Faulty
TPW_TXTMessage_30202_14_FR_OFF.png,toCheck_100008_00525s_TPW_TXTMessage_30202_14_FR_OFF.png,NA,NA,NA,NA,NA,NA,Faulty
TPW_TXTALT_30202_9_FR.png,toCheck_100008_00585s_TPW_TXTALT_30202_9_FR.png,NA,NA,NA,NA,NA,NA,Faulty
TLT_TPW_OFF.png,toCheck_100008_00478s_TLT_TPW_OFF.png,NA,NA,NA,NA,NA,NA,Faulty
TLT_SERV_OFF.png,toCheck_100008_00478s_TLT_SERV_OFF.png,NA,NA,NA,NA,NA,NA,Faulty
NO_ALERT.png,toCheck_100008_00478s_NO_ALERT.png,NA,NA,NA,NA,NA,NA,Faulty
TPW_TXTMessage_30202_14_FR_ON.png,toCheck_100008_00510s_TPW_TXTMessage_30202_14_FR_ON.png,NA,NA,NA,NA,NA,NA,Faulty
TPW_TXTMessage_30202_14_FR_OFF.png,toCheck_100008_00515s_TPW_TXTMessage_30202_14_FR_OFF.png,NA,NA,NA,NA,NA,NA,Faulty
TLT_TPW_ON.png,toCheck_100009_00480s_TLT_TPW_ON.png,NA,NA,NA,NA,NA,NA,Faulty
TLT_TPW_OFF.png,toCheck_100009_00483s_TLT_TPW_OFF.png,NA,NA,NA,NA,NA,NA,Faulty
TLT_TPW_ON.png,toCheck_100009_00485s_TLT_TPW_ON.png,NA,NA,NA,NA,NA,NA,Faulty
TLT_TPW_OFF.png,toCheck_100009_00488s_TLT_TPW_OFF.png,NA,NA,NA,NA,NA,NA,Faulty
TLT_STOP_ON.png,toCheck_100010_00478s_TLT_STOP_ON.png,NA,NA,NA,NA,NA,NA,Faulty
TLT_TPW_ON.png,toCheck_100010_00478s_TLT_TPW_ON.png,NA,NA,NA,NA,NA,NA,Faulty
TLT_TPW_ON.png,toCheck_100011_00478s_TLT_TPW_ON.png,NA,NA,NA,NA,NA,NA,Faulty
WTP_24_PER.png,toCheck_100003_00857s_WTP_24_PER.png,NA,NA,NA,NA,NA,NA,Faulty
NO_ALERT.png,toCheck_100000_00284s_NO_ALERT.png,NA,NA,NA,NA,NA,NA,Faulty
NO_ALERT.png,toCheck_100000_00213s_NO_ALERT.png,NA,NA,NA,NA,NA,NA,Faulty
NO_ALERT.png,toCheck_100001_00319s_NO_ALERT.png,NA,NA,NA,NA,NA,NA,Faulty
NO_ALERT.png,toCheck_100001_00248s_NO_ALERT.png,NA,NA,NA,NA,NA,NA,Faulty
NO_ALERT.png,toCheck_100002_00284s_NO_ALERT.png,NA,NA,NA,NA,NA,NA,Faulty
NO_ALERT.png,toCheck_100002_00213s_NO_ALERT.png,NA,NA,NA,NA,NA,NA,Faulty
TLT_SERV_OFF.png,toCheck_100003_00279s_TLT_SERV_OFF.png,NA,NA,NA,NA,NA,NA,Faulty
NO_ALERT.png,toCheck_100003_00284s_NO_ALERT.png,NA,NA,NA,NA,NA,NA,Faulty
TLT_SERV_OFF.png,toCheck_100003_00191s_TLT_SERV_OFF.png,NA,NA,NA,NA,NA,NA,Faulty
NO_ALERT.png,toCheck_100003_00213s_NO_ALERT.png,NA,NA,NA,NA,NA,NA,Faulty
TLT_SERV_OFF.png,toCheck_100003_00213s_TLT_SERV_OFF.png,NA,NA,NA,NA,NA,NA,Faulty
NO_ALERT.png,toCheck_100004_00344s_NO_ALERT.png,NA,NA,NA,NA,NA,NA,Faulty
NO_ALERT.png,toCheck_100004_00243s_NO_ALERT.png,NA,NA,NA,NA,NA,NA,Faulty
NO_ALERT.png,toCheck_100005_00294s_NO_ALERT.png,NA,NA,NA,NA,NA,NA,Faulty
NO_ALERT.png,toCheck_100005_00218s_NO_ALERT.png,NA,NA,NA,NA,NA,NA,Faulty
NO_ALERT.png,toCheck_100006_00344s_NO_ALERT.png,NA,NA,NA,NA,NA,NA,Faulty
NO_ALERT.png,toCheck_100006_00243s_NO_ALERT.png,NA,NA,NA,NA,NA,NA,Faulty
NO_ALERT.png,toCheck_100007_00344s_NO_ALERT.png,NA,NA,NA,NA,NA,NA,Faulty
NO_ALERT.png,toCheck_100007_00243s_NO_ALERT.png,NA,NA,NA,NA,NA,NA,Faulty
TLT_STOP_ON.png,toCheck_100008_00213s_TLT_STOP_ON.png,NA,NA,NA,NA,NA,NA,Faulty
NO_ALERT.png,toCheck_100008_00218s_NO_ALERT.png,NA,NA,NA,NA,NA,NA,Faulty
TLT_SERV_OFF.png,toCheck_100008_00191s_TLT_SERV_OFF.png,NA,NA,NA,NA,NA,NA,Faulty
TLT_STOP_ON.png,toCheck_100008_00191s_TLT_STOP_ON.png,NA,NA,NA,NA,NA,NA,Faulty
TLT_SERV_OFF.png,toCheck_100008_00213s_TLT_SERV_OFF.png,NA,NA,NA,NA,NA,NA,Faulty
TLT_STOP_ON.png,toCheck_100009_00213s_TLT_STOP_ON.png,NA,NA,NA,NA,NA,NA,Faulty
NO_ALERT.png,toCheck_100009_00218s_NO_ALERT.png,NA,NA,NA,NA,NA,NA,Faulty
TLT_SERV_OFF.png,toCheck_100009_00191s_TLT_SERV_OFF.png,NA,NA,NA,NA,NA,NA,Faulty
TLT_STOP_ON.png,toCheck_100009_00191s_TLT_STOP_ON.png,NA,NA,NA,NA,NA,NA,Faulty
TLT_SERV_OFF.png,toCheck_100009_00213s_TLT_SERV_OFF.png,NA,NA,NA,NA,NA,NA,Faulty
TLT_STOP_ON.png,toCheck_100010_00213s_TLT_STOP_ON.png,NA,NA,NA,NA,NA,NA,Faulty
NO_ALERT.png,toCheck_100010_00218s_NO_ALERT.png,NA,NA,NA,NA,NA,NA,Faulty
TLT_SERV_OFF.png,toCheck_100010_00191s_TLT_SERV_OFF.png,NA,NA,NA,NA,NA,NA,Faulty
TLT_STOP_ON.png,toCheck_100010_00191s_TLT_STOP_ON.png,NA,NA,NA,NA,NA,NA,Faulty
TLT_SERV_OFF.png,toCheck_100010_00213s_TLT_SERV_OFF.png,NA,NA,NA,NA,NA,NA,Faulty
NO_ALERT.png,toCheck_100011_00354s_NO_ALERT.png,NA,NA,NA,NA,NA,NA,Faulty
NO_ALERT.png,toCheck_100011_00248s_NO_ALERT.png,NA,NA,NA,NA,NA,NA,Faulty
NO_ALERT.png,toCheck_100012_00319s_NO_ALERT.png,NA,NA,NA,NA,NA,NA,Faulty
NO_ALERT.png,toCheck_100012_00248s_NO_ALERT.png,NA,NA,NA,NA,NA,NA,Faulty
NO_ALERT.png,toCheck_100013_00319s_NO_ALERT.png,NA,NA,NA,NA,NA,NA,Faulty
NO_ALERT.png,toCheck_100013_00248s_NO_ALERT.png,NA,NA,NA,NA,NA,NA,Faulty
TLT_SERV_OFF.png,toCheck_100014_00279s_TLT_SERV_OFF.png,NA,NA,NA,NA,NA,NA,Faulty
NO_ALERT.png,toCheck_100014_00284s_NO_ALERT.png,NA,NA,NA,NA,NA,NA,Faulty
TLT_SERV_OFF.png,toCheck_100014_00191s_TLT_SERV_OFF.png,NA,NA,NA,NA,NA,NA,Faulty
NO_ALERT.png,toCheck_100014_00213s_NO_ALERT.png,NA,NA,NA,NA,NA,NA,Faulty
TLT_SERV_OFF.png,toCheck_100014_00213s_TLT_SERV_OFF.png,NA,NA,NA,NA,NA,NA,Faulty
NO_ALERT.png,toCheck_100015_00221s_NO_ALERT.png,NA,NA,NA,NA,NA,NA,Faulty
TLT_SERV_OFF.png,toCheck_100015_00191s_TLT_SERV_OFF.png,NA,NA,NA,NA,NA,NA,Faulty
NO_ALERT.png,toCheck_100015_00213s_NO_ALERT.png,NA,NA,NA,NA,NA,NA,Faulty
TLT_SERV_OFF.png,toCheck_100015_00213s_TLT_SERV_OFF.png,NA,NA,NA,NA,NA,NA,Faulty
NO_ALERT.png,toCheck_100016_00221s_NO_ALERT.png,NA,NA,NA,NA,NA,NA,Faulty
TLT_SERV_OFF.png,toCheck_100016_00191s_TLT_SERV_OFF.png,NA,NA,NA,NA,NA,NA,Faulty
NO_ALERT.png,toCheck_100016_00213s_NO_ALERT.png,NA,NA,NA,NA,NA,NA,Faulty
TLT_SERV_OFF.png,toCheck_100016_00213s_TLT_SERV_OFF.png,NA,NA,NA,NA,NA,NA,Faulty
NO_ALERT.png,toCheck_100017_00221s_NO_ALERT.png,NA,NA,NA,NA,NA,NA,Faulty
TLT_SERV_OFF.png,toCheck_100017_00191s_TLT_SERV_OFF.png,NA,NA,NA,NA,NA,NA,Faulty
NO_ALERT.png,toCheck_100017_00213s_NO_ALERT.png,NA,NA,NA,NA,NA,NA,Faulty
TLT_SERV_OFF.png,toCheck_100017_00213s_TLT_SERV_OFF.png,NA,NA,NA,NA,NA,NA,Faulty
TLT_SERV_OFF.png,toCheck_100018_00409s_TLT_SERV_OFF.png,NA,NA,NA,NA,NA,NA,Faulty
NO_ALERT.png,toCheck_100018_00544s_NO_ALERT.png,NA,NA,NA,NA,NA,NA,Faulty
TLT_SERV_OFF.png,toCheck_100018_00321s_TLT_SERV_OFF.png,NA,NA,NA,NA,NA,NA,Faulty
NO_ALERT.png,toCheck_100018_00343s_NO_ALERT.png,NA,NA,NA,NA,NA,NA,Faulty
TLT_SERV_OFF.png,toCheck_100018_00343s_TLT_SERV_OFF.png,NA,NA,NA,NA,NA,NA,Faulty
TLT_SERV_OFF.png,toCheck_100019_00368s_TLT_SERV_OFF.png,NA,NA,NA,NA,NA,NA,Faulty
TLT_SERV_OFF.png,toCheck_100019_00444s_TLT_SERV_OFF.png,NA,NA,NA,NA,NA,NA,Faulty
NO_ALERT.png,toCheck_100019_00449s_NO_ALERT.png,NA,NA,NA,NA,NA,NA,Faulty
TLT_SERV_OFF.png,toCheck_100019_00336s_TLT_SERV_OFF.png,NA,NA,NA,NA,NA,NA,Faulty
TXTALT_10202_5_FR.png,toCheck_100019_00336s_TXTALT_10202_5_FR.png,NA,NA,NA,NA,NA,NA,Faulty
NO_ALERT.png,toCheck_100019_00358s_NO_ALERT.png,NA,NA,NA,NA,NA,NA,Faulty
BUZ_00_OFF.png,toCheck_100020_00343s_BUZ_00_OFF.png,NA,NA,NA,NA,NA,NA,Faulty
TLT_SERV_OFF.png,toCheck_100020_00409s_TLT_SERV_OFF.png,NA,NA,NA,NA,NA,NA,Faulty
BUZ_00_OFF.png,toCheck_100020_00409s_BUZ_00_OFF.png,NA,NA,NA,NA,NA,NA,Faulty
NO_ALERT.png,toCheck_100020_00414s_NO_ALERT.png,NA,NA,NA,NA,NA,NA,Faulty
TLT_SERV_OFF.png,toCheck_100020_00321s_TLT_SERV_OFF.png,NA,NA,NA,NA,NA,NA,Faulty
NO_ALERT.png,toCheck_100020_00343s_NO_ALERT.png,NA,NA,NA,NA,NA,NA,Faulty
TLT_SERV_OFF.png,toCheck_100020_00343s_TLT_SERV_OFF.png,NA,NA,NA,NA,NA,NA,Faulty
NO_ALERT.png,toCheck_100021_00221s_NO_ALERT.png,NA,NA,NA,NA,NA,NA,Faulty
TLT_SERV_OFF.png,toCheck_100021_00191s_TLT_SERV_OFF.png,NA,NA,NA,NA,NA,NA,Faulty
TXTALT_10208_4_FR.png,toCheck_100021_00191s_TXTALT_10208_4_FR.png,NA,NA,NA,NA,NA,NA,Faulty
NO_ALERT.png,toCheck_100021_00213s_NO_ALERT.png,NA,NA,NA,NA,NA,NA,Faulty
TLT_SERV_OFF.png,toCheck_100021_00213s_TLT_SERV_OFF.png,NA,NA,NA,NA,NA,NA,Faulty
BUZ_00_OFF.png,toCheck_100021_00213s_BUZ_00_OFF.png,NA,NA,NA,NA,NA,NA,Faulty
TLT_SERV_OFF.png,toCheck_100022_00279s_TLT_SERV_OFF.png,NA,NA,NA,NA,NA,NA,Faulty
NO_ALERT.png,toCheck_100022_00284s_NO_ALERT.png,NA,NA,NA,NA,NA,NA,Faulty
TLT_SERV_OFF.png,toCheck_100022_00191s_TLT_SERV_OFF.png,NA,NA,NA,NA,NA,NA,Faulty
NO_ALERT.png,toCheck_100022_00213s_NO_ALERT.png,NA,NA,NA,NA,NA,NA,Faulty
TLT_SERV_OFF.png,toCheck_100022_00213s_TLT_SERV_OFF.png,NA,NA,NA,NA,NA,NA,Faulty
NO_ALERT.png,toCheck_100023_00284s_NO_ALERT.png,NA,NA,NA,NA,NA,NA,Faulty
NO_ALERT.png,toCheck_100023_00213s_NO_ALERT.png,NA,NA,NA,NA,NA,NA,Faulty
NO_ALERT.png,toCheck_100024_00284s_NO_ALERT.png,NA,NA,NA,NA,NA,NA,Faulty
NO_ALERT.png,toCheck_100024_00213s_NO_ALERT.png,NA,NA,NA,NA,NA,NA,Faulty
TLT_SERV_OFF.png,toCheck_100025_00279s_TLT_SERV_OFF.png,NA,NA,NA,NA,NA,NA,Faulty
NO_ALERT.png,toCheck_100025_00284s_NO_ALERT.png,NA,NA,NA,NA,NA,NA,Faulty
TLT_SERV_OFF.png,toCheck_100025_00191s_TLT_SERV_OFF.png,NA,NA,NA,NA,NA,NA,Faulty
NO_ALERT.png,toCheck_100025_00213s_NO_ALERT.png,NA,NA,NA,NA,NA,NA,Faulty
TLT_SERV_OFF.png,toCheck_100025_00213s_TLT_SERV_OFF.png,NA,NA,NA,NA,NA,NA,Faulty
TLT_STOP_ON.png,toCheck_100026_00248s_TLT_STOP_ON.png,NA,NA,NA,NA,NA,NA,Faulty
NO_ALERT.png,toCheck_100026_00288s_NO_ALERT.png,NA,NA,NA,NA,NA,NA,Faulty
TLT_SERV_OFF.png,toCheck_100026_00226s_TLT_SERV_OFF.png,NA,NA,NA,NA,NA,NA,Faulty
TLT_STOP_ON.png,toCheck_100026_00226s_TLT_STOP_ON.png,NA,NA,NA,NA,NA,NA,Faulty
TLT_SERV_OFF.png,toCheck_100026_00248s_TLT_SERV_OFF.png,NA,NA,NA,NA,NA,NA,Faulty
TLT_STOP_ON.png,toCheck_100027_00245s_TLT_STOP_ON.png,NA,NA,NA,NA,NA,NA,Faulty
NO_ALERT.png,toCheck_100027_00250s_NO_ALERT.png,NA,NA,NA,NA,NA,NA,Faulty
TLT_SERV_OFF.png,toCheck_100027_00223s_TLT_SERV_OFF.png,NA,NA,NA,NA,NA,NA,Faulty
TLT_STOP_ON.png,toCheck_100027_00223s_TLT_STOP_ON.png,NA,NA,NA,NA,NA,NA,Faulty
TLT_SERV_OFF.png,toCheck_100027_00245s_TLT_SERV_OFF.png,NA,NA,NA,NA,NA,NA,Faulty
TLT_STOP_ON.png,toCheck_100028_00213s_TLT_STOP_ON.png,NA,NA,NA,NA,NA,NA,Faulty
NO_ALERT.png,toCheck_100028_00218s_NO_ALERT.png,NA,NA,NA,NA,NA,NA,Faulty
TLT_SERV_OFF.png,toCheck_100028_00191s_TLT_SERV_OFF.png,NA,NA,NA,NA,NA,NA,Faulty
TLT_STOP_ON.png,toCheck_100028_00191s_TLT_STOP_ON.png,NA,NA,NA,NA,NA,NA,Faulty
TLT_SERV_OFF.png,toCheck_100028_00213s_TLT_SERV_OFF.png,NA,NA,NA,NA,NA,NA,Faulty
TLT_DAE_WARN_ON.png,toCheck_100029_00279s_TLT_DAE_WARN_ON.png,NA,NA,NA,NA,NA,NA,Faulty
TLT_SERV_OFF.png,toCheck_100029_00279s_TLT_SERV_OFF.png,NA,NA,NA,NA,NA,NA,Faulty
NO_ALERT.png,toCheck_100029_00284s_NO_ALERT.png,NA,NA,NA,NA,NA,NA,Faulty
TLT_DAE_WARN_ON.png,toCheck_100029_00191s_TLT_DAE_WARN_ON.png,NA,NA,NA,NA,NA,NA,Faulty
TLT_SERV_OFF.png,toCheck_100029_00191s_TLT_SERV_OFF.png,NA,NA,NA,NA,NA,NA,Faulty
NO_ALERT.png,toCheck_100029_00213s_NO_ALERT.png,NA,NA,NA,NA,NA,NA,Faulty
TLT_DAE_WARN_ON.png,toCheck_100029_00213s_TLT_DAE_WARN_ON.png,NA,NA,NA,NA,NA,NA,Faulty
TLT_SERV_OFF.png,toCheck_100029_00213s_TLT_SERV_OFF.png,NA,NA,NA,NA,NA,NA,Faulty
TLT_SERV_OFF.png,toCheck_100030_00299s_TLT_SERV_OFF.png,NA,NA,NA,NA,NA,NA,Faulty
TLT_STOP_OFF.png,toCheck_100030_00299s_TLT_STOP_OFF.png,NA,NA,NA,NA,NA,NA,Faulty
BUZ_00_OFF.png,toCheck_100030_00299s_BUZ_00_OFF.png,NA,NA,NA,NA,NA,NA,Faulty
NO_ALERT.png,toCheck_100030_00304s_NO_ALERT.png,NA,NA,NA,NA,NA,NA,Faulty
TLT_SERV_OFF.png,toCheck_100030_00211s_TLT_SERV_OFF.png,NA,NA,NA,NA,NA,NA,Faulty
TLT_STOP_OFF.png,toCheck_100030_00211s_TLT_STOP_OFF.png,NA,NA,NA,NA,NA,NA,Faulty
NO_ALERT.png,toCheck_100030_00233s_NO_ALERT.png,NA,NA,NA,NA,NA,NA,Faulty
TLT_SERV_OFF.png,toCheck_100030_00233s_TLT_SERV_OFF.png,NA,NA,NA,NA,NA,NA,Faulty
TLT_STOP_OFF.png,toCheck_100030_00233s_TLT_STOP_OFF.png,NA,NA,NA,NA,NA,NA,Faulty
BUZ_00_OFF.png,toCheck_100030_00233s_BUZ_00_OFF.png,NA,NA,NA,NA,NA,NA,Faulty
NO_ALERT.png,toCheck_100031_00218s_NO_ALERT.png,NA,NA,NA,NA,NA,NA,Faulty
TLT_SERV_OFF.png,toCheck_100031_00191s_TLT_SERV_OFF.png,NA,NA,NA,NA,NA,NA,Faulty
TLT_SERV_OFF.png,toCheck_100031_00213s_TLT_SERV_OFF.png,NA,NA,NA,NA,NA,NA,Faulty
NO_ALERT.png,toCheck_100032_00218s_NO_ALERT.png,NA,NA,NA,NA,NA,NA,Faulty
TLT_SERV_OFF.png,toCheck_100032_00191s_TLT_SERV_OFF.png,NA,NA,NA,NA,NA,NA,Faulty
TLT_SERV_OFF.png,toCheck_100032_00213s_TLT_SERV_OFF.png,NA,NA,NA,NA,NA,NA,Faulty
NO_ALERT.png,toCheck_100033_00221s_NO_ALERT.png,NA,NA,NA,NA,NA,NA,Faulty
TLT_SERV_OFF.png,toCheck_100033_00191s_TLT_SERV_OFF.png,NA,NA,NA,NA,NA,NA,Faulty
NO_ALERT.png,toCheck_100033_00213s_NO_ALERT.png,NA,NA,NA,NA,NA,NA,Faulty
TLT_SERV_OFF.png,toCheck_100033_00213s_TLT_SERV_OFF.png,NA,NA,NA,NA,NA,NA,Faulty
NO_ALERT.png,toCheck_100034_00221s_NO_ALERT.png,NA,NA,NA,NA,NA,NA,Faulty
TLT_SERV_OFF.png,toCheck_100034_00191s_TLT_SERV_OFF.png,NA,NA,NA,NA,NA,NA,Faulty
NO_ALERT.png,toCheck_100034_00213s_NO_ALERT.png,NA,NA,NA,NA,NA,NA,Faulty
TLT_SERV_OFF.png,toCheck_100034_00213s_TLT_SERV_OFF.png,NA,NA,NA,NA,NA,NA,Faulty
NO_TXTALT_Reconspage.png,toCheck_100035_00213s_NO_TXTALT_Reconspage.png,NA,NA,NA,NA,NA,NA,Faulty
NO_ALERT.png,toCheck_100035_00221s_NO_ALERT.png,NA,NA,NA,NA,NA,NA,Faulty
TLT_SERV_OFF.png,toCheck_100035_00191s_TLT_SERV_OFF.png,NA,NA,NA,NA,NA,NA,Faulty
NO_ALERT.png,toCheck_100035_00213s_NO_ALERT.png,NA,NA,NA,NA,NA,NA,Faulty
TLT_SERV_OFF.png,toCheck_100035_00213s_TLT_SERV_OFF.png,NA,NA,NA,NA,NA,NA,Faulty
NO_ALERT.png,toCheck_100036_00286s_NO_ALERT.png,NA,NA,NA,NA,NA,NA,Faulty
NO_ALERT.png,toCheck_100036_00215s_NO_ALERT.png,NA,NA,NA,NA,NA,NA,Faulty
NO_ALERT.png,toCheck_100037_00316s_NO_ALERT.png,NA,NA,NA,NA,NA,NA,Faulty
NO_ALERT.png,toCheck_100037_00245s_NO_ALERT.png,NA,NA,NA,NA,NA,NA,Faulty
NO_ALERT.png,toCheck_100038_00284s_NO_ALERT.png,NA,NA,NA,NA,NA,NA,Faulty
NO_ALERT.png,toCheck_100038_00213s_NO_ALERT.png,NA,NA,NA,NA,NA,NA,Faulty
NO_ALERT.png,toCheck_100039_00298s_NO_ALERT.png,NA,NA,NA,NA,NA,NA,Faulty
TLT_STOP_ON.png,toCheck_100039_00261s_TLT_STOP_ON.png,NA,NA,NA,NA,NA,NA,Faulty
TLT_STOP_ON.png,toCheck_100039_00283s_TLT_STOP_ON.png,NA,NA,NA,NA,NA,NA,Faulty
NO_ALERT.png,toCheck_100040_00218s_NO_ALERT.png,NA,NA,NA,NA,NA,NA,Faulty
TLT_STOP_ON.png,toCheck_100040_00191s_TLT_STOP_ON.png,NA,NA,NA,NA,NA,NA,Faulty
TLT_STOP_ON.png,toCheck_100040_00213s_TLT_STOP_ON.png,NA,NA,NA,NA,NA,NA,Faulty
NO_ALERT.png,toCheck_100041_00255s_NO_ALERT.png,NA,NA,NA,NA,NA,NA,Faulty
NO_ALERT.png,toCheck_100042_00284s_NO_ALERT.png,NA,NA,NA,NA,NA,NA,Faulty
NO_ALERT.png,toCheck_100042_00213s_NO_ALERT.png,NA,NA,NA,NA,NA,NA,Faulty
NO_ALERT.png,toCheck_100043_00221s_NO_ALERT.png,NA,NA,NA,NA,NA,NA,Faulty
TLT_SERV_OFF.png,toCheck_100043_00191s_TLT_SERV_OFF.png,NA,NA,NA,NA,NA,NA,Faulty
NO_ALERT.png,toCheck_100043_00213s_NO_ALERT.png,NA,NA,NA,NA,NA,NA,Faulty
TLT_SERV_OFF.png,toCheck_100043_00213s_TLT_SERV_OFF.png,NA,NA,NA,NA,NA,NA,Faulty
NO_ALERT.png,toCheck_100044_00221s_NO_ALERT.png,NA,NA,NA,NA,NA,NA,Faulty
TLT_SERV_OFF.png,toCheck_100044_00191s_TLT_SERV_OFF.png,NA,NA,NA,NA,NA,NA,Faulty
NO_ALERT.png,toCheck_100044_00213s_NO_ALERT.png,NA,NA,NA,NA,NA,NA,Faulty
TLT_SERV_OFF.png,toCheck_100044_00213s_TLT_SERV_OFF.png,NA,NA,NA,NA,NA,NA,Faulty
NO_ALERT.png,toCheck_100045_00221s_NO_ALERT.png,NA,NA,NA,NA,NA,NA,Faulty
TLT_SERV_OFF.png,toCheck_100045_00191s_TLT_SERV_OFF.png,NA,NA,NA,NA,NA,NA,Faulty
NO_ALERT.png,toCheck_100045_00213s_NO_ALERT.png,NA,NA,NA,NA,NA,NA,Faulty
TLT_SERV_OFF.png,toCheck_100045_00213s_TLT_SERV_OFF.png,NA,NA,NA,NA,NA,NA,Faulty
NO_ALERT.png,toCheck_100046_00284s_NO_ALERT.png,NA,NA,NA,NA,NA,NA,Faulty
NO_ALERT.png,toCheck_100046_00213s_NO_ALERT.png,NA,NA,NA,NA,NA,NA,Faulty
NO_ALERT.png,toCheck_100047_00284s_NO_ALERT.png,NA,NA,NA,NA,NA,NA,Faulty
NO_ALERT.png,toCheck_100047_00213s_NO_ALERT.png,NA,NA,NA,NA,NA,NA,Faulty
NO_ALERT.png,toCheck_100048_00218s_NO_ALERT.png,NA,NA,NA,NA,NA,NA,Faulty
TLT_SERV_OFF.png,toCheck_100048_00191s_TLT_SERV_OFF.png,NA,NA,NA,NA,NA,NA,Faulty
TLT_SERV_OFF.png,toCheck_100048_00213s_TLT_SERV_OFF.png,NA,NA,NA,NA,NA,NA,Faulty
NO_ALERT.png,toCheck_100049_00221s_NO_ALERT.png,NA,NA,NA,NA,NA,NA,Faulty
TLT_SERV_OFF.png,toCheck_100049_00191s_TLT_SERV_OFF.png,NA,NA,NA,NA,NA,NA,Faulty
NO_ALERT.png,toCheck_100049_00213s_NO_ALERT.png,NA,NA,NA,NA,NA,NA,Faulty
TLT_SERV_OFF.png,toCheck_100049_00213s_TLT_SERV_OFF.png,NA,NA,NA,NA,NA,NA,Faulty
NO_ALERT.png,toCheck_100050_00221s_NO_ALERT.png,NA,NA,NA,NA,NA,NA,Faulty
TLT_SERV_OFF.png,toCheck_100050_00191s_TLT_SERV_OFF.png,NA,NA,NA,NA,NA,NA,Faulty
NO_ALERT.png,toCheck_100050_00213s_NO_ALERT.png,NA,NA,NA,NA,NA,NA,Faulty
TLT_SERV_OFF.png,toCheck_100050_00213s_TLT_SERV_OFF.png,NA,NA,NA,NA,NA,NA,Faulty
NO_ALERT.png,toCheck_100051_00221s_NO_ALERT.png,NA,NA,NA,NA,NA,NA,Faulty
TLT_SERV_OFF.png,toCheck_100051_00191s_TLT_SERV_OFF.png,NA,NA,NA,NA,NA,NA,Faulty
NO_ALERT.png,toCheck_100051_00213s_NO_ALERT.png,NA,NA,NA,NA,NA,NA,Faulty
TLT_SERV_OFF.png,toCheck_100051_00213s_TLT_SERV_OFF.png,NA,NA,NA,NA,NA,NA,Faulty
NO_ALERT.png,toCheck_100052_00221s_NO_ALERT.png,NA,NA,NA,NA,NA,NA,Faulty
TLT_SERV_OFF.png,toCheck_100052_00191s_TLT_SERV_OFF.png,NA,NA,NA,NA,NA,NA,Faulty
NO_ALERT.png,toCheck_100052_00213s_NO_ALERT.png,NA,NA,NA,NA,NA,NA,Faulty
TLT_SERV_OFF.png,toCheck_100052_00213s_TLT_SERV_OFF.png,NA,NA,NA,NA,NA,NA,Faulty
NO_ALERT.png,toCheck_100053_00221s_NO_ALERT.png,NA,NA,NA,NA,NA,NA,Faulty
TLT_SERV_OFF.png,toCheck_100053_00191s_TLT_SERV_OFF.png,NA,NA,NA,NA,NA,NA,Faulty
NO_ALERT.png,toCheck_100053_00213s_NO_ALERT.png,NA,NA,NA,NA,NA,NA,Faulty
TLT_SERV_OFF.png,toCheck_100053_00213s_TLT_SERV_OFF.png,NA,NA,NA,NA,NA,NA,Faulty
NO_ALERT.png,toCheck_100054_00221s_NO_ALERT.png,NA,NA,NA,NA,NA,NA,Faulty
TLT_SERV_OFF.png,toCheck_100054_00191s_TLT_SERV_OFF.png,NA,NA,NA,NA,NA,NA,Faulty
NO_ALERT.png,toCheck_100054_00213s_NO_ALERT.png,NA,NA,NA,NA,NA,NA,Faulty
TLT_SERV_OFF.png,toCheck_100054_00213s_TLT_SERV_OFF.png,NA,NA,NA,NA,NA,NA,Faulty
NO_ALERT.png,toCheck_100055_00221s_NO_ALERT.png,NA,NA,NA,NA,NA,NA,Faulty
TLT_SERV_OFF.png,toCheck_100055_00191s_TLT_SERV_OFF.png,NA,NA,NA,NA,NA,NA,Faulty
NO_ALERT.png,toCheck_100055_00213s_NO_ALERT.png,NA,NA,NA,NA,NA,NA,Faulty
TLT_SERV_OFF.png,toCheck_100055_00213s_TLT_SERV_OFF.png,NA,NA,NA,NA,NA,NA,Faulty
NO_ALERT.png,toCheck_100056_00221s_NO_ALERT.png,NA,NA,NA,NA,NA,NA,Faulty
TLT_SERV_OFF.png,toCheck_100056_00191s_TLT_SERV_OFF.png,NA,NA,NA,NA,NA,NA,Faulty
NO_ALERT.png,toCheck_100056_00213s_NO_ALERT.png,NA,NA,NA,NA,NA,NA,Faulty
TLT_SERV_OFF.png,toCheck_100056_00213s_TLT_SERV_OFF.png,NA,NA,NA,NA,NA,NA,Faulty
BUZ_00_OFF.png,toCheck_100056_00213s_BUZ_00_OFF.png,NA,NA,NA,NA,NA,NA,Faulty
NO_ALERT.png,toCheck_100057_00284s_NO_ALERT.png,NA,NA,NA,NA,NA,NA,Faulty
NO_ALERT.png,toCheck_100057_00213s_NO_ALERT.png,NA,NA,NA,NA,NA,NA,Faulty
NO_ALERT.png,toCheck_100058_00284s_NO_ALERT.png,NA,NA,NA,NA,NA,NA,Faulty
NO_ALERT.png,toCheck_100058_00213s_NO_ALERT.png,NA,NA,NA,NA,NA,NA,Faulty
NO_TXTALT_Reconspage.png,toCheck_100059_00213s_NO_TXTALT_Reconspage.png,NA,NA,NA,NA,NA,NA,Faulty
NO_ALERT.png,toCheck_100059_00221s_NO_ALERT.png,NA,NA,NA,NA,NA,NA,Faulty
NO_ALERT.png,toCheck_100059_00213s_NO_ALERT.png,NA,NA,NA,NA,NA,NA,Faulty
NO_ALERT.png,toCheck_100060_00221s_NO_ALERT.png,NA,NA,NA,NA,NA,NA,Faulty
TLT_SERV_OFF.png,toCheck_100060_00191s_TLT_SERV_OFF.png,NA,NA,NA,NA,NA,NA,Faulty
NO_ALERT.png,toCheck_100060_00213s_NO_ALERT.png,NA,NA,NA,NA,NA,NA,Faulty
TLT_SERV_OFF.png,toCheck_100060_00213s_TLT_SERV_OFF.png,NA,NA,NA,NA,NA,NA,Faulty
NO_ALERT.png,toCheck_100061_00221s_NO_ALERT.png,NA,NA,NA,NA,NA,NA,Faulty
TLT_SERV_OFF.png,toCheck_100061_00191s_TLT_SERV_OFF.png,NA,NA,NA,NA,NA,NA,Faulty
NO_ALERT.png,toCheck_100061_00213s_NO_ALERT.png,NA,NA,NA,NA,NA,NA,Faulty
TLT_SERV_OFF.png,toCheck_100061_00213s_TLT_SERV_OFF.png,NA,NA,NA,NA,NA,NA,Faulty
NO_ALERT.png,toCheck_100062_00221s_NO_ALERT.png,NA,NA,NA,NA,NA,NA,Faulty
TLT_SERV_OFF.png,toCheck_100062_00191s_TLT_SERV_OFF.png,NA,NA,NA,NA,NA,NA,Faulty
NO_ALERT.png,toCheck_100062_00213s_NO_ALERT.png,NA,NA,NA,NA,NA,NA,Faulty
TLT_SERV_OFF.png,toCheck_100062_00213s_TLT_SERV_OFF.png,NA,NA,NA,NA,NA,NA,Faulty
NO_ALERT.png,toCheck_100063_00221s_NO_ALERT.png,NA,NA,NA,NA,NA,NA,Faulty
TLT_SERV_OFF.png,toCheck_100063_00191s_TLT_SERV_OFF.png,NA,NA,NA,NA,NA,NA,Faulty
NO_ALERT.png,toCheck_100063_00213s_NO_ALERT.png,NA,NA,NA,NA,NA,NA,Faulty
TLT_SERV_OFF.png,toCheck_100063_00213s_TLT_SERV_OFF.png,NA,NA,NA,NA,NA,NA,Faulty
NO_ALERT.png,toCheck_100064_00221s_NO_ALERT.png,NA,NA,NA,NA,NA,NA,Faulty
TLT_SERV_OFF.png,toCheck_100064_00191s_TLT_SERV_OFF.png,NA,NA,NA,NA,NA,NA,Faulty
NO_ALERT.png,toCheck_100064_00213s_NO_ALERT.png,NA,NA,NA,NA,NA,NA,Faulty
TLT_SERV_OFF.png,toCheck_100064_00213s_TLT_SERV_OFF.png,NA,NA,NA,NA,NA,NA,Faulty
TLT_SERV_OFF.png,toCheck_100065_00279s_TLT_SERV_OFF.png,NA,NA,NA,NA,NA,NA,Faulty
NO_ALERT.png,toCheck_100065_00284s_NO_ALERT.png,NA,NA,NA,NA,NA,NA,Faulty
TLT_SERV_OFF.png,toCheck_100065_00191s_TLT_SERV_OFF.png,NA,NA,NA,NA,NA,NA,Faulty
NO_ALERT.png,toCheck_100065_00213s_NO_ALERT.png,NA,NA,NA,NA,NA,NA,Faulty
TLT_SERV_OFF.png,toCheck_100065_00213s_TLT_SERV_OFF.png,NA,NA,NA,NA,NA,NA,Faulty
NO_ALERT.png,toCheck_100066_00221s_NO_ALERT.png,NA,NA,NA,NA,NA,NA,Faulty
TLT_SERV_OFF.png,toCheck_100066_00191s_TLT_SERV_OFF.png,NA,NA,NA,NA,NA,NA,Faulty
NO_ALERT.png,toCheck_100066_00213s_NO_ALERT.png,NA,NA,NA,NA,NA,NA,Faulty
TLT_SERV_OFF.png,toCheck_100066_00213s_TLT_SERV_OFF.png,NA,NA,NA,NA,NA,NA,Faulty
NO_ALERT.png,toCheck_100067_00221s_NO_ALERT.png,NA,NA,NA,NA,NA,NA,Faulty
TLT_SERV_OFF.png,toCheck_100067_00191s_TLT_SERV_OFF.png,NA,NA,NA,NA,NA,NA,Faulty
NO_ALERT.png,toCheck_100067_00213s_NO_ALERT.png,NA,NA,NA,NA,NA,NA,Faulty
TLT_SERV_OFF.png,toCheck_100067_00213s_TLT_SERV_OFF.png,NA,NA,NA,NA,NA,NA,Faulty
NO_ALERT.png,toCheck_100068_00228s_NO_ALERT.png,NA,NA,NA,NA,NA,NA,Faulty
TLT_SERV_OFF.png,toCheck_100068_00191s_TLT_SERV_OFF.png,NA,NA,NA,NA,NA,NA,Faulty
TLT_SERV_OFF.png,toCheck_100068_00213s_TLT_SERV_OFF.png,NA,NA,NA,NA,NA,NA,Faulty
NO_ALERT.png,toCheck_100069_00221s_NO_ALERT.png,NA,NA,NA,NA,NA,NA,Faulty
TLT_SERV_OFF.png,toCheck_100069_00191s_TLT_SERV_OFF.png,NA,NA,NA,NA,NA,NA,Faulty
NO_ALERT.png,toCheck_100069_00213s_NO_ALERT.png,NA,NA,NA,NA,NA,NA,Faulty
TLT_SERV_OFF.png,toCheck_100069_00213s_TLT_SERV_OFF.png,NA,NA,NA,NA,NA,NA,Faulty
NO_ALERT.png,toCheck_100070_00221s_NO_ALERT.png,NA,NA,NA,NA,NA,NA,Faulty
TLT_SERV_OFF.png,toCheck_100070_00191s_TLT_SERV_OFF.png,NA,NA,NA,NA,NA,NA,Faulty
NO_ALERT.png,toCheck_100070_00213s_NO_ALERT.png,NA,NA,NA,NA,NA,NA,Faulty
TLT_SERV_OFF.png,toCheck_100070_00213s_TLT_SERV_OFF.png,NA,NA,NA,NA,NA,NA,Faulty
TLT_SERV_OFF.png,toCheck_100071_00279s_TLT_SERV_OFF.png,NA,NA,NA,NA,NA,NA,Faulty
NO_ALERT.png,toCheck_100071_00284s_NO_ALERT.png,NA,NA,NA,NA,NA,NA,Faulty
TLT_SERV_OFF.png,toCheck_100071_00191s_TLT_SERV_OFF.png,NA,NA,NA,NA,NA,NA,Faulty
NO_ALERT.png,toCheck_100071_00213s_NO_ALERT.png,NA,NA,NA,NA,NA,NA,Faulty
TLT_SERV_OFF.png,toCheck_100071_00213s_TLT_SERV_OFF.png,NA,NA,NA,NA,NA,NA,Faulty
NO_ALERT.png,toCheck_100072_00218s_NO_ALERT.png,NA,NA,NA,NA,NA,NA,Faulty
TLT_SERV_OFF.png,toCheck_100072_00191s_TLT_SERV_OFF.png,NA,NA,NA,NA,NA,NA,Faulty
TLT_SERV_OFF.png,toCheck_100072_00213s_TLT_SERV_OFF.png,NA,NA,NA,NA,NA,NA,Faulty
TLT_ELEP_ON.png,toCheck_100073_00228s_TLT_ELEP_ON.png,NA,NA,NA,NA,NA,NA,Faulty
TLT_SERV_OFF.png,toCheck_100073_00233s_TLT_SERV_OFF.png,NA,NA,NA,NA,NA,NA,Faulty
NO_ALERT.png,toCheck_100073_00238s_NO_ALERT.png,NA,NA,NA,NA,NA,NA,Faulty
TLT_ELEP_OFF.png,toCheck_100073_00191s_TLT_ELEP_OFF.png,NA,NA,NA,NA,NA,NA,Faulty
TLT_ELEP_ON.png,toCheck_100073_00196s_TLT_ELEP_ON.png,NA,NA,NA,NA,NA,NA,Faulty
TLT_SERV_OFF.png,toCheck_100073_00201s_TLT_SERV_OFF.png,NA,NA,NA,NA,NA,NA,Faulty
TLT_ELEP_OFF.png,toCheck_100073_00223s_TLT_ELEP_OFF.png,NA,NA,NA,NA,NA,NA,Faulty
NO_ALERT.png,toCheck_100074_00218s_NO_ALERT.png,NA,NA,NA,NA,NA,NA,Faulty
TLT_SERV_OFF.png,toCheck_100074_00191s_TLT_SERV_OFF.png,NA,NA,NA,NA,NA,NA,Faulty
TLT_SERV_OFF.png,toCheck_100074_00213s_TLT_SERV_OFF.png,NA,NA,NA,NA,NA,NA,Faulty
TLT_SERV_OFF.png,toCheck_100075_00279s_TLT_SERV_OFF.png,NA,NA,NA,NA,NA,NA,Faulty
BUZ_00_OFF.png,toCheck_100075_00279s_BUZ_00_OFF.png,NA,NA,NA,NA,NA,NA,Faulty
NO_ALERT.png,toCheck_100075_00284s_NO_ALERT.png,NA,NA,NA,NA,NA,NA,Faulty
TLT_SERV_OFF.png,toCheck_100075_00191s_TLT_SERV_OFF.png,NA,NA,NA,NA,NA,NA,Faulty
NO_ALERT.png,toCheck_100075_00213s_NO_ALERT.png,NA,NA,NA,NA,NA,NA,Faulty
TLT_SERV_OFF.png,toCheck_100075_00213s_TLT_SERV_OFF.png,NA,NA,NA,NA,NA,NA,Faulty
BUZ_00_OFF.png,toCheck_100075_00213s_BUZ_00_OFF.png,NA,NA,NA,NA,NA,NA,Faulty
NO_ALERT.png,toCheck_100076_00218s_NO_ALERT.png,NA,NA,NA,NA,NA,NA,Faulty
TLT_SERV_OFF.png,toCheck_100076_00191s_TLT_SERV_OFF.png,NA,NA,NA,NA,NA,NA,Faulty
TLT_SERV_OFF.png,toCheck_100076_00213s_TLT_SERV_OFF.png,NA,NA,NA,NA,NA,NA,Faulty
NO_ALERT.png,toCheck_100077_00218s_NO_ALERT.png,NA,NA,NA,NA,NA,NA,Faulty
TLT_SERV_OFF.png,toCheck_100077_00191s_TLT_SERV_OFF.png,NA,NA,NA,NA,NA,NA,Faulty
TLT_SERV_OFF.png,toCheck_100077_00213s_TLT_SERV_OFF.png,NA,NA,NA,NA,NA,NA,Faulty
NO_ALERT.png,toCheck_100078_00538s_NO_ALERT.png,NA,NA,NA,NA,NA,NA,Faulty
TLT_SERV_OFF.png,toCheck_100078_00351s_TLT_SERV_OFF.png,NA,NA,NA,NA,NA,NA,Faulty
BUZ_18_ON.png,toCheck_100078_00373s_BUZ_18_ON.png,NA,NA,NA,NA,NA,NA,Faulty
TLT_SERV_OFF.png,toCheck_100078_00533s_TLT_SERV_OFF.png,NA,NA,NA,NA,NA,NA,Faulty
TLT_SBSRED_ON.png,toCheck_100079_00213s_TLT_SBSRED_ON.png,NA,NA,NA,NA,NA,NA,Faulty
NO_ALERT.png,toCheck_100079_00218s_NO_ALERT.png,NA,NA,NA,NA,NA,NA,Faulty
TLT_SERV_OFF.png,toCheck_100079_00191s_TLT_SERV_OFF.png,NA,NA,NA,NA,NA,NA,Faulty
TLT_STOP_OFF.png,toCheck_100079_00191s_TLT_STOP_OFF.png,NA,NA,NA,NA,NA,NA,Faulty
TLT_SBSRED_ON.png,toCheck_100079_00191s_TLT_SBSRED_ON.png,NA,NA,NA,NA,NA,NA,Faulty
TLT_SERV_OFF.png,toCheck_100079_00213s_TLT_SERV_OFF.png,NA,NA,NA,NA,NA,NA,Faulty
TLT_STOP_OFF.png,toCheck_100079_00213s_TLT_STOP_OFF.png,NA,NA,NA,NA,NA,NA,Faulty
TLT_SBSRED_ON.png,toCheck_100080_00213s_TLT_SBSRED_ON.png,NA,NA,NA,NA,NA,NA,Faulty
TXTALT_10925_5_FR_ADAS_LAYOUT.png,toCheck_100080_00213s_TXTALT_10925_5_FR_ADAS_LAYOUT.png,NA,NA,NA,NA,NA,NA,Faulty
NO_ALERT.png,toCheck_100080_00218s_NO_ALERT.png,NA,NA,NA,NA,NA,NA,Faulty
TLT_SERV_OFF.png,toCheck_100080_00191s_TLT_SERV_OFF.png,NA,NA,NA,NA,NA,NA,Faulty
TLT_STOP_OFF.png,toCheck_100080_00191s_TLT_STOP_OFF.png,NA,NA,NA,NA,NA,NA,Faulty
TLT_SBSRED_ON.png,toCheck_100080_00191s_TLT_SBSRED_ON.png,NA,NA,NA,NA,NA,NA,Faulty
TXTALT_10925_5_FR_ADAS_LAYOUT.png,toCheck_100080_00191s_TXTALT_10925_5_FR_ADAS_LAYOUT.png,NA,NA,NA,NA,NA,NA,Faulty
TLT_SERV_OFF.png,toCheck_100080_00213s_TLT_SERV_OFF.png,NA,NA,NA,NA,NA,NA,Faulty
TLT_STOP_OFF.png,toCheck_100080_00213s_TLT_STOP_OFF.png,NA,NA,NA,NA,NA,NA,Faulty
NO_ALERT.png,toCheck_100081_00221s_NO_ALERT.png,NA,NA,NA,NA,NA,NA,Faulty
TLT_SERV_OFF.png,toCheck_100081_00191s_TLT_SERV_OFF.png,NA,NA,NA,NA,NA,NA,Faulty
NO_ALERT.png,toCheck_100081_00213s_NO_ALERT.png,NA,NA,NA,NA,NA,NA,Faulty
TLT_SERV_OFF.png,toCheck_100081_00213s_TLT_SERV_OFF.png,NA,NA,NA,NA,NA,NA,Faulty
NO_ALERT.png,toCheck_100082_00221s_NO_ALERT.png,NA,NA,NA,NA,NA,NA,Faulty
TLT_SERV_OFF.png,toCheck_100082_00191s_TLT_SERV_OFF.png,NA,NA,NA,NA,NA,NA,Faulty
NO_ALERT.png,toCheck_100082_00213s_NO_ALERT.png,NA,NA,NA,NA,NA,NA,Faulty
TLT_SERV_OFF.png,toCheck_100082_00213s_TLT_SERV_OFF.png,NA,NA,NA,NA,NA,NA,Faulty
TLT_SERV_OFF.png,toCheck_100083_00279s_TLT_SERV_OFF.png,NA,NA,NA,NA,NA,NA,Faulty
BUZ_00_OFF.png,toCheck_100083_00279s_BUZ_00_OFF.png,NA,NA,NA,NA,NA,NA,Faulty
NO_ALERT.png,toCheck_100083_00284s_NO_ALERT.png,NA,NA,NA,NA,NA,NA,Faulty
TLT_SERV_OFF.png,toCheck_100083_00191s_TLT_SERV_OFF.png,NA,NA,NA,NA,NA,NA,Faulty
NO_ALERT.png,toCheck_100083_00213s_NO_ALERT.png,NA,NA,NA,NA,NA,NA,Faulty
TLT_SERV_OFF.png,toCheck_100083_00213s_TLT_SERV_OFF.png,NA,NA,NA,NA,NA,NA,Faulty
BUZ_00_OFF.png,toCheck_100083_00213s_BUZ_00_OFF.png,NA,NA,NA,NA,NA,NA,Faulty
TLT_SERV_OFF.png,toCheck_100084_00279s_TLT_SERV_OFF.png,NA,NA,NA,NA,NA,NA,Faulty
BUZ_00_OFF.png,toCheck_100084_00279s_BUZ_00_OFF.png,NA,NA,NA,NA,NA,NA,Faulty
NO_ALERT.png,toCheck_100084_00284s_NO_ALERT.png,NA,NA,NA,NA,NA,NA,Faulty
TLT_SERV_OFF.png,toCheck_100084_00191s_TLT_SERV_OFF.png,NA,NA,NA,NA,NA,NA,Faulty
NO_ALERT.png,toCheck_100084_00213s_NO_ALERT.png,NA,NA,NA,NA,NA,NA,Faulty
TLT_SERV_OFF.png,toCheck_100084_00213s_TLT_SERV_OFF.png,NA,NA,NA,NA,NA,NA,Faulty
BUZ_00_OFF.png,toCheck_100084_00213s_BUZ_00_OFF.png,NA,NA,NA,NA,NA,NA,Faulty
TLT_SERV_OFF.png,toCheck_100085_00279s_TLT_SERV_OFF.png,NA,NA,NA,NA,NA,NA,Faulty
NO_ALERT.png,toCheck_100085_00284s_NO_ALERT.png,NA,NA,NA,NA,NA,NA,Faulty
TLT_SERV_OFF.png,toCheck_100085_00191s_TLT_SERV_OFF.png,NA,NA,NA,NA,NA,NA,Faulty
NO_ALERT.png,toCheck_100085_00213s_NO_ALERT.png,NA,NA,NA,NA,NA,NA,Faulty
TLT_SERV_OFF.png,toCheck_100085_00213s_TLT_SERV_OFF.png,NA,NA,NA,NA,NA,NA,Faulty
NO_ALERT.png,toCheck_100086_00221s_NO_ALERT.png,NA,NA,NA,NA,NA,NA,Faulty
TLT_SERV_OFF.png,toCheck_100086_00191s_TLT_SERV_OFF.png,NA,NA,NA,NA,NA,NA,Faulty
NO_ALERT.png,toCheck_100086_00213s_NO_ALERT.png,NA,NA,NA,NA,NA,NA,Faulty
TLT_SERV_OFF.png,toCheck_100086_00213s_TLT_SERV_OFF.png,NA,NA,NA,NA,NA,NA,Faulty
NO_ALERT.png,toCheck_100087_00221s_NO_ALERT.png,NA,NA,NA,NA,NA,NA,Faulty
TLT_SERV_OFF.png,toCheck_100087_00191s_TLT_SERV_OFF.png,NA,NA,NA,NA,NA,NA,Faulty
NO_ALERT.png,toCheck_100087_00213s_NO_ALERT.png,NA,NA,NA,NA,NA,NA,Faulty
TLT_SERV_OFF.png,toCheck_100087_00213s_TLT_SERV_OFF.png,NA,NA,NA,NA,NA,NA,Faulty
NO_ALERT.png,toCheck_100088_00218s_NO_ALERT.png,NA,NA,NA,NA,NA,NA,Faulty
TLT_SERV_OFF.png,toCheck_100088_00191s_TLT_SERV_OFF.png,NA,NA,NA,NA,NA,NA,Faulty
TLT_SERV_OFF.png,toCheck_100088_00213s_TLT_SERV_OFF.png,NA,NA,NA,NA,NA,NA,Faulty
NO_ALERT.png,toCheck_100089_00284s_NO_ALERT.png,NA,NA,NA,NA,NA,NA,Faulty
NO_ALERT.png,toCheck_100089_00213s_NO_ALERT.png,NA,NA,NA,NA,NA,NA,Faulty
TLT_ODB_ON.png,toCheck_100090_00279s_TLT_ODB_ON.png,NA,NA,NA,NA,NA,NA,Faulty
NO_ALERT.png,toCheck_100090_00284s_NO_ALERT.png,NA,NA,NA,NA,NA,NA,Faulty
TLT_ODB_ON.png,toCheck_100090_00191s_TLT_ODB_ON.png,NA,NA,NA,NA,NA,NA,Faulty
NO_ALERT.png,toCheck_100090_00213s_NO_ALERT.png,NA,NA,NA,NA,NA,NA,Faulty
TLT_ODB_ON.png,toCheck_100090_00213s_TLT_ODB_ON.png,NA,NA,NA,NA,NA,NA,Faulty
NO_ALERT.png,toCheck_100091_00218s_NO_ALERT.png,NA,NA,NA,NA,NA,NA,Faulty
TLT_SERV_OFF.png,toCheck_100091_00191s_TLT_SERV_OFF.png,NA,NA,NA,NA,NA,NA,Faulty
TLT_STOP_ON.png,toCheck_100091_00191s_TLT_STOP_ON.png,NA,NA,NA,NA,NA,NA,Faulty
TLT_SERV_OFF.png,toCheck_100091_00213s_TLT_SERV_OFF.png,NA,NA,NA,NA,NA,NA,Faulty
TLT_STOP_ON.png,toCheck_100091_00213s_TLT_STOP_ON.png,NA,NA,NA,NA,NA,NA,Faulty
TLT_STOP_ON.png,toCheck_100092_00213s_TLT_STOP_ON.png,NA,NA,NA,NA,NA,NA,Faulty
NO_ALERT.png,toCheck_100092_00218s_NO_ALERT.png,NA,NA,NA,NA,NA,NA,Faulty
TLT_SERV_OFF.png,toCheck_100092_00191s_TLT_SERV_OFF.png,NA,NA,NA,NA,NA,NA,Faulty
TLT_STOP_ON.png,toCheck_100092_00191s_TLT_STOP_ON.png,NA,NA,NA,NA,NA,NA,Faulty
TLT_SERV_OFF.png,toCheck_100092_00213s_TLT_SERV_OFF.png,NA,NA,NA,NA,NA,NA,Faulty
TLT_SERV_OFF.png,toCheck_100093_00279s_TLT_SERV_OFF.png,NA,NA,NA,NA,NA,NA,Faulty
BUZ_00_OFF.png,toCheck_100093_00279s_BUZ_00_OFF.png,NA,NA,NA,NA,NA,NA,Faulty
NO_ALERT.png,toCheck_100093_00284s_NO_ALERT.png,NA,NA,NA,NA,NA,NA,Faulty
TLT_SERV_OFF.png,toCheck_100093_00191s_TLT_SERV_OFF.png,NA,NA,NA,NA,NA,NA,Faulty
NO_ALERT.png,toCheck_100093_00213s_NO_ALERT.png,NA,NA,NA,NA,NA,NA,Faulty
TLT_SERV_OFF.png,toCheck_100093_00213s_TLT_SERV_OFF.png,NA,NA,NA,NA,NA,NA,Faulty
BUZ_00_OFF.png,toCheck_100093_00213s_BUZ_00_OFF.png,NA,NA,NA,NA,NA,NA,Faulty
NO_ALERT.png,toCheck_100094_00218s_NO_ALERT.png,NA,NA,NA,NA,NA,NA,Faulty
TLT_SERV_OFF.png,toCheck_100094_00191s_TLT_SERV_OFF.png,NA,NA,NA,NA,NA,NA,Faulty
TLT_STOP_ON.png,toCheck_100094_00191s_TLT_STOP_ON.png,NA,NA,NA,NA,NA,NA,Faulty
TLT_SERV_OFF.png,toCheck_100094_00213s_TLT_SERV_OFF.png,NA,NA,NA,NA,NA,NA,Faulty
TLT_STOP_ON.png,toCheck_100094_00213s_TLT_STOP_ON.png,NA,NA,NA,NA,NA,NA,Faulty
TLT_DPF_ON.png,toCheck_100095_00279s_TLT_DPF_ON.png,NA,NA,NA,NA,NA,NA,Faulty
TLT_SERV_OFF.png,toCheck_100095_00279s_TLT_SERV_OFF.png,NA,NA,NA,NA,NA,NA,Faulty
NO_ALERT.png,toCheck_100095_00284s_NO_ALERT.png,NA,NA,NA,NA,NA,NA,Faulty
TLT_DPF_ON.png,toCheck_100095_00191s_TLT_DPF_ON.png,NA,NA,NA,NA,NA,NA,Faulty
TLT_SERV_OFF.png,toCheck_100095_00191s_TLT_SERV_OFF.png,NA,NA,NA,NA,NA,NA,Faulty
NO_ALERT.png,toCheck_100095_00213s_NO_ALERT.png,NA,NA,NA,NA,NA,NA,Faulty
TLT_DPF_ON.png,toCheck_100095_00213s_TLT_DPF_ON.png,NA,NA,NA,NA,NA,NA,Faulty
TLT_SERV_OFF.png,toCheck_100095_00213s_TLT_SERV_OFF.png,NA,NA,NA,NA,NA,NA,Faulty
NO_ALERT.png,toCheck_100096_00221s_NO_ALERT.png,NA,NA,NA,NA,NA,NA,Faulty
TLT_SERV_OFF.png,toCheck_100096_00191s_TLT_SERV_OFF.png,NA,NA,NA,NA,NA,NA,Faulty
NO_ALERT.png,toCheck_100096_00213s_NO_ALERT.png,NA,NA,NA,NA,NA,NA,Faulty
TLT_SERV_OFF.png,toCheck_100096_00213s_TLT_SERV_OFF.png,NA,NA,NA,NA,NA,NA,Faulty
NO_ALERT.png,toCheck_100097_00221s_NO_ALERT.png,NA,NA,NA,NA,NA,NA,Faulty
TLT_SERV_OFF.png,toCheck_100097_00191s_TLT_SERV_OFF.png,NA,NA,NA,NA,NA,NA,Faulty
NO_ALERT.png,toCheck_100097_00213s_NO_ALERT.png,NA,NA,NA,NA,NA,NA,Faulty
TLT_SERV_OFF.png,toCheck_100097_00213s_TLT_SERV_OFF.png,NA,NA,NA,NA,NA,NA,Faulty
TLT_UREA_ON.png,toCheck_100098_00409s_TLT_UREA_ON.png,NA,NA,NA,NA,NA,NA,Faulty
NO_ALERT.png,toCheck_100098_00544s_NO_ALERT.png,NA,NA,NA,NA,NA,NA,Faulty
TLT_UREA_ON.png,toCheck_100098_00321s_TLT_UREA_ON.png,NA,NA,NA,NA,NA,NA,Faulty
NO_ALERT.png,toCheck_100098_00343s_NO_ALERT.png,NA,NA,NA,NA,NA,NA,Faulty
TLT_UREA_ON.png,toCheck_100098_00343s_TLT_UREA_ON.png,NA,NA,NA,NA,NA,NA,Faulty
TLT_STOP_ON.png,toCheck_100099_00213s_TLT_STOP_ON.png,NA,NA,NA,NA,NA,NA,Faulty
BUZ_00_OFF.png,toCheck_100099_00213s_BUZ_00_OFF.png,NA,NA,NA,NA,NA,NA,Faulty
TLT_SERV_OFF.png,toCheck_100099_00279s_TLT_SERV_OFF.png,NA,NA,NA,NA,NA,NA,Faulty
TLT_STOP_ON.png,toCheck_100099_00279s_TLT_STOP_ON.png,NA,NA,NA,NA,NA,NA,Faulty
BUZ_00_OFF.png,toCheck_100099_00279s_BUZ_00_OFF.png,NA,NA,NA,NA,NA,NA,Faulty
NO_ALERT.png,toCheck_100099_00284s_NO_ALERT.png,NA,NA,NA,NA,NA,NA,Faulty
TLT_SERV_OFF.png,toCheck_100099_00191s_TLT_SERV_OFF.png,NA,NA,NA,NA,NA,NA,Faulty
TLT_STOP_ON.png,toCheck_100099_00191s_TLT_STOP_ON.png,NA,NA,NA,NA,NA,NA,Faulty
NO_ALERT.png,toCheck_100099_00213s_NO_ALERT.png,NA,NA,NA,NA,NA,NA,Faulty
TLT_SERV_OFF.png,toCheck_100099_00213s_TLT_SERV_OFF.png,NA,NA,NA,NA,NA,NA,Faulty
TLT_SERV_OFF.png,toCheck_100100_00279s_TLT_SERV_OFF.png,NA,NA,NA,NA,NA,NA,Faulty
NO_ALERT.png,toCheck_100100_00284s_NO_ALERT.png,NA,NA,NA,NA,NA,NA,Faulty
TLT_SERV_OFF.png,toCheck_100100_00191s_TLT_SERV_OFF.png,NA,NA,NA,NA,NA,NA,Faulty
NO_ALERT.png,toCheck_100100_00213s_NO_ALERT.png,NA,NA,NA,NA,NA,NA,Faulty
TLT_SERV_OFF.png,toCheck_100100_00213s_TLT_SERV_OFF.png,NA,NA,NA,NA,NA,NA,Faulty
NO_ALERT.png,toCheck_100101_00218s_NO_ALERT.png,NA,NA,NA,NA,NA,NA,Faulty
TLT_SERV_OFF.png,toCheck_100101_00191s_TLT_SERV_OFF.png,NA,NA,NA,NA,NA,NA,Faulty
TLT_SERV_OFF.png,toCheck_100101_00213s_TLT_SERV_OFF.png,NA,NA,NA,NA,NA,NA,Faulty
NO_ALERT.png,toCheck_100102_00253s_NO_ALERT.png,NA,NA,NA,NA,NA,NA,Faulty
TLT_SERV_OFF.png,toCheck_100102_00226s_TLT_SERV_OFF.png,NA,NA,NA,NA,NA,NA,Faulty
TLT_STOP_ON.png,toCheck_100102_00226s_TLT_STOP_ON.png,NA,NA,NA,NA,NA,NA,Faulty
TLT_SERV_OFF.png,toCheck_100102_00248s_TLT_SERV_OFF.png,NA,NA,NA,NA,NA,NA,Faulty
TLT_STOP_ON.png,toCheck_100102_00248s_TLT_STOP_ON.png,NA,NA,NA,NA,NA,NA,Faulty
TLT_STOP_OFF.png,toCheck_100103_00213s_TLT_STOP_OFF.png,NA,NA,NA,NA,NA,NA,Faulty
TLT_SERV_OFF.png,toCheck_100103_00279s_TLT_SERV_OFF.png,NA,NA,NA,NA,NA,NA,Faulty
TLT_STOP_OFF.png,toCheck_100103_00279s_TLT_STOP_OFF.png,NA,NA,NA,NA,NA,NA,Faulty
NO_ALERT.png,toCheck_100103_00284s_NO_ALERT.png,NA,NA,NA,NA,NA,NA,Faulty
TLT_SERV_OFF.png,toCheck_100103_00191s_TLT_SERV_OFF.png,NA,NA,NA,NA,NA,NA,Faulty
TLT_STOP_OFF.png,toCheck_100103_00191s_TLT_STOP_OFF.png,NA,NA,NA,NA,NA,NA,Faulty
NO_ALERT.png,toCheck_100103_00213s_NO_ALERT.png,NA,NA,NA,NA,NA,NA,Faulty
TLT_SERV_OFF.png,toCheck_100103_00213s_TLT_SERV_OFF.png,NA,NA,NA,NA,NA,NA,Faulty
TLT_SERV_OFF.png,toCheck_100104_00279s_TLT_SERV_OFF.png,NA,NA,NA,NA,NA,NA,Faulty
NO_ALERT.png,toCheck_100104_00284s_NO_ALERT.png,NA,NA,NA,NA,NA,NA,Faulty
TLT_SERV_OFF.png,toCheck_100104_00191s_TLT_SERV_OFF.png,NA,NA,NA,NA,NA,NA,Faulty
NO_ALERT.png,toCheck_100104_00213s_NO_ALERT.png,NA,NA,NA,NA,NA,NA,Faulty
TLT_SERV_OFF.png,toCheck_100104_00213s_TLT_SERV_OFF.png,NA,NA,NA,NA,NA,NA,Faulty
NO_ALERT.png,toCheck_100105_00316s_NO_ALERT.png,NA,NA,NA,NA,NA,NA,Faulty
NO_ALERT.png,toCheck_100105_00245s_NO_ALERT.png,NA,NA,NA,NA,NA,NA,Faulty
NO_ALERT.png,toCheck_100106_00218s_NO_ALERT.png,NA,NA,NA,NA,NA,NA,Faulty
TLT_SERV_OFF.png,toCheck_100106_00191s_TLT_SERV_OFF.png,NA,NA,NA,NA,NA,NA,Faulty
TLT_STOP_ON.png,toCheck_100106_00191s_TLT_STOP_ON.png,NA,NA,NA,NA,NA,NA,Faulty
TLT_SERV_OFF.png,toCheck_100106_00213s_TLT_SERV_OFF.png,NA,NA,NA,NA,NA,NA,Faulty
TLT_STOP_ON.png,toCheck_100106_00213s_TLT_STOP_ON.png,NA,NA,NA,NA,NA,NA,Faulty
TLT_SERV_OFF.png,toCheck_100107_00279s_TLT_SERV_OFF.png,NA,NA,NA,NA,NA,NA,Faulty
BUZ_00_OFF.png,toCheck_100107_00279s_BUZ_00_OFF.png,NA,NA,NA,NA,NA,NA,Faulty
NO_ALERT.png,toCheck_100107_00284s_NO_ALERT.png,NA,NA,NA,NA,NA,NA,Faulty
TLT_SERV_OFF.png,toCheck_100107_00191s_TLT_SERV_OFF.png,NA,NA,NA,NA,NA,NA,Faulty
NO_ALERT.png,toCheck_100107_00213s_NO_ALERT.png,NA,NA,NA,NA,NA,NA,Faulty
TLT_SERV_OFF.png,toCheck_100107_00213s_TLT_SERV_OFF.png,NA,NA,NA,NA,NA,NA,Faulty
BUZ_00_OFF.png,toCheck_100107_00213s_BUZ_00_OFF.png,NA,NA,NA,NA,NA,NA,Faulty
NO_ALERT.png,toCheck_100108_00218s_NO_ALERT.png,NA,NA,NA,NA,NA,NA,Faulty
TLT_SERV_OFF.png,toCheck_100108_00191s_TLT_SERV_OFF.png,NA,NA,NA,NA,NA,NA,Faulty
TLT_SERV_OFF.png,toCheck_100108_00213s_TLT_SERV_OFF.png,NA,NA,NA,NA,NA,NA,Faulty
NO_ALERT.png,toCheck_100109_00344s_NO_ALERT.png,NA,NA,NA,NA,NA,NA,Faulty
NO_ALERT.png,toCheck_100109_00243s_NO_ALERT.png,NA,NA,NA,NA,NA,NA,Faulty
NO_ALERT.png,toCheck_100110_00284s_NO_ALERT.png,NA,NA,NA,NA,NA,NA,Faulty
NO_ALERT.png,toCheck_100110_00213s_NO_ALERT.png,NA,NA,NA,NA,NA,NA,Faulty
TLT_SERV_OFF.png,toCheck_100111_00279s_TLT_SERV_OFF.png,NA,NA,NA,NA,NA,NA,Faulty
NO_ALERT.png,toCheck_100111_00284s_NO_ALERT.png,NA,NA,NA,NA,NA,NA,Faulty
TLT_SERV_OFF.png,toCheck_100111_00191s_TLT_SERV_OFF.png,NA,NA,NA,NA,NA,NA,Faulty
NO_ALERT.png,toCheck_100111_00213s_NO_ALERT.png,NA,NA,NA,NA,NA,NA,Faulty
TLT_SERV_OFF.png,toCheck_100111_00213s_TLT_SERV_OFF.png,NA,NA,NA,NA,NA,NA,Faulty
NO_ALERT.png,toCheck_100112_00218s_NO_ALERT.png,NA,NA,NA,NA,NA,NA,Faulty
TLT_SERV_OFF.png,toCheck_100112_00191s_TLT_SERV_OFF.png,NA,NA,NA,NA,NA,NA,Faulty
TLT_SERV_OFF.png,toCheck_100112_00213s_TLT_SERV_OFF.png,NA,NA,NA,NA,NA,NA,Faulty
NO_ALERT.png,toCheck_100113_00221s_NO_ALERT.png,NA,NA,NA,NA,NA,NA,Faulty
TLT_SERV_OFF.png,toCheck_100113_00191s_TLT_SERV_OFF.png,NA,NA,NA,NA,NA,NA,Faulty
NO_ALERT.png,toCheck_100113_00213s_NO_ALERT.png,NA,NA,NA,NA,NA,NA,Faulty
TLT_SERV_OFF.png,toCheck_100113_00213s_TLT_SERV_OFF.png,NA,NA,NA,NA,NA,NA,Faulty
BUZ_00_OFF.png,toCheck_100114_00279s_BUZ_00_OFF.png,NA,NA,NA,NA,NA,NA,Faulty
NO_ALERT.png,toCheck_100114_00284s_NO_ALERT.png,NA,NA,NA,NA,NA,NA,Faulty
NO_ALERT.png,toCheck_100114_00213s_NO_ALERT.png,NA,NA,NA,NA,NA,NA,Faulty
BUZ_00_OFF.png,toCheck_100114_00213s_BUZ_00_OFF.png,NA,NA,NA,NA,NA,NA,Faulty
NO_ALERT.png,toCheck_100115_00221s_NO_ALERT.png,NA,NA,NA,NA,NA,NA,Faulty
TLT_SERV_OFF.png,toCheck_100115_00191s_TLT_SERV_OFF.png,NA,NA,NA,NA,NA,NA,Faulty
NO_ALERT.png,toCheck_100115_00213s_NO_ALERT.png,NA,NA,NA,NA,NA,NA,Faulty
TLT_SERV_OFF.png,toCheck_100115_00213s_TLT_SERV_OFF.png,NA,NA,NA,NA,NA,NA,Faulty
TLT_ESC_ON.png,toCheck_100116_00279s_TLT_ESC_ON.png,NA,NA,NA,NA,NA,NA,Faulty
NO_ALERT.png,toCheck_100116_00284s_NO_ALERT.png,NA,NA,NA,NA,NA,NA,Faulty
TLT_ESC_ON.png,toCheck_100116_00191s_TLT_ESC_ON.png,NA,NA,NA,NA,NA,NA,Faulty
NO_ALERT.png,toCheck_100116_00213s_NO_ALERT.png,NA,NA,NA,NA,NA,NA,Faulty
TLT_ESC_ON.png,toCheck_100116_00213s_TLT_ESC_ON.png,NA,NA,NA,NA,NA,NA,Faulty
TLT_ESPOFF_ON.png,toCheck_100117_00281s_TLT_ESPOFF_ON.png,NA,NA,NA,NA,NA,NA,Faulty
TLT_SERV_OFF.png,toCheck_100117_00282s_TLT_SERV_OFF.png,NA,NA,NA,NA,NA,NA,Faulty
NO_ALERT.png,toCheck_100117_00287s_NO_ALERT.png,NA,NA,NA,NA,NA,NA,Faulty
TLT_ESPOFF_ON.png,toCheck_100117_00191s_TLT_ESPOFF_ON.png,NA,NA,NA,NA,NA,NA,Faulty
TLT_SERV_OFF.png,toCheck_100117_00192s_TLT_SERV_OFF.png,NA,NA,NA,NA,NA,NA,Faulty
NO_ALERT.png,toCheck_100117_00214s_NO_ALERT.png,NA,NA,NA,NA,NA,NA,Faulty
TLT_ESPOFF_ON.png,toCheck_100117_00214s_TLT_ESPOFF_ON.png,NA,NA,NA,NA,NA,NA,Faulty
TLT_SERV_OFF.png,toCheck_100117_00215s_TLT_SERV_OFF.png,NA,NA,NA,NA,NA,NA,Faulty
NO_ALERT.png,toCheck_100118_00218s_NO_ALERT.png,NA,NA,NA,NA,NA,NA,Faulty
TLT_SERV_OFF.png,toCheck_100118_00191s_TLT_SERV_OFF.png,NA,NA,NA,NA,NA,NA,Faulty
TLT_SERV_OFF.png,toCheck_100118_00213s_TLT_SERV_OFF.png,NA,NA,NA,NA,NA,NA,Faulty
NO_ALERT.png,toCheck_100119_00284s_NO_ALERT.png,NA,NA,NA,NA,NA,NA,Faulty
NO_ALERT.png,toCheck_100119_00213s_NO_ALERT.png,NA,NA,NA,NA,NA,NA,Faulty
TLT_SERV_OFF.png,toCheck_100120_00279s_TLT_SERV_OFF.png,NA,NA,NA,NA,NA,NA,Faulty
NO_ALERT.png,toCheck_100120_00284s_NO_ALERT.png,NA,NA,NA,NA,NA,NA,Faulty
TLT_SERV_OFF.png,toCheck_100120_00191s_TLT_SERV_OFF.png,NA,NA,NA,NA,NA,NA,Faulty
NO_ALERT.png,toCheck_100120_00213s_NO_ALERT.png,NA,NA,NA,NA,NA,NA,Faulty
TLT_SERV_OFF.png,toCheck_100120_00213s_TLT_SERV_OFF.png,NA,NA,NA,NA,NA,NA,Faulty
NO_ALERT.png,toCheck_100121_00319s_NO_ALERT.png,NA,NA,NA,NA,NA,NA,Faulty
NO_ALERT.png,toCheck_100121_00243s_NO_ALERT.png,NA,NA,NA,NA,NA,NA,Faulty
TLT_ESPOFF_ON.png,toCheck_100122_00213s_TLT_ESPOFF_ON.png,NA,NA,NA,NA,NA,NA,Faulty
NO_TXTALT_Reconspage.png,toCheck_100122_00213s_NO_TXTALT_Reconspage.png,NA,NA,NA,NA,NA,NA,Faulty
NO_ALERT.png,toCheck_100122_00221s_NO_ALERT.png,NA,NA,NA,NA,NA,NA,Faulty
TLT_SERV_OFF.png,toCheck_100122_00191s_TLT_SERV_OFF.png,NA,NA,NA,NA,NA,NA,Faulty
TLT_ESPOFF_ON.png,toCheck_100122_00191s_TLT_ESPOFF_ON.png,NA,NA,NA,NA,NA,NA,Faulty
NO_ALERT.png,toCheck_100122_00213s_NO_ALERT.png,NA,NA,NA,NA,NA,NA,Faulty
TLT_SERV_OFF.png,toCheck_100122_00213s_TLT_SERV_OFF.png,NA,NA,NA,NA,NA,NA,Faulty
NO_ALERT.png,toCheck_100123_00221s_NO_ALERT.png,NA,NA,NA,NA,NA,NA,Faulty
TLT_SERV_OFF.png,toCheck_100123_00191s_TLT_SERV_OFF.png,NA,NA,NA,NA,NA,NA,Faulty
NO_ALERT.png,toCheck_100123_00213s_NO_ALERT.png,NA,NA,NA,NA,NA,NA,Faulty
TLT_SERV_OFF.png,toCheck_100123_00213s_TLT_SERV_OFF.png,NA,NA,NA,NA,NA,NA,Faulty
NO_TXTALT_Reconspage.png,toCheck_100124_00288s_NO_TXTALT_Reconspage.png,NA,NA,NA,NA,NA,NA,Faulty
NO_ALERT.png,toCheck_100124_00366s_NO_ALERT.png,NA,NA,NA,NA,NA,NA,Faulty
TLT_SERV_OFF.png,toCheck_100124_00266s_TLT_SERV_OFF.png,NA,NA,NA,NA,NA,NA,Faulty
NO_ALERT.png,toCheck_100124_00288s_NO_ALERT.png,NA,NA,NA,NA,NA,NA,Faulty
TLT_SERV_OFF.png,toCheck_100124_00288s_TLT_SERV_OFF.png,NA,NA,NA,NA,NA,NA,Faulty
NO_ALERT.png,toCheck_100125_00221s_NO_ALERT.png,NA,NA,NA,NA,NA,NA,Faulty
TLT_SERV_OFF.png,toCheck_100125_00191s_TLT_SERV_OFF.png,NA,NA,NA,NA,NA,NA,Faulty
NO_ALERT.png,toCheck_100125_00213s_NO_ALERT.png,NA,NA,NA,NA,NA,NA,Faulty
TLT_SERV_OFF.png,toCheck_100125_00213s_TLT_SERV_OFF.png,NA,NA,NA,NA,NA,NA,Faulty
NO_TXTALT_Reconspage.png,toCheck_100126_00213s_NO_TXTALT_Reconspage.png,NA,NA,NA,NA,NA,NA,Faulty
NO_ALERT.png,toCheck_100126_00221s_NO_ALERT.png,NA,NA,NA,NA,NA,NA,Faulty
TLT_SERV_OFF.png,toCheck_100126_00191s_TLT_SERV_OFF.png,NA,NA,NA,NA,NA,NA,Faulty
NO_ALERT.png,toCheck_100126_00213s_NO_ALERT.png,NA,NA,NA,NA,NA,NA,Faulty
TLT_SERV_OFF.png,toCheck_100126_00213s_TLT_SERV_OFF.png,NA,NA,NA,NA,NA,NA,Faulty
NO_ALERT.png,toCheck_100127_00221s_NO_ALERT.png,NA,NA,NA,NA,NA,NA,Faulty
TLT_SERV_OFF.png,toCheck_100127_00191s_TLT_SERV_OFF.png,NA,NA,NA,NA,NA,NA,Faulty
NO_ALERT.png,toCheck_100127_00213s_NO_ALERT.png,NA,NA,NA,NA,NA,NA,Faulty
TLT_SERV_OFF.png,toCheck_100127_00213s_TLT_SERV_OFF.png,NA,NA,NA,NA,NA,NA,Faulty
NO_ALERT.png,toCheck_100128_00221s_NO_ALERT.png,NA,NA,NA,NA,NA,NA,Faulty
TLT_SERV_OFF.png,toCheck_100128_00191s_TLT_SERV_OFF.png,NA,NA,NA,NA,NA,NA,Faulty
NO_ALERT.png,toCheck_100128_00213s_NO_ALERT.png,NA,NA,NA,NA,NA,NA,Faulty
TLT_SERV_OFF.png,toCheck_100128_00213s_TLT_SERV_OFF.png,NA,NA,NA,NA,NA,NA,Faulty
NO_ALERT.png,toCheck_100129_00221s_NO_ALERT.png,NA,NA,NA,NA,NA,NA,Faulty
TLT_SERV_OFF.png,toCheck_100129_00191s_TLT_SERV_OFF.png,NA,NA,NA,NA,NA,NA,Faulty
NO_ALERT.png,toCheck_100129_00213s_NO_ALERT.png,NA,NA,NA,NA,NA,NA,Faulty
TLT_SERV_OFF.png,toCheck_100129_00213s_TLT_SERV_OFF.png,NA,NA,NA,NA,NA,NA,Faulty
NO_ALERT.png,toCheck_100130_00221s_NO_ALERT.png,NA,NA,NA,NA,NA,NA,Faulty
TLT_SERV_OFF.png,toCheck_100130_00191s_TLT_SERV_OFF.png,NA,NA,NA,NA,NA,NA,Faulty
NO_ALERT.png,toCheck_100130_00213s_NO_ALERT.png,NA,NA,NA,NA,NA,NA,Faulty
TLT_SERV_OFF.png,toCheck_100130_00213s_TLT_SERV_OFF.png,NA,NA,NA,NA,NA,NA,Faulty
NO_ALERT.png,toCheck_100131_00284s_NO_ALERT.png,NA,NA,NA,NA,NA,NA,Faulty
NO_ALERT.png,toCheck_100131_00213s_NO_ALERT.png,NA,NA,NA,NA,NA,NA,Faulty
NO_ALERT.png,toCheck_100132_00284s_NO_ALERT.png,NA,NA,NA,NA,NA,NA,Faulty
NO_ALERT.png,toCheck_100132_00213s_NO_ALERT.png,NA,NA,NA,NA,NA,NA,Faulty
NO_ALERT.png,toCheck_100133_00221s_NO_ALERT.png,NA,NA,NA,NA,NA,NA,Faulty
TLT_SERV_OFF.png,toCheck_100133_00191s_TLT_SERV_OFF.png,NA,NA,NA,NA,NA,NA,Faulty
NO_ALERT.png,toCheck_100133_00213s_NO_ALERT.png,NA,NA,NA,NA,NA,NA,Faulty
TLT_SERV_OFF.png,toCheck_100133_00213s_TLT_SERV_OFF.png,NA,NA,NA,NA,NA,NA,Faulty
TLT_ABS_ON.png,toCheck_100134_00279s_TLT_ABS_ON.png,NA,NA,NA,NA,NA,NA,Faulty
NO_ALERT.png,toCheck_100134_00284s_NO_ALERT.png,NA,NA,NA,NA,NA,NA,Faulty
TLT_ABS_ON.png,toCheck_100134_00191s_TLT_ABS_ON.png,NA,NA,NA,NA,NA,NA,Faulty
NO_ALERT.png,toCheck_100134_00213s_NO_ALERT.png,NA,NA,NA,NA,NA,NA,Faulty
TLT_ABS_ON.png,toCheck_100134_00213s_TLT_ABS_ON.png,NA,NA,NA,NA,NA,NA,Faulty
NO_ALERT.png,toCheck_100135_00223s_NO_ALERT.png,NA,NA,NA,NA,NA,NA,Faulty
TLT_STOP_ON.png,toCheck_100135_00196s_TLT_STOP_ON.png,NA,NA,NA,NA,NA,NA,Faulty
TLT_SERV_OFF.png,toCheck_100135_00196s_TLT_SERV_OFF.png,NA,NA,NA,NA,NA,NA,Faulty
TLT_STOP_ON.png,toCheck_100135_00218s_TLT_STOP_ON.png,NA,NA,NA,NA,NA,NA,Faulty
TLT_SERV_OFF.png,toCheck_100135_00218s_TLT_SERV_OFF.png,NA,NA,NA,NA,NA,NA,Faulty
NO_ALERT.png,toCheck_100136_00284s_NO_ALERT.png,NA,NA,NA,NA,NA,NA,Faulty
NO_ALERT.png,toCheck_100136_00213s_NO_ALERT.png,NA,NA,NA,NA,NA,NA,Faulty
TLT_STOP_ON.png,toCheck_100137_00213s_TLT_STOP_ON.png,NA,NA,NA,NA,NA,NA,Faulty
NO_ALERT.png,toCheck_100137_00218s_NO_ALERT.png,NA,NA,NA,NA,NA,NA,Faulty
TLT_SERV_OFF.png,toCheck_100137_00191s_TLT_SERV_OFF.png,NA,NA,NA,NA,NA,NA,Faulty
TLT_STOP_ON.png,toCheck_100137_00191s_TLT_STOP_ON.png,NA,NA,NA,NA,NA,NA,Faulty
TLT_SERV_OFF.png,toCheck_100137_00213s_TLT_SERV_OFF.png,NA,NA,NA,NA,NA,NA,Faulty
TLT_STOP_ON.png,toCheck_100138_00248s_TLT_STOP_ON.png,NA,NA,NA,NA,NA,NA,Faulty
NO_ALERT.png,toCheck_100138_00263s_NO_ALERT.png,NA,NA,NA,NA,NA,NA,Faulty
TLT_STOP_ON.png,toCheck_100138_00226s_TLT_STOP_ON.png,NA,NA,NA,NA,NA,NA,Faulty
NO_ALERT.png,toCheck_100139_00218s_NO_ALERT.png,NA,NA,NA,NA,NA,NA,Faulty
TLT_SERV_OFF.png,toCheck_100139_00191s_TLT_SERV_OFF.png,NA,NA,NA,NA,NA,NA,Faulty
TLT_STOP_ON.png,toCheck_100139_00191s_TLT_STOP_ON.png,NA,NA,NA,NA,NA,NA,Faulty
TLT_SERV_OFF.png,toCheck_100139_00213s_TLT_SERV_OFF.png,NA,NA,NA,NA,NA,NA,Faulty
TLT_STOP_ON.png,toCheck_100139_00213s_TLT_STOP_ON.png,NA,NA,NA,NA,NA,NA,Faulty
NO_ALERT.png,toCheck_100140_00284s_NO_ALERT.png,NA,NA,NA,NA,NA,NA,Faulty
NO_ALERT.png,toCheck_100140_00213s_NO_ALERT.png,NA,NA,NA,NA,NA,NA,Faulty
TLT_SERV_OFF.png,toCheck_100141_00281s_TLT_SERV_OFF.png,NA,NA,NA,NA,NA,NA,Faulty
NO_ALERT.png,toCheck_100141_00286s_NO_ALERT.png,NA,NA,NA,NA,NA,NA,Faulty
TLT_SERV_OFF.png,toCheck_100141_00193s_TLT_SERV_OFF.png,NA,NA,NA,NA,NA,NA,Faulty
NO_ALERT.png,toCheck_100141_00215s_NO_ALERT.png,NA,NA,NA,NA,NA,NA,Faulty
TLT_SERV_OFF.png,toCheck_100141_00215s_TLT_SERV_OFF.png,NA,NA,NA,NA,NA,NA,Faulty
TLT_STOP_ON.png,toCheck_100142_00213s_TLT_STOP_ON.png,NA,NA,NA,NA,NA,NA,Faulty
NO_ALERT.png,toCheck_100142_00218s_NO_ALERT.png,NA,NA,NA,NA,NA,NA,Faulty
TLT_SERV_OFF.png,toCheck_100142_00191s_TLT_SERV_OFF.png,NA,NA,NA,NA,NA,NA,Faulty
TLT_STOP_ON.png,toCheck_100142_00191s_TLT_STOP_ON.png,NA,NA,NA,NA,NA,NA,Faulty
TLT_SERV_OFF.png,toCheck_100142_00213s_TLT_SERV_OFF.png,NA,NA,NA,NA,NA,NA,Faulty
NO_ALERT.png,toCheck_100143_00284s_NO_ALERT.png,NA,NA,NA,NA,NA,NA,Faulty
NO_ALERT.png,toCheck_100143_00213s_NO_ALERT.png,NA,NA,NA,NA,NA,NA,Faulty
NO_ALERT.png,toCheck_100144_00284s_NO_ALERT.png,NA,NA,NA,NA,NA,NA,Faulty
NO_ALERT.png,toCheck_100144_00213s_NO_ALERT.png,NA,NA,NA,NA,NA,NA,Faulty
NO_ALERT.png,toCheck_100145_00289s_NO_ALERT.png,NA,NA,NA,NA,NA,NA,Faulty
NO_ALERT.png,toCheck_100145_00218s_NO_ALERT.png,NA,NA,NA,NA,NA,NA,Faulty
NO_ALERT.png,toCheck_100146_00319s_NO_ALERT.png,NA,NA,NA,NA,NA,NA,Faulty
NO_ALERT.png,toCheck_100146_00248s_NO_ALERT.png,NA,NA,NA,NA,NA,NA,Faulty
TLT_SERV_OFF.png,toCheck_100147_00279s_TLT_SERV_OFF.png,NA,NA,NA,NA,NA,NA,Faulty
BUZ_00_OFF.png,toCheck_100147_00279s_BUZ_00_OFF.png,NA,NA,NA,NA,NA,NA,Faulty
NO_ALERT.png,toCheck_100147_00284s_NO_ALERT.png,NA,NA,NA,NA,NA,NA,Faulty
TLT_SERV_OFF.png,toCheck_100147_00191s_TLT_SERV_OFF.png,NA,NA,NA,NA,NA,NA,Faulty
NO_ALERT.png,toCheck_100147_00213s_NO_ALERT.png,NA,NA,NA,NA,NA,NA,Faulty
TLT_SERV_OFF.png,toCheck_100147_00213s_TLT_SERV_OFF.png,NA,NA,NA,NA,NA,NA,Faulty
BUZ_00_OFF.png,toCheck_100147_00213s_BUZ_00_OFF.png,NA,NA,NA,NA,NA,NA,Faulty
TLT_TPW_OFF.png,toCheck_100148_00366s_TLT_TPW_OFF.png,NA,NA,NA,NA,NA,NA,Faulty
TLT_SERV_ON.png,toCheck_100148_00368s_TLT_SERV_ON.png,NA,NA,NA,NA,NA,NA,Faulty
TXTALT_30201_10_FR_Reconspage.png,toCheck_100148_00434s_TXTALT_30201_10_FR_Reconspage.png,NA,NA,NA,NA,NA,NA,Faulty
TLT_TPW_ON.png,toCheck_100148_00434s_TLT_TPW_ON.png,NA,NA,NA,NA,NA,NA,Faulty
TLT_TPW_OFF.png,toCheck_100148_00436s_TLT_TPW_OFF.png,NA,NA,NA,NA,NA,NA,Faulty
TLT_SERV_ON.png,toCheck_100148_00439s_TLT_SERV_ON.png,NA,NA,NA,NA,NA,NA,Faulty
NO_ALERT.png,toCheck_100148_00444s_NO_ALERT.png,NA,NA,NA,NA,NA,NA,Faulty
TLT_TPW_ON.png,toCheck_100148_00336s_TLT_TPW_ON.png,NA,NA,NA,NA,NA,NA,Faulty
TLT_TPW_OFF.png,toCheck_100148_00338s_TLT_TPW_OFF.png,NA,NA,NA,NA,NA,NA,Faulty
TLT_SERV_ON.png,toCheck_100148_00341s_TLT_SERV_ON.png,NA,NA,NA,NA,NA,NA,Faulty
TXTALT_30201_10_FR.png,toCheck_100148_00341s_TXTALT_30201_10_FR.png,NA,NA,NA,NA,NA,NA,Faulty
NO_ALERT.png,toCheck_100148_00363s_NO_ALERT.png,NA,NA,NA,NA,NA,NA,Faulty
TLT_TPW_ON.png,toCheck_100148_00363s_TLT_TPW_ON.png,NA,NA,NA,NA,NA,NA,Faulty
TLT_TPW_OFF.png,toCheck_100149_00221s_TLT_TPW_OFF.png,NA,NA,NA,NA,NA,NA,Faulty
TLT_TPW_ON.png,toCheck_100149_00289s_TLT_TPW_ON.png,NA,NA,NA,NA,NA,NA,Faulty
TLT_TPW_OFF.png,toCheck_100149_00291s_TLT_TPW_OFF.png,NA,NA,NA,NA,NA,NA,Faulty
NO_ALERT.png,toCheck_100149_00299s_NO_ALERT.png,NA,NA,NA,NA,NA,NA,Faulty
TLT_TPW_ON.png,toCheck_100149_00191s_TLT_TPW_ON.png,NA,NA,NA,NA,NA,NA,Faulty
TLT_TPW_OFF.png,toCheck_100149_00193s_TLT_TPW_OFF.png,NA,NA,NA,NA,NA,NA,Faulty
NO_ALERT.png,toCheck_100149_00218s_NO_ALERT.png,NA,NA,NA,NA,NA,NA,Faulty
TLT_TPW_ON.png,toCheck_100149_00218s_TLT_TPW_ON.png,NA,NA,NA,NA,NA,NA,Faulty
TLT_TPW_ON.png,toCheck_100150_00279s_TLT_TPW_ON.png,NA,NA,NA,NA,NA,NA,Faulty
TLT_SERV_OFF.png,toCheck_100150_00279s_TLT_SERV_OFF.png,NA,NA,NA,NA,NA,NA,Faulty
NO_ALERT.png,toCheck_100150_00284s_NO_ALERT.png,NA,NA,NA,NA,NA,NA,Faulty
TLT_TPW_ON.png,toCheck_100150_00191s_TLT_TPW_ON.png,NA,NA,NA,NA,NA,NA,Faulty
TLT_SERV_OFF.png,toCheck_100150_00191s_TLT_SERV_OFF.png,NA,NA,NA,NA,NA,NA,Faulty
NO_ALERT.png,toCheck_100150_00213s_NO_ALERT.png,NA,NA,NA,NA,NA,NA,Faulty
TLT_TPW_ON.png,toCheck_100150_00213s_TLT_TPW_ON.png,NA,NA,NA,NA,NA,NA,Faulty
TLT_SERV_OFF.png,toCheck_100150_00213s_TLT_SERV_OFF.png,NA,NA,NA,NA,NA,NA,Faulty
TLT_STOP_ON.png,toCheck_100151_00213s_TLT_STOP_ON.png,NA,NA,NA,NA,NA,NA,Faulty
NO_ALERT.png,toCheck_100151_00218s_NO_ALERT.png,NA,NA,NA,NA,NA,NA,Faulty
TLT_TPW_ON.png,toCheck_100151_00191s_TLT_TPW_ON.png,NA,NA,NA,NA,NA,NA,Faulty
TLT_SERV_OFF.png,toCheck_100151_00191s_TLT_SERV_OFF.png,NA,NA,NA,NA,NA,NA,Faulty
TLT_STOP_ON.png,toCheck_100151_00191s_TLT_STOP_ON.png,NA,NA,NA,NA,NA,NA,Faulty
TLT_TPW_ON.png,toCheck_100151_00213s_TLT_TPW_ON.png,NA,NA,NA,NA,NA,NA,Faulty
TLT_SERV_OFF.png,toCheck_100151_00213s_TLT_SERV_OFF.png,NA,NA,NA,NA,NA,NA,Faulty
NO_ALERT.png,toCheck_100152_00223s_NO_ALERT.png,NA,NA,NA,NA,NA,NA,Faulty
TLT_TPW_OFF.png,toCheck_100152_00223s_TLT_TPW_OFF.png,NA,NA,NA,NA,NA,NA,Faulty
TLT_TPW_ON.png,toCheck_100152_00226s_TLT_TPW_ON.png,NA,NA,NA,NA,NA,NA,Faulty
TLT_TPW_OFF.png,toCheck_100152_00228s_TLT_TPW_OFF.png,NA,NA,NA,NA,NA,NA,Faulty
TLT_TPW_ON.png,toCheck_100152_00231s_TLT_TPW_ON.png,NA,NA,NA,NA,NA,NA,Faulty
TLT_SERV_OFF.png,toCheck_100152_00233s_TLT_SERV_OFF.png,NA,NA,NA,NA,NA,NA,Faulty
TLT_TPW_OFF.png,toCheck_100152_00299s_TLT_TPW_OFF.png,NA,NA,NA,NA,NA,NA,Faulty
TLT_TPW_ON.png,toCheck_100152_00301s_TLT_TPW_ON.png,NA,NA,NA,NA,NA,NA,Faulty
TLT_TPW_OFF.png,toCheck_100152_00304s_TLT_TPW_OFF.png,NA,NA,NA,NA,NA,NA,Faulty
TLT_TPW_ON.png,toCheck_100152_00306s_TLT_TPW_ON.png,NA,NA,NA,NA,NA,NA,Faulty
TLT_SERV_OFF.png,toCheck_100152_00309s_TLT_SERV_OFF.png,NA,NA,NA,NA,NA,NA,Faulty
NO_ALERT.png,toCheck_100152_00314s_NO_ALERT.png,NA,NA,NA,NA,NA,NA,Faulty
TLT_TPW_OFF.png,toCheck_100152_00191s_TLT_TPW_OFF.png,NA,NA,NA,NA,NA,NA,Faulty
TLT_TPW_ON.png,toCheck_100152_00193s_TLT_TPW_ON.png,NA,NA,NA,NA,NA,NA,Faulty
TLT_TPW_OFF.png,toCheck_100152_00196s_TLT_TPW_OFF.png,NA,NA,NA,NA,NA,NA,Faulty
TLT_TPW_ON.png,toCheck_100152_00198s_TLT_TPW_ON.png,NA,NA,NA,NA,NA,NA,Faulty
TLT_SERV_OFF.png,toCheck_100152_00201s_TLT_SERV_OFF.png,NA,NA,NA,NA,NA,NA,Faulty
TLT_TPW_ON.png,toCheck_100153_00279s_TLT_TPW_ON.png,NA,NA,NA,NA,NA,NA,Faulty
TLT_SERV_OFF.png,toCheck_100153_00279s_TLT_SERV_OFF.png,NA,NA,NA,NA,NA,NA,Faulty
NO_ALERT.png,toCheck_100153_00284s_NO_ALERT.png,NA,NA,NA,NA,NA,NA,Faulty
TLT_TPW_ON.png,toCheck_100153_00191s_TLT_TPW_ON.png,NA,NA,NA,NA,NA,NA,Faulty
TLT_SERV_OFF.png,toCheck_100153_00191s_TLT_SERV_OFF.png,NA,NA,NA,NA,NA,NA,Faulty
NO_ALERT.png,toCheck_100153_00213s_NO_ALERT.png,NA,NA,NA,NA,NA,NA,Faulty
TLT_TPW_ON.png,toCheck_100153_00213s_TLT_TPW_ON.png,NA,NA,NA,NA,NA,NA,Faulty
TLT_SERV_OFF.png,toCheck_100153_00213s_TLT_SERV_OFF.png,NA,NA,NA,NA,NA,NA,Faulty
NO_ALERT.png,toCheck_100154_00223s_NO_ALERT.png,NA,NA,NA,NA,NA,NA,Faulty
TLT_TPW_OFF.png,toCheck_100154_00223s_TLT_TPW_OFF.png,NA,NA,NA,NA,NA,NA,Faulty
TLT_TPW_ON.png,toCheck_100154_00226s_TLT_TPW_ON.png,NA,NA,NA,NA,NA,NA,Faulty
TLT_TPW_OFF.png,toCheck_100154_00228s_TLT_TPW_OFF.png,NA,NA,NA,NA,NA,NA,Faulty
TLT_TPW_ON.png,toCheck_100154_00231s_TLT_TPW_ON.png,NA,NA,NA,NA,NA,NA,Faulty
TLT_TPW_OFF.png,toCheck_100154_00299s_TLT_TPW_OFF.png,NA,NA,NA,NA,NA,NA,Faulty
TLT_TPW_ON.png,toCheck_100154_00301s_TLT_TPW_ON.png,NA,NA,NA,NA,NA,NA,Faulty
TLT_TPW_OFF.png,toCheck_100154_00304s_TLT_TPW_OFF.png,NA,NA,NA,NA,NA,NA,Faulty
TLT_TPW_ON.png,toCheck_100154_00306s_TLT_TPW_ON.png,NA,NA,NA,NA,NA,NA,Faulty
NO_ALERT.png,toCheck_100154_00314s_NO_ALERT.png,NA,NA,NA,NA,NA,NA,Faulty
TLT_TPW_OFF.png,toCheck_100154_00191s_TLT_TPW_OFF.png,NA,NA,NA,NA,NA,NA,Faulty
TLT_TPW_ON.png,toCheck_100154_00193s_TLT_TPW_ON.png,NA,NA,NA,NA,NA,NA,Faulty
TLT_TPW_OFF.png,toCheck_100154_00196s_TLT_TPW_OFF.png,NA,NA,NA,NA,NA,NA,Faulty
TLT_TPW_ON.png,toCheck_100154_00198s_TLT_TPW_ON.png,NA,NA,NA,NA,NA,NA,Faulty
NO_ALERT.png,toCheck_100155_00223s_NO_ALERT.png,NA,NA,NA,NA,NA,NA,Faulty
TLT_TPW_OFF.png,toCheck_100155_00223s_TLT_TPW_OFF.png,NA,NA,NA,NA,NA,NA,Faulty
TLT_TPW_ON.png,toCheck_100155_00226s_TLT_TPW_ON.png,NA,NA,NA,NA,NA,NA,Faulty
TLT_TPW_OFF.png,toCheck_100155_00228s_TLT_TPW_OFF.png,NA,NA,NA,NA,NA,NA,Faulty
TLT_TPW_ON.png,toCheck_100155_00231s_TLT_TPW_ON.png,NA,NA,NA,NA,NA,NA,Faulty
TLT_SERV_OFF.png,toCheck_100155_00233s_TLT_SERV_OFF.png,NA,NA,NA,NA,NA,NA,Faulty
TLT_TPW_OFF.png,toCheck_100155_00299s_TLT_TPW_OFF.png,NA,NA,NA,NA,NA,NA,Faulty
TLT_TPW_ON.png,toCheck_100155_00301s_TLT_TPW_ON.png,NA,NA,NA,NA,NA,NA,Faulty
TLT_TPW_OFF.png,toCheck_100155_00304s_TLT_TPW_OFF.png,NA,NA,NA,NA,NA,NA,Faulty
TLT_TPW_ON.png,toCheck_100155_00306s_TLT_TPW_ON.png,NA,NA,NA,NA,NA,NA,Faulty
TLT_SERV_OFF.png,toCheck_100155_00309s_TLT_SERV_OFF.png,NA,NA,NA,NA,NA,NA,Faulty
NO_ALERT.png,toCheck_100155_00314s_NO_ALERT.png,NA,NA,NA,NA,NA,NA,Faulty
TLT_TPW_OFF.png,toCheck_100155_00191s_TLT_TPW_OFF.png,NA,NA,NA,NA,NA,NA,Faulty
TLT_TPW_ON.png,toCheck_100155_00193s_TLT_TPW_ON.png,NA,NA,NA,NA,NA,NA,Faulty
TLT_TPW_OFF.png,toCheck_100155_00196s_TLT_TPW_OFF.png,NA,NA,NA,NA,NA,NA,Faulty
TLT_TPW_ON.png,toCheck_100155_00198s_TLT_TPW_ON.png,NA,NA,NA,NA,NA,NA,Faulty
TLT_SERV_OFF.png,toCheck_100155_00201s_TLT_SERV_OFF.png,NA,NA,NA,NA,NA,NA,Faulty
TLT_SERV_OFF.png,toCheck_100156_00279s_TLT_SERV_OFF.png,NA,NA,NA,NA,NA,NA,Faulty
NO_ALERT.png,toCheck_100156_00284s_NO_ALERT.png,NA,NA,NA,NA,NA,NA,Faulty
TLT_SERV_OFF.png,toCheck_100156_00191s_TLT_SERV_OFF.png,NA,NA,NA,NA,NA,NA,Faulty
NO_ALERT.png,toCheck_100156_00213s_NO_ALERT.png,NA,NA,NA,NA,NA,NA,Faulty
TLT_SERV_OFF.png,toCheck_100156_00213s_TLT_SERV_OFF.png,NA,NA,NA,NA,NA,NA,Faulty
TLT_SERV_OFF.png,toCheck_100157_00279s_TLT_SERV_OFF.png,NA,NA,NA,NA,NA,NA,Faulty
NO_ALERT.png,toCheck_100157_00284s_NO_ALERT.png,NA,NA,NA,NA,NA,NA,Faulty
TLT_SERV_OFF.png,toCheck_100157_00191s_TLT_SERV_OFF.png,NA,NA,NA,NA,NA,NA,Faulty
NO_ALERT.png,toCheck_100157_00213s_NO_ALERT.png,NA,NA,NA,NA,NA,NA,Faulty
TLT_SERV_OFF.png,toCheck_100157_00213s_TLT_SERV_OFF.png,NA,NA,NA,NA,NA,NA,Faulty
NO_ALERT.png,toCheck_100158_00284s_NO_ALERT.png,NA,NA,NA,NA,NA,NA,Faulty
NO_ALERT.png,toCheck_100158_00213s_NO_ALERT.png,NA,NA,NA,NA,NA,NA,Faulty
NO_ALERT.png,toCheck_100159_00218s_NO_ALERT.png,NA,NA,NA,NA,NA,NA,Faulty
TLT_SERV_OFF.png,toCheck_100159_00191s_TLT_SERV_OFF.png,NA,NA,NA,NA,NA,NA,Faulty
TLT_STOP_ON.png,toCheck_100159_00191s_TLT_STOP_ON.png,NA,NA,NA,NA,NA,NA,Faulty
TLT_SERV_OFF.png,toCheck_100159_00213s_TLT_SERV_OFF.png,NA,NA,NA,NA,NA,NA,Faulty
TLT_STOP_ON.png,toCheck_100159_00213s_TLT_STOP_ON.png,NA,NA,NA,NA,NA,NA,Faulty
NO_ALERT.png,toCheck_100160_00460s_NO_ALERT.png,NA,NA,NA,NA,NA,NA,Faulty
TLT_SERV_OFF.png,toCheck_100160_00423s_TLT_SERV_OFF.png,NA,NA,NA,NA,NA,NA,Faulty
TLT_STOP_ON.png,toCheck_100160_00423s_TLT_STOP_ON.png,NA,NA,NA,NA,NA,NA,Faulty
TLT_SERV_OFF.png,toCheck_100160_00445s_TLT_SERV_OFF.png,NA,NA,NA,NA,NA,NA,Faulty
TLT_STOP_ON.png,toCheck_100160_00445s_TLT_STOP_ON.png,NA,NA,NA,NA,NA,NA,Faulty
NO_ALERT.png,toCheck_100161_00221s_NO_ALERT.png,NA,NA,NA,NA,NA,NA,Faulty
TLT_SERV_OFF.png,toCheck_100161_00191s_TLT_SERV_OFF.png,NA,NA,NA,NA,NA,NA,Faulty
NO_ALERT.png,toCheck_100161_00213s_NO_ALERT.png,NA,NA,NA,NA,NA,NA,Faulty
TLT_SERV_OFF.png,toCheck_100161_00213s_TLT_SERV_OFF.png,NA,NA,NA,NA,NA,NA,Faulty
BUZ_00_OFF.png,toCheck_100161_00213s_BUZ_00_OFF.png,NA,NA,NA,NA,NA,NA,Faulty
NO_ALERT.png,toCheck_100162_00284s_NO_ALERT.png,NA,NA,NA,NA,NA,NA,Faulty
NO_ALERT.png,toCheck_100162_00213s_NO_ALERT.png,NA,NA,NA,NA,NA,NA,Faulty
NO_ALERT.png,toCheck_100163_00221s_NO_ALERT.png,NA,NA,NA,NA,NA,NA,Faulty
TLT_SERV_OFF.png,toCheck_100163_00191s_TLT_SERV_OFF.png,NA,NA,NA,NA,NA,NA,Faulty
NO_ALERT.png,toCheck_100163_00213s_NO_ALERT.png,NA,NA,NA,NA,NA,NA,Faulty
TLT_SERV_OFF.png,toCheck_100163_00213s_TLT_SERV_OFF.png,NA,NA,NA,NA,NA,NA,Faulty
NO_ALERT.png,toCheck_100164_00221s_NO_ALERT.png,NA,NA,NA,NA,NA,NA,Faulty
TLT_SERV_OFF.png,toCheck_100164_00191s_TLT_SERV_OFF.png,NA,NA,NA,NA,NA,NA,Faulty
NO_ALERT.png,toCheck_100164_00213s_NO_ALERT.png,NA,NA,NA,NA,NA,NA,Faulty
TLT_SERV_OFF.png,toCheck_100164_00213s_TLT_SERV_OFF.png,NA,NA,NA,NA,NA,NA,Faulty
NO_ALERT.png,toCheck_100165_00221s_NO_ALERT.png,NA,NA,NA,NA,NA,NA,Faulty
TLT_SERV_OFF.png,toCheck_100165_00191s_TLT_SERV_OFF.png,NA,NA,NA,NA,NA,NA,Faulty
NO_ALERT.png,toCheck_100165_00213s_NO_ALERT.png,NA,NA,NA,NA,NA,NA,Faulty
TLT_SERV_OFF.png,toCheck_100165_00213s_TLT_SERV_OFF.png,NA,NA,NA,NA,NA,NA,Faulty
NO_ALERT.png,toCheck_100166_00221s_NO_ALERT.png,NA,NA,NA,NA,NA,NA,Faulty
TLT_SERV_OFF.png,toCheck_100166_00191s_TLT_SERV_OFF.png,NA,NA,NA,NA,NA,NA,Faulty
NO_ALERT.png,toCheck_100166_00213s_NO_ALERT.png,NA,NA,NA,NA,NA,NA,Faulty
TLT_SERV_OFF.png,toCheck_100166_00213s_TLT_SERV_OFF.png,NA,NA,NA,NA,NA,NA,Faulty
NO_ALERT.png,toCheck_100167_00221s_NO_ALERT.png,NA,NA,NA,NA,NA,NA,Faulty
TLT_SERV_OFF.png,toCheck_100167_00191s_TLT_SERV_OFF.png,NA,NA,NA,NA,NA,NA,Faulty
NO_ALERT.png,toCheck_100167_00213s_NO_ALERT.png,NA,NA,NA,NA,NA,NA,Faulty
TLT_SERV_OFF.png,toCheck_100167_00213s_TLT_SERV_OFF.png,NA,NA,NA,NA,NA,NA,Faulty
TLT_LBEAM_ON.png,toCheck_100168_00221s_TLT_LBEAM_ON.png,NA,NA,NA,NA,NA,NA,Faulty
TLT_SERV_OFF.png,toCheck_100168_00223s_TLT_SERV_OFF.png,NA,NA,NA,NA,NA,NA,Faulty
TLT_SERV_OFF.png,toCheck_100168_00294s_TLT_SERV_OFF.png,NA,NA,NA,NA,NA,NA,Faulty
NO_ALERT.png,toCheck_100168_00299s_NO_ALERT.png,NA,NA,NA,NA,NA,NA,Faulty
TLT_SERV_OFF.png,toCheck_100168_00196s_TLT_SERV_OFF.png,NA,NA,NA,NA,NA,NA,Faulty
NO_ALERT.png,toCheck_100168_00218s_NO_ALERT.png,NA,NA,NA,NA,NA,NA,Faulty
TLT_LBEAM_OFF.png,toCheck_100168_00218s_TLT_LBEAM_OFF.png,NA,NA,NA,NA,NA,NA,Faulty
TLT_LBEAM_ON.png,toCheck_100169_00256s_TLT_LBEAM_ON.png,NA,NA,NA,NA,NA,NA,Faulty
TLT_SERV_OFF.png,toCheck_100169_00258s_TLT_SERV_OFF.png,NA,NA,NA,NA,NA,NA,Faulty
TLT_SERV_OFF.png,toCheck_100169_00329s_TLT_SERV_OFF.png,NA,NA,NA,NA,NA,NA,Faulty
NO_ALERT.png,toCheck_100169_00334s_NO_ALERT.png,NA,NA,NA,NA,NA,NA,Faulty
TLT_SERV_OFF.png,toCheck_100169_00231s_TLT_SERV_OFF.png,NA,NA,NA,NA,NA,NA,Faulty
NO_ALERT.png,toCheck_100169_00253s_NO_ALERT.png,NA,NA,NA,NA,NA,NA,Faulty
TLT_LBEAM_OFF.png,toCheck_100169_00253s_TLT_LBEAM_OFF.png,NA,NA,NA,NA,NA,NA,Faulty
TLT_AFSF_ON.png,toCheck_100170_00279s_TLT_AFSF_ON.png,NA,NA,NA,NA,NA,NA,Faulty
TLT_SERV_OFF.png,toCheck_100170_00279s_TLT_SERV_OFF.png,NA,NA,NA,NA,NA,NA,Faulty
NO_ALERT.png,toCheck_100170_00284s_NO_ALERT.png,NA,NA,NA,NA,NA,NA,Faulty
TLT_AFSF_ON.png,toCheck_100170_00191s_TLT_AFSF_ON.png,NA,NA,NA,NA,NA,NA,Faulty
TLT_SERV_OFF.png,toCheck_100170_00191s_TLT_SERV_OFF.png,NA,NA,NA,NA,NA,NA,Faulty
NO_ALERT.png,toCheck_100170_00213s_NO_ALERT.png,NA,NA,NA,NA,NA,NA,Faulty
TLT_AFSF_ON.png,toCheck_100170_00213s_TLT_AFSF_ON.png,NA,NA,NA,NA,NA,NA,Faulty
TLT_SERV_OFF.png,toCheck_100170_00213s_TLT_SERV_OFF.png,NA,NA,NA,NA,NA,NA,Faulty
TLT_SERV_OFF.png,toCheck_100171_00279s_TLT_SERV_OFF.png,NA,NA,NA,NA,NA,NA,Faulty
NO_ALERT.png,toCheck_100171_00284s_NO_ALERT.png,NA,NA,NA,NA,NA,NA,Faulty
TLT_SERV_OFF.png,toCheck_100171_00191s_TLT_SERV_OFF.png,NA,NA,NA,NA,NA,NA,Faulty
NO_ALERT.png,toCheck_100171_00213s_NO_ALERT.png,NA,NA,NA,NA,NA,NA,Faulty
TLT_SERV_OFF.png,toCheck_100171_00213s_TLT_SERV_OFF.png,NA,NA,NA,NA,NA,NA,Faulty
NO_ALERT.png,toCheck_100172_00221s_NO_ALERT.png,NA,NA,NA,NA,NA,NA,Faulty
TLT_SERV_OFF.png,toCheck_100172_00191s_TLT_SERV_OFF.png,NA,NA,NA,NA,NA,NA,Faulty
NO_ALERT.png,toCheck_100172_00213s_NO_ALERT.png,NA,NA,NA,NA,NA,NA,Faulty
TLT_SERV_OFF.png,toCheck_100172_00213s_TLT_SERV_OFF.png,NA,NA,NA,NA,NA,NA,Faulty
NO_ALERT.png,toCheck_100173_00299s_NO_ALERT.png,NA,NA,NA,NA,NA,NA,Faulty
NO_ALERT.png,toCheck_100173_00218s_NO_ALERT.png,NA,NA,NA,NA,NA,NA,Faulty
TLT_LBEAM_OFF.png,toCheck_100173_00218s_TLT_LBEAM_OFF.png,NA,NA,NA,NA,NA,NA,Faulty
TLT_LBEAM_ON.png,toCheck_100173_00221s_TLT_LBEAM_ON.png,NA,NA,NA,NA,NA,NA,Faulty
TLT_AFSF_ON.png,toCheck_100174_00279s_TLT_AFSF_ON.png,NA,NA,NA,NA,NA,NA,Faulty
TLT_SERV_OFF.png,toCheck_100174_00279s_TLT_SERV_OFF.png,NA,NA,NA,NA,NA,NA,Faulty
NO_ALERT.png,toCheck_100174_00284s_NO_ALERT.png,NA,NA,NA,NA,NA,NA,Faulty
TLT_AFSF_ON.png,toCheck_100174_00191s_TLT_AFSF_ON.png,NA,NA,NA,NA,NA,NA,Faulty
TLT_SERV_OFF.png,toCheck_100174_00191s_TLT_SERV_OFF.png,NA,NA,NA,NA,NA,NA,Faulty
NO_ALERT.png,toCheck_100174_00213s_NO_ALERT.png,NA,NA,NA,NA,NA,NA,Faulty
TLT_AFSF_ON.png,toCheck_100174_00213s_TLT_AFSF_ON.png,NA,NA,NA,NA,NA,NA,Faulty
TLT_SERV_OFF.png,toCheck_100174_00213s_TLT_SERV_OFF.png,NA,NA,NA,NA,NA,NA,Faulty
NO_ALERT.png,toCheck_100175_00221s_NO_ALERT.png,NA,NA,NA,NA,NA,NA,Faulty
TLT_SERV_OFF.png,toCheck_100175_00191s_TLT_SERV_OFF.png,NA,NA,NA,NA,NA,NA,Faulty
NO_ALERT.png,toCheck_100175_00213s_NO_ALERT.png,NA,NA,NA,NA,NA,NA,Faulty
TLT_SERV_OFF.png,toCheck_100175_00213s_TLT_SERV_OFF.png,NA,NA,NA,NA,NA,NA,Faulty
NO_ALERT.png,toCheck_100176_00284s_NO_ALERT.png,NA,NA,NA,NA,NA,NA,Faulty
NO_ALERT.png,toCheck_100176_00213s_NO_ALERT.png,NA,NA,NA,NA,NA,NA,Faulty
NO_ALERT.png,toCheck_100177_00221s_NO_ALERT.png,NA,NA,NA,NA,NA,NA,Faulty
TLT_SERV_OFF.png,toCheck_100177_00191s_TLT_SERV_OFF.png,NA,NA,NA,NA,NA,NA,Faulty
NO_ALERT.png,toCheck_100177_00213s_NO_ALERT.png,NA,NA,NA,NA,NA,NA,Faulty
TLT_SERV_OFF.png,toCheck_100177_00213s_TLT_SERV_OFF.png,NA,NA,NA,NA,NA,NA,Faulty
NO_ALERT.png,toCheck_100178_00284s_NO_ALERT.png,NA,NA,NA,NA,NA,NA,Faulty
NO_ALERT.png,toCheck_100178_00213s_NO_ALERT.png,NA,NA,NA,NA,NA,NA,Faulty
NO_ALERT.png,toCheck_100179_00284s_NO_ALERT.png,NA,NA,NA,NA,NA,NA,Faulty
NO_ALERT.png,toCheck_100179_00213s_NO_ALERT.png,NA,NA,NA,NA,NA,NA,Faulty
NO_ALERT.png,toCheck_100180_00221s_NO_ALERT.png,NA,NA,NA,NA,NA,NA,Faulty
TLT_SERV_OFF.png,toCheck_100180_00191s_TLT_SERV_OFF.png,NA,NA,NA,NA,NA,NA,Faulty
NO_ALERT.png,toCheck_100180_00213s_NO_ALERT.png,NA,NA,NA,NA,NA,NA,Faulty
TLT_SERV_OFF.png,toCheck_100180_00213s_TLT_SERV_OFF.png,NA,NA,NA,NA,NA,NA,Faulty
TLT_WASHER_ON.png,toCheck_100181_00679s_TLT_WASHER_ON.png,NA,NA,NA,NA,NA,NA,Faulty
TLT_SERV_OFF.png,toCheck_100181_00679s_TLT_SERV_OFF.png,NA,NA,NA,NA,NA,NA,Faulty
NO_ALERT.png,toCheck_100181_01084s_NO_ALERT.png,NA,NA,NA,NA,NA,NA,Faulty
TLT_WASHER_ON.png,toCheck_100181_00591s_TLT_WASHER_ON.png,NA,NA,NA,NA,NA,NA,Faulty
TLT_SERV_OFF.png,toCheck_100181_00591s_TLT_SERV_OFF.png,NA,NA,NA,NA,NA,NA,Faulty
NO_ALERT.png,toCheck_100181_00613s_NO_ALERT.png,NA,NA,NA,NA,NA,NA,Faulty
TLT_WASHER_ON.png,toCheck_100181_00613s_TLT_WASHER_ON.png,NA,NA,NA,NA,NA,NA,Faulty
TLT_SERV_OFF.png,toCheck_100181_00613s_TLT_SERV_OFF.png,NA,NA,NA,NA,NA,NA,Faulty
NO_ALERT.png,toCheck_100182_00284s_NO_ALERT.png,NA,NA,NA,NA,NA,NA,Faulty
NO_ALERT.png,toCheck_100182_00213s_NO_ALERT.png,NA,NA,NA,NA,NA,NA,Faulty
NO_ALERT.png,toCheck_100183_00319s_NO_ALERT.png,NA,NA,NA,NA,NA,NA,Faulty
NO_ALERT.png,toCheck_100183_00248s_NO_ALERT.png,NA,NA,NA,NA,NA,NA,Faulty
NO_ALERT.png,toCheck_100184_00329s_NO_ALERT.png,NA,NA,NA,NA,NA,NA,Faulty
NO_ALERT.png,toCheck_100184_00248s_NO_ALERT.png,NA,NA,NA,NA,NA,NA,Faulty
NO_ALERT.png,toCheck_100185_00221s_NO_ALERT.png,NA,NA,NA,NA,NA,NA,Faulty
TLT_SERV_OFF.png,toCheck_100185_00191s_TLT_SERV_OFF.png,NA,NA,NA,NA,NA,NA,Faulty
NO_ALERT.png,toCheck_100185_00213s_NO_ALERT.png,NA,NA,NA,NA,NA,NA,Faulty
TLT_SERV_OFF.png,toCheck_100185_00213s_TLT_SERV_OFF.png,NA,NA,NA,NA,NA,NA,Faulty
NO_ALERT.png,toCheck_100186_00221s_NO_ALERT.png,NA,NA,NA,NA,NA,NA,Faulty
TLT_SERV_OFF.png,toCheck_100186_00191s_TLT_SERV_OFF.png,NA,NA,NA,NA,NA,NA,Faulty
NO_ALERT.png,toCheck_100186_00213s_NO_ALERT.png,NA,NA,NA,NA,NA,NA,Faulty
TLT_SERV_OFF.png,toCheck_100186_00213s_TLT_SERV_OFF.png,NA,NA,NA,NA,NA,NA,Faulty
NO_ALERT.png,toCheck_100187_00221s_NO_ALERT.png,NA,NA,NA,NA,NA,NA,Faulty
TLT_SERV_OFF.png,toCheck_100187_00191s_TLT_SERV_OFF.png,NA,NA,NA,NA,NA,NA,Faulty
NO_ALERT.png,toCheck_100187_00213s_NO_ALERT.png,NA,NA,NA,NA,NA,NA,Faulty
TLT_SERV_OFF.png,toCheck_100187_00213s_TLT_SERV_OFF.png,NA,NA,NA,NA,NA,NA,Faulty
NO_ALERT.png,toCheck_100188_00221s_NO_ALERT.png,NA,NA,NA,NA,NA,NA,Faulty
TLT_SERV_OFF.png,toCheck_100188_00191s_TLT_SERV_OFF.png,NA,NA,NA,NA,NA,NA,Faulty
NO_ALERT.png,toCheck_100188_00213s_NO_ALERT.png,NA,NA,NA,NA,NA,NA,Faulty
TLT_SERV_OFF.png,toCheck_100188_00213s_TLT_SERV_OFF.png,NA,NA,NA,NA,NA,NA,Faulty
NO_ALERT.png,toCheck_100189_00221s_NO_ALERT.png,NA,NA,NA,NA,NA,NA,Faulty
TLT_SERV_OFF.png,toCheck_100189_00191s_TLT_SERV_OFF.png,NA,NA,NA,NA,NA,NA,Faulty
NO_ALERT.png,toCheck_100189_00213s_NO_ALERT.png,NA,NA,NA,NA,NA,NA,Faulty
TLT_SERV_OFF.png,toCheck_100189_00213s_TLT_SERV_OFF.png,NA,NA,NA,NA,NA,NA,Faulty
NO_ALERT.png,toCheck_100190_00221s_NO_ALERT.png,NA,NA,NA,NA,NA,NA,Faulty
TLT_SERV_OFF.png,toCheck_100190_00191s_TLT_SERV_OFF.png,NA,NA,NA,NA,NA,NA,Faulty
NO_ALERT.png,toCheck_100190_00213s_NO_ALERT.png,NA,NA,NA,NA,NA,NA,Faulty
TLT_SERV_OFF.png,toCheck_100190_00213s_TLT_SERV_OFF.png,NA,NA,NA,NA,NA,NA,Faulty
TLT_SERV_OFF.png,toCheck_100191_00314s_TLT_SERV_OFF.png,NA,NA,NA,NA,NA,NA,Faulty
NO_ALERT.png,toCheck_100191_00354s_NO_ALERT.png,NA,NA,NA,NA,NA,NA,Faulty
TLT_SERV_OFF.png,toCheck_100191_00226s_TLT_SERV_OFF.png,NA,NA,NA,NA,NA,NA,Faulty
NO_ALERT.png,toCheck_100191_00248s_NO_ALERT.png,NA,NA,NA,NA,NA,NA,Faulty
TLT_SERV_OFF.png,toCheck_100191_00248s_TLT_SERV_OFF.png,NA,NA,NA,NA,NA,NA,Faulty
TLT_SERV_OFF.png,toCheck_100192_00279s_TLT_SERV_OFF.png,NA,NA,NA,NA,NA,NA,Faulty
NO_ALERT.png,toCheck_100192_00284s_NO_ALERT.png,NA,NA,NA,NA,NA,NA,Faulty
TLT_SERV_OFF.png,toCheck_100192_00191s_TLT_SERV_OFF.png,NA,NA,NA,NA,NA,NA,Faulty
NO_ALERT.png,toCheck_100192_00213s_NO_ALERT.png,NA,NA,NA,NA,NA,NA,Faulty
TLT_SERV_OFF.png,toCheck_100192_00213s_TLT_SERV_OFF.png,NA,NA,NA,NA,NA,NA,Faulty
NO_ALERT.png,toCheck_100193_00221s_NO_ALERT.png,NA,NA,NA,NA,NA,NA,Faulty
TLT_SERV_OFF.png,toCheck_100193_00191s_TLT_SERV_OFF.png,NA,NA,NA,NA,NA,NA,Faulty
NO_ALERT.png,toCheck_100193_00213s_NO_ALERT.png,NA,NA,NA,NA,NA,NA,Faulty
TLT_SERV_OFF.png,toCheck_100193_00213s_TLT_SERV_OFF.png,NA,NA,NA,NA,NA,NA,Faulty
NO_ALERT.png,toCheck_100194_00218s_NO_ALERT.png,NA,NA,NA,NA,NA,NA,Faulty
TLT_SERV_OFF.png,toCheck_100194_00191s_TLT_SERV_OFF.png,NA,NA,NA,NA,NA,NA,Faulty
TLT_SERV_OFF.png,toCheck_100194_00213s_TLT_SERV_OFF.png,NA,NA,NA,NA,NA,NA,Faulty
NO_ALERT.png,toCheck_100195_00221s_NO_ALERT.png,NA,NA,NA,NA,NA,NA,Faulty
TLT_SERV_OFF.png,toCheck_100195_00191s_TLT_SERV_OFF.png,NA,NA,NA,NA,NA,NA,Faulty
NO_ALERT.png,toCheck_100195_00213s_NO_ALERT.png,NA,NA,NA,NA,NA,NA,Faulty
TLT_SERV_OFF.png,toCheck_100195_00213s_TLT_SERV_OFF.png,NA,NA,NA,NA,NA,NA,Faulty
NO_ALERT.png,toCheck_100196_00221s_NO_ALERT.png,NA,NA,NA,NA,NA,NA,Faulty
TLT_SERV_OFF.png,toCheck_100196_00191s_TLT_SERV_OFF.png,NA,NA,NA,NA,NA,NA,Faulty
NO_ALERT.png,toCheck_100196_00213s_NO_ALERT.png,NA,NA,NA,NA,NA,NA,Faulty
TLT_SERV_OFF.png,toCheck_100196_00213s_TLT_SERV_OFF.png,NA,NA,NA,NA,NA,NA,Faulty
NO_ALERT.png,toCheck_100197_00221s_NO_ALERT.png,NA,NA,NA,NA,NA,NA,Faulty
TLT_SERV_OFF.png,toCheck_100197_00191s_TLT_SERV_OFF.png,NA,NA,NA,NA,NA,NA,Faulty
NO_ALERT.png,toCheck_100197_00213s_NO_ALERT.png,NA,NA,NA,NA,NA,NA,Faulty
TLT_SERV_OFF.png,toCheck_100197_00213s_TLT_SERV_OFF.png,NA,NA,NA,NA,NA,NA,Faulty
NO_ALERT.png,toCheck_100198_00221s_NO_ALERT.png,NA,NA,NA,NA,NA,NA,Faulty
TLT_SERV_OFF.png,toCheck_100198_00191s_TLT_SERV_OFF.png,NA,NA,NA,NA,NA,NA,Faulty
NO_ALERT.png,toCheck_100198_00213s_NO_ALERT.png,NA,NA,NA,NA,NA,NA,Faulty
TLT_SERV_OFF.png,toCheck_100198_00213s_TLT_SERV_OFF.png,NA,NA,NA,NA,NA,NA,Faulty
NO_ALERT.png,toCheck_100199_00221s_NO_ALERT.png,NA,NA,NA,NA,NA,NA,Faulty
TLT_SERV_OFF.png,toCheck_100199_00191s_TLT_SERV_OFF.png,NA,NA,NA,NA,NA,NA,Faulty
NO_ALERT.png,toCheck_100199_00213s_NO_ALERT.png,NA,NA,NA,NA,NA,NA,Faulty
TLT_SERV_OFF.png,toCheck_100199_00213s_TLT_SERV_OFF.png,NA,NA,NA,NA,NA,NA,Faulty
NO_ALERT.png,toCheck_100200_00284s_NO_ALERT.png,NA,NA,NA,NA,NA,NA,Faulty
NO_ALERT.png,toCheck_100200_00213s_NO_ALERT.png,NA,NA,NA,NA,NA,NA,Faulty
TLT_SBSOFF_ON.png,toCheck_100201_00434s_TLT_SBSOFF_ON.png,NA,NA,NA,NA,NA,NA,Faulty
TLT_SERV_OFF.png,toCheck_100201_00434s_TLT_SERV_OFF.png,NA,NA,NA,NA,NA,NA,Faulty
NO_ALERT.png,toCheck_100201_00439s_NO_ALERT.png,NA,NA,NA,NA,NA,NA,Faulty
TLT_SBSOFF_ON.png,toCheck_100201_00346s_TLT_SBSOFF_ON.png,NA,NA,NA,NA,NA,NA,Faulty
TLT_SERV_OFF.png,toCheck_100201_00346s_TLT_SERV_OFF.png,NA,NA,NA,NA,NA,NA,Faulty
NO_ALERT.png,toCheck_100201_00368s_NO_ALERT.png,NA,NA,NA,NA,NA,NA,Faulty
TLT_SBSOFF_ON.png,toCheck_100201_00368s_TLT_SBSOFF_ON.png,NA,NA,NA,NA,NA,NA,Faulty
TLT_SERV_OFF.png,toCheck_100201_00368s_TLT_SERV_OFF.png,NA,NA,NA,NA,NA,NA,Faulty
NO_ALERT.png,toCheck_100202_00218s_NO_ALERT.png,NA,NA,NA,NA,NA,NA,Faulty
TLT_SERV_OFF.png,toCheck_100202_00191s_TLT_SERV_OFF.png,NA,NA,NA,NA,NA,NA,Faulty
TLT_SERV_OFF.png,toCheck_100202_00213s_TLT_SERV_OFF.png,NA,NA,NA,NA,NA,NA,Faulty
NO_ALERT.png,toCheck_100203_00221s_NO_ALERT.png,NA,NA,NA,NA,NA,NA,Faulty
TLT_SERV_OFF.png,toCheck_100203_00191s_TLT_SERV_OFF.png,NA,NA,NA,NA,NA,NA,Faulty
NO_ALERT.png,toCheck_100203_00213s_NO_ALERT.png,NA,NA,NA,NA,NA,NA,Faulty
TLT_SERV_OFF.png,toCheck_100203_00213s_TLT_SERV_OFF.png,NA,NA,NA,NA,NA,NA,Faulty
NO_ALERT.png,toCheck_100204_00221s_NO_ALERT.png,NA,NA,NA,NA,NA,NA,Faulty
TLT_SERV_OFF.png,toCheck_100204_00191s_TLT_SERV_OFF.png,NA,NA,NA,NA,NA,NA,Faulty
NO_ALERT.png,toCheck_100204_00213s_NO_ALERT.png,NA,NA,NA,NA,NA,NA,Faulty
TLT_SERV_OFF.png,toCheck_100204_00213s_TLT_SERV_OFF.png,NA,NA,NA,NA,NA,NA,Faulty
NO_ALERT.png,toCheck_100205_00221s_NO_ALERT.png,NA,NA,NA,NA,NA,NA,Faulty
TLT_SERV_OFF.png,toCheck_100205_00191s_TLT_SERV_OFF.png,NA,NA,NA,NA,NA,NA,Faulty
NO_ALERT.png,toCheck_100205_00213s_NO_ALERT.png,NA,NA,NA,NA,NA,NA,Faulty
TLT_SERV_OFF.png,toCheck_100205_00213s_TLT_SERV_OFF.png,NA,NA,NA,NA,NA,NA,Faulty
NO_ALERT.png,toCheck_100206_00221s_NO_ALERT.png,NA,NA,NA,NA,NA,NA,Faulty
TLT_SERV_OFF.png,toCheck_100206_00191s_TLT_SERV_OFF.png,NA,NA,NA,NA,NA,NA,Faulty
NO_ALERT.png,toCheck_100206_00213s_NO_ALERT.png,NA,NA,NA,NA,NA,NA,Faulty
TLT_SERV_OFF.png,toCheck_100206_00213s_TLT_SERV_OFF.png,NA,NA,NA,NA,NA,NA,Faulty
NO_ALERT.png,toCheck_100207_00221s_NO_ALERT.png,NA,NA,NA,NA,NA,NA,Faulty
TLT_SERV_OFF.png,toCheck_100207_00191s_TLT_SERV_OFF.png,NA,NA,NA,NA,NA,NA,Faulty
NO_ALERT.png,toCheck_100207_00213s_NO_ALERT.png,NA,NA,NA,NA,NA,NA,Faulty
TLT_SERV_OFF.png,toCheck_100207_00213s_TLT_SERV_OFF.png,NA,NA,NA,NA,NA,NA,Faulty
NO_ALERT.png,toCheck_100208_00221s_NO_ALERT.png,NA,NA,NA,NA,NA,NA,Faulty
TLT_SERV_OFF.png,toCheck_100208_00191s_TLT_SERV_OFF.png,NA,NA,NA,NA,NA,NA,Faulty
NO_ALERT.png,toCheck_100208_00213s_NO_ALERT.png,NA,NA,NA,NA,NA,NA,Faulty
TLT_SERV_OFF.png,toCheck_100208_00213s_TLT_SERV_OFF.png,NA,NA,NA,NA,NA,NA,Faulty
NO_ALERT.png,toCheck_100209_00221s_NO_ALERT.png,NA,NA,NA,NA,NA,NA,Faulty
TLT_SERV_OFF.png,toCheck_100209_00191s_TLT_SERV_OFF.png,NA,NA,NA,NA,NA,NA,Faulty
NO_ALERT.png,toCheck_100209_00213s_NO_ALERT.png,NA,NA,NA,NA,NA,NA,Faulty
TLT_SERV_OFF.png,toCheck_100209_00213s_TLT_SERV_OFF.png,NA,NA,NA,NA,NA,NA,Faulty
NO_ALERT.png,toCheck_100210_00218s_NO_ALERT.png,NA,NA,NA,NA,NA,NA,Faulty
TLT_SERV_OFF.png,toCheck_100210_00191s_TLT_SERV_OFF.png,NA,NA,NA,NA,NA,NA,Faulty
TLT_SERV_OFF.png,toCheck_100210_00213s_TLT_SERV_OFF.png,NA,NA,NA,NA,NA,NA,Faulty
NO_ALERT.png,toCheck_100210_00213s_NO_ALERT.png,NA,NA,NA,NA,NA,NA,Faulty
NO_ALERT.png,toCheck_100211_00221s_NO_ALERT.png,NA,NA,NA,NA,NA,NA,Faulty
TLT_SERV_OFF.png,toCheck_100211_00191s_TLT_SERV_OFF.png,NA,NA,NA,NA,NA,NA,Faulty
NO_ALERT.png,toCheck_100211_00213s_NO_ALERT.png,NA,NA,NA,NA,NA,NA,Faulty
TLT_SERV_OFF.png,toCheck_100211_00213s_TLT_SERV_OFF.png,NA,NA,NA,NA,NA,NA,Faulty
BUZ_00_OFF.png,toCheck_100211_00213s_BUZ_00_OFF.png,NA,NA,NA,NA,NA,NA,Faulty
NO_ALERT.png,toCheck_100212_00221s_NO_ALERT.png,NA,NA,NA,NA,NA,NA,Faulty
TLT_SERV_OFF.png,toCheck_100212_00191s_TLT_SERV_OFF.png,NA,NA,NA,NA,NA,NA,Faulty
NO_ALERT.png,toCheck_100212_00213s_NO_ALERT.png,NA,NA,NA,NA,NA,NA,Faulty
TLT_SERV_OFF.png,toCheck_100212_00213s_TLT_SERV_OFF.png,NA,NA,NA,NA,NA,NA,Faulty
NO_ALERT.png,toCheck_100213_00221s_NO_ALERT.png,NA,NA,NA,NA,NA,NA,Faulty
TLT_SERV_OFF.png,toCheck_100213_00191s_TLT_SERV_OFF.png,NA,NA,NA,NA,NA,NA,Faulty
NO_ALERT.png,toCheck_100213_00213s_NO_ALERT.png,NA,NA,NA,NA,NA,NA,Faulty
TLT_SERV_OFF.png,toCheck_100213_00213s_TLT_SERV_OFF.png,NA,NA,NA,NA,NA,NA,Faulty
TLT_SERV_OFF.png,toCheck_100214_00279s_TLT_SERV_OFF.png,NA,NA,NA,NA,NA,NA,Faulty
BUZ_00_OFF.png,toCheck_100214_00279s_BUZ_00_OFF.png,NA,NA,NA,NA,NA,NA,Faulty
NO_ALERT.png,toCheck_100214_00284s_NO_ALERT.png,NA,NA,NA,NA,NA,NA,Faulty
TLT_SERV_OFF.png,toCheck_100214_00191s_TLT_SERV_OFF.png,NA,NA,NA,NA,NA,NA,Faulty
NO_ALERT.png,toCheck_100214_00213s_NO_ALERT.png,NA,NA,NA,NA,NA,NA,Faulty
TLT_SERV_OFF.png,toCheck_100214_00213s_TLT_SERV_OFF.png,NA,NA,NA,NA,NA,NA,Faulty
BUZ_00_OFF.png,toCheck_100214_00213s_BUZ_00_OFF.png,NA,NA,NA,NA,NA,NA,Faulty
TLT_SERV_OFF.png,toCheck_100215_00279s_TLT_SERV_OFF.png,NA,NA,NA,NA,NA,NA,Faulty
BUZ_00_OFF.png,toCheck_100215_00279s_BUZ_00_OFF.png,NA,NA,NA,NA,NA,NA,Faulty
NO_ALERT.png,toCheck_100215_00284s_NO_ALERT.png,NA,NA,NA,NA,NA,NA,Faulty
TLT_SERV_OFF.png,toCheck_100215_00191s_TLT_SERV_OFF.png,NA,NA,NA,NA,NA,NA,Faulty
NO_ALERT.png,toCheck_100215_00213s_NO_ALERT.png,NA,NA,NA,NA,NA,NA,Faulty
TLT_SERV_OFF.png,toCheck_100215_00213s_TLT_SERV_OFF.png,NA,NA,NA,NA,NA,NA,Faulty
BUZ_00_OFF.png,toCheck_100215_00213s_BUZ_00_OFF.png,NA,NA,NA,NA,NA,NA,Faulty
TLT_SERV_OFF.png,toCheck_100216_00279s_TLT_SERV_OFF.png,NA,NA,NA,NA,NA,NA,Faulty
NO_ALERT.png,toCheck_100216_00284s_NO_ALERT.png,NA,NA,NA,NA,NA,NA,Faulty
TLT_SERV_OFF.png,toCheck_100216_00191s_TLT_SERV_OFF.png,NA,NA,NA,NA,NA,NA,Faulty
NO_ALERT.png,toCheck_100216_00213s_NO_ALERT.png,NA,NA,NA,NA,NA,NA,Faulty
TLT_SERV_OFF.png,toCheck_100216_00213s_TLT_SERV_OFF.png,NA,NA,NA,NA,NA,NA,Faulty
NO_ALERT.png,toCheck_100217_00221s_NO_ALERT.png,NA,NA,NA,NA,NA,NA,Faulty
TLT_SERV_OFF.png,toCheck_100217_00191s_TLT_SERV_OFF.png,NA,NA,NA,NA,NA,NA,Faulty
NO_ALERT.png,toCheck_100217_00213s_NO_ALERT.png,NA,NA,NA,NA,NA,NA,Faulty
TLT_SERV_OFF.png,toCheck_100217_00213s_TLT_SERV_OFF.png,NA,NA,NA,NA,NA,NA,Faulty
NO_ALERT.png,toCheck_100218_00221s_NO_ALERT.png,NA,NA,NA,NA,NA,NA,Faulty
TLT_SERV_OFF.png,toCheck_100218_00191s_TLT_SERV_OFF.png,NA,NA,NA,NA,NA,NA,Faulty
NO_ALERT.png,toCheck_100218_00213s_NO_ALERT.png,NA,NA,NA,NA,NA,NA,Faulty
TLT_SERV_OFF.png,toCheck_100218_00213s_TLT_SERV_OFF.png,NA,NA,NA,NA,NA,NA,Faulty
NO_ALERT.png,toCheck_100219_00221s_NO_ALERT.png,NA,NA,NA,NA,NA,NA,Faulty
TLT_SERV_OFF.png,toCheck_100219_00191s_TLT_SERV_OFF.png,NA,NA,NA,NA,NA,NA,Faulty
NO_ALERT.png,toCheck_100219_00213s_NO_ALERT.png,NA,NA,NA,NA,NA,NA,Faulty
TLT_SERV_OFF.png,toCheck_100219_00213s_TLT_SERV_OFF.png,NA,NA,NA,NA,NA,NA,Faulty
NO_ALERT.png,toCheck_100220_00221s_NO_ALERT.png,NA,NA,NA,NA,NA,NA,Faulty
TLT_SERV_OFF.png,toCheck_100220_00191s_TLT_SERV_OFF.png,NA,NA,NA,NA,NA,NA,Faulty
NO_ALERT.png,toCheck_100220_00213s_NO_ALERT.png,NA,NA,NA,NA,NA,NA,Faulty
TLT_SERV_OFF.png,toCheck_100220_00213s_TLT_SERV_OFF.png,NA,NA,NA,NA,NA,NA,Faulty
NO_ALERT.png,toCheck_100221_00284s_NO_ALERT.png,NA,NA,NA,NA,NA,NA,Faulty
NO_ALERT.png,toCheck_100221_00213s_NO_ALERT.png,NA,NA,NA,NA,NA,NA,Faulty
NO_ALERT.png,toCheck_100222_00218s_NO_ALERT.png,NA,NA,NA,NA,NA,NA,Faulty
TLT_SERV_OFF.png,toCheck_100222_00191s_TLT_SERV_OFF.png,NA,NA,NA,NA,NA,NA,Faulty
TLT_STOP_ON.png,toCheck_100222_00191s_TLT_STOP_ON.png,NA,NA,NA,NA,NA,NA,Faulty
TLT_SERV_OFF.png,toCheck_100222_00213s_TLT_SERV_OFF.png,NA,NA,NA,NA,NA,NA,Faulty
TLT_STOP_ON.png,toCheck_100222_00213s_TLT_STOP_ON.png,NA,NA,NA,NA,NA,NA,Faulty
TLT_SERV_OFF.png,toCheck_100223_00279s_TLT_SERV_OFF.png,NA,NA,NA,NA,NA,NA,Faulty
NO_ALERT.png,toCheck_100223_00284s_NO_ALERT.png,NA,NA,NA,NA,NA,NA,Faulty
TLT_SERV_OFF.png,toCheck_100223_00191s_TLT_SERV_OFF.png,NA,NA,NA,NA,NA,NA,Faulty
NO_ALERT.png,toCheck_100223_00213s_NO_ALERT.png,NA,NA,NA,NA,NA,NA,Faulty
TLT_SERV_OFF.png,toCheck_100223_00213s_TLT_SERV_OFF.png,NA,NA,NA,NA,NA,NA,Faulty
NO_ALERT.png,toCheck_100224_00221s_NO_ALERT.png,NA,NA,NA,NA,NA,NA,Faulty
TLT_SERV_OFF.png,toCheck_100224_00191s_TLT_SERV_OFF.png,NA,NA,NA,NA,NA,NA,Faulty
NO_ALERT.png,toCheck_100224_00213s_NO_ALERT.png,NA,NA,NA,NA,NA,NA,Faulty
TLT_SERV_OFF.png,toCheck_100224_00213s_TLT_SERV_OFF.png,NA,NA,NA,NA,NA,NA,Faulty
NO_ALERT.png,toCheck_100225_00221s_NO_ALERT.png,NA,NA,NA,NA,NA,NA,Faulty
TLT_SERV_OFF.png,toCheck_100225_00191s_TLT_SERV_OFF.png,NA,NA,NA,NA,NA,NA,Faulty
NO_ALERT.png,toCheck_100225_00213s_NO_ALERT.png,NA,NA,NA,NA,NA,NA,Faulty
TLT_SERV_OFF.png,toCheck_100225_00213s_TLT_SERV_OFF.png,NA,NA,NA,NA,NA,NA,Faulty
TLT_SERV_OFF.png,toCheck_100226_00279s_TLT_SERV_OFF.png,NA,NA,NA,NA,NA,NA,Faulty
NO_ALERT.png,toCheck_100226_00284s_NO_ALERT.png,NA,NA,NA,NA,NA,NA,Faulty
TLT_SERV_OFF.png,toCheck_100226_00191s_TLT_SERV_OFF.png,NA,NA,NA,NA,NA,NA,Faulty
NO_ALERT.png,toCheck_100226_00213s_NO_ALERT.png,NA,NA,NA,NA,NA,NA,Faulty
TLT_SERV_OFF.png,toCheck_100226_00213s_TLT_SERV_OFF.png,NA,NA,NA,NA,NA,NA,Faulty
TLT_SERV_OFF.png,toCheck_100227_00279s_TLT_SERV_OFF.png,NA,NA,NA,NA,NA,NA,Faulty
NO_ALERT.png,toCheck_100227_00284s_NO_ALERT.png,NA,NA,NA,NA,NA,NA,Faulty
TLT_SERV_OFF.png,toCheck_100227_00191s_TLT_SERV_OFF.png,NA,NA,NA,NA,NA,NA,Faulty
NO_ALERT.png,toCheck_100227_00213s_NO_ALERT.png,NA,NA,NA,NA,NA,NA,Faulty
TLT_SERV_OFF.png,toCheck_100227_00213s_TLT_SERV_OFF.png,NA,NA,NA,NA,NA,NA,Faulty
NO_ALERT.png,toCheck_100228_00221s_NO_ALERT.png,NA,NA,NA,NA,NA,NA,Faulty
TLT_SERV_OFF.png,toCheck_100228_00191s_TLT_SERV_OFF.png,NA,NA,NA,NA,NA,NA,Faulty
NO_ALERT.png,toCheck_100228_00213s_NO_ALERT.png,NA,NA,NA,NA,NA,NA,Faulty
TLT_SERV_OFF.png,toCheck_100228_00213s_TLT_SERV_OFF.png,NA,NA,NA,NA,NA,NA,Faulty
TLT_SERV_OFF.png,toCheck_100229_00279s_TLT_SERV_OFF.png,NA,NA,NA,NA,NA,NA,Faulty
NO_ALERT.png,toCheck_100229_00284s_NO_ALERT.png,NA,NA,NA,NA,NA,NA,Faulty
TLT_SERV_OFF.png,toCheck_100229_00191s_TLT_SERV_OFF.png,NA,NA,NA,NA,NA,NA,Faulty
NO_ALERT.png,toCheck_100229_00213s_NO_ALERT.png,NA,NA,NA,NA,NA,NA,Faulty
TLT_SERV_OFF.png,toCheck_100229_00213s_TLT_SERV_OFF.png,NA,NA,NA,NA,NA,NA,Faulty
NO_ALERT.png,toCheck_100230_00221s_NO_ALERT.png,NA,NA,NA,NA,NA,NA,Faulty
TLT_SERV_OFF.png,toCheck_100230_00191s_TLT_SERV_OFF.png,NA,NA,NA,NA,NA,NA,Faulty
NO_ALERT.png,toCheck_100230_00213s_NO_ALERT.png,NA,NA,NA,NA,NA,NA,Faulty
TLT_SERV_OFF.png,toCheck_100230_00213s_TLT_SERV_OFF.png,NA,NA,NA,NA,NA,NA,Faulty
TLT_STOP_ON.png,toCheck_100231_00213s_TLT_STOP_ON.png,NA,NA,NA,NA,NA,NA,Faulty
NO_ALERT.png,toCheck_100231_00218s_NO_ALERT.png,NA,NA,NA,NA,NA,NA,Faulty
TLT_SERV_OFF.png,toCheck_100231_00191s_TLT_SERV_OFF.png,NA,NA,NA,NA,NA,NA,Faulty
TLT_STOP_ON.png,toCheck_100231_00191s_TLT_STOP_ON.png,NA,NA,NA,NA,NA,NA,Faulty
TLT_SERV_OFF.png,toCheck_100231_00213s_TLT_SERV_OFF.png,NA,NA,NA,NA,NA,NA,Faulty
BUZ_00_OFF.png,toCheck_100232_00279s_BUZ_00_OFF.png,NA,NA,NA,NA,NA,NA,Faulty
NO_ALERT.png,toCheck_100232_00284s_NO_ALERT.png,NA,NA,NA,NA,NA,NA,Faulty
NO_ALERT.png,toCheck_100232_00213s_NO_ALERT.png,NA,NA,NA,NA,NA,NA,Faulty
BUZ_00_OFF.png,toCheck_100232_00213s_BUZ_00_OFF.png,NA,NA,NA,NA,NA,NA,Faulty
TLT_SERV_OFF.png,toCheck_100233_00279s_TLT_SERV_OFF.png,NA,NA,NA,NA,NA,NA,Faulty
BUZ_00_OFF.png,toCheck_100233_00279s_BUZ_00_OFF.png,NA,NA,NA,NA,NA,NA,Faulty
NO_ALERT.png,toCheck_100233_00284s_NO_ALERT.png,NA,NA,NA,NA,NA,NA,Faulty
TLT_SERV_OFF.png,toCheck_100233_00191s_TLT_SERV_OFF.png,NA,NA,NA,NA,NA,NA,Faulty
NO_ALERT.png,toCheck_100233_00213s_NO_ALERT.png,NA,NA,NA,NA,NA,NA,Faulty
TLT_SERV_OFF.png,toCheck_100233_00213s_TLT_SERV_OFF.png,NA,NA,NA,NA,NA,NA,Faulty
BUZ_00_OFF.png,toCheck_100233_00213s_BUZ_00_OFF.png,NA,NA,NA,NA,NA,NA,Faulty
TLT_STOP_OFF.png,toCheck_100234_00213s_TLT_STOP_OFF.png,NA,NA,NA,NA,NA,NA,Faulty
TLT_STOP_OFF.png,toCheck_100234_00279s_TLT_STOP_OFF.png,NA,NA,NA,NA,NA,NA,Faulty
NO_ALERT.png,toCheck_100234_00284s_NO_ALERT.png,NA,NA,NA,NA,NA,NA,Faulty
TLT_STOP_OFF.png,toCheck_100234_00191s_TLT_STOP_OFF.png,NA,NA,NA,NA,NA,NA,Faulty
NO_ALERT.png,toCheck_100234_00213s_NO_ALERT.png,NA,NA,NA,NA,NA,NA,Faulty
TLT_STOP_ON.png,toCheck_100235_00213s_TLT_STOP_ON.png,NA,NA,NA,NA,NA,NA,Faulty
NO_ALERT.png,toCheck_100235_00218s_NO_ALERT.png,NA,NA,NA,NA,NA,NA,Faulty
TLT_SERV_OFF.png,toCheck_100235_00191s_TLT_SERV_OFF.png,NA,NA,NA,NA,NA,NA,Faulty
TLT_STOP_ON.png,toCheck_100235_00191s_TLT_STOP_ON.png,NA,NA,NA,NA,NA,NA,Faulty
TLT_SERV_OFF.png,toCheck_100235_00213s_TLT_SERV_OFF.png,NA,NA,NA,NA,NA,NA,Faulty
TLT_STOP_ON.png,toCheck_100236_00213s_TLT_STOP_ON.png,NA,NA,NA,NA,NA,NA,Faulty
NO_ALERT.png,toCheck_100236_00218s_NO_ALERT.png,NA,NA,NA,NA,NA,NA,Faulty
TLT_SERV_OFF.png,toCheck_100236_00191s_TLT_SERV_OFF.png,NA,NA,NA,NA,NA,NA,Faulty
TLT_STOP_ON.png,toCheck_100236_00191s_TLT_STOP_ON.png,NA,NA,NA,NA,NA,NA,Faulty
TLT_SERV_OFF.png,toCheck_100236_00213s_TLT_SERV_OFF.png,NA,NA,NA,NA,NA,NA,Faulty
TLT_SERV_OFF.png,toCheck_100237_00279s_TLT_SERV_OFF.png,NA,NA,NA,NA,NA,NA,Faulty
NO_ALERT.png,toCheck_100237_00284s_NO_ALERT.png,NA,NA,NA,NA,NA,NA,Faulty
TLT_SERV_OFF.png,toCheck_100237_00191s_TLT_SERV_OFF.png,NA,NA,NA,NA,NA,NA,Faulty
NO_ALERT.png,toCheck_100237_00213s_NO_ALERT.png,NA,NA,NA,NA,NA,NA,Faulty
TLT_SERV_OFF.png,toCheck_100237_00213s_TLT_SERV_OFF.png,NA,NA,NA,NA,NA,NA,Faulty
NO_TXTALT_Reconspage.png,toCheck_100238_00213s_NO_TXTALT_Reconspage.png,NA,NA,NA,NA,NA,NA,Faulty
NO_ALERT.png,toCheck_100238_00221s_NO_ALERT.png,NA,NA,NA,NA,NA,NA,Faulty
NO_ALERT.png,toCheck_100238_00213s_NO_ALERT.png,NA,NA,NA,NA,NA,NA,Faulty
BUZ_00_OFF.png,toCheck_100238_00213s_BUZ_00_OFF.png,NA,NA,NA,NA,NA,NA,Faulty
TLT_SERV_OFF.png,toCheck_100239_00279s_TLT_SERV_OFF.png,NA,NA,NA,NA,NA,NA,Faulty
NO_ALERT.png,toCheck_100239_00284s_NO_ALERT.png,NA,NA,NA,NA,NA,NA,Faulty
TLT_SERV_OFF.png,toCheck_100239_00191s_TLT_SERV_OFF.png,NA,NA,NA,NA,NA,NA,Faulty
NO_ALERT.png,toCheck_100239_00213s_NO_ALERT.png,NA,NA,NA,NA,NA,NA,Faulty
TLT_SERV_OFF.png,toCheck_100239_00213s_TLT_SERV_OFF.png,NA,NA,NA,NA,NA,NA,Faulty
NO_ALERT.png,toCheck_100240_00218s_NO_ALERT.png,NA,NA,NA,NA,NA,NA,Faulty
TLT_SERV_OFF.png,toCheck_100240_00191s_TLT_SERV_OFF.png,NA,NA,NA,NA,NA,NA,Faulty
TLT_SERV_OFF.png,toCheck_100240_00213s_TLT_SERV_OFF.png,NA,NA,NA,NA,NA,NA,Faulty
NO_ALERT.png,toCheck_100241_00218s_NO_ALERT.png,NA,NA,NA,NA,NA,NA,Faulty
TLT_SERV_OFF.png,toCheck_100241_00191s_TLT_SERV_OFF.png,NA,NA,NA,NA,NA,NA,Faulty
TLT_SERV_OFF.png,toCheck_100241_00213s_TLT_SERV_OFF.png,NA,NA,NA,NA,NA,NA,Faulty
TLT_SERV_OFF.png,toCheck_100242_00279s_TLT_SERV_OFF.png,NA,NA,NA,NA,NA,NA,Faulty
BUZ_00_OFF.png,toCheck_100242_00279s_BUZ_00_OFF.png,NA,NA,NA,NA,NA,NA,Faulty
NO_ALERT.png,toCheck_100242_00284s_NO_ALERT.png,NA,NA,NA,NA,NA,NA,Faulty
TLT_SERV_OFF.png,toCheck_100242_00191s_TLT_SERV_OFF.png,NA,NA,NA,NA,NA,NA,Faulty
NO_ALERT.png,toCheck_100242_00213s_NO_ALERT.png,NA,NA,NA,NA,NA,NA,Faulty
TLT_SERV_OFF.png,toCheck_100242_00213s_TLT_SERV_OFF.png,NA,NA,NA,NA,NA,NA,Faulty
BUZ_00_OFF.png,toCheck_100242_00213s_BUZ_00_OFF.png,NA,NA,NA,NA,NA,NA,Faulty
NO_ALERT.png,toCheck_100243_00218s_NO_ALERT.png,NA,NA,NA,NA,NA,NA,Faulty
TLT_SERV_OFF.png,toCheck_100243_00191s_TLT_SERV_OFF.png,NA,NA,NA,NA,NA,NA,Faulty
TLT_SERV_OFF.png,toCheck_100243_00213s_TLT_SERV_OFF.png,NA,NA,NA,NA,NA,NA,Faulty
NO_ALERT.png,toCheck_100244_00221s_NO_ALERT.png,NA,NA,NA,NA,NA,NA,Faulty
TLT_SERV_OFF.png,toCheck_100244_00191s_TLT_SERV_OFF.png,NA,NA,NA,NA,NA,NA,Faulty
NO_ALERT.png,toCheck_100244_00213s_NO_ALERT.png,NA,NA,NA,NA,NA,NA,Faulty
TLT_SERV_OFF.png,toCheck_100244_00213s_TLT_SERV_OFF.png,NA,NA,NA,NA,NA,NA,Faulty
NO_ALERT.png,toCheck_100245_00218s_NO_ALERT.png,NA,NA,NA,NA,NA,NA,Faulty
TLT_SERV_OFF.png,toCheck_100245_00191s_TLT_SERV_OFF.png,NA,NA,NA,NA,NA,NA,Faulty
TLT_SERV_OFF.png,toCheck_100245_00213s_TLT_SERV_OFF.png,NA,NA,NA,NA,NA,NA,Faulty
TLT_SERV_OFF.png,toCheck_100246_00279s_TLT_SERV_OFF.png,NA,NA,NA,NA,NA,NA,Faulty
NO_ALERT.png,toCheck_100246_00284s_NO_ALERT.png,NA,NA,NA,NA,NA,NA,Faulty
TLT_SERV_OFF.png,toCheck_100246_00191s_TLT_SERV_OFF.png,NA,NA,NA,NA,NA,NA,Faulty
NO_ALERT.png,toCheck_100246_00213s_NO_ALERT.png,NA,NA,NA,NA,NA,NA,Faulty
TLT_SERV_OFF.png,toCheck_100246_00213s_TLT_SERV_OFF.png,NA,NA,NA,NA,NA,NA,Faulty
NO_ALERT.png,toCheck_100247_00284s_NO_ALERT.png,NA,NA,NA,NA,NA,NA,Faulty
NO_ALERT.png,toCheck_100247_00213s_NO_ALERT.png,NA,NA,NA,NA,NA,NA,Faulty
NO_ALERT.png,toCheck_100248_00218s_NO_ALERT.png,NA,NA,NA,NA,NA,NA,Faulty
NO_ALERT.png,toCheck_100249_00221s_NO_ALERT.png,NA,NA,NA,NA,NA,NA,Faulty
TLT_SERV_OFF.png,toCheck_100249_00191s_TLT_SERV_OFF.png,NA,NA,NA,NA,NA,NA,Faulty
NO_ALERT.png,toCheck_100249_00213s_NO_ALERT.png,NA,NA,NA,NA,NA,NA,Faulty
TLT_SERV_OFF.png,toCheck_100249_00213s_TLT_SERV_OFF.png,NA,NA,NA,NA,NA,NA,Faulty
NO_ALERT.png,toCheck_100250_00221s_NO_ALERT.png,NA,NA,NA,NA,NA,NA,Faulty
TLT_SERV_OFF.png,toCheck_100250_00191s_TLT_SERV_OFF.png,NA,NA,NA,NA,NA,NA,Faulty
NO_ALERT.png,toCheck_100250_00213s_NO_ALERT.png,NA,NA,NA,NA,NA,NA,Faulty
TLT_SERV_OFF.png,toCheck_100250_00213s_TLT_SERV_OFF.png,NA,NA,NA,NA,NA,NA,Faulty
NO_ALERT.png,toCheck_100251_00218s_NO_ALERT.png,NA,NA,NA,NA,NA,NA,Faulty
TLT_SERV_OFF.png,toCheck_100251_00191s_TLT_SERV_OFF.png,NA,NA,NA,NA,NA,NA,Faulty
TLT_SERV_OFF.png,toCheck_100251_00213s_TLT_SERV_OFF.png,NA,NA,NA,NA,NA,NA,Faulty
NO_ALERT.png,toCheck_100252_00218s_NO_ALERT.png,NA,NA,NA,NA,NA,NA,Faulty
TLT_SERV_OFF.png,toCheck_100252_00191s_TLT_SERV_OFF.png,NA,NA,NA,NA,NA,NA,Faulty
TLT_SERV_OFF.png,toCheck_100252_00213s_TLT_SERV_OFF.png,NA,NA,NA,NA,NA,NA,Faulty
NO_ALERT.png,toCheck_100253_00218s_NO_ALERT.png,NA,NA,NA,NA,NA,NA,Faulty
TLT_SERV_OFF.png,toCheck_100253_00191s_TLT_SERV_OFF.png,NA,NA,NA,NA,NA,NA,Faulty
TLT_SERV_OFF.png,toCheck_100253_00213s_TLT_SERV_OFF.png,NA,NA,NA,NA,NA,NA,Faulty
TLT_SERV_OFF.png,toCheck_100254_00279s_TLT_SERV_OFF.png,NA,NA,NA,NA,NA,NA,Faulty
NO_ALERT.png,toCheck_100254_00284s_NO_ALERT.png,NA,NA,NA,NA,NA,NA,Faulty
TLT_SERV_OFF.png,toCheck_100254_00191s_TLT_SERV_OFF.png,NA,NA,NA,NA,NA,NA,Faulty
NO_ALERT.png,toCheck_100254_00213s_NO_ALERT.png,NA,NA,NA,NA,NA,NA,Faulty
TLT_SERV_OFF.png,toCheck_100254_00213s_TLT_SERV_OFF.png,NA,NA,NA,NA,NA,NA,Faulty
TLT_SERV_OFF.png,toCheck_100255_00279s_TLT_SERV_OFF.png,NA,NA,NA,NA,NA,NA,Faulty
NO_ALERT.png,toCheck_100255_00284s_NO_ALERT.png,NA,NA,NA,NA,NA,NA,Faulty
TLT_SERV_OFF.png,toCheck_100255_00191s_TLT_SERV_OFF.png,NA,NA,NA,NA,NA,NA,Faulty
NO_ALERT.png,toCheck_100255_00213s_NO_ALERT.png,NA,NA,NA,NA,NA,NA,Faulty
TLT_SERV_OFF.png,toCheck_100255_00213s_TLT_SERV_OFF.png,NA,NA,NA,NA,NA,NA,Faulty
TLT_SERV_OFF.png,toCheck_100256_00279s_TLT_SERV_OFF.png,NA,NA,NA,NA,NA,NA,Faulty
NO_ALERT.png,toCheck_100256_00284s_NO_ALERT.png,NA,NA,NA,NA,NA,NA,Faulty
TLT_SERV_OFF.png,toCheck_100256_00191s_TLT_SERV_OFF.png,NA,NA,NA,NA,NA,NA,Faulty
NO_ALERT.png,toCheck_100256_00213s_NO_ALERT.png,NA,NA,NA,NA,NA,NA,Faulty
TLT_SERV_OFF.png,toCheck_100256_00213s_TLT_SERV_OFF.png,NA,NA,NA,NA,NA,NA,Faulty
TLT_SERV_OFF.png,toCheck_100000_00163s_TLT_SERV_OFF.png,NA,NA,NA,NA,NA,NA,Faulty
NO_ALERT.png,toCheck_100000_00163s_NO_ALERT.png,NA,NA,NA,NA,NA,NA,Faulty
NO_ALERT.png,toCheck_100000_00198s_NO_ALERT.png,NA,NA,NA,NA,NA,NA,Faulty
TLT_SERV_OFF.png,toCheck_100001_00163s_TLT_SERV_OFF.png,NA,NA,NA,NA,NA,NA,Faulty
NO_ALERT.png,toCheck_100001_00163s_NO_ALERT.png,NA,NA,NA,NA,NA,NA,Faulty
NO_ALERT.png,toCheck_100001_00198s_NO_ALERT.png,NA,NA,NA,NA,NA,NA,Faulty
Front_Wheel_Small_Rear_wheel_Large_Arrows.png,toCheck_100002_00380s_Front_Wheel_Small_Rear_wheel_Large_Arrows.png,NA,NA,NA,NA,NA,NA,Faulty
Front_Wheel_Small_Rear_wheel_Large_Arrows.png,toCheck_100002_00385s_Front_Wheel_Small_Rear_wheel_Large_Arrows.png,NA,NA,NA,NA,NA,NA,Faulty
HMGT_CHASSIS_PAGE.png,toCheck_100003_00375s_HMGT_CHASSIS_PAGE.png,NA,NA,NA,NA,NA,NA,Faulty
Front_Wheel_Small_Rear_wheel_Large_Arrows.png,toCheck_100003_00380s_Front_Wheel_Small_Rear_wheel_Large_Arrows.png,NA,NA,NA,NA,NA,NA,Faulty
Front_Wheel_Small_Rear_wheel_Large_Arrows.png,toCheck_100003_00385s_Front_Wheel_Small_Rear_wheel_Large_Arrows.png,NA,NA,NA,NA,NA,NA,Faulty
Front_Wheel_Small_Rear_wheel_Large_Arrows.png,toCheck_100004_00380s_Front_Wheel_Small_Rear_wheel_Large_Arrows.png,NA,NA,NA,NA,NA,NA,Faulty
Front_Wheel_Small_Rear_wheel_Large_Arrows.png,toCheck_100004_00385s_Front_Wheel_Small_Rear_wheel_Large_Arrows.png,NA,NA,NA,NA,NA,NA,Faulty
Front_Wheel_No_Rear_wheel_XL_Arrows.png,toCheck_100005_00405s_Front_Wheel_No_Rear_wheel_XL_Arrows.png,NA,NA,NA,NA,NA,NA,Faulty
Front_Wheel_Small_Rear_wheel_Large_Arrows.png,toCheck_100005_00410s_Front_Wheel_Small_Rear_wheel_Large_Arrows.png,NA,NA,NA,NA,NA,NA,Faulty
Front_Wheel_Large_Rear_wheel_Small_Arrows.png,toCheck_100005_00420s_Front_Wheel_Large_Rear_wheel_Small_Arrows.png,NA,NA,NA,NA,NA,NA,Faulty
Front_Wheel_No_Rear_wheel_XL_Arrows.png,toCheck_100005_00380s_Front_Wheel_No_Rear_wheel_XL_Arrows.png,NA,NA,NA,NA,NA,NA,Faulty
Front_Wheel_Small_Rear_wheel_Large_Arrows.png,toCheck_100005_00385s_Front_Wheel_Small_Rear_wheel_Large_Arrows.png,NA,NA,NA,NA,NA,NA,Faulty
Front_Rear_Wheel_Medium_Arrows.png,toCheck_100005_00390s_Front_Rear_Wheel_Medium_Arrows.png,NA,NA,NA,NA,NA,NA,Faulty
Front_Wheel_XL_Rear_wheel_No_Arrows.png,toCheck_100005_00400s_Front_Wheel_XL_Rear_wheel_No_Arrows.png,NA,NA,NA,NA,NA,NA,Faulty
Front_Wheel_No_Rear_wheel_XL_Arrows.png,toCheck_100006_00405s_Front_Wheel_No_Rear_wheel_XL_Arrows.png,NA,NA,NA,NA,NA,NA,Faulty
Front_Wheel_Small_Rear_wheel_Large_Arrows.png,toCheck_100006_00410s_Front_Wheel_Small_Rear_wheel_Large_Arrows.png,NA,NA,NA,NA,NA,NA,Faulty
Front_Wheel_Large_Rear_wheel_Small_Arrows.png,toCheck_100006_00420s_Front_Wheel_Large_Rear_wheel_Small_Arrows.png,NA,NA,NA,NA,NA,NA,Faulty
HMGT_CHASSIS_PAGE.png,toCheck_100006_00375s_HMGT_CHASSIS_PAGE.png,NA,NA,NA,NA,NA,NA,Faulty
Front_Wheel_No_Rear_wheel_XL_Arrows.png,toCheck_100006_00380s_Front_Wheel_No_Rear_wheel_XL_Arrows.png,NA,NA,NA,NA,NA,NA,Faulty
Front_Wheel_Small_Rear_wheel_Large_Arrows.png,toCheck_100006_00385s_Front_Wheel_Small_Rear_wheel_Large_Arrows.png,NA,NA,NA,NA,NA,NA,Faulty
Front_Rear_Wheel_Medium_Arrows.png,toCheck_100006_00390s_Front_Rear_Wheel_Medium_Arrows.png,NA,NA,NA,NA,NA,NA,Faulty
Front_Wheel_XL_Rear_wheel_No_Arrows.png,toCheck_100006_00400s_Front_Wheel_XL_Rear_wheel_No_Arrows.png,NA,NA,NA,NA,NA,NA,Faulty
Front_Wheel_Small_Rear_wheel_Large_Arrows.png,toCheck_100007_00410s_Front_Wheel_Small_Rear_wheel_Large_Arrows.png,NA,NA,NA,NA,NA,NA,Faulty
Front_Wheel_Large_Rear_wheel_Small_Arrows.png,toCheck_100007_00420s_Front_Wheel_Large_Rear_wheel_Small_Arrows.png,NA,NA,NA,NA,NA,NA,Faulty
Front_Wheel_Small_Rear_wheel_Large_Arrows.png,toCheck_100007_00385s_Front_Wheel_Small_Rear_wheel_Large_Arrows.png,NA,NA,NA,NA,NA,NA,Faulty
Front_Rear_Wheel_Medium_Arrows.png,toCheck_100007_00390s_Front_Rear_Wheel_Medium_Arrows.png,NA,NA,NA,NA,NA,NA,Faulty
Front_Wheel_Large_Rear_wheel_Small_Arrows.png,toCheck_100007_00395s_Front_Wheel_Large_Rear_wheel_Small_Arrows.png,NA,NA,NA,NA,NA,NA,Faulty
Front_Wheel_XL_Rear_wheel_No_Arrows.png,toCheck_100007_00400s_Front_Wheel_XL_Rear_wheel_No_Arrows.png,NA,NA,NA,NA,NA,NA,Faulty
TAC_200_RPM.png,toCheck_100014_00254s_TAC_200_RPM.png,NA,NA,NA,NA,NA,NA,Faulty
NO_ALERT.png,toCheck_100000_00198s_NO_ALERT.png,NA,NA,NA,NA,NA,NA,Faulty
TLT_STOP_ON.png,toCheck_100001_08824s_TLT_STOP_ON.png,NA,NA,NA,NA,NA,NA,Faulty
TLT_SERV_ON.png,toCheck_100001_08824s_TLT_SERV_ON.png,NA,NA,NA,NA,NA,NA,Faulty
TLT_NIVOCOD_ON_DYNZ2.png,toCheck_100001_08824s_TLT_NIVOCOD_ON_DYNZ2.png,NA,NA,NA,NA,NA,NA,Faulty
TLT_BAT_ON.png,toCheck_100001_08824s_TLT_BAT_ON.png,NA,NA,NA,NA,NA,NA,Faulty
TLT_TPW_ON.png,toCheck_100001_08824s_TLT_TPW_ON.png,NA,NA,NA,NA,NA,NA,Faulty
TLT_STOP_ON.png,toCheck_100001_09289s_TLT_STOP_ON.png,NA,NA,NA,NA,NA,NA,Faulty
TLT_SERV_ON.png,toCheck_100001_09289s_TLT_SERV_ON.png,NA,NA,NA,NA,NA,NA,Faulty
TLT_NIVOCOD_ON_DYNZ2.png,toCheck_100001_09289s_TLT_NIVOCOD_ON_DYNZ2.png,NA,NA,NA,NA,NA,NA,Faulty
TLT_BAT_ON.png,toCheck_100001_09289s_TLT_BAT_ON.png,NA,NA,NA,NA,NA,NA,Faulty
TLT_NIVOCOD_ON_DYNZ2.png,toCheck_100001_00697s_TLT_NIVOCOD_ON_DYNZ2.png,NA,NA,NA,NA,NA,NA,Faulty
TLT_ESPOFF_ON.png,toCheck_100001_09289s_TLT_ESPOFF_ON.png,NA,NA,NA,NA,NA,NA,Faulty
TLT_STOP_ON.png,toCheck_100001_09755s_TLT_STOP_ON.png,NA,NA,NA,NA,NA,NA,Faulty
TLT_SERV_ON.png,toCheck_100001_09755s_TLT_SERV_ON.png,NA,NA,NA,NA,NA,NA,Faulty
TLT_NIVOCOD_ON_DYNZ2.png,toCheck_100001_09755s_TLT_NIVOCOD_ON_DYNZ2.png,NA,NA,NA,NA,NA,NA,Faulty
TLT_BAT_ON.png,toCheck_100001_09755s_TLT_BAT_ON.png,NA,NA,NA,NA,NA,NA,Faulty
TLT_ESC_ON.png,toCheck_100001_09755s_TLT_ESC_ON.png,NA,NA,NA,NA,NA,NA,Faulty
TLT_STOP_ON.png,toCheck_100001_10217s_TLT_STOP_ON.png,NA,NA,NA,NA,NA,NA,Faulty
TLT_SERV_ON.png,toCheck_100001_10217s_TLT_SERV_ON.png,NA,NA,NA,NA,NA,NA,Faulty
TLT_BAT_ON.png,toCheck_100001_00697s_TLT_BAT_ON.png,NA,NA,NA,NA,NA,NA,Faulty
TLT_NIVOCOD_ON_DYNZ2.png,toCheck_100001_10217s_TLT_NIVOCOD_ON_DYNZ2.png,NA,NA,NA,NA,NA,NA,Faulty
TLT_BAT_ON.png,toCheck_100001_10217s_TLT_BAT_ON.png,NA,NA,NA,NA,NA,NA,Faulty
TLT_ABS_ON.png,toCheck_100001_10217s_TLT_ABS_ON.png,NA,NA,NA,NA,NA,NA,Faulty
TLT_BSIS_OFF.png,toCheck_100001_10682s_TLT_BSIS_OFF.png,NA,NA,NA,NA,NA,NA,Faulty
TLT_MOIS_OFF.png,toCheck_100001_11147s_TLT_MOIS_OFF.png,NA,NA,NA,NA,NA,NA,Faulty
TLT_OSPFAIL_ON.png,toCheck_100001_11614s_TLT_OSPFAIL_ON.png,NA,NA,NA,NA,NA,NA,Faulty
TLT_FUEL_ON.png,toCheck_100001_00697s_TLT_FUEL_ON.png,NA,NA,NA,NA,NA,NA,Faulty
TLT_WDA_ON.png,toCheck_100001_12079s_TLT_WDA_ON.png,NA,NA,NA,NA,NA,NA,Faulty
TLT_LKA_ON.png,toCheck_100001_12544s_TLT_LKA_ON.png,NA,NA,NA,NA,NA,NA,Faulty
TLT_LDW_ON.png,toCheck_100001_13009s_TLT_LDW_ON.png,NA,NA,NA,NA,NA,NA,Faulty
TLT_FUELCAP_ON.png,toCheck_100001_15334s_TLT_FUELCAP_ON.png,NA,NA,NA,NA,NA,NA,Faulty
TLT_SBR_ON.png,toCheck_100001_16264s_TLT_SBR_ON.png,NA,NA,NA,NA,NA,NA,Faulty
TLT_STOP_ON.png,toCheck_100001_01162s_TLT_STOP_ON.png,NA,NA,NA,NA,NA,NA,Faulty
TLT_SERV_ON.png,toCheck_100001_01162s_TLT_SERV_ON.png,NA,NA,NA,NA,NA,NA,Faulty
TLT_NIVOCOD_ON_DYNZ2.png,toCheck_100001_01162s_TLT_NIVOCOD_ON_DYNZ2.png,NA,NA,NA,NA,NA,NA,Faulty
TLT_BAT_ON.png,toCheck_100001_01162s_TLT_BAT_ON.png,NA,NA,NA,NA,NA,NA,Faulty
TLT_WTP_ON.png,toCheck_100001_01162s_TLT_WTP_ON.png,NA,NA,NA,NA,NA,NA,Faulty
TLT_STOP_ON.png,toCheck_100001_01627s_TLT_STOP_ON.png,NA,NA,NA,NA,NA,NA,Faulty
TLT_SERV_ON.png,toCheck_100001_01627s_TLT_SERV_ON.png,NA,NA,NA,NA,NA,NA,Faulty
TLT_NIVOCOD_ON_DYNZ2.png,toCheck_100001_01627s_TLT_NIVOCOD_ON_DYNZ2.png,NA,NA,NA,NA,NA,NA,Faulty
TLT_BAT_ON.png,toCheck_100001_01627s_TLT_BAT_ON.png,NA,NA,NA,NA,NA,NA,Faulty
TLT_OilPressure_ON.png,toCheck_100001_01627s_TLT_OilPressure_ON.png,NA,NA,NA,NA,NA,NA,Faulty
TLT_STOP_ON.png,toCheck_100001_02092s_TLT_STOP_ON.png,NA,NA,NA,NA,NA,NA,Faulty
TLT_SERV_ON.png,toCheck_100001_02092s_TLT_SERV_ON.png,NA,NA,NA,NA,NA,NA,Faulty
TLT_NIVOCOD_ON_DYNZ2.png,toCheck_100001_02092s_TLT_NIVOCOD_ON_DYNZ2.png,NA,NA,NA,NA,NA,NA,Faulty
TLT_BAT_ON.png,toCheck_100001_02092s_TLT_BAT_ON.png,NA,NA,NA,NA,NA,NA,Faulty
TLT_STOP_ON.png,toCheck_100001_00232s_TLT_STOP_ON.png,NA,NA,NA,NA,NA,NA,Faulty
TLT_SBSOFF_ON.png,toCheck_100001_02092s_TLT_SBSOFF_ON.png,NA,NA,NA,NA,NA,NA,Faulty
TLT_STOP_ON.png,toCheck_100001_02557s_TLT_STOP_ON.png,NA,NA,NA,NA,NA,NA,Faulty
TLT_SERV_ON.png,toCheck_100001_02557s_TLT_SERV_ON.png,NA,NA,NA,NA,NA,NA,Faulty
TLT_NIVOCOD_ON_DYNZ2.png,toCheck_100001_02557s_TLT_NIVOCOD_ON_DYNZ2.png,NA,NA,NA,NA,NA,NA,Faulty
TLT_BAT_ON.png,toCheck_100001_02557s_TLT_BAT_ON.png,NA,NA,NA,NA,NA,NA,Faulty
TLT_XEVSYSTEMFAILURE_ON.png,toCheck_100001_02557s_TLT_XEVSYSTEMFAILURE_ON.png,NA,NA,NA,NA,NA,NA,Faulty
TLT_STOP_ON.png,toCheck_100001_03022s_TLT_STOP_ON.png,NA,NA,NA,NA,NA,NA,Faulty
TLT_SERV_ON.png,toCheck_100001_03022s_TLT_SERV_ON.png,NA,NA,NA,NA,NA,NA,Faulty
TLT_110_024_010_AUTOTEST_ON.png,toCheck_100001_03022s_TLT_110_024_010_AUTOTEST_ON.png,NA,NA,NA,NA,NA,NA,Faulty
TLT_STOP_ON.png,toCheck_100001_03487s_TLT_STOP_ON.png,NA,NA,NA,NA,NA,NA,Faulty
TLT_SERV_ON.png,toCheck_100001_03487s_TLT_SERV_ON.png,NA,NA,NA,NA,NA,NA,Faulty
TLT_083_024_010_AUTOTEST_ON.png,toCheck_100001_03487s_TLT_083_024_010_AUTOTEST_ON.png,NA,NA,NA,NA,NA,NA,Faulty
TLT_STOP_ON.png,toCheck_100001_03952s_TLT_STOP_ON.png,NA,NA,NA,NA,NA,NA,Faulty
TLT_SERV_ON.png,toCheck_100001_03952s_TLT_SERV_ON.png,NA,NA,NA,NA,NA,NA,Faulty
TLT_NIVOCOD_ON_DYNZ2.png,toCheck_100001_03952s_TLT_NIVOCOD_ON_DYNZ2.png,NA,NA,NA,NA,NA,NA,Faulty
TLT_BAT_ON.png,toCheck_100001_03952s_TLT_BAT_ON.png,NA,NA,NA,NA,NA,NA,Faulty
TLT_HOD_ON.png,toCheck_100001_03952s_TLT_HOD_ON.png,NA,NA,NA,NA,NA,NA,Faulty
TLT_STOP_ON.png,toCheck_100001_04417s_TLT_STOP_ON.png,NA,NA,NA,NA,NA,NA,Faulty
TLT_SERV_ON.png,toCheck_100001_04417s_TLT_SERV_ON.png,NA,NA,NA,NA,NA,NA,Faulty
TLT_NIVOCOD_ON_DYNZ2.png,toCheck_100001_04417s_TLT_NIVOCOD_ON_DYNZ2.png,NA,NA,NA,NA,NA,NA,Faulty
TLT_BAT_ON.png,toCheck_100001_04417s_TLT_BAT_ON.png,NA,NA,NA,NA,NA,NA,Faulty
TLT_AFSF_ON.png,toCheck_100001_04417s_TLT_AFSF_ON.png,NA,NA,NA,NA,NA,NA,Faulty
TLT_STOP_ON.png,toCheck_100001_04882s_TLT_STOP_ON.png,NA,NA,NA,NA,NA,NA,Faulty
TLT_SERV_ON.png,toCheck_100001_04882s_TLT_SERV_ON.png,NA,NA,NA,NA,NA,NA,Faulty
TLT_NIVOCOD_ON_DYNZ2.png,toCheck_100001_04882s_TLT_NIVOCOD_ON_DYNZ2.png,NA,NA,NA,NA,NA,NA,Faulty
TLT_BAT_ON.png,toCheck_100001_04882s_TLT_BAT_ON.png,NA,NA,NA,NA,NA,NA,Faulty
TLT_DPF_ON.png,toCheck_100001_04882s_TLT_DPF_ON.png,NA,NA,NA,NA,NA,NA,Faulty
TLT_STOP_ON.png,toCheck_100001_06034s_TLT_STOP_ON.png,NA,NA,NA,NA,NA,NA,Faulty
TLT_SERV_ON.png,toCheck_100001_06034s_TLT_SERV_ON.png,NA,NA,NA,NA,NA,NA,Faulty
TLT_NIVOCOD_ON_DYNZ2.png,toCheck_100001_06034s_TLT_NIVOCOD_ON_DYNZ2.png,NA,NA,NA,NA,NA,NA,Faulty
TLT_BAT_ON.png,toCheck_100001_06034s_TLT_BAT_ON.png,NA,NA,NA,NA,NA,NA,Faulty
TLT_TRACTBATHOT_ON.png,toCheck_100001_06034s_TLT_TRACTBATHOT_ON.png,NA,NA,NA,NA,NA,NA,Faulty
TLT_BATT_TRACTWARN_ON.png,toCheck_100001_00232s_TLT_BATT_TRACTWARN_ON.png,NA,NA,NA,NA,NA,NA,Faulty
TLT_STOP_ON.png,toCheck_100001_06499s_TLT_STOP_ON.png,NA,NA,NA,NA,NA,NA,Faulty
TLT_SERV_ON.png,toCheck_100001_06499s_TLT_SERV_ON.png,NA,NA,NA,NA,NA,NA,Faulty
TLT_NIVOCOD_ON_DYNZ2.png,toCheck_100001_06499s_TLT_NIVOCOD_ON_DYNZ2.png,NA,NA,NA,NA,NA,NA,Faulty
TLT_BAT_ON.png,toCheck_100001_06499s_TLT_BAT_ON.png,NA,NA,NA,NA,NA,NA,Faulty
TLT_UREA_ON.png,toCheck_100001_06499s_TLT_UREA_ON.png,NA,NA,NA,NA,NA,NA,Faulty
TLT_STOP_ON.png,toCheck_100001_06964s_TLT_STOP_ON.png,NA,NA,NA,NA,NA,NA,Faulty
TLT_SERV_ON.png,toCheck_100001_06964s_TLT_SERV_ON.png,NA,NA,NA,NA,NA,NA,Faulty
TLT_NIVOCOD_ON_DYNZ2.png,toCheck_100001_06964s_TLT_NIVOCOD_ON_DYNZ2.png,NA,NA,NA,NA,NA,NA,Faulty
TLT_BAT_ON.png,toCheck_100001_06964s_TLT_BAT_ON.png,NA,NA,NA,NA,NA,NA,Faulty
TLT_HFP_ON.png,toCheck_100001_06964s_TLT_HFP_ON.png,NA,NA,NA,NA,NA,NA,Faulty
TLT_STOP_ON.png,toCheck_100001_07429s_TLT_STOP_ON.png,NA,NA,NA,NA,NA,NA,Faulty
TLT_SERV_ON.png,toCheck_100001_07429s_TLT_SERV_ON.png,NA,NA,NA,NA,NA,NA,Faulty
TLT_NIVOCOD_ON_DYNZ2.png,toCheck_100001_07429s_TLT_NIVOCOD_ON_DYNZ2.png,NA,NA,NA,NA,NA,NA,Faulty
TLT_BAT_ON.png,toCheck_100001_07429s_TLT_BAT_ON.png,NA,NA,NA,NA,NA,NA,Faulty
TLT_STOP_ON.png,toCheck_100001_07894s_TLT_STOP_ON.png,NA,NA,NA,NA,NA,NA,Faulty
TLT_SERV_ON.png,toCheck_100001_07894s_TLT_SERV_ON.png,NA,NA,NA,NA,NA,NA,Faulty
TLT_STOP_ON.png,toCheck_100001_00697s_TLT_STOP_ON.png,NA,NA,NA,NA,NA,NA,Faulty
TLT_NIVOCOD_ON_DYNZ2.png,toCheck_100001_07894s_TLT_NIVOCOD_ON_DYNZ2.png,NA,NA,NA,NA,NA,NA,Faulty
TLT_BAT_ON.png,toCheck_100001_07894s_TLT_BAT_ON.png,NA,NA,NA,NA,NA,NA,Faulty
TLT_DAE_ON.png,toCheck_100001_07894s_TLT_DAE_ON.png,NA,NA,NA,NA,NA,NA,Faulty
TLT_STOP_ON.png,toCheck_100001_08359s_TLT_STOP_ON.png,NA,NA,NA,NA,NA,NA,Faulty
TLT_SERV_ON.png,toCheck_100001_08359s_TLT_SERV_ON.png,NA,NA,NA,NA,NA,NA,Faulty
TLT_NIVOCOD_ON_DYNZ2.png,toCheck_100001_08359s_TLT_NIVOCOD_ON_DYNZ2.png,NA,NA,NA,NA,NA,NA,Faulty
TLT_BAT_ON.png,toCheck_100001_08359s_TLT_BAT_ON.png,NA,NA,NA,NA,NA,NA,Faulty
TLT_SERV_ON.png,toCheck_100001_00697s_TLT_SERV_ON.png,NA,NA,NA,NA,NA,NA,Faulty
TLT_STOP_ON.png,toCheck_100002_00382s_TLT_STOP_ON.png,NA,NA,NA,NA,NA,NA,Faulty
TLT_SERV_ON.png,toCheck_100002_00382s_TLT_SERV_ON.png,NA,NA,NA,NA,NA,NA,Faulty
CHARGE_LAYOUT_WITH_ALL_TLT.png,toCheck_100002_00382s_CHARGE_LAYOUT_WITH_ALL_TLT.png,NA,NA,NA,NA,NA,NA,Faulty
TLT_SBS_RED_OFF.png,toCheck_100003_00236s_TLT_SBS_RED_OFF.png,NA,NA,NA,NA,NA,NA,Faulty
TLT_SBSFAILOFF_OFF.png,toCheck_100003_00236s_TLT_SBSFAILOFF_OFF.png,NA,NA,NA,NA,NA,NA,Faulty
TLT_SBS_RED_OFF.png,toCheck_100003_00190s_TLT_SBS_RED_OFF.png,NA,NA,NA,NA,NA,NA,Faulty
TLT_SBSFAILOFF_ON.png,toCheck_100003_00190s_TLT_SBSFAILOFF_ON.png,NA,NA,NA,NA,NA,NA,Faulty
TLT_SBS_RED_ON.png,toCheck_100003_00212s_TLT_SBS_RED_ON.png,NA,NA,NA,NA,NA,NA,Faulty
TLT_SBSFAILOFF_ON.png,toCheck_100003_00212s_TLT_SBSFAILOFF_ON.png,NA,NA,NA,NA,NA,NA,Faulty
TLT_SBS_RED_OFF.png,toCheck_100003_00234s_TLT_SBS_RED_OFF.png,NA,NA,NA,NA,NA,NA,Faulty
TLT_SBSFAILOFF_ON.png,toCheck_100003_00234s_TLT_SBSFAILOFF_ON.png,NA,NA,NA,NA,NA,NA,Faulty
TLT_STOP_ON.png,toCheck_100004_00373s_TLT_STOP_ON.png,NA,NA,NA,NA,NA,NA,Faulty
TLT_STOP_ON.png,toCheck_100004_00393s_TLT_STOP_ON.png,NA,NA,NA,NA,NA,NA,Faulty
TLT_SERV_OFF.png,toCheck_100004_00396s_TLT_SERV_OFF.png,NA,NA,NA,NA,NA,NA,Faulty
TLT_STOP_ON.png,toCheck_100004_00260s_TLT_STOP_ON.png,NA,NA,NA,NA,NA,NA,Faulty
TLT_SERV_OFF.png,toCheck_100004_00370s_TLT_SERV_OFF.png,NA,NA,NA,NA,NA,NA,Faulty
TLT_LBEAM_ON.png,toCheck_100005_00424s_TLT_LBEAM_ON.png,NA,NA,NA,NA,NA,NA,Faulty
TLT_LBEAM_OFF.png,toCheck_100005_00427s_TLT_LBEAM_OFF.png,NA,NA,NA,NA,NA,NA,Faulty
TLT_LBEAM_ON.png,toCheck_100005_00429s_TLT_LBEAM_ON.png,NA,NA,NA,NA,NA,NA,Faulty
TLT_LBEAM_OFF.png,toCheck_100005_00432s_TLT_LBEAM_OFF.png,NA,NA,NA,NA,NA,NA,Faulty
TLT_LBEAM_ON.png,toCheck_100005_00214s_TLT_LBEAM_ON.png,NA,NA,NA,NA,NA,NA,Faulty
TLT_LBEAM_OFF.png,toCheck_100005_00216s_TLT_LBEAM_OFF.png,NA,NA,NA,NA,NA,NA,Faulty
TLT_LBEAM_ON.png,toCheck_100005_00219s_TLT_LBEAM_ON.png,NA,NA,NA,NA,NA,NA,Faulty
TLT_LBEAM_OFF.png,toCheck_100005_00221s_TLT_LBEAM_OFF.png,NA,NA,NA,NA,NA,NA,Faulty
FULL_ALTIA_WAKEUP_MMI.png,toCheck_100006_00651s_FULL_ALTIA_WAKEUP_MMI.png,NA,NA,NA,NA,NA,NA,Faulty
TLT_ABS_ON.png,toCheck_100006_00769s_TLT_ABS_ON.png,NA,NA,NA,NA,NA,NA,Faulty
TLT_ABS_OFF.png,toCheck_100006_00794s_TLT_ABS_OFF.png,NA,NA,NA,NA,NA,NA,Faulty
TLT_SERV_OFF.png,toCheck_100006_00794s_TLT_SERV_OFF.png,NA,NA,NA,NA,NA,NA,Faulty
TLT_ABS_ON.png,toCheck_100006_00193s_TLT_ABS_ON.png,NA,NA,NA,NA,NA,NA,Faulty
TLT_ABS_OFF.png,toCheck_100006_00198s_TLT_ABS_OFF.png,NA,NA,NA,NA,NA,NA,Faulty
TLT_SERV_OFF.png,toCheck_100006_00198s_TLT_SERV_OFF.png,NA,NA,NA,NA,NA,NA,Faulty
TLT_ABS_ON.png,toCheck_100006_00223s_TLT_ABS_ON.png,NA,NA,NA,NA,NA,NA,Faulty
TLT_STOP_ON.png,toCheck_100007_00743s_TLT_STOP_ON.png,NA,NA,NA,NA,NA,NA,Faulty
TLT_ETM_OFF.png,toCheck_100007_00766s_TLT_ETM_OFF.png,NA,NA,NA,NA,NA,NA,Faulty
TLT_STOP_ON.png,toCheck_100007_00191s_TLT_STOP_ON.png,NA,NA,NA,NA,NA,NA,Faulty
TLT_ETM_OFF.png,toCheck_100007_00194s_TLT_ETM_OFF.png,NA,NA,NA,NA,NA,NA,Faulty
TLT_STOP_ON.png,toCheck_100007_00217s_TLT_STOP_ON.png,NA,NA,NA,NA,NA,NA,Faulty
FULL_ALTIA_WAKEUP_MMI.png,toCheck_100008_00644s_FULL_ALTIA_WAKEUP_MMI.png,NA,NA,NA,NA,NA,NA,Faulty
TLT_ABS_ON.png,toCheck_100008_00762s_TLT_ABS_ON.png,NA,NA,NA,NA,NA,NA,Faulty
TLT_STOP_ON.png,toCheck_100008_00762s_TLT_STOP_ON.png,NA,NA,NA,NA,NA,NA,Faulty
TLT_ABS_OFF.png,toCheck_100008_00788s_TLT_ABS_OFF.png,NA,NA,NA,NA,NA,NA,Faulty
TLT_SERV_OFF.png,toCheck_100008_00788s_TLT_SERV_OFF.png,NA,NA,NA,NA,NA,NA,Faulty
TLT_SERV_OFF.png,toCheck_100008_00794s_TLT_SERV_OFF.png,NA,NA,NA,NA,NA,NA,Faulty
TLT_ESPOFF_ON.png,toCheck_100008_00797s_TLT_ESPOFF_ON.png,NA,NA,NA,NA,NA,NA,Faulty
TLT_ESPOFF_OFF.png,toCheck_100008_00801s_TLT_ESPOFF_OFF.png,NA,NA,NA,NA,NA,NA,Faulty
TLT_ABS_ON.png,toCheck_100008_00193s_TLT_ABS_ON.png,NA,NA,NA,NA,NA,NA,Faulty
TLT_STOP_ON.png,toCheck_100008_00196s_TLT_STOP_ON.png,NA,NA,NA,NA,NA,NA,Faulty
TLT_ABS_OFF.png,toCheck_100009_00224s_TLT_ABS_OFF.png,NA,NA,NA,NA,NA,NA,Faulty
TLT_ABS_ON.png,toCheck_100009_00225s_TLT_ABS_ON.png,NA,NA,NA,NA,NA,NA,Faulty
TLT_ABS_OFF.png,toCheck_100009_00249s_TLT_ABS_OFF.png,NA,NA,NA,NA,NA,NA,Faulty
TLT_ABS_OFF.png,toCheck_100009_00190s_TLT_ABS_OFF.png,NA,NA,NA,NA,NA,NA,Faulty
TLT_ABS_ON.png,toCheck_100009_00192s_TLT_ABS_ON.png,NA,NA,NA,NA,NA,NA,Faulty
TLT_ABS_OFF.png,toCheck_100009_00195s_TLT_ABS_OFF.png,NA,NA,NA,NA,NA,NA,Faulty
TLT_ABS_ON.png,toCheck_100009_00197s_TLT_ABS_ON.png,NA,NA,NA,NA,NA,NA,Faulty
TLT_ABS_OFF.png,toCheck_100009_00222s_TLT_ABS_OFF.png,NA,NA,NA,NA,NA,NA,Faulty
TLT_ABS_ON.png,toCheck_100009_00223s_TLT_ABS_ON.png,NA,NA,NA,NA,NA,NA,Faulty
TLT_ABS_ON.png,toCheck_100010_00204s_TLT_ABS_ON.png,NA,NA,NA,NA,NA,NA,Faulty
TLT_ABS_OFF.png,toCheck_100010_00209s_TLT_ABS_OFF.png,NA,NA,NA,NA,NA,NA,Faulty
TLT_ABS_ON.png,toCheck_100010_00212s_TLT_ABS_ON.png,NA,NA,NA,NA,NA,NA,Faulty
TLT_ABS_OFF.png,toCheck_100010_00214s_TLT_ABS_OFF.png,NA,NA,NA,NA,NA,NA,Faulty
TLT_ABS_ON.png,toCheck_100010_00217s_TLT_ABS_ON.png,NA,NA,NA,NA,NA,NA,Faulty
TLT_ABS_OFF.png,toCheck_100010_00222s_TLT_ABS_OFF.png,NA,NA,NA,NA,NA,NA,Faulty
TLT_ABS_ON.png,toCheck_100010_00190s_TLT_ABS_ON.png,NA,NA,NA,NA,NA,NA,Faulty
TLT_ABS_ON.png,toCheck_100010_00192s_TLT_ABS_ON.png,NA,NA,NA,NA,NA,NA,Faulty
TLT_ABS_ON.png,toCheck_100010_00195s_TLT_ABS_ON.png,NA,NA,NA,NA,NA,NA,Faulty
TLT_ABS_OFF.png,toCheck_100010_00197s_TLT_ABS_OFF.png,NA,NA,NA,NA,NA,NA,Faulty
TLT_ABS_ON.png,toCheck_100010_00199s_TLT_ABS_ON.png,NA,NA,NA,NA,NA,NA,Faulty
TLT_ABS_OFF.png,toCheck_100010_00202s_TLT_ABS_OFF.png,NA,NA,NA,NA,NA,NA,Faulty
TLT_ABS_ON.png,toCheck_100011_00197s_TLT_ABS_ON.png,NA,NA,NA,NA,NA,NA,Faulty
TLT_ABS_OFF.png,toCheck_100011_00221s_TLT_ABS_OFF.png,NA,NA,NA,NA,NA,NA,Faulty
TLT_ABS_ON.png,toCheck_100011_00190s_TLT_ABS_ON.png,NA,NA,NA,NA,NA,NA,Faulty
TLT_ABS_ON.png,toCheck_100011_00191s_TLT_ABS_ON.png,NA,NA,NA,NA,NA,NA,Faulty
TLT_ABS_ON.png,toCheck_100011_00192s_TLT_ABS_ON.png,NA,NA,NA,NA,NA,NA,Faulty
TLT_ABS_OFF.png,toCheck_100011_00194s_TLT_ABS_OFF.png,NA,NA,NA,NA,NA,NA,Faulty
TLT_ABS_ON.png,toCheck_100011_00195s_TLT_ABS_ON.png,NA,NA,NA,NA,NA,NA,Faulty
TLT_ABS_OFF.png,toCheck_100011_00196s_TLT_ABS_OFF.png,NA,NA,NA,NA,NA,NA,Faulty
TLT_PB_OFF.png,toCheck_100016_00227s_TLT_PB_OFF.png,NA,NA,NA,NA,NA,NA,Faulty
TLT_PB_ON.png,toCheck_100016_00229s_TLT_PB_ON.png,NA,NA,NA,NA,NA,NA,Faulty
TLT_PB_OFF.png,toCheck_100016_00255s_TLT_PB_OFF.png,NA,NA,NA,NA,NA,NA,Faulty
TLT_PB_OFF.png,toCheck_100016_00190s_TLT_PB_OFF.png,NA,NA,NA,NA,NA,NA,Faulty
TLT_PB_OFF.png,toCheck_100016_00195s_TLT_PB_OFF.png,NA,NA,NA,NA,NA,NA,Faulty
TLT_PB_OFF.png,toCheck_100016_00222s_TLT_PB_OFF.png,NA,NA,NA,NA,NA,NA,Faulty
TLT_PB_ON.png,toCheck_100016_00224s_TLT_PB_ON.png,NA,NA,NA,NA,NA,NA,Faulty
TLT_UREA_ON.png,toCheck_100017_00397s_TLT_UREA_ON.png,NA,NA,NA,NA,NA,NA,Faulty
TLT_UREA_OFF.png,toCheck_100017_00427s_TLT_UREA_OFF.png,NA,NA,NA,NA,NA,NA,Faulty
TLT_UREA_ON.png,toCheck_100017_00190s_TLT_UREA_ON.png,NA,NA,NA,NA,NA,NA,Faulty
TLT_UREA_ON.png,toCheck_100017_00192s_TLT_UREA_ON.png,NA,NA,NA,NA,NA,NA,Faulty
TLT_UREA_ON.png,toCheck_100017_00212s_TLT_UREA_ON.png,NA,NA,NA,NA,NA,NA,Faulty
TLT_UREA_OFF.png,toCheck_100017_00389s_TLT_UREA_OFF.png,NA,NA,NA,NA,NA,NA,Faulty
TLT_UREA_ON.png,toCheck_100017_00392s_TLT_UREA_ON.png,NA,NA,NA,NA,NA,NA,Faulty
TLT_UREA_OFF.png,toCheck_100017_00394s_TLT_UREA_OFF.png,NA,NA,NA,NA,NA,NA,Faulty
TLT_UREA_OFF.png,toCheck_100018_00402s_TLT_UREA_OFF.png,NA,NA,NA,NA,NA,NA,Faulty
TLT_UREA_ON.png,toCheck_100018_00404s_TLT_UREA_ON.png,NA,NA,NA,NA,NA,NA,Faulty
TLT_UREA_OFF.png,toCheck_100018_00435s_TLT_UREA_OFF.png,NA,NA,NA,NA,NA,NA,Faulty
TLT_UREA_OFF.png,toCheck_100018_00365s_TLT_UREA_OFF.png,NA,NA,NA,NA,NA,NA,Faulty
TLT_UREA_ON.png,toCheck_100018_00367s_TLT_UREA_ON.png,NA,NA,NA,NA,NA,NA,Faulty
TLT_UREA_OFF.png,toCheck_100018_00370s_TLT_UREA_OFF.png,NA,NA,NA,NA,NA,NA,Faulty
TLT_UREA_ON.png,toCheck_100018_00372s_TLT_UREA_ON.png,NA,NA,NA,NA,NA,NA,Faulty
TLT_UREA_OFF.png,toCheck_100018_00397s_TLT_UREA_OFF.png,NA,NA,NA,NA,NA,NA,Faulty
TLT_UREA_ON.png,toCheck_100018_00399s_TLT_UREA_ON.png,NA,NA,NA,NA,NA,NA,Faulty
TLT_ESC_OFF.png,toCheck_100019_00229s_TLT_ESC_OFF.png,NA,NA,NA,NA,NA,NA,Faulty
TLT_ESC_ON.png,toCheck_100019_00231s_TLT_ESC_ON.png,NA,NA,NA,NA,NA,NA,Faulty
TLT_ESC_OFF.png,toCheck_100019_00257s_TLT_ESC_OFF.png,NA,NA,NA,NA,NA,NA,Faulty
TLT_ESC_ON.png,toCheck_100019_00190s_TLT_ESC_ON.png,NA,NA,NA,NA,NA,NA,Faulty
TLT_ESC_ON.png,toCheck_100019_00195s_TLT_ESC_ON.png,NA,NA,NA,NA,NA,NA,Faulty
TLT_ESC_ON.png,toCheck_100019_00200s_TLT_ESC_ON.png,NA,NA,NA,NA,NA,NA,Faulty
TLT_ESC_OFF.png,toCheck_100019_00202s_TLT_ESC_OFF.png,NA,NA,NA,NA,NA,NA,Faulty
TLT_ESC_OFF.png,toCheck_100019_00224s_TLT_ESC_OFF.png,NA,NA,NA,NA,NA,NA,Faulty
TLT_ESC_ON.png,toCheck_100019_00226s_TLT_ESC_ON.png,NA,NA,NA,NA,NA,NA,Faulty
TLT_ODB_ON.png,toCheck_100020_00190s_TLT_ODB_ON.png,NA,NA,NA,NA,NA,NA,Faulty
TLT_ODB_OFF.png,toCheck_100020_00195s_TLT_ODB_OFF.png,NA,NA,NA,NA,NA,NA,Faulty
TLT_ODB_ON.png,toCheck_100020_00221s_TLT_ODB_ON.png,NA,NA,NA,NA,NA,NA,Faulty
TLT_ODB_ON.png,toCheck_100020_00226s_TLT_ODB_ON.png,NA,NA,NA,NA,NA,NA,Faulty
TLT_ODB_ON.png,toCheck_100020_00231s_TLT_ODB_ON.png,NA,NA,NA,NA,NA,NA,Faulty
TLT_ODB_OFF.png,toCheck_100020_00234s_TLT_ODB_OFF.png,NA,NA,NA,NA,NA,NA,Faulty
TLT_ECOMODE_ON.png,toCheck_100022_00390s_TLT_ECOMODE_ON.png,NA,NA,NA,NA,NA,NA,Faulty
TLT_ECOMODE_ON.png,toCheck_100022_00392s_TLT_ECOMODE_ON.png,NA,NA,NA,NA,NA,NA,Faulty
TLT_ECOMODE_ON.png,toCheck_100022_00395s_TLT_ECOMODE_ON.png,NA,NA,NA,NA,NA,NA,Faulty
TLT_ECOMODE_ON.png,toCheck_100022_00577s_TLT_ECOMODE_ON.png,NA,NA,NA,NA,NA,NA,Faulty
TLT_ECOMODE_ON.png,toCheck_100022_00587s_TLT_ECOMODE_ON.png,NA,NA,NA,NA,NA,NA,Faulty
TLT_TPW_ON.png,toCheck_100023_00898s_TLT_TPW_ON.png,NA,NA,NA,NA,NA,NA,Faulty
TLT_TPW_ON.png,toCheck_100023_00900s_TLT_TPW_ON.png,NA,NA,NA,NA,NA,NA,Faulty
TLT_TPW_OFF.png,toCheck_100023_00903s_TLT_TPW_OFF.png,NA,NA,NA,NA,NA,NA,Faulty
TLT_TPW_ON.png,toCheck_100023_00905s_TLT_TPW_ON.png,NA,NA,NA,NA,NA,NA,Faulty
TLT_TPW_ON.png,toCheck_100023_00908s_TLT_TPW_ON.png,NA,NA,NA,NA,NA,NA,Faulty
TLT_TPW_OFF.png,toCheck_100023_00910s_TLT_TPW_OFF.png,NA,NA,NA,NA,NA,NA,Faulty
TLT_TPW_ON.png,toCheck_100023_00913s_TLT_TPW_ON.png,NA,NA,NA,NA,NA,NA,Faulty
TLT_TPW_ON.png,toCheck_100023_01608s_TLT_TPW_ON.png,NA,NA,NA,NA,NA,NA,Faulty
TLT_TPW_OFF.png,toCheck_100023_01611s_TLT_TPW_OFF.png,NA,NA,NA,NA,NA,NA,Faulty
TLT_TPW_ON.png,toCheck_100023_00190s_TLT_TPW_ON.png,NA,NA,NA,NA,NA,NA,Faulty
TLT_TPW_OFF.png,toCheck_100023_00193s_TLT_TPW_OFF.png,NA,NA,NA,NA,NA,NA,Faulty
TLT_TPW_ON.png,toCheck_100023_00195s_TLT_TPW_ON.png,NA,NA,NA,NA,NA,NA,Faulty
TLT_TPW_ON.png,toCheck_100023_00198s_TLT_TPW_ON.png,NA,NA,NA,NA,NA,NA,Faulty
TLT_TPW_OFF.png,toCheck_100023_00200s_TLT_TPW_OFF.png,NA,NA,NA,NA,NA,NA,Faulty
TLT_TPW_ON.png,toCheck_100023_00203s_TLT_TPW_ON.png,NA,NA,NA,NA,NA,NA,Faulty
TLT_LDIR_OFF.png,toCheck_100024_00202s_TLT_LDIR_OFF.png,NA,NA,NA,NA,NA,NA,Faulty
TLT_LDIR_OFF.png,toCheck_100024_00235s_TLT_LDIR_OFF.png,NA,NA,NA,NA,NA,NA,Faulty
TLT_DPF_OFF.png,toCheck_100025_00193s_TLT_DPF_OFF.png,NA,NA,NA,NA,NA,NA,Faulty
TLT_DPF_ON.png,toCheck_100025_00198s_TLT_DPF_ON.png,NA,NA,NA,NA,NA,NA,Faulty
TLT_DPF_ON.png,toCheck_100025_00228s_TLT_DPF_ON.png,NA,NA,NA,NA,NA,NA,Faulty
TLT_DPF_ON.png,toCheck_100025_00248s_TLT_DPF_ON.png,NA,NA,NA,NA,NA,NA,Faulty
TLT_DPF_OFF.png,toCheck_100025_00253s_TLT_DPF_OFF.png,NA,NA,NA,NA,NA,NA,Faulty
TLT_ELEP_OFF.png,toCheck_100026_00425s_TLT_ELEP_OFF.png,NA,NA,NA,NA,NA,NA,Faulty
TLT_ELEP_OFF.png,toCheck_100026_00360s_TLT_ELEP_OFF.png,NA,NA,NA,NA,NA,NA,Faulty
TLT_ELEP_ON.png,toCheck_100026_00365s_TLT_ELEP_ON.png,NA,NA,NA,NA,NA,NA,Faulty
TLT_ELEP_OFF.png,toCheck_100026_00392s_TLT_ELEP_OFF.png,NA,NA,NA,NA,NA,NA,Faulty
TLT_ELEP_ON.png,toCheck_100026_00394s_TLT_ELEP_ON.png,NA,NA,NA,NA,NA,NA,Faulty
TLT_ELEP_OFF.png,toCheck_100026_00397s_TLT_ELEP_OFF.png,NA,NA,NA,NA,NA,NA,Faulty
TLT_ELEP_ON.png,toCheck_100026_00399s_TLT_ELEP_ON.png,NA,NA,NA,NA,NA,NA,Faulty
TLT_ODB_ON.png,toCheck_100027_00196s_TLT_ODB_ON.png,NA,NA,NA,NA,NA,NA,Faulty
TLT_ODB_OFF.png,toCheck_100027_00197s_TLT_ODB_OFF.png,NA,NA,NA,NA,NA,NA,Faulty
TLT_ODB_ON.png,toCheck_100027_00198s_TLT_ODB_ON.png,NA,NA,NA,NA,NA,NA,Faulty
TLT_ODB_OFF.png,toCheck_100027_00199s_TLT_ODB_OFF.png,NA,NA,NA,NA,NA,NA,Faulty
TLT_ODB_ON.png,toCheck_100027_00222s_TLT_ODB_ON.png,NA,NA,NA,NA,NA,NA,Faulty
TLT_ODB_OFF.png,toCheck_100027_00223s_TLT_ODB_OFF.png,NA,NA,NA,NA,NA,NA,Faulty
TLT_ODB_ON.png,toCheck_100027_00224s_TLT_ODB_ON.png,NA,NA,NA,NA,NA,NA,Faulty
TLT_ODB_OFF.png,toCheck_100027_00225s_TLT_ODB_OFF.png,NA,NA,NA,NA,NA,NA,Faulty
TLT_ODB_ON.png,toCheck_100027_00226s_TLT_ODB_ON.png,NA,NA,NA,NA,NA,NA,Faulty
TLT_ODB_OFF.png,toCheck_100027_00227s_TLT_ODB_OFF.png,NA,NA,NA,NA,NA,NA,Faulty
TLT_ODB_ON.png,toCheck_100027_00228s_TLT_ODB_ON.png,NA,NA,NA,NA,NA,NA,Faulty
TLT_ODB_OFF.png,toCheck_100027_00229s_TLT_ODB_OFF.png,NA,NA,NA,NA,NA,NA,Faulty
TLT_ODB_ON.png,toCheck_100027_00230s_TLT_ODB_ON.png,NA,NA,NA,NA,NA,NA,Faulty
TLT_ODB_OFF.png,toCheck_100027_00231s_TLT_ODB_OFF.png,NA,NA,NA,NA,NA,NA,Faulty
TLT_ODB_ON.png,toCheck_100027_00254s_TLT_ODB_ON.png,NA,NA,NA,NA,NA,NA,Faulty
TLT_ODB_OFF.png,toCheck_100027_00259s_TLT_ODB_OFF.png,NA,NA,NA,NA,NA,NA,Faulty
TLT_ODB_OFF.png,toCheck_100027_00287s_TLT_ODB_OFF.png,NA,NA,NA,NA,NA,NA,Faulty
TLT_ODB_ON.png,toCheck_100027_00190s_TLT_ODB_ON.png,NA,NA,NA,NA,NA,NA,Faulty
TLT_ODB_OFF.png,toCheck_100027_00191s_TLT_ODB_OFF.png,NA,NA,NA,NA,NA,NA,Faulty
TLT_ODB_ON.png,toCheck_100027_00192s_TLT_ODB_ON.png,NA,NA,NA,NA,NA,NA,Faulty
TLT_ODB_OFF.png,toCheck_100027_00193s_TLT_ODB_OFF.png,NA,NA,NA,NA,NA,NA,Faulty
TLT_ODB_ON.png,toCheck_100027_00194s_TLT_ODB_ON.png,NA,NA,NA,NA,NA,NA,Faulty
TLT_ODB_OFF.png,toCheck_100027_00195s_TLT_ODB_OFF.png,NA,NA,NA,NA,NA,NA,Faulty
TLT_ODB_ON.png,toCheck_100028_00196s_TLT_ODB_ON.png,NA,NA,NA,NA,NA,NA,Faulty
TLT_ODB_OFF.png,toCheck_100028_00197s_TLT_ODB_OFF.png,NA,NA,NA,NA,NA,NA,Faulty
TLT_ODB_ON.png,toCheck_100028_00198s_TLT_ODB_ON.png,NA,NA,NA,NA,NA,NA,Faulty
TLT_ODB_OFF.png,toCheck_100028_00199s_TLT_ODB_OFF.png,NA,NA,NA,NA,NA,NA,Faulty
TLT_ODB_ON.png,toCheck_100028_00221s_TLT_ODB_ON.png,NA,NA,NA,NA,NA,NA,Faulty
TLT_ODB_OFF.png,toCheck_100028_00222s_TLT_ODB_OFF.png,NA,NA,NA,NA,NA,NA,Faulty
TLT_ODB_ON.png,toCheck_100028_00223s_TLT_ODB_ON.png,NA,NA,NA,NA,NA,NA,Faulty
TLT_ODB_OFF.png,toCheck_100028_00224s_TLT_ODB_OFF.png,NA,NA,NA,NA,NA,NA,Faulty
TLT_ODB_ON.png,toCheck_100028_00225s_TLT_ODB_ON.png,NA,NA,NA,NA,NA,NA,Faulty
TLT_ODB_OFF.png,toCheck_100028_00226s_TLT_ODB_OFF.png,NA,NA,NA,NA,NA,NA,Faulty
TLT_ODB_ON.png,toCheck_100028_00227s_TLT_ODB_ON.png,NA,NA,NA,NA,NA,NA,Faulty
TLT_ODB_OFF.png,toCheck_100028_00228s_TLT_ODB_OFF.png,NA,NA,NA,NA,NA,NA,Faulty
TLT_ODB_ON.png,toCheck_100028_00229s_TLT_ODB_ON.png,NA,NA,NA,NA,NA,NA,Faulty
TLT_ODB_OFF.png,toCheck_100028_00230s_TLT_ODB_OFF.png,NA,NA,NA,NA,NA,NA,Faulty
TLT_ODB_ON.png,toCheck_100028_00256s_TLT_ODB_ON.png,NA,NA,NA,NA,NA,NA,Faulty
TLT_ODB_OFF.png,toCheck_100028_00279s_TLT_ODB_OFF.png,NA,NA,NA,NA,NA,NA,Faulty
TLT_ODB_ON.png,toCheck_100028_00190s_TLT_ODB_ON.png,NA,NA,NA,NA,NA,NA,Faulty
TLT_ODB_OFF.png,toCheck_100028_00191s_TLT_ODB_OFF.png,NA,NA,NA,NA,NA,NA,Faulty
TLT_ODB_ON.png,toCheck_100028_00192s_TLT_ODB_ON.png,NA,NA,NA,NA,NA,NA,Faulty
TLT_ODB_OFF.png,toCheck_100028_00193s_TLT_ODB_OFF.png,NA,NA,NA,NA,NA,NA,Faulty
TLT_ODB_ON.png,toCheck_100028_00194s_TLT_ODB_ON.png,NA,NA,NA,NA,NA,NA,Faulty
TLT_ODB_OFF.png,toCheck_100028_00195s_TLT_ODB_OFF.png,NA,NA,NA,NA,NA,NA,Faulty
TLT_ELEP_ON.png,toCheck_100030_00389s_TLT_ELEP_ON.png,NA,NA,NA,NA,NA,NA,Faulty
TLT_ELEP_OFF.png,toCheck_100030_00415s_TLT_ELEP_OFF.png,NA,NA,NA,NA,NA,NA,Faulty
TLT_ELEP_ON.png,toCheck_100030_00360s_TLT_ELEP_ON.png,NA,NA,NA,NA,NA,NA,Faulty
TLT_ELEP_ON.png,toCheck_100030_00367s_TLT_ELEP_ON.png,NA,NA,NA,NA,NA,NA,Faulty
TLT_ELEP_ON.png,toCheck_100030_00375s_TLT_ELEP_ON.png,NA,NA,NA,NA,NA,NA,Faulty
TLT_ELEP_OFF.png,toCheck_100030_00382s_TLT_ELEP_OFF.png,NA,NA,NA,NA,NA,NA,Faulty
TLT_ELEP_ON.png,toCheck_100030_00384s_TLT_ELEP_ON.png,NA,NA,NA,NA,NA,NA,Faulty
TLT_ELEP_OFF.png,toCheck_100030_00387s_TLT_ELEP_OFF.png,NA,NA,NA,NA,NA,NA,Faulty
TLT_STOP_ON.png,toCheck_100031_00260s_TLT_STOP_ON.png,NA,NA,NA,NA,NA,NA,Faulty
TLT_ODB_ON.png,toCheck_100031_00260s_TLT_ODB_ON.png,NA,NA,NA,NA,NA,NA,Faulty
TLT_WASHER_ON.png,toCheck_100032_00480s_TLT_WASHER_ON.png,NA,NA,NA,NA,NA,NA,Faulty
TLT_WASHER_OFF.png,toCheck_100032_01281s_TLT_WASHER_OFF.png,NA,NA,NA,NA,NA,NA,Faulty
ODO_999998_TRIP_0_KM_DISTANCE.png,toCheck_100008_00080s_ODO_999998_TRIP_0_KM_DISTANCE.png,NA,NA,NA,NA,NA,NA,Faulty
TLT_SERV_OFF.png,toCheck_100000_00463s_TLT_SERV_OFF.png,NA,NA,NA,NA,NA,NA,Faulty
NO_ALERT_PHEV.png,toCheck_100000_00498s_NO_ALERT_PHEV.png,NA,NA,NA,NA,NA,NA,Faulty
ENG_FLOW_2WD_BAT_FRWHEEL_LOW_EV.png,toCheck_100001_00498s_ENG_FLOW_2WD_BAT_FRWHEEL_LOW_EV.png,NA,NA,NA,NA,NA,NA,Faulty
ENG_FLOW_2WD_BAT_FRWHEEL_MID_EV.png,toCheck_100001_00523s_ENG_FLOW_2WD_BAT_FRWHEEL_MID_EV.png,NA,NA,NA,NA,NA,NA,Faulty
ENG_FLOW_2WD_BAT_FRWHEEL_HIGH_EV.png,toCheck_100001_00548s_ENG_FLOW_2WD_BAT_FRWHEEL_HIGH_EV.png,NA,NA,NA,NA,NA,NA,Faulty
ENG_FLOW_2WD_FRWHEEL_BAT_LOW_EV.png,toCheck_100002_00498s_ENG_FLOW_2WD_FRWHEEL_BAT_LOW_EV.png,NA,NA,NA,NA,NA,NA,Faulty
ENG_FLOW_2WD_FRWHEEL_BAT_MID_EV.png,toCheck_100002_00523s_ENG_FLOW_2WD_FRWHEEL_BAT_MID_EV.png,NA,NA,NA,NA,NA,NA,Faulty
ENG_FLOW_2WD_FRWHEEL_BAT_HIGH_EV.png,toCheck_100002_00548s_ENG_FLOW_2WD_FRWHEEL_BAT_HIGH_EV.png,NA,NA,NA,NA,NA,NA,Faulty
ENG_FLOW_4WD_BAT_WHEEL_LOW_EV.png,toCheck_100003_00498s_ENG_FLOW_4WD_BAT_WHEEL_LOW_EV.png,NA,NA,NA,NA,NA,NA,Faulty
ENG_FLOW_4WD_BAT_WHEEL_MID_EV.png,toCheck_100003_00523s_ENG_FLOW_4WD_BAT_WHEEL_MID_EV.png,NA,NA,NA,NA,NA,NA,Faulty
ENG_FLOW_4WD_BAT_WHEEL_HIGH_EV.png,toCheck_100003_00548s_ENG_FLOW_4WD_BAT_WHEEL_HIGH_EV.png,NA,NA,NA,NA,NA,NA,Faulty
ENG_FLOW_4WD_WHEEL_BAT_LOW_EV.png,toCheck_100004_00498s_ENG_FLOW_4WD_WHEEL_BAT_LOW_EV.png,NA,NA,NA,NA,NA,NA,Faulty
ENG_FLOW_4WD_WHEEL_BAT_MID_EV.png,toCheck_100004_00523s_ENG_FLOW_4WD_WHEEL_BAT_MID_EV.png,NA,NA,NA,NA,NA,NA,Faulty
ENG_FLOW_4WD_WHEEL_BAT_HIGH_EV.png,toCheck_100004_00548s_ENG_FLOW_4WD_WHEEL_BAT_HIGH_EV.png,NA,NA,NA,NA,NA,NA,Faulty
ENG_FLOW_4WD_ENG_BAT_FR_RR_WHL_HIGH_HEV.png,toCheck_100005_00578s_ENG_FLOW_4WD_ENG_BAT_FR_RR_WHL_HIGH_HEV.png,NA,NA,NA,NA,NA,NA,Faulty
ENG_FLOW_4WD_ENG_BAT_FR_RR_WHL_HIGH_HEV.png,toCheck_100006_00543s_ENG_FLOW_4WD_ENG_BAT_FR_RR_WHL_HIGH_HEV.png,NA,NA,NA,NA,NA,NA,Faulty
ENG_FLOW_4WD_ENG_BAT_FR_RR_WHL_HIGH_HEV.png,toCheck_100006_00558s_ENG_FLOW_4WD_ENG_BAT_FR_RR_WHL_HIGH_HEV.png,NA,NA,NA,NA,NA,NA,Faulty
ENG_FLOW_4WD_ENG_BAT_FR_RR_WHL_HIGH_HEV.png,toCheck_100012_00548s_ENG_FLOW_4WD_ENG_BAT_FR_RR_WHL_HIGH_HEV.png,NA,NA,NA,NA,NA,NA,Faulty
ENG_FLOW_4WD_ENG_BAT_ENG_FRWHEEL_MID_HEV.png,toCheck_100013_00548s_ENG_FLOW_4WD_ENG_BAT_ENG_FRWHEEL_MID_HEV.png,NA,NA,NA,NA,NA,NA,Faulty
2WD_mHEV_ENG_BAT_TOFRWHEEL_HIGH.png,toCheck_100024_00548s_2WD_mHEV_ENG_BAT_TOFRWHEEL_HIGH.png,NA,NA,NA,NA,NA,NA,Faulty
TLT_SERV_OFF.png,toCheck_100000_00163s_TLT_SERV_OFF.png,NA,NA,NA,NA,NA,NA,Faulty
NO_ALERT.png,toCheck_100000_00168s_NO_ALERT.png,NA,NA,NA,NA,NA,NA,Faulty
TLT_TPMS_ON.png,toCheck_100001_00658s_TLT_TPMS_ON.png,NA,NA,NA,NA,NA,NA,Faulty
TLT_TPMS_OFF.png,toCheck_100001_00660s_TLT_TPMS_OFF.png,NA,NA,NA,NA,NA,NA,Faulty
TPMS_PRESSUREVALUE_2p4FW_2p5RW.png,toCheck_100001_00713s_TPMS_PRESSUREVALUE_2p4FW_2p5RW.png,NA,NA,NA,NA,NA,NA,Faulty
TPMS_PAGE.png,toCheck_100001_00505s_TPMS_PAGE.png,NA,NA,NA,NA,NA,NA,Faulty
TXTALT_30201_2_FR.png,toCheck_100001_00650s_TXTALT_30201_2_FR.png,NA,NA,NA,NA,NA,NA,Faulty
TLT_SERV_ON.png,toCheck_100001_00653s_TLT_SERV_ON.png,NA,NA,NA,NA,NA,NA,Faulty
TLT_TPMS_ON.png,toCheck_100001_00653s_TLT_TPMS_ON.png,NA,NA,NA,NA,NA,NA,Faulty
TLT_TPMS_OFF.png,toCheck_100001_00655s_TLT_TPMS_OFF.png,NA,NA,NA,NA,NA,NA,Faulty
TLT_TPMS_ON.png,toCheck_100002_00523s_TLT_TPMS_ON.png,NA,NA,NA,NA,NA,NA,Faulty
TLT_TPMS_OFF.png,toCheck_100002_00525s_TLT_TPMS_OFF.png,NA,NA,NA,NA,NA,NA,Faulty
TPMS_PAGE.png,toCheck_100002_00505s_TPMS_PAGE.png,NA,NA,NA,NA,NA,NA,Faulty
TLT_TPMS_ON.png,toCheck_100002_00518s_TLT_TPMS_ON.png,NA,NA,NA,NA,NA,NA,Faulty
TLT_TPMS_OFF.png,toCheck_100002_00520s_TLT_TPMS_OFF.png,NA,NA,NA,NA,NA,NA,Faulty
TLT_STOP_ON.png,toCheck_100003_00488s_TLT_STOP_ON.png,NA,NA,NA,NA,NA,NA,Faulty
TLT_TPMS_ON.png,toCheck_100003_00488s_TLT_TPMS_ON.png,NA,NA,NA,NA,NA,NA,Faulty
TPMS_All_WS_PUNCTURE.png,toCheck_100003_00493s_TPMS_All_WS_PUNCTURE.png,NA,NA,NA,NA,NA,NA,Faulty
TLT_TPMS_ON.png,toCheck_100004_00523s_TLT_TPMS_ON.png,NA,NA,NA,NA,NA,NA,Faulty
TLT_TPMS_OFF.png,toCheck_100004_00525s_TLT_TPMS_OFF.png,NA,NA,NA,NA,NA,NA,Faulty
TLT_TPMS_ON.png,toCheck_100004_01218s_TLT_TPMS_ON.png,NA,NA,NA,NA,NA,NA,Faulty
TLT_STOP_ON.png,toCheck_100004_01223s_TLT_STOP_ON.png,NA,NA,NA,NA,NA,NA,Faulty
TLT_SERV_OFF.png,toCheck_100004_01223s_TLT_SERV_OFF.png,NA,NA,NA,NA,NA,NA,Faulty
TLT_TPMS_ON.png,toCheck_100004_01223s_TLT_TPMS_ON.png,NA,NA,NA,NA,NA,NA,Faulty
TPMS_PAGE.png,toCheck_100004_00505s_TPMS_PAGE.png,NA,NA,NA,NA,NA,NA,Faulty
TLT_TPMS_ON.png,toCheck_100004_00518s_TLT_TPMS_ON.png,NA,NA,NA,NA,NA,NA,Faulty
TLT_TPMS_OFF.png,toCheck_100004_00520s_TLT_TPMS_OFF.png,NA,NA,NA,NA,NA,NA,Faulty
TLT_TPMS_ON.png,toCheck_100005_00523s_TLT_TPMS_ON.png,NA,NA,NA,NA,NA,NA,Faulty
TLT_TPMS_OFF.png,toCheck_100005_00525s_TLT_TPMS_OFF.png,NA,NA,NA,NA,NA,NA,Faulty
TLT_TPMS_ON.png,toCheck_100005_01218s_TLT_TPMS_ON.png,NA,NA,NA,NA,NA,NA,Faulty
FULL_ALTIA_WAKEUP_MMI.png,toCheck_100005_01626s_FULL_ALTIA_WAKEUP_MMI.png,NA,NA,NA,NA,NA,NA,Faulty
TLT_TPMS_ON.png,toCheck_100005_01744s_TLT_TPMS_ON.png,NA,NA,NA,NA,NA,NA,Faulty
TLT_TPMS_OFF.png,toCheck_100005_01746s_TLT_TPMS_OFF.png,NA,NA,NA,NA,NA,NA,Faulty
TLT_TPMS_ON.png,toCheck_100005_01749s_TLT_TPMS_ON.png,NA,NA,NA,NA,NA,NA,Faulty
TLT_TPMS_OFF.png,toCheck_100005_01751s_TLT_TPMS_OFF.png,NA,NA,NA,NA,NA,NA,Faulty
TLT_TPMS_ON.png,toCheck_100005_02454s_TLT_TPMS_ON.png,NA,NA,NA,NA,NA,NA,Faulty
TLT_TPMS_OFF.png,toCheck_100005_02459s_TLT_TPMS_OFF.png,NA,NA,NA,NA,NA,NA,Faulty
TPMS_PAGE.png,toCheck_100005_00505s_TPMS_PAGE.png,NA,NA,NA,NA,NA,NA,Faulty
TLT_TPMS_ON.png,toCheck_100005_00518s_TLT_TPMS_ON.png,NA,NA,NA,NA,NA,NA,Faulty
TLT_TPMS_OFF.png,toCheck_100005_00520s_TLT_TPMS_OFF.png,NA,NA,NA,NA,NA,NA,Faulty
TLT_STOP_ON.png,toCheck_100006_00520s_TLT_STOP_ON.png,NA,NA,NA,NA,NA,NA,Faulty
TLT_TPMS_ON.png,toCheck_100006_00520s_TLT_TPMS_ON.png,NA,NA,NA,NA,NA,NA,Faulty
TPMS_PAGE.png,toCheck_100006_00505s_TPMS_PAGE.png,NA,NA,NA,NA,NA,NA,Faulty
TLT_TPMS_ON.png,toCheck_100006_00515s_TLT_TPMS_ON.png,NA,NA,NA,NA,NA,NA,Faulty
TPMS_PUNCTURE_FR.png,toCheck_100006_00520s_TPMS_PUNCTURE_FR.png,NA,NA,NA,NA,NA,NA,Faulty
TLT_TPMS_ON.png,toCheck_100007_00488s_TLT_TPMS_ON.png,NA,NA,NA,NA,NA,NA,Faulty
TPMS_PAGE.png,toCheck_100009_00505s_TPMS_PAGE.png,NA,NA,NA,NA,NA,NA,Faulty
TPMS_PAGE.png,toCheck_100011_00420s_TPMS_PAGE.png,NA,NA,NA,NA,NA,NA,Faulty
TPMS_PAGE.png,toCheck_100012_00410s_TPMS_PAGE.png,NA,NA,NA,NA,NA,NA,Faulty
TLT_TPMS_ON.png,toCheck_100013_00500s_TLT_TPMS_ON.png,NA,NA,NA,NA,NA,NA,Faulty
TPMS_PAGE.png,toCheck_100013_00410s_TPMS_PAGE.png,NA,NA,NA,NA,NA,NA,Faulty
TPMS_PRESSUREVALUE_2p4FW_2p5RW.png,toCheck_100013_00480s_TPMS_PRESSUREVALUE_2p4FW_2p5RW.png,NA,NA,NA,NA,NA,NA,Faulty
HMGT_TPMS_PAGE.png,toCheck_100014_00545s_HMGT_TPMS_PAGE.png,NA,NA,NA,NA,NA,NA,Faulty
HMGT_TPMS_PAGE.png,toCheck_100015_00526s_HMGT_TPMS_PAGE.png,NA,NA,NA,NA,NA,NA,Faulty
TLT_TPMS_ON.png,toCheck_100015_00485s_TLT_TPMS_ON.png,NA,NA,NA,NA,NA,NA,Faulty
TLT_TPMS_OFF.png,toCheck_100015_00488s_TLT_TPMS_OFF.png,NA,NA,NA,NA,NA,NA,Faulty
TLT_TPMS_ON.png,toCheck_100015_00490s_TLT_TPMS_ON.png,NA,NA,NA,NA,NA,NA,Faulty
TLT_TPMS_OFF.png,toCheck_100015_00493s_TLT_TPMS_OFF.png,NA,NA,NA,NA,NA,NA,Faulty
TLT_SERV_OFF.png,toCheck_100016_00483s_TLT_SERV_OFF.png,NA,NA,NA,NA,NA,NA,Faulty
TLT_TPMS_OFF.png,toCheck_100016_00483s_TLT_TPMS_OFF.png,NA,NA,NA,NA,NA,NA,Faulty
TLT_STOP_ON.png,toCheck_100017_00483s_TLT_STOP_ON.png,NA,NA,NA,NA,NA,NA,Faulty
TLT_TPMS_ON.png,toCheck_100017_00483s_TLT_TPMS_ON.png,NA,NA,NA,NA,NA,NA,Faulty
TLT_TPMS_ON.png,toCheck_100018_00483s_TLT_TPMS_ON.png,NA,NA,NA,NA,NA,NA,Faulty
HMGT_TPMS_PAGE.png,toCheck_100018_00518s_HMGT_TPMS_PAGE.png,NA,NA,NA,NA,NA,NA,Faulty
TLT_TPMS_ON.png,toCheck_100019_00490s_TLT_TPMS_ON.png,NA,NA,NA,NA,NA,NA,Faulty
TLT_TPMS_OFF.png,toCheck_100019_00493s_TLT_TPMS_OFF.png,NA,NA,NA,NA,NA,NA,Faulty
TLT_TPMS_ON.png,toCheck_100019_00495s_TLT_TPMS_ON.png,NA,NA,NA,NA,NA,NA,Faulty
TLT_TPMS_OFF.png,toCheck_100019_00498s_TLT_TPMS_OFF.png,NA,NA,NA,NA,NA,NA,Faulty
TLT_STOP_ON.png,toCheck_100020_00488s_TLT_STOP_ON.png,NA,NA,NA,NA,NA,NA,Faulty
TLT_TPMS_ON.png,toCheck_100020_00488s_TLT_TPMS_ON.png,NA,NA,NA,NA,NA,NA,Faulty
TLT_TPMS_ON.png,toCheck_100021_00488s_TLT_TPMS_ON.png,NA,NA,NA,NA,NA,NA,Faulty
NO_ALERT_OILPAGE.png,toCheck_100001_00513s_NO_ALERT_OILPAGE.png,NA,NA,NA,NA,NA,NA,Faulty
NO_ALERT_AUTONOMYPAGE.png,toCheck_100001_00513s_NO_ALERT_AUTONOMYPAGE.png,NA,NA,NA,NA,NA,NA,Faulty
TLT_SERV_OFF.png,toCheck_100000_00282s_TLT_SERV_OFF.png,NA,NA,NA,NA,NA,NA,Faulty
NO_ALERT.png,toCheck_100000_00287s_NO_ALERT.png,NA,NA,NA,NA,NA,NA,Faulty
TLT_SERV_OFF.png,toCheck_100000_00287s_TLT_SERV_OFF.png,NA,NA,NA,NA,NA,NA,Faulty
TLT_SERV_OFF.png,toCheck_100000_00289s_TLT_SERV_OFF.png,NA,NA,NA,NA,NA,NA,Faulty
NO_ALERT.png,toCheck_100000_00294s_NO_ALERT.png,NA,NA,NA,NA,NA,NA,Faulty
TLT_SERV_OFF.png,toCheck_100000_00161s_TLT_SERV_OFF.png,NA,NA,NA,NA,NA,NA,Faulty
TLT_SERV_OFF.png,toCheck_100001_00220s_TLT_SERV_OFF.png,NA,NA,NA,NA,NA,NA,Faulty
TLT_SERV_OFF.png,toCheck_100001_00279s_TLT_SERV_OFF.png,NA,NA,NA,NA,NA,NA,Faulty
NO_ALERT.png,toCheck_100001_00285s_NO_ALERT.png,NA,NA,NA,NA,NA,NA,Faulty
NO_ALERT.png,toCheck_100001_00286s_NO_ALERT.png,NA,NA,NA,NA,NA,NA,Faulty
NO_ALERT.png,toCheck_100001_00286s_NO_ALERT.png,NA,NA,NA,NA,NA,NA,Faulty
FULL_ALTIA_WAKEUP_MMI.png,toCheck_100001_00314s_FULL_ALTIA_WAKEUP_MMI.png,NA,NA,NA,NA,NA,NA,Faulty
TLT_SERV_OFF.png,toCheck_100001_00317s_TLT_SERV_OFF.png,NA,NA,NA,NA,NA,NA,Faulty
NO_ALERT.png,toCheck_100001_00322s_NO_ALERT.png,NA,NA,NA,NA,NA,NA,Faulty
NO_ALERT.png,toCheck_100001_00323s_NO_ALERT.png,NA,NA,NA,NA,NA,NA,Faulty
TLT_SERV_OFF.png,toCheck_100001_00323s_TLT_SERV_OFF.png,NA,NA,NA,NA,NA,NA,Faulty
FULL_ALTIA_WAKEUP_MMI.png,toCheck_100001_00360s_FULL_ALTIA_WAKEUP_MMI.png,NA,NA,NA,NA,NA,NA,Faulty
TLT_SERV_OFF.png,toCheck_100001_00421s_TLT_SERV_OFF.png,NA,NA,NA,NA,NA,NA,Faulty
TLT_SERV_OFF.png,toCheck_100001_00471s_TLT_SERV_OFF.png,NA,NA,NA,NA,NA,NA,Faulty
FULL_ALTIA_WAKEUP_MMI.png,toCheck_100001_00751s_FULL_ALTIA_WAKEUP_MMI.png,NA,NA,NA,NA,NA,NA,Faulty
TLT_PB_ON.png,toCheck_100001_00752s_TLT_PB_ON.png,NA,NA,NA,NA,NA,NA,Faulty
TLT_SERV_OFF.png,toCheck_100001_00752s_TLT_SERV_OFF.png,NA,NA,NA,NA,NA,NA,Faulty
TLT_STOP_OFF.png,toCheck_100001_00752s_TLT_STOP_OFF.png,NA,NA,NA,NA,NA,NA,Faulty
TLT_SERV_OFF.png,toCheck_100001_00161s_TLT_SERV_OFF.png,NA,NA,NA,NA,NA,NA,Faulty
NO_ALERT.png,toCheck_100001_00752s_NO_ALERT.png,NA,NA,NA,NA,NA,NA,Faulty
NO_ALERT.png,toCheck_100001_00757s_NO_ALERT.png,NA,NA,NA,NA,NA,NA,Faulty
NO_ALERT.png,toCheck_100001_00787s_NO_ALERT.png,NA,NA,NA,NA,NA,NA,Faulty
TLT_SERV_OFF.png,toCheck_100001_00787s_TLT_SERV_OFF.png,NA,NA,NA,NA,NA,NA,Faulty
TLT_STOP_OFF.png,toCheck_100001_00787s_TLT_STOP_OFF.png,NA,NA,NA,NA,NA,NA,Faulty
TLT_SERV_OFF.png,toCheck_100002_00394s_TLT_SERV_OFF.png,NA,NA,NA,NA,NA,NA,Faulty
NO_ALERT.png,toCheck_100002_00429s_NO_ALERT.png,NA,NA,NA,NA,NA,NA,Faulty
GENERAL_ODO_PAGE_0KM.png,toCheck_100002_00238s_GENERAL_ODO_PAGE_0KM.png,NA,NA,NA,NA,NA,NA,Faulty
TLT_SERV_OFF.png,toCheck_100002_00266s_TLT_SERV_OFF.png,NA,NA,NA,NA,NA,NA,Faulty
TLT_SERV_OFF.png,toCheck_100002_00276s_TLT_SERV_OFF.png,NA,NA,NA,NA,NA,NA,Faulty
TLT_SERV_OFF.png,toCheck_100003_00394s_TLT_SERV_OFF.png,NA,NA,NA,NA,NA,NA,Faulty
NO_ALERT.png,toCheck_100003_00429s_NO_ALERT.png,NA,NA,NA,NA,NA,NA,Faulty
GENERAL_ODO_PAGE_0KM.png,toCheck_100003_00238s_GENERAL_ODO_PAGE_0KM.png,NA,NA,NA,NA,NA,NA,Faulty
TLT_SERV_OFF.png,toCheck_100003_00266s_TLT_SERV_OFF.png,NA,NA,NA,NA,NA,NA,Faulty
TLT_SERV_OFF.png,toCheck_100003_00276s_TLT_SERV_OFF.png,NA,NA,NA,NA,NA,NA,Faulty
NO_ALERT.png,toCheck_100004_00167s_NO_ALERT.png,NA,NA,NA,NA,NA,NA,Faulty
NO_ALERT.png,toCheck_100004_00202s_NO_ALERT.png,NA,NA,NA,NA,NA,NA,Faulty
TLT_ABS_ON.png,toCheck_100004_00163s_TLT_ABS_ON.png,NA,NA,NA,NA,NA,NA,Faulty
TLT_ABS_OFF.png,toCheck_100004_00164s_TLT_ABS_OFF.png,NA,NA,NA,NA,NA,NA,Faulty
TLT_ABS_ON.png,toCheck_100004_00165s_TLT_ABS_ON.png,NA,NA,NA,NA,NA,NA,Faulty
TLT_ABS_OFF.png,toCheck_100004_00166s_TLT_ABS_OFF.png,NA,NA,NA,NA,NA,NA,Faulty
TLT_SERV_OFF.png,toCheck_100004_00167s_TLT_SERV_OFF.png,NA,NA,NA,NA,NA,NA,Faulty
NO_ALERT.png,toCheck_100005_00173s_NO_ALERT.png,NA,NA,NA,NA,NA,NA,Faulty
NO_ALERT.png,toCheck_100005_00208s_NO_ALERT.png,NA,NA,NA,NA,NA,NA,Faulty
TLT_ABS_ON.png,toCheck_100005_00163s_TLT_ABS_ON.png,NA,NA,NA,NA,NA,NA,Faulty
TLT_ABS_OFF.png,toCheck_100005_00165s_TLT_ABS_OFF.png,NA,NA,NA,NA,NA,NA,Faulty
TLT_ABS_ON.png,toCheck_100005_00168s_TLT_ABS_ON.png,NA,NA,NA,NA,NA,NA,Faulty
TLT_ABS_OFF.png,toCheck_100005_00170s_TLT_ABS_OFF.png,NA,NA,NA,NA,NA,NA,Faulty
TLT_SERV_OFF.png,toCheck_100005_00173s_TLT_SERV_OFF.png,NA,NA,NA,NA,NA,NA,Faulty
NO_ALERT.png,toCheck_100006_00303s_NO_ALERT.png,NA,NA,NA,NA,NA,NA,Faulty
NO_ALERT.png,toCheck_100006_00176s_NO_ALERT.png,NA,NA,NA,NA,NA,NA,Faulty
NO_ALERT.png,toCheck_100007_00294s_NO_ALERT.png,NA,NA,NA,NA,NA,NA,Faulty
NO_ALERT.png,toCheck_100007_00176s_NO_ALERT.png,NA,NA,NA,NA,NA,NA,Faulty
NO_ALERT.png,toCheck_100008_00677s_NO_ALERT.png,NA,NA,NA,NA,NA,NA,Faulty
NO_ALERT.png,toCheck_100008_00176s_NO_ALERT.png,NA,NA,NA,NA,NA,NA,Faulty
NO_ALERT.png,toCheck_100009_00791s_NO_ALERT.png,NA,NA,NA,NA,NA,NA,Faulty
NO_ALERT.png,toCheck_100009_00176s_NO_ALERT.png,NA,NA,NA,NA,NA,NA,Faulty
NO_ALERT.png,toCheck_100010_00176s_NO_ALERT.png,NA,NA,NA,NA,NA,NA,Faulty
NO_ALERT.png,toCheck_100010_00313s_NO_ALERT.png,NA,NA,NA,NA,NA,NA,Faulty
NO_ALERT.png,toCheck_100011_00646s_NO_ALERT.png,NA,NA,NA,NA,NA,NA,Faulty
NO_ALERT.png,toCheck_100011_00176s_NO_ALERT.png,NA,NA,NA,NA,NA,NA,Faulty
NO_ALERT.png,toCheck_100012_00176s_NO_ALERT.png,NA,NA,NA,NA,NA,NA,Faulty
NO_ALERT.png,toCheck_100012_00308s_NO_ALERT.png,NA,NA,NA,NA,NA,NA,Faulty
NO_ALERT.png,toCheck_100013_00176s_NO_ALERT.png,NA,NA,NA,NA,NA,NA,Faulty
ALT_SERVICE_PAGE.png,toCheck_100014_00978s_ALT_SERVICE_PAGE.png,NA,NA,NA,NA,NA,NA,Faulty
NO_ALERT.png,toCheck_100014_00176s_NO_ALERT.png,NA,NA,NA,NA,NA,NA,Faulty
NO_ALERT.png,toCheck_100015_00176s_NO_ALERT.png,NA,NA,NA,NA,NA,NA,Faulty
NO_ALERT.png,toCheck_100015_01003s_NO_ALERT.png,NA,NA,NA,NA,NA,NA,Faulty
NO_ALERT.png,toCheck_100016_00520s_NO_ALERT.png,NA,NA,NA,NA,NA,NA,Faulty
NO_ALERT.png,toCheck_100016_00525s_NO_ALERT.png,NA,NA,NA,NA,NA,NA,Faulty
NO_ALERT.png,toCheck_100016_00530s_NO_ALERT.png,NA,NA,NA,NA,NA,NA,Faulty
NO_ALERT.png,toCheck_100016_00535s_NO_ALERT.png,NA,NA,NA,NA,NA,NA,Faulty
NO_ALERT.png,toCheck_100016_00540s_NO_ALERT.png,NA,NA,NA,NA,NA,NA,Faulty
NO_ALERT.png,toCheck_100016_00176s_NO_ALERT.png,NA,NA,NA,NA,NA,NA,Faulty
NO_ALERT.png,toCheck_100016_00196s_NO_ALERT.png,NA,NA,NA,NA,NA,NA,Faulty
NO_ALERT.png,toCheck_100016_00217s_NO_ALERT.png,NA,NA,NA,NA,NA,NA,Faulty
NO_ALERT.png,toCheck_100017_00576s_NO_ALERT.png,NA,NA,NA,NA,NA,NA,Faulty
NO_ALERT.png,toCheck_100017_00586s_NO_ALERT.png,NA,NA,NA,NA,NA,NA,Faulty
NO_ALERT.png,toCheck_100017_00176s_NO_ALERT.png,NA,NA,NA,NA,NA,NA,Faulty
NO_ALERT.png,toCheck_100017_00241s_NO_ALERT.png,NA,NA,NA,NA,NA,NA,Faulty
NO_ALERT.png,toCheck_100017_00396s_NO_ALERT.png,NA,NA,NA,NA,NA,NA,Faulty
NO_ALERT.png,toCheck_100017_00406s_NO_ALERT.png,NA,NA,NA,NA,NA,NA,Faulty
NO_ALERT.png,toCheck_100000_00536s_NO_ALERT.png,NA,NA,NA,NA,NA,NA,Faulty
NO_ALERT.png,toCheck_100000_00213s_NO_ALERT.png,NA,NA,NA,NA,NA,NA,Faulty
NO_ALERT.png,toCheck_100001_00571s_NO_ALERT.png,NA,NA,NA,NA,NA,NA,Faulty
NO_ALERT.png,toCheck_100001_00248s_NO_ALERT.png,NA,NA,NA,NA,NA,NA,Faulty
NO_ALERT.png,toCheck_100002_00536s_NO_ALERT.png,NA,NA,NA,NA,NA,NA,Faulty
NO_ALERT.png,toCheck_100002_00213s_NO_ALERT.png,NA,NA,NA,NA,NA,NA,Faulty
TLT_SERV_OFF.png,toCheck_100003_00523s_TLT_SERV_OFF.png,NA,NA,NA,NA,NA,NA,Faulty
NO_ALERT.png,toCheck_100003_00536s_NO_ALERT.png,NA,NA,NA,NA,NA,NA,Faulty
TLT_SERV_OFF.png,toCheck_100003_00191s_TLT_SERV_OFF.png,NA,NA,NA,NA,NA,NA,Faulty
NO_ALERT.png,toCheck_100003_00213s_NO_ALERT.png,NA,NA,NA,NA,NA,NA,Faulty
TLT_SERV_OFF.png,toCheck_100003_00213s_TLT_SERV_OFF.png,NA,NA,NA,NA,NA,NA,Faulty
NO_ALERT.png,toCheck_100004_00606s_NO_ALERT.png,NA,NA,NA,NA,NA,NA,Faulty
NO_ALERT.png,toCheck_100004_00248s_NO_ALERT.png,NA,NA,NA,NA,NA,NA,Faulty
NO_ALERT.png,toCheck_100005_00571s_NO_ALERT.png,NA,NA,NA,NA,NA,NA,Faulty
NO_ALERT.png,toCheck_100005_00248s_NO_ALERT.png,NA,NA,NA,NA,NA,NA,Faulty
TLT_SERV_OFF.png,toCheck_100006_00523s_TLT_SERV_OFF.png,NA,NA,NA,NA,NA,NA,Faulty
NO_ALERT.png,toCheck_100006_00536s_NO_ALERT.png,NA,NA,NA,NA,NA,NA,Faulty
TLT_SERV_OFF.png,toCheck_100006_00191s_TLT_SERV_OFF.png,NA,NA,NA,NA,NA,NA,Faulty
NO_ALERT.png,toCheck_100006_00213s_NO_ALERT.png,NA,NA,NA,NA,NA,NA,Faulty
TLT_SERV_OFF.png,toCheck_100006_00213s_TLT_SERV_OFF.png,NA,NA,NA,NA,NA,NA,Faulty
NO_ALERT.png,toCheck_100007_00523s_NO_ALERT.png,NA,NA,NA,NA,NA,NA,Faulty
NO_ALERT.png,toCheck_100007_00536s_NO_ALERT.png,NA,NA,NA,NA,NA,NA,Faulty
TLT_SERV_OFF.png,toCheck_100007_00191s_TLT_SERV_OFF.png,NA,NA,NA,NA,NA,NA,Faulty
NO_ALERT.png,toCheck_100007_00213s_NO_ALERT.png,NA,NA,NA,NA,NA,NA,Faulty
TLT_SERV_OFF.png,toCheck_100007_00213s_TLT_SERV_OFF.png,NA,NA,NA,NA,NA,NA,Faulty
NO_ALERT.png,toCheck_100008_00523s_NO_ALERT.png,NA,NA,NA,NA,NA,NA,Faulty
NO_ALERT.png,toCheck_100008_00536s_NO_ALERT.png,NA,NA,NA,NA,NA,NA,Faulty
TLT_SERV_OFF.png,toCheck_100008_00191s_TLT_SERV_OFF.png,NA,NA,NA,NA,NA,NA,Faulty
NO_ALERT.png,toCheck_100008_00213s_NO_ALERT.png,NA,NA,NA,NA,NA,NA,Faulty
TLT_SERV_OFF.png,toCheck_100008_00213s_TLT_SERV_OFF.png,NA,NA,NA,NA,NA,NA,Faulty
TLT_SERV_OFF.png,toCheck_100009_00653s_TLT_SERV_OFF.png,NA,NA,NA,NA,NA,NA,Faulty
NO_ALERT.png,toCheck_100009_00796s_NO_ALERT.png,NA,NA,NA,NA,NA,NA,Faulty
TLT_SERV_OFF.png,toCheck_100009_00321s_TLT_SERV_OFF.png,NA,NA,NA,NA,NA,NA,Faulty
NO_ALERT.png,toCheck_100009_00343s_NO_ALERT.png,NA,NA,NA,NA,NA,NA,Faulty
TLT_SERV_OFF.png,toCheck_100009_00343s_TLT_SERV_OFF.png,NA,NA,NA,NA,NA,NA,Faulty
NO_ALERT.png,toCheck_100010_00523s_NO_ALERT.png,NA,NA,NA,NA,NA,NA,Faulty
NO_ALERT.png,toCheck_100010_00536s_NO_ALERT.png,NA,NA,NA,NA,NA,NA,Faulty
TLT_SERV_OFF.png,toCheck_100010_00191s_TLT_SERV_OFF.png,NA,NA,NA,NA,NA,NA,Faulty
TXTALT_10208_4_FR.png,toCheck_100010_00191s_TXTALT_10208_4_FR.png,NA,NA,NA,NA,NA,NA,Faulty
NO_ALERT.png,toCheck_100010_00213s_NO_ALERT.png,NA,NA,NA,NA,NA,NA,Faulty
TLT_SERV_OFF.png,toCheck_100010_00213s_TLT_SERV_OFF.png,NA,NA,NA,NA,NA,NA,Faulty
BUZ_00_OFF.png,toCheck_100010_00213s_BUZ_00_OFF.png,NA,NA,NA,NA,NA,NA,Faulty
TLT_SERV_OFF.png,toCheck_100011_00523s_TLT_SERV_OFF.png,NA,NA,NA,NA,NA,NA,Faulty
NO_ALERT.png,toCheck_100011_00536s_NO_ALERT.png,NA,NA,NA,NA,NA,NA,Faulty
TLT_SERV_OFF.png,toCheck_100011_00191s_TLT_SERV_OFF.png,NA,NA,NA,NA,NA,NA,Faulty
NO_ALERT.png,toCheck_100011_00213s_NO_ALERT.png,NA,NA,NA,NA,NA,NA,Faulty
TLT_SERV_OFF.png,toCheck_100011_00213s_TLT_SERV_OFF.png,NA,NA,NA,NA,NA,NA,Faulty
NO_ALERT.png,toCheck_100012_00536s_NO_ALERT.png,NA,NA,NA,NA,NA,NA,Faulty
NO_ALERT.png,toCheck_100012_00213s_NO_ALERT.png,NA,NA,NA,NA,NA,NA,Faulty
NO_ALERT.png,toCheck_100013_00536s_NO_ALERT.png,NA,NA,NA,NA,NA,NA,Faulty
NO_ALERT.png,toCheck_100013_00213s_NO_ALERT.png,NA,NA,NA,NA,NA,NA,Faulty
TLT_SERV_OFF.png,toCheck_100014_00523s_TLT_SERV_OFF.png,NA,NA,NA,NA,NA,NA,Faulty
NO_ALERT.png,toCheck_100014_00536s_NO_ALERT.png,NA,NA,NA,NA,NA,NA,Faulty
TLT_SERV_OFF.png,toCheck_100014_00191s_TLT_SERV_OFF.png,NA,NA,NA,NA,NA,NA,Faulty
NO_ALERT.png,toCheck_100014_00213s_NO_ALERT.png,NA,NA,NA,NA,NA,NA,Faulty
TLT_SERV_OFF.png,toCheck_100014_00213s_TLT_SERV_OFF.png,NA,NA,NA,NA,NA,NA,Faulty
TLT_DAE_WARN_ON.png,toCheck_100015_00523s_TLT_DAE_WARN_ON.png,NA,NA,NA,NA,NA,NA,Faulty
TLT_SERV_OFF.png,toCheck_100015_00523s_TLT_SERV_OFF.png,NA,NA,NA,NA,NA,NA,Faulty
NO_ALERT.png,toCheck_100015_00536s_NO_ALERT.png,NA,NA,NA,NA,NA,NA,Faulty
TLT_DAE_WARN_ON.png,toCheck_100015_00191s_TLT_DAE_WARN_ON.png,NA,NA,NA,NA,NA,NA,Faulty
TLT_SERV_OFF.png,toCheck_100015_00191s_TLT_SERV_OFF.png,NA,NA,NA,NA,NA,NA,Faulty
NO_ALERT.png,toCheck_100015_00213s_NO_ALERT.png,NA,NA,NA,NA,NA,NA,Faulty
TLT_DAE_WARN_ON.png,toCheck_100015_00213s_TLT_DAE_WARN_ON.png,NA,NA,NA,NA,NA,NA,Faulty
TLT_SERV_OFF.png,toCheck_100015_00213s_TLT_SERV_OFF.png,NA,NA,NA,NA,NA,NA,Faulty
NO_ALERT.png,toCheck_100016_00543s_NO_ALERT.png,NA,NA,NA,NA,NA,NA,Faulty
NO_ALERT.png,toCheck_100016_00556s_NO_ALERT.png,NA,NA,NA,NA,NA,NA,Faulty
TLT_SERV_OFF.png,toCheck_100016_00211s_TLT_SERV_OFF.png,NA,NA,NA,NA,NA,NA,Faulty
TLT_STOP_OFF.png,toCheck_100016_00211s_TLT_STOP_OFF.png,NA,NA,NA,NA,NA,NA,Faulty
NO_ALERT.png,toCheck_100016_00233s_NO_ALERT.png,NA,NA,NA,NA,NA,NA,Faulty
TLT_SERV_OFF.png,toCheck_100016_00233s_TLT_SERV_OFF.png,NA,NA,NA,NA,NA,NA,Faulty
TLT_STOP_OFF.png,toCheck_100016_00233s_TLT_STOP_OFF.png,NA,NA,NA,NA,NA,NA,Faulty
BUZ_00_OFF.png,toCheck_100016_00233s_BUZ_00_OFF.png,NA,NA,NA,NA,NA,NA,Faulty
NO_ALERT.png,toCheck_100017_00523s_NO_ALERT.png,NA,NA,NA,NA,NA,NA,Faulty
NO_ALERT.png,toCheck_100017_00536s_NO_ALERT.png,NA,NA,NA,NA,NA,NA,Faulty
TLT_SERV_OFF.png,toCheck_100017_00191s_TLT_SERV_OFF.png,NA,NA,NA,NA,NA,NA,Faulty
NO_ALERT.png,toCheck_100017_00213s_NO_ALERT.png,NA,NA,NA,NA,NA,NA,Faulty
TLT_SERV_OFF.png,toCheck_100017_00213s_TLT_SERV_OFF.png,NA,NA,NA,NA,NA,NA,Faulty
NO_ALERT.png,toCheck_100018_00523s_NO_ALERT.png,NA,NA,NA,NA,NA,NA,Faulty
NO_ALERT.png,toCheck_100018_00536s_NO_ALERT.png,NA,NA,NA,NA,NA,NA,Faulty
TLT_SERV_OFF.png,toCheck_100018_00191s_TLT_SERV_OFF.png,NA,NA,NA,NA,NA,NA,Faulty
NO_ALERT.png,toCheck_100018_00213s_NO_ALERT.png,NA,NA,NA,NA,NA,NA,Faulty
TLT_SERV_OFF.png,toCheck_100018_00213s_TLT_SERV_OFF.png,NA,NA,NA,NA,NA,NA,Faulty
NO_ALERT.png,toCheck_100019_00523s_NO_ALERT.png,NA,NA,NA,NA,NA,NA,Faulty
NO_ALERT.png,toCheck_100019_00536s_NO_ALERT.png,NA,NA,NA,NA,NA,NA,Faulty
TLT_SERV_OFF.png,toCheck_100019_00191s_TLT_SERV_OFF.png,NA,NA,NA,NA,NA,NA,Faulty
NO_ALERT.png,toCheck_100019_00213s_NO_ALERT.png,NA,NA,NA,NA,NA,NA,Faulty
TLT_SERV_OFF.png,toCheck_100019_00213s_TLT_SERV_OFF.png,NA,NA,NA,NA,NA,NA,Faulty
NO_ALERT.png,toCheck_100020_00568s_NO_ALERT.png,NA,NA,NA,NA,NA,NA,Faulty
NO_ALERT.png,toCheck_100020_00245s_NO_ALERT.png,NA,NA,NA,NA,NA,NA,Faulty
NO_ALERT.png,toCheck_100021_00536s_NO_ALERT.png,NA,NA,NA,NA,NA,NA,Faulty
NO_ALERT.png,toCheck_100021_00213s_NO_ALERT.png,NA,NA,NA,NA,NA,NA,Faulty
NO_ALERT.png,toCheck_100022_00536s_NO_ALERT.png,NA,NA,NA,NA,NA,NA,Faulty
NO_ALERT.png,toCheck_100022_00213s_NO_ALERT.png,NA,NA,NA,NA,NA,NA,Faulty
NO_ALERT.png,toCheck_100023_00523s_NO_ALERT.png,NA,NA,NA,NA,NA,NA,Faulty
NO_ALERT.png,toCheck_100023_00536s_NO_ALERT.png,NA,NA,NA,NA,NA,NA,Faulty
TLT_SERV_OFF.png,toCheck_100023_00191s_TLT_SERV_OFF.png,NA,NA,NA,NA,NA,NA,Faulty
NO_ALERT.png,toCheck_100023_00213s_NO_ALERT.png,NA,NA,NA,NA,NA,NA,Faulty
TLT_SERV_OFF.png,toCheck_100023_00213s_TLT_SERV_OFF.png,NA,NA,NA,NA,NA,NA,Faulty
NO_ALERT.png,toCheck_100024_00523s_NO_ALERT.png,NA,NA,NA,NA,NA,NA,Faulty
NO_ALERT.png,toCheck_100024_00536s_NO_ALERT.png,NA,NA,NA,NA,NA,NA,Faulty
TLT_SERV_OFF.png,toCheck_100024_00191s_TLT_SERV_OFF.png,NA,NA,NA,NA,NA,NA,Faulty
NO_ALERT.png,toCheck_100024_00213s_NO_ALERT.png,NA,NA,NA,NA,NA,NA,Faulty
TLT_SERV_OFF.png,toCheck_100024_00213s_TLT_SERV_OFF.png,NA,NA,NA,NA,NA,NA,Faulty
NO_ALERT.png,toCheck_100025_00523s_NO_ALERT.png,NA,NA,NA,NA,NA,NA,Faulty
NO_ALERT.png,toCheck_100025_00536s_NO_ALERT.png,NA,NA,NA,NA,NA,NA,Faulty
TLT_SERV_OFF.png,toCheck_100025_00191s_TLT_SERV_OFF.png,NA,NA,NA,NA,NA,NA,Faulty
NO_ALERT.png,toCheck_100025_00213s_NO_ALERT.png,NA,NA,NA,NA,NA,NA,Faulty
TLT_SERV_OFF.png,toCheck_100025_00213s_TLT_SERV_OFF.png,NA,NA,NA,NA,NA,NA,Faulty
NO_ALERT.png,toCheck_100026_00536s_NO_ALERT.png,NA,NA,NA,NA,NA,NA,Faulty
NO_ALERT.png,toCheck_100026_00213s_NO_ALERT.png,NA,NA,NA,NA,NA,NA,Faulty
NO_ALERT.png,toCheck_100027_00536s_NO_ALERT.png,NA,NA,NA,NA,NA,NA,Faulty
NO_ALERT.png,toCheck_100027_00213s_NO_ALERT.png,NA,NA,NA,NA,NA,NA,Faulty
NO_ALERT.png,toCheck_100028_00523s_NO_ALERT.png,NA,NA,NA,NA,NA,NA,Faulty
NO_ALERT.png,toCheck_100028_00536s_NO_ALERT.png,NA,NA,NA,NA,NA,NA,Faulty
TLT_SERV_OFF.png,toCheck_100028_00191s_TLT_SERV_OFF.png,NA,NA,NA,NA,NA,NA,Faulty
NO_ALERT.png,toCheck_100028_00213s_NO_ALERT.png,NA,NA,NA,NA,NA,NA,Faulty
TLT_SERV_OFF.png,toCheck_100028_00213s_TLT_SERV_OFF.png,NA,NA,NA,NA,NA,NA,Faulty
NO_ALERT.png,toCheck_100029_00523s_NO_ALERT.png,NA,NA,NA,NA,NA,NA,Faulty
NO_ALERT.png,toCheck_100029_00536s_NO_ALERT.png,NA,NA,NA,NA,NA,NA,Faulty
TLT_SERV_OFF.png,toCheck_100029_00191s_TLT_SERV_OFF.png,NA,NA,NA,NA,NA,NA,Faulty
NO_ALERT.png,toCheck_100029_00213s_NO_ALERT.png,NA,NA,NA,NA,NA,NA,Faulty
TLT_SERV_OFF.png,toCheck_100029_00213s_TLT_SERV_OFF.png,NA,NA,NA,NA,NA,NA,Faulty
NO_ALERT.png,toCheck_100030_00523s_NO_ALERT.png,NA,NA,NA,NA,NA,NA,Faulty
NO_ALERT.png,toCheck_100030_00536s_NO_ALERT.png,NA,NA,NA,NA,NA,NA,Faulty
TLT_SERV_OFF.png,toCheck_100030_00191s_TLT_SERV_OFF.png,NA,NA,NA,NA,NA,NA,Faulty
NO_ALERT.png,toCheck_100030_00213s_NO_ALERT.png,NA,NA,NA,NA,NA,NA,Faulty
TLT_SERV_OFF.png,toCheck_100030_00213s_TLT_SERV_OFF.png,NA,NA,NA,NA,NA,NA,Faulty
NO_ALERT.png,toCheck_100031_00523s_NO_ALERT.png,NA,NA,NA,NA,NA,NA,Faulty
NO_ALERT.png,toCheck_100031_00536s_NO_ALERT.png,NA,NA,NA,NA,NA,NA,Faulty
TLT_SERV_OFF.png,toCheck_100031_00191s_TLT_SERV_OFF.png,NA,NA,NA,NA,NA,NA,Faulty
NO_ALERT.png,toCheck_100031_00213s_NO_ALERT.png,NA,NA,NA,NA,NA,NA,Faulty
TLT_SERV_OFF.png,toCheck_100031_00213s_TLT_SERV_OFF.png,NA,NA,NA,NA,NA,NA,Faulty
NO_ALERT.png,toCheck_100032_00536s_NO_ALERT.png,NA,NA,NA,NA,NA,NA,Faulty
NO_ALERT.png,toCheck_100032_00213s_NO_ALERT.png,NA,NA,NA,NA,NA,NA,Faulty
NO_ALERT.png,toCheck_100033_00536s_NO_ALERT.png,NA,NA,NA,NA,NA,NA,Faulty
NO_ALERT.png,toCheck_100033_00213s_NO_ALERT.png,NA,NA,NA,NA,NA,NA,Faulty
NO_ALERT.png,toCheck_100034_00536s_NO_ALERT.png,NA,NA,NA,NA,NA,NA,Faulty
NO_ALERT.png,toCheck_100034_00213s_NO_ALERT.png,NA,NA,NA,NA,NA,NA,Faulty
NO_ALERT.png,toCheck_100035_00523s_NO_ALERT.png,NA,NA,NA,NA,NA,NA,Faulty
NO_ALERT.png,toCheck_100035_00536s_NO_ALERT.png,NA,NA,NA,NA,NA,NA,Faulty
TLT_SERV_OFF.png,toCheck_100035_00191s_TLT_SERV_OFF.png,NA,NA,NA,NA,NA,NA,Faulty
NO_ALERT.png,toCheck_100035_00213s_NO_ALERT.png,NA,NA,NA,NA,NA,NA,Faulty
TLT_SERV_OFF.png,toCheck_100035_00213s_TLT_SERV_OFF.png,NA,NA,NA,NA,NA,NA,Faulty
NO_ALERT.png,toCheck_100036_00523s_NO_ALERT.png,NA,NA,NA,NA,NA,NA,Faulty
NO_ALERT.png,toCheck_100036_00536s_NO_ALERT.png,NA,NA,NA,NA,NA,NA,Faulty
TLT_SERV_OFF.png,toCheck_100036_00191s_TLT_SERV_OFF.png,NA,NA,NA,NA,NA,NA,Faulty
NO_ALERT.png,toCheck_100036_00213s_NO_ALERT.png,NA,NA,NA,NA,NA,NA,Faulty
TLT_SERV_OFF.png,toCheck_100036_00213s_TLT_SERV_OFF.png,NA,NA,NA,NA,NA,NA,Faulty
NO_ALERT.png,toCheck_100037_00523s_NO_ALERT.png,NA,NA,NA,NA,NA,NA,Faulty
NO_ALERT.png,toCheck_100037_00536s_NO_ALERT.png,NA,NA,NA,NA,NA,NA,Faulty
TLT_SERV_OFF.png,toCheck_100037_00191s_TLT_SERV_OFF.png,NA,NA,NA,NA,NA,NA,Faulty
NO_ALERT.png,toCheck_100037_00213s_NO_ALERT.png,NA,NA,NA,NA,NA,NA,Faulty
TLT_SERV_OFF.png,toCheck_100037_00213s_TLT_SERV_OFF.png,NA,NA,NA,NA,NA,NA,Faulty
NO_ALERT.png,toCheck_100038_00523s_NO_ALERT.png,NA,NA,NA,NA,NA,NA,Faulty
NO_ALERT.png,toCheck_100038_00536s_NO_ALERT.png,NA,NA,NA,NA,NA,NA,Faulty
TLT_SERV_OFF.png,toCheck_100038_00191s_TLT_SERV_OFF.png,NA,NA,NA,NA,NA,NA,Faulty
NO_ALERT.png,toCheck_100038_00213s_NO_ALERT.png,NA,NA,NA,NA,NA,NA,Faulty
TLT_SERV_OFF.png,toCheck_100038_00213s_TLT_SERV_OFF.png,NA,NA,NA,NA,NA,NA,Faulty
NO_ALERT.png,toCheck_100039_00523s_NO_ALERT.png,NA,NA,NA,NA,NA,NA,Faulty
NO_ALERT.png,toCheck_100039_00536s_NO_ALERT.png,NA,NA,NA,NA,NA,NA,Faulty
TLT_SERV_OFF.png,toCheck_100039_00191s_TLT_SERV_OFF.png,NA,NA,NA,NA,NA,NA,Faulty
NO_ALERT.png,toCheck_100039_00213s_NO_ALERT.png,NA,NA,NA,NA,NA,NA,Faulty
TLT_SERV_OFF.png,toCheck_100039_00213s_TLT_SERV_OFF.png,NA,NA,NA,NA,NA,NA,Faulty
NO_ALERT.png,toCheck_100040_00523s_NO_ALERT.png,NA,NA,NA,NA,NA,NA,Faulty
NO_ALERT.png,toCheck_100040_00536s_NO_ALERT.png,NA,NA,NA,NA,NA,NA,Faulty
TLT_SERV_OFF.png,toCheck_100040_00191s_TLT_SERV_OFF.png,NA,NA,NA,NA,NA,NA,Faulty
NO_ALERT.png,toCheck_100040_00213s_NO_ALERT.png,NA,NA,NA,NA,NA,NA,Faulty
TLT_SERV_OFF.png,toCheck_100040_00213s_TLT_SERV_OFF.png,NA,NA,NA,NA,NA,NA,Faulty
NO_ALERT.png,toCheck_100041_00523s_NO_ALERT.png,NA,NA,NA,NA,NA,NA,Faulty
NO_ALERT.png,toCheck_100041_00536s_NO_ALERT.png,NA,NA,NA,NA,NA,NA,Faulty
TLT_SERV_OFF.png,toCheck_100041_00191s_TLT_SERV_OFF.png,NA,NA,NA,NA,NA,NA,Faulty
NO_ALERT.png,toCheck_100041_00213s_NO_ALERT.png,NA,NA,NA,NA,NA,NA,Faulty
TLT_SERV_OFF.png,toCheck_100041_00213s_TLT_SERV_OFF.png,NA,NA,NA,NA,NA,NA,Faulty
NO_ALERT.png,toCheck_100042_00523s_NO_ALERT.png,NA,NA,NA,NA,NA,NA,Faulty
NO_ALERT.png,toCheck_100042_00536s_NO_ALERT.png,NA,NA,NA,NA,NA,NA,Faulty
TLT_SERV_OFF.png,toCheck_100042_00191s_TLT_SERV_OFF.png,NA,NA,NA,NA,NA,NA,Faulty
NO_ALERT.png,toCheck_100042_00213s_NO_ALERT.png,NA,NA,NA,NA,NA,NA,Faulty
TLT_SERV_OFF.png,toCheck_100042_00213s_TLT_SERV_OFF.png,NA,NA,NA,NA,NA,NA,Faulty
NO_ALERT.png,toCheck_100043_00523s_NO_ALERT.png,NA,NA,NA,NA,NA,NA,Faulty
NO_ALERT.png,toCheck_100043_00536s_NO_ALERT.png,NA,NA,NA,NA,NA,NA,Faulty
TLT_SERV_OFF.png,toCheck_100043_00191s_TLT_SERV_OFF.png,NA,NA,NA,NA,NA,NA,Faulty
NO_ALERT.png,toCheck_100043_00213s_NO_ALERT.png,NA,NA,NA,NA,NA,NA,Faulty
TLT_SERV_OFF.png,toCheck_100043_00213s_TLT_SERV_OFF.png,NA,NA,NA,NA,NA,NA,Faulty
BUZ_00_OFF.png,toCheck_100043_00213s_BUZ_00_OFF.png,NA,NA,NA,NA,NA,NA,Faulty
NO_ALERT.png,toCheck_100044_00523s_NO_ALERT.png,NA,NA,NA,NA,NA,NA,Faulty
NO_ALERT.png,toCheck_100044_00536s_NO_ALERT.png,NA,NA,NA,NA,NA,NA,Faulty
TLT_SERV_OFF.png,toCheck_100044_00191s_TLT_SERV_OFF.png,NA,NA,NA,NA,NA,NA,Faulty
NO_ALERT.png,toCheck_100044_00213s_NO_ALERT.png,NA,NA,NA,NA,NA,NA,Faulty
TLT_SERV_OFF.png,toCheck_100044_00213s_TLT_SERV_OFF.png,NA,NA,NA,NA,NA,NA,Faulty
BUZ_00_OFF.png,toCheck_100044_00213s_BUZ_00_OFF.png,NA,NA,NA,NA,NA,NA,Faulty
TLT_SERV_OFF.png,toCheck_100045_00523s_TLT_SERV_OFF.png,NA,NA,NA,NA,NA,NA,Faulty
NO_ALERT.png,toCheck_100045_00536s_NO_ALERT.png,NA,NA,NA,NA,NA,NA,Faulty
TLT_SERV_OFF.png,toCheck_100045_00191s_TLT_SERV_OFF.png,NA,NA,NA,NA,NA,NA,Faulty
NO_ALERT.png,toCheck_100045_00213s_NO_ALERT.png,NA,NA,NA,NA,NA,NA,Faulty
TLT_SERV_OFF.png,toCheck_100045_00213s_TLT_SERV_OFF.png,NA,NA,NA,NA,NA,NA,Faulty
NO_ALERT.png,toCheck_100046_00523s_NO_ALERT.png,NA,NA,NA,NA,NA,NA,Faulty
NO_ALERT.png,toCheck_100046_00536s_NO_ALERT.png,NA,NA,NA,NA,NA,NA,Faulty
TLT_SERV_OFF.png,toCheck_100046_00191s_TLT_SERV_OFF.png,NA,NA,NA,NA,NA,NA,Faulty
NO_ALERT.png,toCheck_100046_00213s_NO_ALERT.png,NA,NA,NA,NA,NA,NA,Faulty
TLT_SERV_OFF.png,toCheck_100046_00213s_TLT_SERV_OFF.png,NA,NA,NA,NA,NA,NA,Faulty
NO_ALERT.png,toCheck_100047_00523s_NO_ALERT.png,NA,NA,NA,NA,NA,NA,Faulty
NO_ALERT.png,toCheck_100047_00536s_NO_ALERT.png,NA,NA,NA,NA,NA,NA,Faulty
TLT_SERV_OFF.png,toCheck_100047_00191s_TLT_SERV_OFF.png,NA,NA,NA,NA,NA,NA,Faulty
NO_ALERT.png,toCheck_100047_00213s_NO_ALERT.png,NA,NA,NA,NA,NA,NA,Faulty
TLT_SERV_OFF.png,toCheck_100047_00213s_TLT_SERV_OFF.png,NA,NA,NA,NA,NA,NA,Faulty
NO_ALERT.png,toCheck_100048_00536s_NO_ALERT.png,NA,NA,NA,NA,NA,NA,Faulty
NO_ALERT.png,toCheck_100048_00213s_NO_ALERT.png,NA,NA,NA,NA,NA,NA,Faulty
TLT_ODB_ON.png,toCheck_100049_00523s_TLT_ODB_ON.png,NA,NA,NA,NA,NA,NA,Faulty
NO_ALERT.png,toCheck_100049_00536s_NO_ALERT.png,NA,NA,NA,NA,NA,NA,Faulty
TLT_ODB_ON.png,toCheck_100049_00191s_TLT_ODB_ON.png,NA,NA,NA,NA,NA,NA,Faulty
NO_ALERT.png,toCheck_100049_00213s_NO_ALERT.png,NA,NA,NA,NA,NA,NA,Faulty
TLT_ODB_ON.png,toCheck_100049_00213s_TLT_ODB_ON.png,NA,NA,NA,NA,NA,NA,Faulty
TLT_DPF_ON.png,toCheck_100050_00523s_TLT_DPF_ON.png,NA,NA,NA,NA,NA,NA,Faulty
TLT_SERV_OFF.png,toCheck_100050_00523s_TLT_SERV_OFF.png,NA,NA,NA,NA,NA,NA,Faulty
NO_ALERT.png,toCheck_100050_00536s_NO_ALERT.png,NA,NA,NA,NA,NA,NA,Faulty
TLT_DPF_ON.png,toCheck_100050_00191s_TLT_DPF_ON.png,NA,NA,NA,NA,NA,NA,Faulty
TLT_SERV_OFF.png,toCheck_100050_00191s_TLT_SERV_OFF.png,NA,NA,NA,NA,NA,NA,Faulty
NO_ALERT.png,toCheck_100050_00213s_NO_ALERT.png,NA,NA,NA,NA,NA,NA,Faulty
TLT_DPF_ON.png,toCheck_100050_00213s_TLT_DPF_ON.png,NA,NA,NA,NA,NA,NA,Faulty
TLT_SERV_OFF.png,toCheck_100050_00213s_TLT_SERV_OFF.png,NA,NA,NA,NA,NA,NA,Faulty
NO_ALERT.png,toCheck_100051_00523s_NO_ALERT.png,NA,NA,NA,NA,NA,NA,Faulty
NO_ALERT.png,toCheck_100051_00536s_NO_ALERT.png,NA,NA,NA,NA,NA,NA,Faulty
TLT_SERV_OFF.png,toCheck_100051_00191s_TLT_SERV_OFF.png,NA,NA,NA,NA,NA,NA,Faulty
NO_ALERT.png,toCheck_100051_00213s_NO_ALERT.png,NA,NA,NA,NA,NA,NA,Faulty
TLT_SERV_OFF.png,toCheck_100051_00213s_TLT_SERV_OFF.png,NA,NA,NA,NA,NA,NA,Faulty
NO_ALERT.png,toCheck_100052_00523s_NO_ALERT.png,NA,NA,NA,NA,NA,NA,Faulty
NO_ALERT.png,toCheck_100052_00536s_NO_ALERT.png,NA,NA,NA,NA,NA,NA,Faulty
TLT_SERV_OFF.png,toCheck_100052_00191s_TLT_SERV_OFF.png,NA,NA,NA,NA,NA,NA,Faulty
NO_ALERT.png,toCheck_100052_00213s_NO_ALERT.png,NA,NA,NA,NA,NA,NA,Faulty
TLT_SERV_OFF.png,toCheck_100052_00213s_TLT_SERV_OFF.png,NA,NA,NA,NA,NA,NA,Faulty
TLT_UREA_ON.png,toCheck_100053_00653s_TLT_UREA_ON.png,NA,NA,NA,NA,NA,NA,Faulty
NO_ALERT.png,toCheck_100053_00796s_NO_ALERT.png,NA,NA,NA,NA,NA,NA,Faulty
TLT_UREA_ON.png,toCheck_100053_00321s_TLT_UREA_ON.png,NA,NA,NA,NA,NA,NA,Faulty
NO_ALERT.png,toCheck_100053_00343s_NO_ALERT.png,NA,NA,NA,NA,NA,NA,Faulty
TLT_UREA_ON.png,toCheck_100053_00343s_TLT_UREA_ON.png,NA,NA,NA,NA,NA,NA,Faulty
TLT_SERV_OFF.png,toCheck_100054_00523s_TLT_SERV_OFF.png,NA,NA,NA,NA,NA,NA,Faulty
NO_ALERT.png,toCheck_100054_00536s_NO_ALERT.png,NA,NA,NA,NA,NA,NA,Faulty
TLT_SERV_OFF.png,toCheck_100054_00191s_TLT_SERV_OFF.png,NA,NA,NA,NA,NA,NA,Faulty
NO_ALERT.png,toCheck_100054_00213s_NO_ALERT.png,NA,NA,NA,NA,NA,NA,Faulty
TLT_SERV_OFF.png,toCheck_100054_00213s_TLT_SERV_OFF.png,NA,NA,NA,NA,NA,NA,Faulty
TLT_STOP_OFF.png,toCheck_100055_00213s_TLT_STOP_OFF.png,NA,NA,NA,NA,NA,NA,Faulty
TLT_SERV_OFF.png,toCheck_100055_00523s_TLT_SERV_OFF.png,NA,NA,NA,NA,NA,NA,Faulty
TLT_STOP_OFF.png,toCheck_100055_00523s_TLT_STOP_OFF.png,NA,NA,NA,NA,NA,NA,Faulty
NO_ALERT.png,toCheck_100055_00536s_NO_ALERT.png,NA,NA,NA,NA,NA,NA,Faulty
TLT_SERV_OFF.png,toCheck_100055_00191s_TLT_SERV_OFF.png,NA,NA,NA,NA,NA,NA,Faulty
TLT_STOP_OFF.png,toCheck_100055_00191s_TLT_STOP_OFF.png,NA,NA,NA,NA,NA,NA,Faulty
NO_ALERT.png,toCheck_100055_00213s_NO_ALERT.png,NA,NA,NA,NA,NA,NA,Faulty
TLT_SERV_OFF.png,toCheck_100055_00213s_TLT_SERV_OFF.png,NA,NA,NA,NA,NA,NA,Faulty
TLT_SERV_OFF.png,toCheck_100056_00523s_TLT_SERV_OFF.png,NA,NA,NA,NA,NA,NA,Faulty
NO_ALERT.png,toCheck_100056_00536s_NO_ALERT.png,NA,NA,NA,NA,NA,NA,Faulty
TLT_SERV_OFF.png,toCheck_100056_00191s_TLT_SERV_OFF.png,NA,NA,NA,NA,NA,NA,Faulty
NO_ALERT.png,toCheck_100056_00213s_NO_ALERT.png,NA,NA,NA,NA,NA,NA,Faulty
TLT_SERV_OFF.png,toCheck_100056_00213s_TLT_SERV_OFF.png,NA,NA,NA,NA,NA,NA,Faulty
NO_ALERT.png,toCheck_100057_00568s_NO_ALERT.png,NA,NA,NA,NA,NA,NA,Faulty
NO_ALERT.png,toCheck_100057_00245s_NO_ALERT.png,NA,NA,NA,NA,NA,NA,Faulty
NO_ALERT.png,toCheck_100058_00536s_NO_ALERT.png,NA,NA,NA,NA,NA,NA,Faulty
NO_ALERT.png,toCheck_100058_00213s_NO_ALERT.png,NA,NA,NA,NA,NA,NA,Faulty
TLT_SERV_OFF.png,toCheck_100059_00523s_TLT_SERV_OFF.png,NA,NA,NA,NA,NA,NA,Faulty
NO_ALERT.png,toCheck_100059_00536s_NO_ALERT.png,NA,NA,NA,NA,NA,NA,Faulty
TLT_SERV_OFF.png,toCheck_100059_00191s_TLT_SERV_OFF.png,NA,NA,NA,NA,NA,NA,Faulty
NO_ALERT.png,toCheck_100059_00213s_NO_ALERT.png,NA,NA,NA,NA,NA,NA,Faulty
TLT_SERV_OFF.png,toCheck_100059_00213s_TLT_SERV_OFF.png,NA,NA,NA,NA,NA,NA,Faulty
NO_ALERT.png,toCheck_100060_00523s_NO_ALERT.png,NA,NA,NA,NA,NA,NA,Faulty
NO_ALERT.png,toCheck_100060_00536s_NO_ALERT.png,NA,NA,NA,NA,NA,NA,Faulty
TLT_SERV_OFF.png,toCheck_100060_00191s_TLT_SERV_OFF.png,NA,NA,NA,NA,NA,NA,Faulty
NO_ALERT.png,toCheck_100060_00213s_NO_ALERT.png,NA,NA,NA,NA,NA,NA,Faulty
TLT_SERV_OFF.png,toCheck_100060_00213s_TLT_SERV_OFF.png,NA,NA,NA,NA,NA,NA,Faulty
NO_ALERT.png,toCheck_100061_00523s_NO_ALERT.png,NA,NA,NA,NA,NA,NA,Faulty
NO_ALERT.png,toCheck_100061_00536s_NO_ALERT.png,NA,NA,NA,NA,NA,NA,Faulty
TLT_SERV_OFF.png,toCheck_100061_00191s_TLT_SERV_OFF.png,NA,NA,NA,NA,NA,NA,Faulty
NO_ALERT.png,toCheck_100061_00213s_NO_ALERT.png,NA,NA,NA,NA,NA,NA,Faulty
TLT_SERV_OFF.png,toCheck_100061_00213s_TLT_SERV_OFF.png,NA,NA,NA,NA,NA,NA,Faulty
TLT_ESC_ON.png,toCheck_100062_00523s_TLT_ESC_ON.png,NA,NA,NA,NA,NA,NA,Faulty
NO_ALERT.png,toCheck_100062_00536s_NO_ALERT.png,NA,NA,NA,NA,NA,NA,Faulty
TLT_ESC_ON.png,toCheck_100062_00191s_TLT_ESC_ON.png,NA,NA,NA,NA,NA,NA,Faulty
NO_ALERT.png,toCheck_100062_00213s_NO_ALERT.png,NA,NA,NA,NA,NA,NA,Faulty
TLT_ESC_ON.png,toCheck_100062_00213s_TLT_ESC_ON.png,NA,NA,NA,NA,NA,NA,Faulty
TLT_ESPOFF_ON.png,toCheck_100063_00525s_TLT_ESPOFF_ON.png,NA,NA,NA,NA,NA,NA,Faulty
TLT_SERV_OFF.png,toCheck_100063_00526s_TLT_SERV_OFF.png,NA,NA,NA,NA,NA,NA,Faulty
NO_ALERT.png,toCheck_100063_00539s_NO_ALERT.png,NA,NA,NA,NA,NA,NA,Faulty
TLT_ESPOFF_ON.png,toCheck_100063_00191s_TLT_ESPOFF_ON.png,NA,NA,NA,NA,NA,NA,Faulty
TLT_SERV_OFF.png,toCheck_100063_00192s_TLT_SERV_OFF.png,NA,NA,NA,NA,NA,NA,Faulty
NO_ALERT.png,toCheck_100063_00214s_NO_ALERT.png,NA,NA,NA,NA,NA,NA,Faulty
TLT_ESPOFF_ON.png,toCheck_100063_00214s_TLT_ESPOFF_ON.png,NA,NA,NA,NA,NA,NA,Faulty
TLT_SERV_OFF.png,toCheck_100063_00215s_TLT_SERV_OFF.png,NA,NA,NA,NA,NA,NA,Faulty
NO_ALERT.png,toCheck_100064_00536s_NO_ALERT.png,NA,NA,NA,NA,NA,NA,Faulty
NO_ALERT.png,toCheck_100064_00213s_NO_ALERT.png,NA,NA,NA,NA,NA,NA,Faulty
TLT_SERV_OFF.png,toCheck_100065_00523s_TLT_SERV_OFF.png,NA,NA,NA,NA,NA,NA,Faulty
NO_ALERT.png,toCheck_100065_00536s_NO_ALERT.png,NA,NA,NA,NA,NA,NA,Faulty
TLT_SERV_OFF.png,toCheck_100065_00191s_TLT_SERV_OFF.png,NA,NA,NA,NA,NA,NA,Faulty
NO_ALERT.png,toCheck_100065_00213s_NO_ALERT.png,NA,NA,NA,NA,NA,NA,Faulty
TLT_SERV_OFF.png,toCheck_100065_00213s_TLT_SERV_OFF.png,NA,NA,NA,NA,NA,NA,Faulty
NO_ALERT.png,toCheck_100066_00571s_NO_ALERT.png,NA,NA,NA,NA,NA,NA,Faulty
NO_ALERT.png,toCheck_100066_00243s_NO_ALERT.png,NA,NA,NA,NA,NA,NA,Faulty
TLT_ESPOFF_ON.png,toCheck_100067_00213s_TLT_ESPOFF_ON.png,NA,NA,NA,NA,NA,NA,Faulty
NO_ALERT.png,toCheck_100067_00523s_NO_ALERT.png,NA,NA,NA,NA,NA,NA,Faulty
NO_ALERT.png,toCheck_100067_00536s_NO_ALERT.png,NA,NA,NA,NA,NA,NA,Faulty
TLT_SERV_OFF.png,toCheck_100067_00191s_TLT_SERV_OFF.png,NA,NA,NA,NA,NA,NA,Faulty
TLT_ESPOFF_ON.png,toCheck_100067_00191s_TLT_ESPOFF_ON.png,NA,NA,NA,NA,NA,NA,Faulty
NO_ALERT.png,toCheck_100067_00213s_NO_ALERT.png,NA,NA,NA,NA,NA,NA,Faulty
TLT_SERV_OFF.png,toCheck_100067_00213s_TLT_SERV_OFF.png,NA,NA,NA,NA,NA,NA,Faulty
NO_ALERT.png,toCheck_100068_00523s_NO_ALERT.png,NA,NA,NA,NA,NA,NA,Faulty
NO_ALERT.png,toCheck_100068_00536s_NO_ALERT.png,NA,NA,NA,NA,NA,NA,Faulty
TLT_SERV_OFF.png,toCheck_100068_00191s_TLT_SERV_OFF.png,NA,NA,NA,NA,NA,NA,Faulty
NO_ALERT.png,toCheck_100068_00213s_NO_ALERT.png,NA,NA,NA,NA,NA,NA,Faulty
TLT_SERV_OFF.png,toCheck_100068_00213s_TLT_SERV_OFF.png,NA,NA,NA,NA,NA,NA,Faulty
NO_ALERT.png,toCheck_100069_00598s_NO_ALERT.png,NA,NA,NA,NA,NA,NA,Faulty
NO_ALERT.png,toCheck_100069_00681s_NO_ALERT.png,NA,NA,NA,NA,NA,NA,Faulty
TLT_SERV_OFF.png,toCheck_100069_00266s_TLT_SERV_OFF.png,NA,NA,NA,NA,NA,NA,Faulty
NO_ALERT.png,toCheck_100069_00288s_NO_ALERT.png,NA,NA,NA,NA,NA,NA,Faulty
TLT_SERV_OFF.png,toCheck_100069_00288s_TLT_SERV_OFF.png,NA,NA,NA,NA,NA,NA,Faulty
NO_ALERT.png,toCheck_100070_00523s_NO_ALERT.png,NA,NA,NA,NA,NA,NA,Faulty
NO_ALERT.png,toCheck_100070_00536s_NO_ALERT.png,NA,NA,NA,NA,NA,NA,Faulty
TLT_SERV_OFF.png,toCheck_100070_00191s_TLT_SERV_OFF.png,NA,NA,NA,NA,NA,NA,Faulty
NO_ALERT.png,toCheck_100070_00213s_NO_ALERT.png,NA,NA,NA,NA,NA,NA,Faulty
TLT_SERV_OFF.png,toCheck_100070_00213s_TLT_SERV_OFF.png,NA,NA,NA,NA,NA,NA,Faulty
NO_ALERT.png,toCheck_100071_00523s_NO_ALERT.png,NA,NA,NA,NA,NA,NA,Faulty
NO_ALERT.png,toCheck_100071_00536s_NO_ALERT.png,NA,NA,NA,NA,NA,NA,Faulty
TLT_SERV_OFF.png,toCheck_100071_00191s_TLT_SERV_OFF.png,NA,NA,NA,NA,NA,NA,Faulty
NO_ALERT.png,toCheck_100071_00213s_NO_ALERT.png,NA,NA,NA,NA,NA,NA,Faulty
TLT_SERV_OFF.png,toCheck_100071_00213s_TLT_SERV_OFF.png,NA,NA,NA,NA,NA,NA,Faulty
NO_ALERT.png,toCheck_100072_00523s_NO_ALERT.png,NA,NA,NA,NA,NA,NA,Faulty
NO_ALERT.png,toCheck_100072_00536s_NO_ALERT.png,NA,NA,NA,NA,NA,NA,Faulty
TLT_SERV_OFF.png,toCheck_100072_00191s_TLT_SERV_OFF.png,NA,NA,NA,NA,NA,NA,Faulty
NO_ALERT.png,toCheck_100072_00213s_NO_ALERT.png,NA,NA,NA,NA,NA,NA,Faulty
TLT_SERV_OFF.png,toCheck_100072_00213s_TLT_SERV_OFF.png,NA,NA,NA,NA,NA,NA,Faulty
NO_ALERT.png,toCheck_100073_00523s_NO_ALERT.png,NA,NA,NA,NA,NA,NA,Faulty
NO_ALERT.png,toCheck_100073_00536s_NO_ALERT.png,NA,NA,NA,NA,NA,NA,Faulty
TLT_SERV_OFF.png,toCheck_100073_00191s_TLT_SERV_OFF.png,NA,NA,NA,NA,NA,NA,Faulty
NO_ALERT.png,toCheck_100073_00213s_NO_ALERT.png,NA,NA,NA,NA,NA,NA,Faulty
TLT_SERV_OFF.png,toCheck_100073_00213s_TLT_SERV_OFF.png,NA,NA,NA,NA,NA,NA,Faulty
NO_ALERT.png,toCheck_100074_00523s_NO_ALERT.png,NA,NA,NA,NA,NA,NA,Faulty
NO_ALERT.png,toCheck_100074_00536s_NO_ALERT.png,NA,NA,NA,NA,NA,NA,Faulty
TLT_SERV_OFF.png,toCheck_100074_00191s_TLT_SERV_OFF.png,NA,NA,NA,NA,NA,NA,Faulty
NO_ALERT.png,toCheck_100074_00213s_NO_ALERT.png,NA,NA,NA,NA,NA,NA,Faulty
TLT_SERV_OFF.png,toCheck_100074_00213s_TLT_SERV_OFF.png,NA,NA,NA,NA,NA,NA,Faulty
NO_ALERT.png,toCheck_100075_00523s_NO_ALERT.png,NA,NA,NA,NA,NA,NA,Faulty
NO_ALERT.png,toCheck_100075_00536s_NO_ALERT.png,NA,NA,NA,NA,NA,NA,Faulty
TLT_SERV_OFF.png,toCheck_100075_00191s_TLT_SERV_OFF.png,NA,NA,NA,NA,NA,NA,Faulty
NO_ALERT.png,toCheck_100075_00213s_NO_ALERT.png,NA,NA,NA,NA,NA,NA,Faulty
TLT_SERV_OFF.png,toCheck_100075_00213s_TLT_SERV_OFF.png,NA,NA,NA,NA,NA,NA,Faulty
NO_ALERT.png,toCheck_100076_00536s_NO_ALERT.png,NA,NA,NA,NA,NA,NA,Faulty
NO_ALERT.png,toCheck_100076_00213s_NO_ALERT.png,NA,NA,NA,NA,NA,NA,Faulty
NO_ALERT.png,toCheck_100077_00536s_NO_ALERT.png,NA,NA,NA,NA,NA,NA,Faulty
NO_ALERT.png,toCheck_100077_00213s_NO_ALERT.png,NA,NA,NA,NA,NA,NA,Faulty
NO_ALERT.png,toCheck_100078_00523s_NO_ALERT.png,NA,NA,NA,NA,NA,NA,Faulty
NO_ALERT.png,toCheck_100078_00536s_NO_ALERT.png,NA,NA,NA,NA,NA,NA,Faulty
TLT_SERV_OFF.png,toCheck_100078_00191s_TLT_SERV_OFF.png,NA,NA,NA,NA,NA,NA,Faulty
NO_ALERT.png,toCheck_100078_00213s_NO_ALERT.png,NA,NA,NA,NA,NA,NA,Faulty
TLT_SERV_OFF.png,toCheck_100078_00213s_TLT_SERV_OFF.png,NA,NA,NA,NA,NA,NA,Faulty
TLT_ABS_ON.png,toCheck_100079_00523s_TLT_ABS_ON.png,NA,NA,NA,NA,NA,NA,Faulty
NO_ALERT.png,toCheck_100079_00536s_NO_ALERT.png,NA,NA,NA,NA,NA,NA,Faulty
TLT_ABS_ON.png,toCheck_100079_00191s_TLT_ABS_ON.png,NA,NA,NA,NA,NA,NA,Faulty
NO_ALERT.png,toCheck_100079_00213s_NO_ALERT.png,NA,NA,NA,NA,NA,NA,Faulty
TLT_ABS_ON.png,toCheck_100079_00213s_TLT_ABS_ON.png,NA,NA,NA,NA,NA,NA,Faulty
NO_ALERT.png,toCheck_100080_00536s_NO_ALERT.png,NA,NA,NA,NA,NA,NA,Faulty
NO_ALERT.png,toCheck_100080_00213s_NO_ALERT.png,NA,NA,NA,NA,NA,NA,Faulty
NO_ALERT.png,toCheck_100081_00536s_NO_ALERT.png,NA,NA,NA,NA,NA,NA,Faulty
NO_ALERT.png,toCheck_100081_00213s_NO_ALERT.png,NA,NA,NA,NA,NA,NA,Faulty
TLT_SERV_OFF.png,toCheck_100082_00525s_TLT_SERV_OFF.png,NA,NA,NA,NA,NA,NA,Faulty
NO_ALERT.png,toCheck_100082_00538s_NO_ALERT.png,NA,NA,NA,NA,NA,NA,Faulty
TLT_SERV_OFF.png,toCheck_100082_00193s_TLT_SERV_OFF.png,NA,NA,NA,NA,NA,NA,Faulty
NO_ALERT.png,toCheck_100082_00215s_NO_ALERT.png,NA,NA,NA,NA,NA,NA,Faulty
TLT_SERV_OFF.png,toCheck_100082_00215s_TLT_SERV_OFF.png,NA,NA,NA,NA,NA,NA,Faulty
NO_ALERT.png,toCheck_100083_00536s_NO_ALERT.png,NA,NA,NA,NA,NA,NA,Faulty
NO_ALERT.png,toCheck_100083_00213s_NO_ALERT.png,NA,NA,NA,NA,NA,NA,Faulty
NO_ALERT.png,toCheck_100084_00536s_NO_ALERT.png,NA,NA,NA,NA,NA,NA,Faulty
NO_ALERT.png,toCheck_100084_00213s_NO_ALERT.png,NA,NA,NA,NA,NA,NA,Faulty
NO_ALERT.png,toCheck_100085_00571s_NO_ALERT.png,NA,NA,NA,NA,NA,NA,Faulty
NO_ALERT.png,toCheck_100085_00248s_NO_ALERT.png,NA,NA,NA,NA,NA,NA,Faulty
TLT_TPW_OFF.png,toCheck_100086_00366s_TLT_TPW_OFF.png,NA,NA,NA,NA,NA,NA,Faulty
TLT_SERV_ON.png,toCheck_100086_00368s_TLT_SERV_ON.png,NA,NA,NA,NA,NA,NA,Faulty
TLT_TPW_ON.png,toCheck_100086_00678s_TLT_TPW_ON.png,NA,NA,NA,NA,NA,NA,Faulty
TLT_TPW_OFF.png,toCheck_100086_00681s_TLT_TPW_OFF.png,NA,NA,NA,NA,NA,NA,Faulty
TLT_SERV_ON.png,toCheck_100086_00683s_TLT_SERV_ON.png,NA,NA,NA,NA,NA,NA,Faulty
TLT_STOP_OFF.png,toCheck_100086_00683s_TLT_STOP_OFF.png,NA,NA,NA,NA,NA,NA,Faulty
TXTALT_30201_10_FR.png,toCheck_100086_00683s_TXTALT_30201_10_FR.png,NA,NA,NA,NA,NA,NA,Faulty
NO_ALERT.png,toCheck_100086_00696s_NO_ALERT.png,NA,NA,NA,NA,NA,NA,Faulty
TLT_TPW_ON.png,toCheck_100086_00336s_TLT_TPW_ON.png,NA,NA,NA,NA,NA,NA,Faulty
TLT_TPW_OFF.png,toCheck_100086_00338s_TLT_TPW_OFF.png,NA,NA,NA,NA,NA,NA,Faulty
TLT_SERV_ON.png,toCheck_100086_00341s_TLT_SERV_ON.png,NA,NA,NA,NA,NA,NA,Faulty
TXTALT_30201_10_FR.png,toCheck_100086_00341s_TXTALT_30201_10_FR.png,NA,NA,NA,NA,NA,NA,Faulty
NO_ALERT.png,toCheck_100086_00363s_NO_ALERT.png,NA,NA,NA,NA,NA,NA,Faulty
TLT_TPW_ON.png,toCheck_100086_00363s_TLT_TPW_ON.png,NA,NA,NA,NA,NA,NA,Faulty
TLT_TPW_OFF.png,toCheck_100087_00221s_TLT_TPW_OFF.png,NA,NA,NA,NA,NA,NA,Faulty
TLT_TPW_ON.png,toCheck_100087_00533s_TLT_TPW_ON.png,NA,NA,NA,NA,NA,NA,Faulty
TLT_TPW_OFF.png,toCheck_100087_00536s_TLT_TPW_OFF.png,NA,NA,NA,NA,NA,NA,Faulty
NO_ALERT.png,toCheck_100087_00551s_NO_ALERT.png,NA,NA,NA,NA,NA,NA,Faulty
TLT_TPW_ON.png,toCheck_100087_00191s_TLT_TPW_ON.png,NA,NA,NA,NA,NA,NA,Faulty
TLT_TPW_OFF.png,toCheck_100087_00193s_TLT_TPW_OFF.png,NA,NA,NA,NA,NA,NA,Faulty
NO_ALERT.png,toCheck_100087_00218s_NO_ALERT.png,NA,NA,NA,NA,NA,NA,Faulty
TLT_TPW_ON.png,toCheck_100087_00218s_TLT_TPW_ON.png,NA,NA,NA,NA,NA,NA,Faulty
TLT_TPW_ON.png,toCheck_100088_00523s_TLT_TPW_ON.png,NA,NA,NA,NA,NA,NA,Faulty
TLT_SERV_OFF.png,toCheck_100088_00523s_TLT_SERV_OFF.png,NA,NA,NA,NA,NA,NA,Faulty
NO_ALERT.png,toCheck_100088_00536s_NO_ALERT.png,NA,NA,NA,NA,NA,NA,Faulty
TLT_TPW_ON.png,toCheck_100088_00191s_TLT_TPW_ON.png,NA,NA,NA,NA,NA,NA,Faulty
TLT_SERV_OFF.png,toCheck_100088_00191s_TLT_SERV_OFF.png,NA,NA,NA,NA,NA,NA,Faulty
NO_ALERT.png,toCheck_100088_00213s_NO_ALERT.png,NA,NA,NA,NA,NA,NA,Faulty
TLT_TPW_ON.png,toCheck_100088_00213s_TLT_TPW_ON.png,NA,NA,NA,NA,NA,NA,Faulty
TLT_SERV_OFF.png,toCheck_100088_00213s_TLT_SERV_OFF.png,NA,NA,NA,NA,NA,NA,Faulty
NO_ALERT.png,toCheck_100089_00223s_NO_ALERT.png,NA,NA,NA,NA,NA,NA,Faulty
TLT_TPW_OFF.png,toCheck_100089_00223s_TLT_TPW_OFF.png,NA,NA,NA,NA,NA,NA,Faulty
TLT_TPW_ON.png,toCheck_100089_00226s_TLT_TPW_ON.png,NA,NA,NA,NA,NA,NA,Faulty
TLT_TPW_OFF.png,toCheck_100089_00228s_TLT_TPW_OFF.png,NA,NA,NA,NA,NA,NA,Faulty
TLT_TPW_ON.png,toCheck_100089_00231s_TLT_TPW_ON.png,NA,NA,NA,NA,NA,NA,Faulty
TLT_SERV_OFF.png,toCheck_100089_00233s_TLT_SERV_OFF.png,NA,NA,NA,NA,NA,NA,Faulty
TLT_TPW_OFF.png,toCheck_100089_00543s_TLT_TPW_OFF.png,NA,NA,NA,NA,NA,NA,Faulty
TLT_TPW_ON.png,toCheck_100089_00546s_TLT_TPW_ON.png,NA,NA,NA,NA,NA,NA,Faulty
TLT_TPW_OFF.png,toCheck_100089_00548s_TLT_TPW_OFF.png,NA,NA,NA,NA,NA,NA,Faulty
TLT_TPW_ON.png,toCheck_100089_00551s_TLT_TPW_ON.png,NA,NA,NA,NA,NA,NA,Faulty
TLT_SERV_OFF.png,toCheck_100089_00553s_TLT_SERV_OFF.png,NA,NA,NA,NA,NA,NA,Faulty
NO_ALERT.png,toCheck_100089_00566s_NO_ALERT.png,NA,NA,NA,NA,NA,NA,Faulty
TLT_TPW_OFF.png,toCheck_100089_00191s_TLT_TPW_OFF.png,NA,NA,NA,NA,NA,NA,Faulty
TLT_TPW_ON.png,toCheck_100089_00193s_TLT_TPW_ON.png,NA,NA,NA,NA,NA,NA,Faulty
TLT_TPW_OFF.png,toCheck_100089_00196s_TLT_TPW_OFF.png,NA,NA,NA,NA,NA,NA,Faulty
TLT_TPW_ON.png,toCheck_100089_00198s_TLT_TPW_ON.png,NA,NA,NA,NA,NA,NA,Faulty
TLT_SERV_OFF.png,toCheck_100089_00201s_TLT_SERV_OFF.png,NA,NA,NA,NA,NA,NA,Faulty
TLT_TPW_ON.png,toCheck_100090_00523s_TLT_TPW_ON.png,NA,NA,NA,NA,NA,NA,Faulty
TLT_SERV_OFF.png,toCheck_100090_00523s_TLT_SERV_OFF.png,NA,NA,NA,NA,NA,NA,Faulty
NO_ALERT.png,toCheck_100090_00536s_NO_ALERT.png,NA,NA,NA,NA,NA,NA,Faulty
TLT_TPW_ON.png,toCheck_100090_00191s_TLT_TPW_ON.png,NA,NA,NA,NA,NA,NA,Faulty
TLT_SERV_OFF.png,toCheck_100090_00191s_TLT_SERV_OFF.png,NA,NA,NA,NA,NA,NA,Faulty
NO_ALERT.png,toCheck_100090_00213s_NO_ALERT.png,NA,NA,NA,NA,NA,NA,Faulty
TLT_TPW_ON.png,toCheck_100090_00213s_TLT_TPW_ON.png,NA,NA,NA,NA,NA,NA,Faulty
TLT_SERV_OFF.png,toCheck_100090_00213s_TLT_SERV_OFF.png,NA,NA,NA,NA,NA,NA,Faulty
NO_ALERT.png,toCheck_100091_00223s_NO_ALERT.png,NA,NA,NA,NA,NA,NA,Faulty
TLT_TPW_OFF.png,toCheck_100091_00223s_TLT_TPW_OFF.png,NA,NA,NA,NA,NA,NA,Faulty
TLT_TPW_ON.png,toCheck_100091_00226s_TLT_TPW_ON.png,NA,NA,NA,NA,NA,NA,Faulty
TLT_TPW_OFF.png,toCheck_100091_00228s_TLT_TPW_OFF.png,NA,NA,NA,NA,NA,NA,Faulty
TLT_TPW_ON.png,toCheck_100091_00231s_TLT_TPW_ON.png,NA,NA,NA,NA,NA,NA,Faulty
TLT_TPW_OFF.png,toCheck_100091_00543s_TLT_TPW_OFF.png,NA,NA,NA,NA,NA,NA,Faulty
TLT_TPW_ON.png,toCheck_100091_00546s_TLT_TPW_ON.png,NA,NA,NA,NA,NA,NA,Faulty
TLT_TPW_OFF.png,toCheck_100091_00548s_TLT_TPW_OFF.png,NA,NA,NA,NA,NA,NA,Faulty
TLT_TPW_ON.png,toCheck_100091_00551s_TLT_TPW_ON.png,NA,NA,NA,NA,NA,NA,Faulty
NO_ALERT.png,toCheck_100091_00566s_NO_ALERT.png,NA,NA,NA,NA,NA,NA,Faulty
TLT_TPW_OFF.png,toCheck_100091_00191s_TLT_TPW_OFF.png,NA,NA,NA,NA,NA,NA,Faulty
TLT_TPW_ON.png,toCheck_100091_00193s_TLT_TPW_ON.png,NA,NA,NA,NA,NA,NA,Faulty
TLT_TPW_OFF.png,toCheck_100091_00196s_TLT_TPW_OFF.png,NA,NA,NA,NA,NA,NA,Faulty
TLT_TPW_ON.png,toCheck_100091_00198s_TLT_TPW_ON.png,NA,NA,NA,NA,NA,NA,Faulty
NO_ALERT.png,toCheck_100092_00223s_NO_ALERT.png,NA,NA,NA,NA,NA,NA,Faulty
TLT_TPW_OFF.png,toCheck_100092_00223s_TLT_TPW_OFF.png,NA,NA,NA,NA,NA,NA,Faulty
TLT_TPW_ON.png,toCheck_100092_00226s_TLT_TPW_ON.png,NA,NA,NA,NA,NA,NA,Faulty
TLT_TPW_OFF.png,toCheck_100092_00228s_TLT_TPW_OFF.png,NA,NA,NA,NA,NA,NA,Faulty
TLT_TPW_ON.png,toCheck_100092_00231s_TLT_TPW_ON.png,NA,NA,NA,NA,NA,NA,Faulty
TLT_SERV_OFF.png,toCheck_100092_00233s_TLT_SERV_OFF.png,NA,NA,NA,NA,NA,NA,Faulty
TLT_TPW_OFF.png,toCheck_100092_00543s_TLT_TPW_OFF.png,NA,NA,NA,NA,NA,NA,Faulty
TLT_TPW_ON.png,toCheck_100092_00546s_TLT_TPW_ON.png,NA,NA,NA,NA,NA,NA,Faulty
TLT_TPW_OFF.png,toCheck_100092_00548s_TLT_TPW_OFF.png,NA,NA,NA,NA,NA,NA,Faulty
TLT_TPW_ON.png,toCheck_100092_00551s_TLT_TPW_ON.png,NA,NA,NA,NA,NA,NA,Faulty
TLT_SERV_OFF.png,toCheck_100092_00553s_TLT_SERV_OFF.png,NA,NA,NA,NA,NA,NA,Faulty
NO_ALERT.png,toCheck_100092_00566s_NO_ALERT.png,NA,NA,NA,NA,NA,NA,Faulty
TLT_TPW_OFF.png,toCheck_100092_00191s_TLT_TPW_OFF.png,NA,NA,NA,NA,NA,NA,Faulty
TLT_TPW_ON.png,toCheck_100092_00193s_TLT_TPW_ON.png,NA,NA,NA,NA,NA,NA,Faulty
TLT_TPW_OFF.png,toCheck_100092_00196s_TLT_TPW_OFF.png,NA,NA,NA,NA,NA,NA,Faulty
TLT_TPW_ON.png,toCheck_100092_00198s_TLT_TPW_ON.png,NA,NA,NA,NA,NA,NA,Faulty
TLT_SERV_OFF.png,toCheck_100092_00201s_TLT_SERV_OFF.png,NA,NA,NA,NA,NA,NA,Faulty
TLT_SERV_OFF.png,toCheck_100093_00523s_TLT_SERV_OFF.png,NA,NA,NA,NA,NA,NA,Faulty
NO_ALERT.png,toCheck_100093_00536s_NO_ALERT.png,NA,NA,NA,NA,NA,NA,Faulty
TLT_SERV_OFF.png,toCheck_100093_00191s_TLT_SERV_OFF.png,NA,NA,NA,NA,NA,NA,Faulty
NO_ALERT.png,toCheck_100093_00213s_NO_ALERT.png,NA,NA,NA,NA,NA,NA,Faulty
TLT_SERV_OFF.png,toCheck_100093_00213s_TLT_SERV_OFF.png,NA,NA,NA,NA,NA,NA,Faulty
TLT_SERV_OFF.png,toCheck_100094_00523s_TLT_SERV_OFF.png,NA,NA,NA,NA,NA,NA,Faulty
NO_ALERT.png,toCheck_100094_00536s_NO_ALERT.png,NA,NA,NA,NA,NA,NA,Faulty
TLT_SERV_OFF.png,toCheck_100094_00191s_TLT_SERV_OFF.png,NA,NA,NA,NA,NA,NA,Faulty
NO_ALERT.png,toCheck_100094_00213s_NO_ALERT.png,NA,NA,NA,NA,NA,NA,Faulty
TLT_SERV_OFF.png,toCheck_100094_00213s_TLT_SERV_OFF.png,NA,NA,NA,NA,NA,NA,Faulty
NO_ALERT.png,toCheck_100095_00536s_NO_ALERT.png,NA,NA,NA,NA,NA,NA,Faulty
NO_ALERT.png,toCheck_100095_00213s_NO_ALERT.png,NA,NA,NA,NA,NA,NA,Faulty
NO_ALERT.png,toCheck_100096_00523s_NO_ALERT.png,NA,NA,NA,NA,NA,NA,Faulty
NO_ALERT.png,toCheck_100096_00536s_NO_ALERT.png,NA,NA,NA,NA,NA,NA,Faulty
TLT_SERV_OFF.png,toCheck_100096_00191s_TLT_SERV_OFF.png,NA,NA,NA,NA,NA,NA,Faulty
NO_ALERT.png,toCheck_100096_00213s_NO_ALERT.png,NA,NA,NA,NA,NA,NA,Faulty
TLT_SERV_OFF.png,toCheck_100096_00213s_TLT_SERV_OFF.png,NA,NA,NA,NA,NA,NA,Faulty
BUZ_00_OFF.png,toCheck_100096_00213s_BUZ_00_OFF.png,NA,NA,NA,NA,NA,NA,Faulty
NO_ALERT.png,toCheck_100097_00536s_NO_ALERT.png,NA,NA,NA,NA,NA,NA,Faulty
NO_ALERT.png,toCheck_100097_00213s_NO_ALERT.png,NA,NA,NA,NA,NA,NA,Faulty
NO_ALERT.png,toCheck_100098_00523s_NO_ALERT.png,NA,NA,NA,NA,NA,NA,Faulty
NO_ALERT.png,toCheck_100098_00536s_NO_ALERT.png,NA,NA,NA,NA,NA,NA,Faulty
TLT_SERV_OFF.png,toCheck_100098_00191s_TLT_SERV_OFF.png,NA,NA,NA,NA,NA,NA,Faulty
NO_ALERT.png,toCheck_100098_00213s_NO_ALERT.png,NA,NA,NA,NA,NA,NA,Faulty
TLT_SERV_OFF.png,toCheck_100098_00213s_TLT_SERV_OFF.png,NA,NA,NA,NA,NA,NA,Faulty
NO_ALERT.png,toCheck_100099_00523s_NO_ALERT.png,NA,NA,NA,NA,NA,NA,Faulty
NO_ALERT.png,toCheck_100099_00536s_NO_ALERT.png,NA,NA,NA,NA,NA,NA,Faulty
TLT_SERV_OFF.png,toCheck_100099_00191s_TLT_SERV_OFF.png,NA,NA,NA,NA,NA,NA,Faulty
NO_ALERT.png,toCheck_100099_00213s_NO_ALERT.png,NA,NA,NA,NA,NA,NA,Faulty
TLT_SERV_OFF.png,toCheck_100099_00213s_TLT_SERV_OFF.png,NA,NA,NA,NA,NA,NA,Faulty
NO_ALERT.png,toCheck_100100_00523s_NO_ALERT.png,NA,NA,NA,NA,NA,NA,Faulty
NO_ALERT.png,toCheck_100100_00536s_NO_ALERT.png,NA,NA,NA,NA,NA,NA,Faulty
TLT_SERV_OFF.png,toCheck_100100_00191s_TLT_SERV_OFF.png,NA,NA,NA,NA,NA,NA,Faulty
NO_ALERT.png,toCheck_100100_00213s_NO_ALERT.png,NA,NA,NA,NA,NA,NA,Faulty
TLT_SERV_OFF.png,toCheck_100100_00213s_TLT_SERV_OFF.png,NA,NA,NA,NA,NA,NA,Faulty
NO_ALERT.png,toCheck_100101_00523s_NO_ALERT.png,NA,NA,NA,NA,NA,NA,Faulty
NO_ALERT.png,toCheck_100101_00536s_NO_ALERT.png,NA,NA,NA,NA,NA,NA,Faulty
TLT_SERV_OFF.png,toCheck_100101_00191s_TLT_SERV_OFF.png,NA,NA,NA,NA,NA,NA,Faulty
NO_ALERT.png,toCheck_100101_00213s_NO_ALERT.png,NA,NA,NA,NA,NA,NA,Faulty
TLT_SERV_OFF.png,toCheck_100101_00213s_TLT_SERV_OFF.png,NA,NA,NA,NA,NA,NA,Faulty
NO_ALERT.png,toCheck_100102_00523s_NO_ALERT.png,NA,NA,NA,NA,NA,NA,Faulty
NO_ALERT.png,toCheck_100102_00536s_NO_ALERT.png,NA,NA,NA,NA,NA,NA,Faulty
TLT_SERV_OFF.png,toCheck_100102_00191s_TLT_SERV_OFF.png,NA,NA,NA,NA,NA,NA,Faulty
NO_ALERT.png,toCheck_100102_00213s_NO_ALERT.png,NA,NA,NA,NA,NA,NA,Faulty
TLT_SERV_OFF.png,toCheck_100102_00213s_TLT_SERV_OFF.png,NA,NA,NA,NA,NA,NA,Faulty
TLT_LBEAM_ON.png,toCheck_100103_00221s_TLT_LBEAM_ON.png,NA,NA,NA,NA,NA,NA,Faulty
TLT_SERV_OFF.png,toCheck_100103_00223s_TLT_SERV_OFF.png,NA,NA,NA,NA,NA,NA,Faulty
TLT_LBEAM_OFF.png,toCheck_100103_00533s_TLT_LBEAM_OFF.png,NA,NA,NA,NA,NA,NA,Faulty
TLT_LBEAM_ON.png,toCheck_100103_00536s_TLT_LBEAM_ON.png,NA,NA,NA,NA,NA,NA,Faulty
TLT_SERV_OFF.png,toCheck_100103_00538s_TLT_SERV_OFF.png,NA,NA,NA,NA,NA,NA,Faulty
NO_ALERT.png,toCheck_100103_00551s_NO_ALERT.png,NA,NA,NA,NA,NA,NA,Faulty
TLT_SERV_OFF.png,toCheck_100103_00196s_TLT_SERV_OFF.png,NA,NA,NA,NA,NA,NA,Faulty
NO_ALERT.png,toCheck_100103_00218s_NO_ALERT.png,NA,NA,NA,NA,NA,NA,Faulty
TLT_LBEAM_OFF.png,toCheck_100103_00218s_TLT_LBEAM_OFF.png,NA,NA,NA,NA,NA,NA,Faulty
TLT_LBEAM_ON.png,toCheck_100104_00256s_TLT_LBEAM_ON.png,NA,NA,NA,NA,NA,NA,Faulty
TLT_SERV_OFF.png,toCheck_100104_00258s_TLT_SERV_OFF.png,NA,NA,NA,NA,NA,NA,Faulty
TLT_LBEAM_OFF.png,toCheck_100104_00568s_TLT_LBEAM_OFF.png,NA,NA,NA,NA,NA,NA,Faulty
TLT_LBEAM_ON.png,toCheck_100104_00571s_TLT_LBEAM_ON.png,NA,NA,NA,NA,NA,NA,Faulty
TLT_SERV_OFF.png,toCheck_100104_00573s_TLT_SERV_OFF.png,NA,NA,NA,NA,NA,NA,Faulty
NO_ALERT.png,toCheck_100104_00586s_NO_ALERT.png,NA,NA,NA,NA,NA,NA,Faulty
TLT_SERV_OFF.png,toCheck_100104_00231s_TLT_SERV_OFF.png,NA,NA,NA,NA,NA,NA,Faulty
NO_ALERT.png,toCheck_100104_00253s_NO_ALERT.png,NA,NA,NA,NA,NA,NA,Faulty
TLT_LBEAM_OFF.png,toCheck_100104_00253s_TLT_LBEAM_OFF.png,NA,NA,NA,NA,NA,NA,Faulty
TLT_AFSF_ON.png,toCheck_100105_00523s_TLT_AFSF_ON.png,NA,NA,NA,NA,NA,NA,Faulty
TLT_SERV_OFF.png,toCheck_100105_00523s_TLT_SERV_OFF.png,NA,NA,NA,NA,NA,NA,Faulty
NO_ALERT.png,toCheck_100105_00536s_NO_ALERT.png,NA,NA,NA,NA,NA,NA,Faulty
TLT_AFSF_ON.png,toCheck_100105_00191s_TLT_AFSF_ON.png,NA,NA,NA,NA,NA,NA,Faulty
TLT_SERV_OFF.png,toCheck_100105_00191s_TLT_SERV_OFF.png,NA,NA,NA,NA,NA,NA,Faulty
NO_ALERT.png,toCheck_100105_00213s_NO_ALERT.png,NA,NA,NA,NA,NA,NA,Faulty
TLT_AFSF_ON.png,toCheck_100105_00213s_TLT_AFSF_ON.png,NA,NA,NA,NA,NA,NA,Faulty
TLT_SERV_OFF.png,toCheck_100105_00213s_TLT_SERV_OFF.png,NA,NA,NA,NA,NA,NA,Faulty
TLT_SERV_OFF.png,toCheck_100106_00523s_TLT_SERV_OFF.png,NA,NA,NA,NA,NA,NA,Faulty
NO_ALERT.png,toCheck_100106_00536s_NO_ALERT.png,NA,NA,NA,NA,NA,NA,Faulty
TLT_SERV_OFF.png,toCheck_100106_00191s_TLT_SERV_OFF.png,NA,NA,NA,NA,NA,NA,Faulty
NO_ALERT.png,toCheck_100106_00213s_NO_ALERT.png,NA,NA,NA,NA,NA,NA,Faulty
TLT_SERV_OFF.png,toCheck_100106_00213s_TLT_SERV_OFF.png,NA,NA,NA,NA,NA,NA,Faulty
NO_ALERT.png,toCheck_100107_00523s_NO_ALERT.png,NA,NA,NA,NA,NA,NA,Faulty
NO_ALERT.png,toCheck_100107_00536s_NO_ALERT.png,NA,NA,NA,NA,NA,NA,Faulty
TLT_SERV_OFF.png,toCheck_100107_00191s_TLT_SERV_OFF.png,NA,NA,NA,NA,NA,NA,Faulty
NO_ALERT.png,toCheck_100107_00213s_NO_ALERT.png,NA,NA,NA,NA,NA,NA,Faulty
TLT_SERV_OFF.png,toCheck_100107_00213s_TLT_SERV_OFF.png,NA,NA,NA,NA,NA,NA,Faulty
TLT_LBEAM_OFF.png,toCheck_100108_00533s_TLT_LBEAM_OFF.png,NA,NA,NA,NA,NA,NA,Faulty
TLT_LBEAM_ON.png,toCheck_100108_00536s_TLT_LBEAM_ON.png,NA,NA,NA,NA,NA,NA,Faulty
NO_ALERT.png,toCheck_100108_00551s_NO_ALERT.png,NA,NA,NA,NA,NA,NA,Faulty
NO_ALERT.png,toCheck_100108_00218s_NO_ALERT.png,NA,NA,NA,NA,NA,NA,Faulty
TLT_LBEAM_OFF.png,toCheck_100108_00218s_TLT_LBEAM_OFF.png,NA,NA,NA,NA,NA,NA,Faulty
TLT_LBEAM_ON.png,toCheck_100108_00221s_TLT_LBEAM_ON.png,NA,NA,NA,NA,NA,NA,Faulty
TLT_AFSF_ON.png,toCheck_100109_00523s_TLT_AFSF_ON.png,NA,NA,NA,NA,NA,NA,Faulty
TLT_SERV_OFF.png,toCheck_100109_00523s_TLT_SERV_OFF.png,NA,NA,NA,NA,NA,NA,Faulty
NO_ALERT.png,toCheck_100109_00536s_NO_ALERT.png,NA,NA,NA,NA,NA,NA,Faulty
TLT_AFSF_ON.png,toCheck_100109_00191s_TLT_AFSF_ON.png,NA,NA,NA,NA,NA,NA,Faulty
TLT_SERV_OFF.png,toCheck_100109_00191s_TLT_SERV_OFF.png,NA,NA,NA,NA,NA,NA,Faulty
NO_ALERT.png,toCheck_100109_00213s_NO_ALERT.png,NA,NA,NA,NA,NA,NA,Faulty
TLT_AFSF_ON.png,toCheck_100109_00213s_TLT_AFSF_ON.png,NA,NA,NA,NA,NA,NA,Faulty
TLT_SERV_OFF.png,toCheck_100109_00213s_TLT_SERV_OFF.png,NA,NA,NA,NA,NA,NA,Faulty
NO_ALERT.png,toCheck_100110_00523s_NO_ALERT.png,NA,NA,NA,NA,NA,NA,Faulty
NO_ALERT.png,toCheck_100110_00536s_NO_ALERT.png,NA,NA,NA,NA,NA,NA,Faulty
TLT_SERV_OFF.png,toCheck_100110_00191s_TLT_SERV_OFF.png,NA,NA,NA,NA,NA,NA,Faulty
NO_ALERT.png,toCheck_100110_00213s_NO_ALERT.png,NA,NA,NA,NA,NA,NA,Faulty
TLT_SERV_OFF.png,toCheck_100110_00213s_TLT_SERV_OFF.png,NA,NA,NA,NA,NA,NA,Faulty
NO_ALERT.png,toCheck_100111_00536s_NO_ALERT.png,NA,NA,NA,NA,NA,NA,Faulty
NO_ALERT.png,toCheck_100111_00213s_NO_ALERT.png,NA,NA,NA,NA,NA,NA,Faulty
NO_ALERT.png,toCheck_100112_00523s_NO_ALERT.png,NA,NA,NA,NA,NA,NA,Faulty
NO_ALERT.png,toCheck_100112_00536s_NO_ALERT.png,NA,NA,NA,NA,NA,NA,Faulty
TLT_SERV_OFF.png,toCheck_100112_00191s_TLT_SERV_OFF.png,NA,NA,NA,NA,NA,NA,Faulty
NO_ALERT.png,toCheck_100112_00213s_NO_ALERT.png,NA,NA,NA,NA,NA,NA,Faulty
TLT_SERV_OFF.png,toCheck_100112_00213s_TLT_SERV_OFF.png,NA,NA,NA,NA,NA,NA,Faulty
NO_ALERT.png,toCheck_100113_00536s_NO_ALERT.png,NA,NA,NA,NA,NA,NA,Faulty
NO_ALERT.png,toCheck_100113_00213s_NO_ALERT.png,NA,NA,NA,NA,NA,NA,Faulty
NO_ALERT.png,toCheck_100114_00536s_NO_ALERT.png,NA,NA,NA,NA,NA,NA,Faulty
NO_ALERT.png,toCheck_100114_00213s_NO_ALERT.png,NA,NA,NA,NA,NA,NA,Faulty
NO_ALERT.png,toCheck_100115_00523s_NO_ALERT.png,NA,NA,NA,NA,NA,NA,Faulty
NO_ALERT.png,toCheck_100115_00536s_NO_ALERT.png,NA,NA,NA,NA,NA,NA,Faulty
TLT_SERV_OFF.png,toCheck_100115_00191s_TLT_SERV_OFF.png,NA,NA,NA,NA,NA,NA,Faulty
NO_ALERT.png,toCheck_100115_00213s_NO_ALERT.png,NA,NA,NA,NA,NA,NA,Faulty
TLT_SERV_OFF.png,toCheck_100115_00213s_TLT_SERV_OFF.png,NA,NA,NA,NA,NA,NA,Faulty
NO_ALERT.png,toCheck_100116_00536s_NO_ALERT.png,NA,NA,NA,NA,NA,NA,Faulty
NO_ALERT.png,toCheck_100116_00213s_NO_ALERT.png,NA,NA,NA,NA,NA,NA,Faulty
NO_ALERT.png,toCheck_100117_00571s_NO_ALERT.png,NA,NA,NA,NA,NA,NA,Faulty
NO_ALERT.png,toCheck_100117_00248s_NO_ALERT.png,NA,NA,NA,NA,NA,NA,Faulty
NO_ALERT.png,toCheck_100118_00523s_NO_ALERT.png,NA,NA,NA,NA,NA,NA,Faulty
NO_ALERT.png,toCheck_100118_00536s_NO_ALERT.png,NA,NA,NA,NA,NA,NA,Faulty
TLT_SERV_OFF.png,toCheck_100118_00191s_TLT_SERV_OFF.png,NA,NA,NA,NA,NA,NA,Faulty
NO_ALERT.png,toCheck_100118_00213s_NO_ALERT.png,NA,NA,NA,NA,NA,NA,Faulty
TLT_SERV_OFF.png,toCheck_100118_00213s_TLT_SERV_OFF.png,NA,NA,NA,NA,NA,NA,Faulty
NO_ALERT.png,toCheck_100119_00523s_NO_ALERT.png,NA,NA,NA,NA,NA,NA,Faulty
NO_ALERT.png,toCheck_100119_00536s_NO_ALERT.png,NA,NA,NA,NA,NA,NA,Faulty
TLT_SERV_OFF.png,toCheck_100119_00191s_TLT_SERV_OFF.png,NA,NA,NA,NA,NA,NA,Faulty
NO_ALERT.png,toCheck_100119_00213s_NO_ALERT.png,NA,NA,NA,NA,NA,NA,Faulty
TLT_SERV_OFF.png,toCheck_100119_00213s_TLT_SERV_OFF.png,NA,NA,NA,NA,NA,NA,Faulty
NO_ALERT.png,toCheck_100120_00523s_NO_ALERT.png,NA,NA,NA,NA,NA,NA,Faulty
NO_ALERT.png,toCheck_100120_00536s_NO_ALERT.png,NA,NA,NA,NA,NA,NA,Faulty
TLT_SERV_OFF.png,toCheck_100120_00191s_TLT_SERV_OFF.png,NA,NA,NA,NA,NA,NA,Faulty
NO_ALERT.png,toCheck_100120_00213s_NO_ALERT.png,NA,NA,NA,NA,NA,NA,Faulty
TLT_SERV_OFF.png,toCheck_100120_00213s_TLT_SERV_OFF.png,NA,NA,NA,NA,NA,NA,Faulty
NO_ALERT.png,toCheck_100121_00523s_NO_ALERT.png,NA,NA,NA,NA,NA,NA,Faulty
NO_ALERT.png,toCheck_100121_00536s_NO_ALERT.png,NA,NA,NA,NA,NA,NA,Faulty
TLT_SERV_OFF.png,toCheck_100121_00191s_TLT_SERV_OFF.png,NA,NA,NA,NA,NA,NA,Faulty
NO_ALERT.png,toCheck_100121_00213s_NO_ALERT.png,NA,NA,NA,NA,NA,NA,Faulty
TLT_SERV_OFF.png,toCheck_100121_00213s_TLT_SERV_OFF.png,NA,NA,NA,NA,NA,NA,Faulty
NO_ALERT.png,toCheck_100122_00523s_NO_ALERT.png,NA,NA,NA,NA,NA,NA,Faulty
NO_ALERT.png,toCheck_100122_00536s_NO_ALERT.png,NA,NA,NA,NA,NA,NA,Faulty
TLT_SERV_OFF.png,toCheck_100122_00191s_TLT_SERV_OFF.png,NA,NA,NA,NA,NA,NA,Faulty
NO_ALERT.png,toCheck_100122_00213s_NO_ALERT.png,NA,NA,NA,NA,NA,NA,Faulty
TLT_SERV_OFF.png,toCheck_100122_00213s_TLT_SERV_OFF.png,NA,NA,NA,NA,NA,NA,Faulty
NO_ALERT.png,toCheck_100123_00523s_NO_ALERT.png,NA,NA,NA,NA,NA,NA,Faulty
NO_ALERT.png,toCheck_100123_00536s_NO_ALERT.png,NA,NA,NA,NA,NA,NA,Faulty
TLT_SERV_OFF.png,toCheck_100123_00191s_TLT_SERV_OFF.png,NA,NA,NA,NA,NA,NA,Faulty
NO_ALERT.png,toCheck_100123_00213s_NO_ALERT.png,NA,NA,NA,NA,NA,NA,Faulty
TLT_SERV_OFF.png,toCheck_100123_00213s_TLT_SERV_OFF.png,NA,NA,NA,NA,NA,NA,Faulty
TLT_SERV_OFF.png,toCheck_100124_00558s_TLT_SERV_OFF.png,NA,NA,NA,NA,NA,NA,Faulty
NO_ALERT.png,toCheck_100124_00606s_NO_ALERT.png,NA,NA,NA,NA,NA,NA,Faulty
TLT_SERV_OFF.png,toCheck_100124_00226s_TLT_SERV_OFF.png,NA,NA,NA,NA,NA,NA,Faulty
NO_ALERT.png,toCheck_100124_00248s_NO_ALERT.png,NA,NA,NA,NA,NA,NA,Faulty
TLT_SERV_OFF.png,toCheck_100124_00248s_TLT_SERV_OFF.png,NA,NA,NA,NA,NA,NA,Faulty
TLT_SERV_OFF.png,toCheck_100125_00523s_TLT_SERV_OFF.png,NA,NA,NA,NA,NA,NA,Faulty
NO_ALERT.png,toCheck_100125_00536s_NO_ALERT.png,NA,NA,NA,NA,NA,NA,Faulty
TLT_SERV_OFF.png,toCheck_100125_00191s_TLT_SERV_OFF.png,NA,NA,NA,NA,NA,NA,Faulty
NO_ALERT.png,toCheck_100125_00213s_NO_ALERT.png,NA,NA,NA,NA,NA,NA,Faulty
TLT_SERV_OFF.png,toCheck_100125_00213s_TLT_SERV_OFF.png,NA,NA,NA,NA,NA,NA,Faulty
NO_ALERT.png,toCheck_100126_00523s_NO_ALERT.png,NA,NA,NA,NA,NA,NA,Faulty
NO_ALERT.png,toCheck_100126_00536s_NO_ALERT.png,NA,NA,NA,NA,NA,NA,Faulty
TLT_SERV_OFF.png,toCheck_100126_00191s_TLT_SERV_OFF.png,NA,NA,NA,NA,NA,NA,Faulty
NO_ALERT.png,toCheck_100126_00213s_NO_ALERT.png,NA,NA,NA,NA,NA,NA,Faulty
TLT_SERV_OFF.png,toCheck_100126_00213s_TLT_SERV_OFF.png,NA,NA,NA,NA,NA,NA,Faulty
NO_ALERT.png,toCheck_100127_00523s_NO_ALERT.png,NA,NA,NA,NA,NA,NA,Faulty
NO_ALERT.png,toCheck_100127_00536s_NO_ALERT.png,NA,NA,NA,NA,NA,NA,Faulty
TLT_SERV_OFF.png,toCheck_100127_00191s_TLT_SERV_OFF.png,NA,NA,NA,NA,NA,NA,Faulty
NO_ALERT.png,toCheck_100127_00213s_NO_ALERT.png,NA,NA,NA,NA,NA,NA,Faulty
TLT_SERV_OFF.png,toCheck_100127_00213s_TLT_SERV_OFF.png,NA,NA,NA,NA,NA,NA,Faulty
NO_ALERT.png,toCheck_100128_00523s_NO_ALERT.png,NA,NA,NA,NA,NA,NA,Faulty
NO_ALERT.png,toCheck_100128_00536s_NO_ALERT.png,NA,NA,NA,NA,NA,NA,Faulty
TLT_SERV_OFF.png,toCheck_100128_00191s_TLT_SERV_OFF.png,NA,NA,NA,NA,NA,NA,Faulty
NO_ALERT.png,toCheck_100128_00213s_NO_ALERT.png,NA,NA,NA,NA,NA,NA,Faulty
TLT_SERV_OFF.png,toCheck_100128_00213s_TLT_SERV_OFF.png,NA,NA,NA,NA,NA,NA,Faulty
NO_ALERT.png,toCheck_100129_00523s_NO_ALERT.png,NA,NA,NA,NA,NA,NA,Faulty
NO_ALERT.png,toCheck_100129_00536s_NO_ALERT.png,NA,NA,NA,NA,NA,NA,Faulty
TLT_SERV_OFF.png,toCheck_100129_00191s_TLT_SERV_OFF.png,NA,NA,NA,NA,NA,NA,Faulty
NO_ALERT.png,toCheck_100129_00213s_NO_ALERT.png,NA,NA,NA,NA,NA,NA,Faulty
TLT_SERV_OFF.png,toCheck_100129_00213s_TLT_SERV_OFF.png,NA,NA,NA,NA,NA,NA,Faulty
NO_ALERT.png,toCheck_100130_00523s_NO_ALERT.png,NA,NA,NA,NA,NA,NA,Faulty
NO_ALERT.png,toCheck_100130_00536s_NO_ALERT.png,NA,NA,NA,NA,NA,NA,Faulty
TLT_SERV_OFF.png,toCheck_100130_00191s_TLT_SERV_OFF.png,NA,NA,NA,NA,NA,NA,Faulty
NO_ALERT.png,toCheck_100130_00213s_NO_ALERT.png,NA,NA,NA,NA,NA,NA,Faulty
TLT_SERV_OFF.png,toCheck_100130_00213s_TLT_SERV_OFF.png,NA,NA,NA,NA,NA,NA,Faulty
NO_ALERT.png,toCheck_100131_00523s_NO_ALERT.png,NA,NA,NA,NA,NA,NA,Faulty
NO_ALERT.png,toCheck_100131_00536s_NO_ALERT.png,NA,NA,NA,NA,NA,NA,Faulty
TLT_SERV_OFF.png,toCheck_100131_00191s_TLT_SERV_OFF.png,NA,NA,NA,NA,NA,NA,Faulty
NO_ALERT.png,toCheck_100131_00213s_NO_ALERT.png,NA,NA,NA,NA,NA,NA,Faulty
TLT_SERV_OFF.png,toCheck_100131_00213s_TLT_SERV_OFF.png,NA,NA,NA,NA,NA,NA,Faulty
NO_ALERT.png,toCheck_100132_00536s_NO_ALERT.png,NA,NA,NA,NA,NA,NA,Faulty
NO_ALERT.png,toCheck_100132_00213s_NO_ALERT.png,NA,NA,NA,NA,NA,NA,Faulty
TLT_SBSOFF_ON.png,toCheck_100133_00678s_TLT_SBSOFF_ON.png,NA,NA,NA,NA,NA,NA,Faulty
TLT_SERV_OFF.png,toCheck_100133_00678s_TLT_SERV_OFF.png,NA,NA,NA,NA,NA,NA,Faulty
NO_ALERT.png,toCheck_100133_00691s_NO_ALERT.png,NA,NA,NA,NA,NA,NA,Faulty
TLT_SBSOFF_ON.png,toCheck_100133_00346s_TLT_SBSOFF_ON.png,NA,NA,NA,NA,NA,NA,Faulty
TLT_SERV_OFF.png,toCheck_100133_00346s_TLT_SERV_OFF.png,NA,NA,NA,NA,NA,NA,Faulty
NO_ALERT.png,toCheck_100133_00368s_NO_ALERT.png,NA,NA,NA,NA,NA,NA,Faulty
TLT_SBSOFF_ON.png,toCheck_100133_00368s_TLT_SBSOFF_ON.png,NA,NA,NA,NA,NA,NA,Faulty
TLT_SERV_OFF.png,toCheck_100133_00368s_TLT_SERV_OFF.png,NA,NA,NA,NA,NA,NA,Faulty
NO_ALERT.png,toCheck_100134_00523s_NO_ALERT.png,NA,NA,NA,NA,NA,NA,Faulty
NO_ALERT.png,toCheck_100134_00536s_NO_ALERT.png,NA,NA,NA,NA,NA,NA,Faulty
TLT_SERV_OFF.png,toCheck_100134_00191s_TLT_SERV_OFF.png,NA,NA,NA,NA,NA,NA,Faulty
NO_ALERT.png,toCheck_100134_00213s_NO_ALERT.png,NA,NA,NA,NA,NA,NA,Faulty
TLT_SERV_OFF.png,toCheck_100134_00213s_TLT_SERV_OFF.png,NA,NA,NA,NA,NA,NA,Faulty
NO_ALERT.png,toCheck_100135_00523s_NO_ALERT.png,NA,NA,NA,NA,NA,NA,Faulty
NO_ALERT.png,toCheck_100135_00536s_NO_ALERT.png,NA,NA,NA,NA,NA,NA,Faulty
TLT_SERV_OFF.png,toCheck_100135_00191s_TLT_SERV_OFF.png,NA,NA,NA,NA,NA,NA,Faulty
NO_ALERT.png,toCheck_100135_00213s_NO_ALERT.png,NA,NA,NA,NA,NA,NA,Faulty
TLT_SERV_OFF.png,toCheck_100135_00213s_TLT_SERV_OFF.png,NA,NA,NA,NA,NA,NA,Faulty
NO_ALERT.png,toCheck_100136_00523s_NO_ALERT.png,NA,NA,NA,NA,NA,NA,Faulty
NO_ALERT.png,toCheck_100136_00536s_NO_ALERT.png,NA,NA,NA,NA,NA,NA,Faulty
TLT_SERV_OFF.png,toCheck_100136_00191s_TLT_SERV_OFF.png,NA,NA,NA,NA,NA,NA,Faulty
NO_ALERT.png,toCheck_100136_00213s_NO_ALERT.png,NA,NA,NA,NA,NA,NA,Faulty
TLT_SERV_OFF.png,toCheck_100136_00213s_TLT_SERV_OFF.png,NA,NA,NA,NA,NA,NA,Faulty
NO_ALERT.png,toCheck_100137_00523s_NO_ALERT.png,NA,NA,NA,NA,NA,NA,Faulty
NO_ALERT.png,toCheck_100137_00536s_NO_ALERT.png,NA,NA,NA,NA,NA,NA,Faulty
TLT_SERV_OFF.png,toCheck_100137_00191s_TLT_SERV_OFF.png,NA,NA,NA,NA,NA,NA,Faulty
NO_ALERT.png,toCheck_100137_00213s_NO_ALERT.png,NA,NA,NA,NA,NA,NA,Faulty
TLT_SERV_OFF.png,toCheck_100137_00213s_TLT_SERV_OFF.png,NA,NA,NA,NA,NA,NA,Faulty
NO_ALERT.png,toCheck_100138_00523s_NO_ALERT.png,NA,NA,NA,NA,NA,NA,Faulty
NO_ALERT.png,toCheck_100138_00536s_NO_ALERT.png,NA,NA,NA,NA,NA,NA,Faulty
TLT_SERV_OFF.png,toCheck_100138_00191s_TLT_SERV_OFF.png,NA,NA,NA,NA,NA,NA,Faulty
NO_ALERT.png,toCheck_100138_00213s_NO_ALERT.png,NA,NA,NA,NA,NA,NA,Faulty
TLT_SERV_OFF.png,toCheck_100138_00213s_TLT_SERV_OFF.png,NA,NA,NA,NA,NA,NA,Faulty
NO_ALERT.png,toCheck_100139_00523s_NO_ALERT.png,NA,NA,NA,NA,NA,NA,Faulty
NO_ALERT.png,toCheck_100139_00536s_NO_ALERT.png,NA,NA,NA,NA,NA,NA,Faulty
TLT_SERV_OFF.png,toCheck_100139_00191s_TLT_SERV_OFF.png,NA,NA,NA,NA,NA,NA,Faulty
NO_ALERT.png,toCheck_100139_00213s_NO_ALERT.png,NA,NA,NA,NA,NA,NA,Faulty
TLT_SERV_OFF.png,toCheck_100139_00213s_TLT_SERV_OFF.png,NA,NA,NA,NA,NA,NA,Faulty
NO_ALERT.png,toCheck_100140_00523s_NO_ALERT.png,NA,NA,NA,NA,NA,NA,Faulty
NO_ALERT.png,toCheck_100140_00536s_NO_ALERT.png,NA,NA,NA,NA,NA,NA,Faulty
TLT_SERV_OFF.png,toCheck_100140_00191s_TLT_SERV_OFF.png,NA,NA,NA,NA,NA,NA,Faulty
NO_ALERT.png,toCheck_100140_00213s_NO_ALERT.png,NA,NA,NA,NA,NA,NA,Faulty
TLT_SERV_OFF.png,toCheck_100140_00213s_TLT_SERV_OFF.png,NA,NA,NA,NA,NA,NA,Faulty
NO_ALERT.png,toCheck_100141_00523s_NO_ALERT.png,NA,NA,NA,NA,NA,NA,Faulty
NO_ALERT.png,toCheck_100141_00536s_NO_ALERT.png,NA,NA,NA,NA,NA,NA,Faulty
TLT_SERV_OFF.png,toCheck_100141_00191s_TLT_SERV_OFF.png,NA,NA,NA,NA,NA,NA,Faulty
NO_ALERT.png,toCheck_100141_00213s_NO_ALERT.png,NA,NA,NA,NA,NA,NA,Faulty
TLT_SERV_OFF.png,toCheck_100141_00213s_TLT_SERV_OFF.png,NA,NA,NA,NA,NA,NA,Faulty
BUZ_00_OFF.png,toCheck_100141_00213s_BUZ_00_OFF.png,NA,NA,NA,NA,NA,NA,Faulty
NO_ALERT.png,toCheck_100142_00523s_NO_ALERT.png,NA,NA,NA,NA,NA,NA,Faulty
NO_ALERT.png,toCheck_100142_00536s_NO_ALERT.png,NA,NA,NA,NA,NA,NA,Faulty
TLT_SERV_OFF.png,toCheck_100142_00191s_TLT_SERV_OFF.png,NA,NA,NA,NA,NA,NA,Faulty
NO_ALERT.png,toCheck_100142_00213s_NO_ALERT.png,NA,NA,NA,NA,NA,NA,Faulty
TLT_SERV_OFF.png,toCheck_100142_00213s_TLT_SERV_OFF.png,NA,NA,NA,NA,NA,NA,Faulty
NO_ALERT.png,toCheck_100143_00523s_NO_ALERT.png,NA,NA,NA,NA,NA,NA,Faulty
NO_ALERT.png,toCheck_100143_00536s_NO_ALERT.png,NA,NA,NA,NA,NA,NA,Faulty
TLT_SERV_OFF.png,toCheck_100143_00191s_TLT_SERV_OFF.png,NA,NA,NA,NA,NA,NA,Faulty
NO_ALERT.png,toCheck_100143_00213s_NO_ALERT.png,NA,NA,NA,NA,NA,NA,Faulty
TLT_SERV_OFF.png,toCheck_100143_00213s_TLT_SERV_OFF.png,NA,NA,NA,NA,NA,NA,Faulty
NO_ALERT.png,toCheck_100144_00523s_NO_ALERT.png,NA,NA,NA,NA,NA,NA,Faulty
NO_ALERT.png,toCheck_100144_00536s_NO_ALERT.png,NA,NA,NA,NA,NA,NA,Faulty
TLT_SERV_OFF.png,toCheck_100144_00191s_TLT_SERV_OFF.png,NA,NA,NA,NA,NA,NA,Faulty
NO_ALERT.png,toCheck_100144_00213s_NO_ALERT.png,NA,NA,NA,NA,NA,NA,Faulty
TLT_SERV_OFF.png,toCheck_100144_00213s_TLT_SERV_OFF.png,NA,NA,NA,NA,NA,NA,Faulty
BUZ_00_OFF.png,toCheck_100144_00213s_BUZ_00_OFF.png,NA,NA,NA,NA,NA,NA,Faulty
NO_ALERT.png,toCheck_100145_00523s_NO_ALERT.png,NA,NA,NA,NA,NA,NA,Faulty
NO_ALERT.png,toCheck_100145_00536s_NO_ALERT.png,NA,NA,NA,NA,NA,NA,Faulty
TLT_SERV_OFF.png,toCheck_100145_00191s_TLT_SERV_OFF.png,NA,NA,NA,NA,NA,NA,Faulty
NO_ALERT.png,toCheck_100145_00213s_NO_ALERT.png,NA,NA,NA,NA,NA,NA,Faulty
TLT_SERV_OFF.png,toCheck_100145_00213s_TLT_SERV_OFF.png,NA,NA,NA,NA,NA,NA,Faulty
NO_ALERT.png,toCheck_100146_00523s_NO_ALERT.png,NA,NA,NA,NA,NA,NA,Faulty
NO_ALERT.png,toCheck_100146_00536s_NO_ALERT.png,NA,NA,NA,NA,NA,NA,Faulty
TLT_SERV_OFF.png,toCheck_100146_00191s_TLT_SERV_OFF.png,NA,NA,NA,NA,NA,NA,Faulty
NO_ALERT.png,toCheck_100146_00213s_NO_ALERT.png,NA,NA,NA,NA,NA,NA,Faulty
TLT_SERV_OFF.png,toCheck_100146_00213s_TLT_SERV_OFF.png,NA,NA,NA,NA,NA,NA,Faulty
NO_ALERT.png,toCheck_100147_00523s_NO_ALERT.png,NA,NA,NA,NA,NA,NA,Faulty
NO_ALERT.png,toCheck_100147_00536s_NO_ALERT.png,NA,NA,NA,NA,NA,NA,Faulty
TLT_SERV_OFF.png,toCheck_100147_00191s_TLT_SERV_OFF.png,NA,NA,NA,NA,NA,NA,Faulty
NO_ALERT.png,toCheck_100147_00213s_NO_ALERT.png,NA,NA,NA,NA,NA,NA,Faulty
TLT_SERV_OFF.png,toCheck_100147_00213s_TLT_SERV_OFF.png,NA,NA,NA,NA,NA,NA,Faulty
NO_ALERT.png,toCheck_100148_00523s_NO_ALERT.png,NA,NA,NA,NA,NA,NA,Faulty
NO_ALERT.png,toCheck_100148_00536s_NO_ALERT.png,NA,NA,NA,NA,NA,NA,Faulty
TLT_SERV_OFF.png,toCheck_100148_00191s_TLT_SERV_OFF.png,NA,NA,NA,NA,NA,NA,Faulty
NO_ALERT.png,toCheck_100148_00213s_NO_ALERT.png,NA,NA,NA,NA,NA,NA,Faulty
TLT_SERV_OFF.png,toCheck_100148_00213s_TLT_SERV_OFF.png,NA,NA,NA,NA,NA,NA,Faulty
NO_ALERT.png,toCheck_100149_00523s_NO_ALERT.png,NA,NA,NA,NA,NA,NA,Faulty
NO_ALERT.png,toCheck_100149_00536s_NO_ALERT.png,NA,NA,NA,NA,NA,NA,Faulty
TLT_SERV_OFF.png,toCheck_100149_00191s_TLT_SERV_OFF.png,NA,NA,NA,NA,NA,NA,Faulty
NO_ALERT.png,toCheck_100149_00213s_NO_ALERT.png,NA,NA,NA,NA,NA,NA,Faulty
TLT_SERV_OFF.png,toCheck_100149_00213s_TLT_SERV_OFF.png,NA,NA,NA,NA,NA,NA,Faulty
NO_ALERT.png,toCheck_100150_00536s_NO_ALERT.png,NA,NA,NA,NA,NA,NA,Faulty
NO_ALERT.png,toCheck_100150_00213s_NO_ALERT.png,NA,NA,NA,NA,NA,NA,Faulty
TLT_SERV_OFF.png,toCheck_100151_00523s_TLT_SERV_OFF.png,NA,NA,NA,NA,NA,NA,Faulty
NO_ALERT.png,toCheck_100151_00536s_NO_ALERT.png,NA,NA,NA,NA,NA,NA,Faulty
TLT_SERV_OFF.png,toCheck_100151_00191s_TLT_SERV_OFF.png,NA,NA,NA,NA,NA,NA,Faulty
NO_ALERT.png,toCheck_100151_00213s_NO_ALERT.png,NA,NA,NA,NA,NA,NA,Faulty
TLT_SERV_OFF.png,toCheck_100151_00213s_TLT_SERV_OFF.png,NA,NA,NA,NA,NA,NA,Faulty
NO_ALERT.png,toCheck_100152_00523s_NO_ALERT.png,NA,NA,NA,NA,NA,NA,Faulty
NO_ALERT.png,toCheck_100152_00536s_NO_ALERT.png,NA,NA,NA,NA,NA,NA,Faulty
TLT_SERV_OFF.png,toCheck_100152_00191s_TLT_SERV_OFF.png,NA,NA,NA,NA,NA,NA,Faulty
NO_ALERT.png,toCheck_100152_00213s_NO_ALERT.png,NA,NA,NA,NA,NA,NA,Faulty
TLT_SERV_OFF.png,toCheck_100152_00213s_TLT_SERV_OFF.png,NA,NA,NA,NA,NA,NA,Faulty
NO_ALERT.png,toCheck_100153_00523s_NO_ALERT.png,NA,NA,NA,NA,NA,NA,Faulty
NO_ALERT.png,toCheck_100153_00536s_NO_ALERT.png,NA,NA,NA,NA,NA,NA,Faulty
TLT_SERV_OFF.png,toCheck_100153_00191s_TLT_SERV_OFF.png,NA,NA,NA,NA,NA,NA,Faulty
NO_ALERT.png,toCheck_100153_00213s_NO_ALERT.png,NA,NA,NA,NA,NA,NA,Faulty
TLT_SERV_OFF.png,toCheck_100153_00213s_TLT_SERV_OFF.png,NA,NA,NA,NA,NA,NA,Faulty
TLT_SERV_OFF.png,toCheck_100154_00523s_TLT_SERV_OFF.png,NA,NA,NA,NA,NA,NA,Faulty
NO_ALERT.png,toCheck_100154_00536s_NO_ALERT.png,NA,NA,NA,NA,NA,NA,Faulty
TLT_SERV_OFF.png,toCheck_100154_00191s_TLT_SERV_OFF.png,NA,NA,NA,NA,NA,NA,Faulty
NO_ALERT.png,toCheck_100154_00213s_NO_ALERT.png,NA,NA,NA,NA,NA,NA,Faulty
TLT_SERV_OFF.png,toCheck_100154_00213s_TLT_SERV_OFF.png,NA,NA,NA,NA,NA,NA,Faulty
NO_ALERT.png,toCheck_100155_00523s_NO_ALERT.png,NA,NA,NA,NA,NA,NA,Faulty
NO_ALERT.png,toCheck_100155_00536s_NO_ALERT.png,NA,NA,NA,NA,NA,NA,Faulty
TLT_SERV_OFF.png,toCheck_100155_00191s_TLT_SERV_OFF.png,NA,NA,NA,NA,NA,NA,Faulty
NO_ALERT.png,toCheck_100155_00213s_NO_ALERT.png,NA,NA,NA,NA,NA,NA,Faulty
TLT_SERV_OFF.png,toCheck_100155_00213s_TLT_SERV_OFF.png,NA,NA,NA,NA,NA,NA,Faulty
NO_ALERT.png,toCheck_100156_00523s_NO_ALERT.png,NA,NA,NA,NA,NA,NA,Faulty
NO_ALERT.png,toCheck_100156_00536s_NO_ALERT.png,NA,NA,NA,NA,NA,NA,Faulty
TLT_SERV_OFF.png,toCheck_100156_00191s_TLT_SERV_OFF.png,NA,NA,NA,NA,NA,NA,Faulty
NO_ALERT.png,toCheck_100156_00213s_NO_ALERT.png,NA,NA,NA,NA,NA,NA,Faulty
TLT_SERV_OFF.png,toCheck_100156_00213s_TLT_SERV_OFF.png,NA,NA,NA,NA,NA,NA,Faulty
TLT_SERV_OFF.png,toCheck_100157_00523s_TLT_SERV_OFF.png,NA,NA,NA,NA,NA,NA,Faulty
NO_ALERT.png,toCheck_100157_00536s_NO_ALERT.png,NA,NA,NA,NA,NA,NA,Faulty
TLT_SERV_OFF.png,toCheck_100157_00191s_TLT_SERV_OFF.png,NA,NA,NA,NA,NA,NA,Faulty
NO_ALERT.png,toCheck_100157_00213s_NO_ALERT.png,NA,NA,NA,NA,NA,NA,Faulty
TLT_SERV_OFF.png,toCheck_100157_00213s_TLT_SERV_OFF.png,NA,NA,NA,NA,NA,NA,Faulty
NO_ALERT.png,toCheck_100158_00523s_NO_ALERT.png,NA,NA,NA,NA,NA,NA,Faulty
NO_ALERT.png,toCheck_100158_00536s_NO_ALERT.png,NA,NA,NA,NA,NA,NA,Faulty
TLT_SERV_OFF.png,toCheck_100158_00191s_TLT_SERV_OFF.png,NA,NA,NA,NA,NA,NA,Faulty
NO_ALERT.png,toCheck_100158_00213s_NO_ALERT.png,NA,NA,NA,NA,NA,NA,Faulty
TLT_SERV_OFF.png,toCheck_100158_00213s_TLT_SERV_OFF.png,NA,NA,NA,NA,NA,NA,Faulty
NO_ALERT.png,toCheck_100159_00523s_NO_ALERT.png,NA,NA,NA,NA,NA,NA,Faulty
NO_ALERT.png,toCheck_100159_00536s_NO_ALERT.png,NA,NA,NA,NA,NA,NA,Faulty
TLT_SERV_OFF.png,toCheck_100159_00191s_TLT_SERV_OFF.png,NA,NA,NA,NA,NA,NA,Faulty
NO_ALERT.png,toCheck_100159_00213s_NO_ALERT.png,NA,NA,NA,NA,NA,NA,Faulty
TLT_SERV_OFF.png,toCheck_100159_00213s_TLT_SERV_OFF.png,NA,NA,NA,NA,NA,NA,Faulty
BUZ_00_OFF.png,toCheck_100159_00213s_BUZ_00_OFF.png,NA,NA,NA,NA,NA,NA,Faulty
TLT_STOP_OFF.png,toCheck_100160_00213s_TLT_STOP_OFF.png,NA,NA,NA,NA,NA,NA,Faulty
TLT_STOP_OFF.png,toCheck_100160_00523s_TLT_STOP_OFF.png,NA,NA,NA,NA,NA,NA,Faulty
NO_ALERT.png,toCheck_100160_00536s_NO_ALERT.png,NA,NA,NA,NA,NA,NA,Faulty
TLT_STOP_OFF.png,toCheck_100160_00191s_TLT_STOP_OFF.png,NA,NA,NA,NA,NA,NA,Faulty
NO_ALERT.png,toCheck_100160_00213s_NO_ALERT.png,NA,NA,NA,NA,NA,NA,Faulty
NO_ALERT.png,toCheck_100161_00523s_NO_ALERT.png,NA,NA,NA,NA,NA,NA,Faulty
NO_ALERT.png,toCheck_100161_00536s_NO_ALERT.png,NA,NA,NA,NA,NA,NA,Faulty
TLT_SERV_OFF.png,toCheck_100161_00191s_TLT_SERV_OFF.png,NA,NA,NA,NA,NA,NA,Faulty
NO_ALERT.png,toCheck_100161_00213s_NO_ALERT.png,NA,NA,NA,NA,NA,NA,Faulty
TLT_SERV_OFF.png,toCheck_100161_00213s_TLT_SERV_OFF.png,NA,NA,NA,NA,NA,NA,Faulty
TLT_SERV_OFF.png,toCheck_100162_00523s_TLT_SERV_OFF.png,NA,NA,NA,NA,NA,NA,Faulty
NO_ALERT.png,toCheck_100162_00536s_NO_ALERT.png,NA,NA,NA,NA,NA,NA,Faulty
TLT_SERV_OFF.png,toCheck_100162_00191s_TLT_SERV_OFF.png,NA,NA,NA,NA,NA,NA,Faulty
NO_ALERT.png,toCheck_100162_00213s_NO_ALERT.png,NA,NA,NA,NA,NA,NA,Faulty
TLT_SERV_OFF.png,toCheck_100162_00213s_TLT_SERV_OFF.png,NA,NA,NA,NA,NA,NA,Faulty
NO_ALERT.png,toCheck_100163_00523s_NO_ALERT.png,NA,NA,NA,NA,NA,NA,Faulty
NO_ALERT.png,toCheck_100163_00536s_NO_ALERT.png,NA,NA,NA,NA,NA,NA,Faulty
TLT_SERV_OFF.png,toCheck_100163_00191s_TLT_SERV_OFF.png,NA,NA,NA,NA,NA,NA,Faulty
NO_ALERT.png,toCheck_100163_00213s_NO_ALERT.png,NA,NA,NA,NA,NA,NA,Faulty
TLT_SERV_OFF.png,toCheck_100163_00213s_TLT_SERV_OFF.png,NA,NA,NA,NA,NA,NA,Faulty
TLT_SERV_OFF.png,toCheck_100164_00523s_TLT_SERV_OFF.png,NA,NA,NA,NA,NA,NA,Faulty
NO_ALERT.png,toCheck_100164_00536s_NO_ALERT.png,NA,NA,NA,NA,NA,NA,Faulty
TLT_SERV_OFF.png,toCheck_100164_00191s_TLT_SERV_OFF.png,NA,NA,NA,NA,NA,NA,Faulty
NO_ALERT.png,toCheck_100164_00213s_NO_ALERT.png,NA,NA,NA,NA,NA,NA,Faulty
TLT_SERV_OFF.png,toCheck_100164_00213s_TLT_SERV_OFF.png,NA,NA,NA,NA,NA,NA,Faulty
NO_ALERT.png,toCheck_100165_00536s_NO_ALERT.png,NA,NA,NA,NA,NA,NA,Faulty
NO_ALERT.png,toCheck_100165_00213s_NO_ALERT.png,NA,NA,NA,NA,NA,NA,Faulty
NO_ALERT.png,toCheck_100166_00523s_NO_ALERT.png,NA,NA,NA,NA,NA,NA,Faulty
NO_ALERT.png,toCheck_100166_00536s_NO_ALERT.png,NA,NA,NA,NA,NA,NA,Faulty
TLT_SERV_OFF.png,toCheck_100166_00191s_TLT_SERV_OFF.png,NA,NA,NA,NA,NA,NA,Faulty
NO_ALERT.png,toCheck_100166_00213s_NO_ALERT.png,NA,NA,NA,NA,NA,NA,Faulty
TLT_SERV_OFF.png,toCheck_100166_00213s_TLT_SERV_OFF.png,NA,NA,NA,NA,NA,NA,Faulty
NO_ALERT.png,toCheck_100167_00523s_NO_ALERT.png,NA,NA,NA,NA,NA,NA,Faulty
NO_ALERT.png,toCheck_100167_00536s_NO_ALERT.png,NA,NA,NA,NA,NA,NA,Faulty
TLT_SERV_OFF.png,toCheck_100167_00191s_TLT_SERV_OFF.png,NA,NA,NA,NA,NA,NA,Faulty
NO_ALERT.png,toCheck_100167_00213s_NO_ALERT.png,NA,NA,NA,NA,NA,NA,Faulty
TLT_SERV_OFF.png,toCheck_100167_00213s_TLT_SERV_OFF.png,NA,NA,NA,NA,NA,NA,Faulty
TLT_SERV_OFF.png,toCheck_100168_00523s_TLT_SERV_OFF.png,NA,NA,NA,NA,NA,NA,Faulty
NO_ALERT.png,toCheck_100168_00536s_NO_ALERT.png,NA,NA,NA,NA,NA,NA,Faulty
TLT_SERV_OFF.png,toCheck_100168_00191s_TLT_SERV_OFF.png,NA,NA,NA,NA,NA,NA,Faulty
NO_ALERT.png,toCheck_100168_00213s_NO_ALERT.png,NA,NA,NA,NA,NA,NA,Faulty
TLT_SERV_OFF.png,toCheck_100168_00213s_TLT_SERV_OFF.png,NA,NA,NA,NA,NA,NA,Faulty
TLT_SERV_OFF.png,toCheck_100169_00523s_TLT_SERV_OFF.png,NA,NA,NA,NA,NA,NA,Faulty
NO_ALERT.png,toCheck_100169_00536s_NO_ALERT.png,NA,NA,NA,NA,NA,NA,Faulty
TLT_SERV_OFF.png,toCheck_100169_00191s_TLT_SERV_OFF.png,NA,NA,NA,NA,NA,NA,Faulty
NO_ALERT.png,toCheck_100169_00213s_NO_ALERT.png,NA,NA,NA,NA,NA,NA,Faulty
TLT_SERV_OFF.png,toCheck_100169_00213s_TLT_SERV_OFF.png,NA,NA,NA,NA,NA,NA,Faulty
TLT_SERV_OFF.png,toCheck_100170_00523s_TLT_SERV_OFF.png,NA,NA,NA,NA,NA,NA,Faulty
NO_ALERT.png,toCheck_100170_00536s_NO_ALERT.png,NA,NA,NA,NA,NA,NA,Faulty
TLT_SERV_OFF.png,toCheck_100170_00191s_TLT_SERV_OFF.png,NA,NA,NA,NA,NA,NA,Faulty
NO_ALERT.png,toCheck_100170_00213s_NO_ALERT.png,NA,NA,NA,NA,NA,NA,Faulty
TLT_SERV_OFF.png,toCheck_100170_00213s_TLT_SERV_OFF.png,NA,NA,NA,NA,NA,NA,Faulty
SOC_Bat_FFL_ON_EV.png,toCheck_100000_00491s_SOC_Bat_FFL_ON_EV.png,NA,NA,NA,NA,NA,NA,Faulty
SOC_Bat_TT_OFF_EV.png,toCheck_100000_00496s_SOC_Bat_TT_OFF_EV.png,NA,NA,NA,NA,NA,NA,Faulty
SOC_Bat_FFL_ON_EV.png,toCheck_100000_00526s_SOC_Bat_FFL_ON_EV.png,NA,NA,NA,NA,NA,NA,Faulty
SOC_Bat_100_FFR_AUTO_999_EV.png,toCheck_100001_00381s_SOC_Bat_100_FFR_AUTO_999_EV.png,NA,NA,NA,NA,NA,NA,Faulty
SOC_Bat_FFR_ON_EV.png,toCheck_100001_00491s_SOC_Bat_FFR_ON_EV.png,NA,NA,NA,NA,NA,NA,Faulty
SOC_Bat_TT_OFF_EV.png,toCheck_100001_00496s_SOC_Bat_TT_OFF_EV.png,NA,NA,NA,NA,NA,NA,Faulty
SOC_Bat_FFR_ON_EV.png,toCheck_100001_00526s_SOC_Bat_FFR_ON_EV.png,NA,NA,NA,NA,NA,NA,Faulty
TLT_BATT_TRACTWARN_ON_EV.png,toCheck_100008_00591s_TLT_BATT_TRACTWARN_ON_EV.png,NA,NA,NA,NA,NA,NA,Faulty
TLT_BATT_TRACTWARN_OFF_EV.png,toCheck_100008_00596s_TLT_BATT_TRACTWARN_OFF_EV.png,NA,NA,NA,NA,NA,NA,Faulty
SOC_BATT_49_HEV.png,toCheck_100009_01122s_SOC_BATT_49_HEV.png,NA,NA,NA,NA,NA,NA,Faulty
SOC_BATT_49_HEV.png,toCheck_100009_01135s_SOC_BATT_49_HEV.png,NA,NA,NA,NA,NA,NA,Faulty
SOC_BATT_49_AUTO_500_PHEV.png,toCheck_100010_01147s_SOC_BATT_49_AUTO_500_PHEV.png,NA,NA,NA,NA,NA,NA,Faulty
SOC_BATT_49_AUTO_500_PHEV.png,toCheck_100010_01160s_SOC_BATT_49_AUTO_500_PHEV.png,NA,NA,NA,NA,NA,NA,Faulty
SOC_BAT_0PER.png,toCheck_100011_00405s_SOC_BAT_0PER.png,NA,NA,NA,NA,NA,NA,Faulty
SOC_BAT_5PER.png,toCheck_100011_00440s_SOC_BAT_5PER.png,NA,NA,NA,NA,NA,NA,Faulty
SOC_BAT_0PER.png,toCheck_100012_00405s_SOC_BAT_0PER.png,NA,NA,NA,NA,NA,NA,Faulty
SOC_BAT_5PER.png,toCheck_100012_00440s_SOC_BAT_5PER.png,NA,NA,NA,NA,NA,NA,Faulty
SOC_BAT_45PER.png,toCheck_100013_00405s_SOC_BAT_45PER.png,NA,NA,NA,NA,NA,NA,Faulty
TLT_STOP_ON.png,toCheck_100008_01705s_TLT_STOP_ON.png,NA,NA,NA,NA,NA,NA,Faulty
NO_ALERT.png,toCheck_100008_01940s_NO_ALERT.png,NA,NA,NA,NA,NA,NA,Faulty
TLT_STOP_ON.png,toCheck_100008_02175s_TLT_STOP_ON.png,NA,NA,NA,NA,NA,NA,Faulty
NO_ALERT.png,toCheck_100008_02410s_NO_ALERT.png,NA,NA,NA,NA,NA,NA,Faulty
TLT_STOP_ON.png,toCheck_100008_02645s_TLT_STOP_ON.png,NA,NA,NA,NA,NA,NA,Faulty
NO_ALERT.png,toCheck_100008_02880s_NO_ALERT.png,NA,NA,NA,NA,NA,NA,Faulty
TLT_STOP_ON.png,toCheck_100008_03115s_TLT_STOP_ON.png,NA,NA,NA,NA,NA,NA,Faulty
FULL_ALTIA_WAKEUP_MMI_Error_Prog.png,toCheck_100008_00412s_FULL_ALTIA_WAKEUP_MMI_Error_Prog.png,NA,NA,NA,NA,NA,NA,Faulty
NO_ALERT.png,toCheck_100008_03350s_NO_ALERT.png,NA,NA,NA,NA,NA,NA,Faulty
TLT_STOP_ON.png,toCheck_100008_03585s_TLT_STOP_ON.png,NA,NA,NA,NA,NA,NA,Faulty
NO_ALERT.png,toCheck_100008_03820s_NO_ALERT.png,NA,NA,NA,NA,NA,NA,Faulty
TLT_STOP_ON.png,toCheck_100008_04055s_TLT_STOP_ON.png,NA,NA,NA,NA,NA,NA,Faulty
NO_ALERT.png,toCheck_100008_04290s_NO_ALERT.png,NA,NA,NA,NA,NA,NA,Faulty
TLT_STOP_ON.png,toCheck_100008_04525s_TLT_STOP_ON.png,NA,NA,NA,NA,NA,NA,Faulty
NO_ALERT.png,toCheck_100008_04760s_NO_ALERT.png,NA,NA,NA,NA,NA,NA,Faulty
FULL_ALTIA_WAKEUP_Error_Prog.png,toCheck_100008_00530s_FULL_ALTIA_WAKEUP_Error_Prog.png,NA,NA,NA,NA,NA,NA,Faulty
TLT_STOP_ON.png,toCheck_100008_04995s_TLT_STOP_ON.png,NA,NA,NA,NA,NA,NA,Faulty
NO_ALERT.png,toCheck_100008_05230s_NO_ALERT.png,NA,NA,NA,NA,NA,NA,Faulty
TLT_STOP_ON.png,toCheck_100008_05465s_TLT_STOP_ON.png,NA,NA,NA,NA,NA,NA,Faulty
NO_ALERT.png,toCheck_100008_05700s_NO_ALERT.png,NA,NA,NA,NA,NA,NA,Faulty
TLT_STOP_ON.png,toCheck_100008_05935s_TLT_STOP_ON.png,NA,NA,NA,NA,NA,NA,Faulty
NO_ALERT.png,toCheck_100008_06170s_NO_ALERT.png,NA,NA,NA,NA,NA,NA,Faulty
TLT_STOP_ON.png,toCheck_100008_06405s_TLT_STOP_ON.png,NA,NA,NA,NA,NA,NA,Faulty
NO_ALERT.png,toCheck_100008_06640s_NO_ALERT.png,NA,NA,NA,NA,NA,NA,Faulty
TLT_STOP_ON.png,toCheck_100008_06875s_TLT_STOP_ON.png,NA,NA,NA,NA,NA,NA,Faulty
NO_ALERT.png,toCheck_100008_07110s_NO_ALERT.png,NA,NA,NA,NA,NA,NA,Faulty
TLT_STOP_ON.png,toCheck_100008_07345s_TLT_STOP_ON.png,NA,NA,NA,NA,NA,NA,Faulty
NO_ALERT.png,toCheck_100008_07580s_NO_ALERT.png,NA,NA,NA,NA,NA,NA,Faulty
TLT_STOP_ON.png,toCheck_100008_07815s_TLT_STOP_ON.png,NA,NA,NA,NA,NA,NA,Faulty
TLT_STOP_ON.png,toCheck_100008_00765s_TLT_STOP_ON.png,NA,NA,NA,NA,NA,NA,Faulty
NO_ALERT.png,toCheck_100008_08050s_NO_ALERT.png,NA,NA,NA,NA,NA,NA,Faulty
NO_ALERT.png,toCheck_100008_01000s_NO_ALERT.png,NA,NA,NA,NA,NA,NA,Faulty
TLT_STOP_ON.png,toCheck_100008_01235s_TLT_STOP_ON.png,NA,NA,NA,NA,NA,NA,Faulty
NO_ALERT.png,toCheck_100008_01470s_NO_ALERT.png,NA,NA,NA,NA,NA,NA,Faulty
TLT_STOP_ON.png,toCheck_100009_01705s_TLT_STOP_ON.png,NA,NA,NA,NA,NA,NA,Faulty
NO_ALERT.png,toCheck_100009_01940s_NO_ALERT.png,NA,NA,NA,NA,NA,NA,Faulty
TLT_STOP_ON.png,toCheck_100009_02175s_TLT_STOP_ON.png,NA,NA,NA,NA,NA,NA,Faulty
NO_ALERT.png,toCheck_100009_02410s_NO_ALERT.png,NA,NA,NA,NA,NA,NA,Faulty
TLT_STOP_ON.png,toCheck_100009_02645s_TLT_STOP_ON.png,NA,NA,NA,NA,NA,NA,Faulty
NO_ALERT.png,toCheck_100009_02880s_NO_ALERT.png,NA,NA,NA,NA,NA,NA,Faulty
TLT_STOP_ON.png,toCheck_100009_03115s_TLT_STOP_ON.png,NA,NA,NA,NA,NA,NA,Faulty
NO_ALERT.png,toCheck_100009_03350s_NO_ALERT.png,NA,NA,NA,NA,NA,NA,Faulty
TLT_STOP_ON.png,toCheck_100009_03585s_TLT_STOP_ON.png,NA,NA,NA,NA,NA,NA,Faulty
NO_ALERT.png,toCheck_100009_03820s_NO_ALERT.png,NA,NA,NA,NA,NA,NA,Faulty
TLT_STOP_ON.png,toCheck_100009_04055s_TLT_STOP_ON.png,NA,NA,NA,NA,NA,NA,Faulty
NO_ALERT.png,toCheck_100009_04290s_NO_ALERT.png,NA,NA,NA,NA,NA,NA,Faulty
TLT_STOP_ON.png,toCheck_100009_04525s_TLT_STOP_ON.png,NA,NA,NA,NA,NA,NA,Faulty
NO_ALERT.png,toCheck_100009_04760s_NO_ALERT.png,NA,NA,NA,NA,NA,NA,Faulty
TLT_STOP_ON.png,toCheck_100009_04995s_TLT_STOP_ON.png,NA,NA,NA,NA,NA,NA,Faulty
NO_ALERT.png,toCheck_100009_05230s_NO_ALERT.png,NA,NA,NA,NA,NA,NA,Faulty
TLT_STOP_ON.png,toCheck_100009_05465s_TLT_STOP_ON.png,NA,NA,NA,NA,NA,NA,Faulty
NO_ALERT.png,toCheck_100009_05700s_NO_ALERT.png,NA,NA,NA,NA,NA,NA,Faulty
TLT_STOP_ON.png,toCheck_100009_05935s_TLT_STOP_ON.png,NA,NA,NA,NA,NA,NA,Faulty
NO_ALERT.png,toCheck_100009_06170s_NO_ALERT.png,NA,NA,NA,NA,NA,NA,Faulty
TLT_STOP_ON.png,toCheck_100009_06405s_TLT_STOP_ON.png,NA,NA,NA,NA,NA,NA,Faulty
NO_ALERT.png,toCheck_100009_06640s_NO_ALERT.png,NA,NA,NA,NA,NA,NA,Faulty
TLT_STOP_ON.png,toCheck_100009_06875s_TLT_STOP_ON.png,NA,NA,NA,NA,NA,NA,Faulty
NO_ALERT.png,toCheck_100009_07110s_NO_ALERT.png,NA,NA,NA,NA,NA,NA,Faulty
TLT_STOP_ON.png,toCheck_100009_07345s_TLT_STOP_ON.png,NA,NA,NA,NA,NA,NA,Faulty
NO_ALERT.png,toCheck_100009_07580s_NO_ALERT.png,NA,NA,NA,NA,NA,NA,Faulty
TLT_STOP_ON.png,toCheck_100009_07815s_TLT_STOP_ON.png,NA,NA,NA,NA,NA,NA,Faulty
TLT_STOP_ON.png,toCheck_100009_00765s_TLT_STOP_ON.png,NA,NA,NA,NA,NA,NA,Faulty
NO_ALERT.png,toCheck_100009_08050s_NO_ALERT.png,NA,NA,NA,NA,NA,NA,Faulty
NO_ALERT.png,toCheck_100009_01000s_NO_ALERT.png,NA,NA,NA,NA,NA,NA,Faulty
TLT_STOP_ON.png,toCheck_100009_01235s_TLT_STOP_ON.png,NA,NA,NA,NA,NA,NA,Faulty
NO_ALERT.png,toCheck_100009_01470s_NO_ALERT.png,NA,NA,NA,NA,NA,NA,Faulty
TLT_STOP_ON.png,toCheck_100010_01705s_TLT_STOP_ON.png,NA,NA,NA,NA,NA,NA,Faulty
NO_ALERT.png,toCheck_100010_01940s_NO_ALERT.png,NA,NA,NA,NA,NA,NA,Faulty
TLT_STOP_ON.png,toCheck_100010_02175s_TLT_STOP_ON.png,NA,NA,NA,NA,NA,NA,Faulty
NO_ALERT.png,toCheck_100010_02410s_NO_ALERT.png,NA,NA,NA,NA,NA,NA,Faulty
TLT_STOP_ON.png,toCheck_100010_02645s_TLT_STOP_ON.png,NA,NA,NA,NA,NA,NA,Faulty
NO_ALERT.png,toCheck_100010_02880s_NO_ALERT.png,NA,NA,NA,NA,NA,NA,Faulty
TLT_STOP_ON.png,toCheck_100010_03115s_TLT_STOP_ON.png,NA,NA,NA,NA,NA,NA,Faulty
NO_ALERT.png,toCheck_100010_03350s_NO_ALERT.png,NA,NA,NA,NA,NA,NA,Faulty
TLT_STOP_ON.png,toCheck_100010_03585s_TLT_STOP_ON.png,NA,NA,NA,NA,NA,NA,Faulty
NO_ALERT.png,toCheck_100010_03820s_NO_ALERT.png,NA,NA,NA,NA,NA,NA,Faulty
TLT_STOP_ON.png,toCheck_100010_00765s_TLT_STOP_ON.png,NA,NA,NA,NA,NA,NA,Faulty
NO_ALERT.png,toCheck_100010_01000s_NO_ALERT.png,NA,NA,NA,NA,NA,NA,Faulty
TLT_STOP_ON.png,toCheck_100010_01235s_TLT_STOP_ON.png,NA,NA,NA,NA,NA,NA,Faulty
NO_ALERT.png,toCheck_100010_01470s_NO_ALERT.png,NA,NA,NA,NA,NA,NA,Faulty
TXTALT_10202_1_FR.png,toCheck_100000_00393s_TXTALT_10202_1_FR.png,NA,NA,NA,NA,NA,NA,Faulty
GAU_LOW_FUEL.png,toCheck_100000_00393s_GAU_LOW_FUEL.png,NA,NA,NA,NA,NA,NA,Faulty
TLT_FUEL_ON.png,toCheck_100000_00393s_TLT_FUEL_ON.png,NA,NA,NA,NA,NA,NA,Faulty
NO_ALERT.png,toCheck_100000_00430s_NO_ALERT.png,NA,NA,NA,NA,NA,NA,Faulty
TXTALT_10202_1_FR.png,toCheck_100000_00543s_TXTALT_10202_1_FR.png,NA,NA,NA,NA,NA,NA,Faulty
TLT_SERV_OFF.png,toCheck_100001_00361s_TLT_SERV_OFF.png,NA,NA,NA,NA,NA,NA,Faulty
TXTALT_10202_1_FR.png,toCheck_100001_00361s_TXTALT_10202_1_FR.png,NA,NA,NA,NA,NA,NA,Faulty
NO_ALERT.png,toCheck_100001_00571s_NO_ALERT.png,NA,NA,NA,NA,NA,NA,Faulty
TLT_SERV_OFF.png,toCheck_100002_00163s_TLT_SERV_OFF.png,NA,NA,NA,NA,NA,NA,Faulty
NO_ALERT.png,toCheck_100002_00163s_NO_ALERT.png,NA,NA,NA,NA,NA,NA,Faulty
NO_ALERT.png,toCheck_100002_00198s_NO_ALERT.png,NA,NA,NA,NA,NA,NA,Faulty
FULL_ALTIA_WAKEUP_MMI_GAUDISP.png,toCheck_100003_00240s_FULL_ALTIA_WAKEUP_MMI_GAUDISP.png,NA,NA,NA,NA,NA,NA,Faulty
SPD_180_KMPH_WITH_SBRPICTO.png,toCheck_100003_00381s_SPD_180_KMPH_WITH_SBRPICTO.png,NA,NA,NA,NA,NA,NA,Faulty
SPD_0_KMH.png,toCheck_100003_10419s_SPD_0_KMH.png,NA,NA,NA,NA,NA,NA,Faulty
GAU_56p25PER.png,toCheck_100006_17156s_GAU_56p25PER.png,NA,NA,NA,NA,NA,NA,Faulty
FULL_ALTIA_WAKEUP_MMI_GAUDISP.png,toCheck_100011_00240s_FULL_ALTIA_WAKEUP_MMI_GAUDISP.png,NA,NA,NA,NA,NA,NA,Faulty
FULL_ALTIA_WAKEUP_MMI_GAUDISP.png,toCheck_100013_00240s_FULL_ALTIA_WAKEUP_MMI_GAUDISP.png,NA,NA,NA,NA,NA,NA,Faulty
NO_ALERT.png,toCheck_100019_01003s_NO_ALERT.png,NA,NA,NA,NA,NA,NA,Faulty
GAU_LOW_FUEL.png,toCheck_100019_01003s_GAU_LOW_FUEL.png,NA,NA,NA,NA,NA,NA,Faulty
TLT_FUEL_ON.png,toCheck_100019_01003s_TLT_FUEL_ON.png,NA,NA,NA,NA,NA,NA,Faulty
TXTALT_10202_1_FR.png,toCheck_100019_00393s_TXTALT_10202_1_FR.png,NA,NA,NA,NA,NA,NA,Faulty
GAU_LOW_FUEL.png,toCheck_100019_00393s_GAU_LOW_FUEL.png,NA,NA,NA,NA,NA,NA,Faulty
TLT_FUEL_ON.png,toCheck_100019_00393s_TLT_FUEL_ON.png,NA,NA,NA,NA,NA,NA,Faulty
NO_ALERT.png,toCheck_100019_00430s_NO_ALERT.png,NA,NA,NA,NA,NA,NA,Faulty
FULL_ALTIA_WAKEUP_MMI.png,toCheck_100020_00691s_FULL_ALTIA_WAKEUP_MMI.png,NA,NA,NA,NA,NA,NA,Faulty
NO_ALERT.png,toCheck_100020_00696s_NO_ALERT.png,NA,NA,NA,NA,NA,NA,Faulty
NO_ALERT.png,toCheck_100020_00724s_NO_ALERT.png,NA,NA,NA,NA,NA,NA,Faulty
TXTALT_10202_1_FR.png,toCheck_100020_00528s_TXTALT_10202_1_FR.png,NA,NA,NA,NA,NA,NA,Faulty
TLT_FUEL_ON.png,toCheck_100020_00558s_TLT_FUEL_ON.png,NA,NA,NA,NA,NA,NA,Faulty
NO_ALERT.png,toCheck_100020_00678s_NO_ALERT.png,NA,NA,NA,NA,NA,NA,Faulty
TLT_FUEL_ON.png,toCheck_100020_00678s_TLT_FUEL_ON.png,NA,NA,NA,NA,NA,NA,Faulty
NO_ALERT.png,toCheck_100021_00724s_NO_ALERT.png,NA,NA,NA,NA,NA,NA,Faulty
TXTALT_10202_1_FR.png,toCheck_100021_00528s_TXTALT_10202_1_FR.png,NA,NA,NA,NA,NA,NA,Faulty
TLT_FUEL_ON.png,toCheck_100021_00558s_TLT_FUEL_ON.png,NA,NA,NA,NA,NA,NA,Faulty
NO_ALERT.png,toCheck_100021_00678s_NO_ALERT.png,NA,NA,NA,NA,NA,NA,Faulty
TLT_FUEL_ON.png,toCheck_100021_00678s_TLT_FUEL_ON.png,NA,NA,NA,NA,NA,NA,Faulty
SPD_180_KMPH_WITH_SBRPICTO.png,toCheck_100022_00381s_SPD_180_KMPH_WITH_SBRPICTO.png,NA,NA,NA,NA,NA,NA,Faulty
SPD_0_KMH.png,toCheck_100022_10419s_SPD_0_KMH.png,NA,NA,NA,NA,NA,NA,Faulty
SPD_180_KMPH_WITH_SBRPICTO.png,toCheck_100027_00381s_SPD_180_KMPH_WITH_SBRPICTO.png,NA,NA,NA,NA,NA,NA,Faulty
SPD_0_KMH.png,toCheck_100027_10419s_SPD_0_KMH.png,NA,NA,NA,NA,NA,NA,Faulty
GAU_52p87PER.png,toCheck_100029_10528s_GAU_52p87PER.png,NA,NA,NA,NA,NA,NA,Faulty
MMI_CONFORTNOMINAL_FFLEFT.png,toCheck_100033_00240s_MMI_CONFORTNOMINAL_FFLEFT.png,NA,NA,NA,NA,NA,NA,Faulty
MMI_CONFORTNOMINAL_FFRIGHT.png,toCheck_100034_00240s_MMI_CONFORTNOMINAL_FFRIGHT.png,NA,NA,NA,NA,NA,NA,Faulty
SPD_180_KMPH_WITH_SBRPICTO.png,toCheck_100036_00381s_SPD_180_KMPH_WITH_SBRPICTO.png,NA,NA,NA,NA,NA,NA,Faulty
SPD_0_KMH.png,toCheck_100036_10541s_SPD_0_KMH.png,NA,NA,NA,NA,NA,NA,Faulty
SPD_180_KMPH_WITH_SBRPICTO.png,toCheck_100037_00381s_SPD_180_KMPH_WITH_SBRPICTO.png,NA,NA,NA,NA,NA,NA,Faulty
SPD_0_KMH.png,toCheck_100037_10471s_SPD_0_KMH.png,NA,NA,NA,NA,NA,NA,Faulty
SPD_0_KMH.png,toCheck_100037_10563s_SPD_0_KMH.png,NA,NA,NA,NA,NA,NA,Faulty
SPD_180_KMPH_WITH_SBRPICTO.png,toCheck_100038_00381s_SPD_180_KMPH_WITH_SBRPICTO.png,NA,NA,NA,NA,NA,NA,Faulty
SPD_0_KMH.png,toCheck_100038_10624s_SPD_0_KMH.png,NA,NA,NA,NA,NA,NA,Faulty
MSC_SERV_2000KM_12MS.png,toCheck_100000_10807s_MSC_SERV_2000KM_12MS.png,NA,NA,NA,NA,NA,NA,Faulty
MSC_OIL_2000KM_24MS.png,toCheck_100000_00529s_MSC_OIL_2000KM_24MS.png,NA,NA,NA,NA,NA,NA,Faulty
MSC_SERV_2000KM_12MS.png,toCheck_100000_00552s_MSC_SERV_2000KM_12MS.png,NA,NA,NA,NA,NA,NA,Faulty
MSC_OIL_KM_24MS.png,toCheck_100000_00599s_MSC_OIL_KM_24MS.png,NA,NA,NA,NA,NA,NA,Faulty
ODO_0_TRIP_0_KM_DISTANCE.png,toCheck_100000_10702s_ODO_0_TRIP_0_KM_DISTANCE.png,NA,NA,NA,NA,NA,NA,Faulty
MSC_OIL_2000KM_24MS.png,toCheck_100000_10784s_MSC_OIL_2000KM_24MS.png,NA,NA,NA,NA,NA,NA,Faulty
MSC_OIL_30000KM_13MS.png,toCheck_100001_00515s_MSC_OIL_30000KM_13MS.png,NA,NA,NA,NA,NA,NA,Faulty
MSC_OIL_30000KM_13MS.png,toCheck_100001_00540s_MSC_OIL_30000KM_13MS.png,NA,NA,NA,NA,NA,NA,Faulty
MSC_OIL_5000KM_12MS.png,toCheck_100002_00529s_MSC_OIL_5000KM_12MS.png,NA,NA,NA,NA,NA,NA,Faulty
MSC_SERV_30000KM_24MS.png,toCheck_100002_00552s_MSC_SERV_30000KM_24MS.png,NA,NA,NA,NA,NA,NA,Faulty
ODO_201_TRIP_201_KM_DISTANCE.png,toCheck_100002_10667s_ODO_201_TRIP_201_KM_DISTANCE.png,NA,NA,NA,NA,NA,NA,Faulty
MSC_OIL_2000KM_24MS.png,toCheck_100003_00529s_MSC_OIL_2000KM_24MS.png,NA,NA,NA,NA,NA,NA,Faulty
MSC_SERV_2000KM_12MS.png,toCheck_100003_00552s_MSC_SERV_2000KM_12MS.png,NA,NA,NA,NA,NA,NA,Faulty
MSC_SERV_1500KM_12MS.png,toCheck_100006_26226s_MSC_SERV_1500KM_12MS.png,NA,NA,NA,NA,NA,NA,Faulty
MSC_OIL_500KM_24MS.png,toCheck_100006_00530s_MSC_OIL_500KM_24MS.png,NA,NA,NA,NA,NA,NA,Faulty
MSC_SERV_2000KM_12MS.png,toCheck_100006_00553s_MSC_SERV_2000KM_12MS.png,NA,NA,NA,NA,NA,NA,Faulty
MSC_OIL_400KM_24MS.png,toCheck_100006_05640s_MSC_OIL_400KM_24MS.png,NA,NA,NA,NA,NA,NA,Faulty
MSC_OIL_KM_24MS.png,toCheck_100007_00529s_MSC_OIL_KM_24MS.png,NA,NA,NA,NA,NA,NA,Faulty
MSC_SERV_30000KM_12MS.png,toCheck_100007_00552s_MSC_SERV_30000KM_12MS.png,NA,NA,NA,NA,NA,NA,Faulty
MSC_OIL_KM_24MS.png,toCheck_100007_10639s_MSC_OIL_KM_24MS.png,NA,NA,NA,NA,NA,NA,Faulty
MSC_OIL_KM_23MS.png,toCheck_100007_10659s_MSC_OIL_KM_23MS.png,NA,NA,NA,NA,NA,NA,Faulty
MSC_SERV_29800KM_11MS.png,toCheck_100007_10682s_MSC_SERV_29800KM_11MS.png,NA,NA,NA,NA,NA,NA,Faulty
MSC_SERV_1800KM_12MS.png,toCheck_100008_10699s_MSC_SERV_1800KM_12MS.png,NA,NA,NA,NA,NA,NA,Faulty
MSC_OIL_2000KM_24MS.png,toCheck_100008_00529s_MSC_OIL_2000KM_24MS.png,NA,NA,NA,NA,NA,NA,Faulty
MSC_SERV_2000KM_12MS.png,toCheck_100008_00552s_MSC_SERV_2000KM_12MS.png,NA,NA,NA,NA,NA,NA,Faulty
MSC_OIL_1900KM_24MS.png,toCheck_100008_05639s_MSC_OIL_1900KM_24MS.png,NA,NA,NA,NA,NA,NA,Faulty
MSC_OIL_5000KM_12MS.png,toCheck_100009_00529s_MSC_OIL_5000KM_12MS.png,NA,NA,NA,NA,NA,NA,Faulty
MSC_SERV_30000KM_24MS.png,toCheck_100009_00552s_MSC_SERV_30000KM_24MS.png,NA,NA,NA,NA,NA,NA,Faulty
MSC_SERV_30000KM_12MS.png,toCheck_100010_00534s_MSC_SERV_30000KM_12MS.png,NA,NA,NA,NA,NA,NA,Faulty
MSC_SERV_29800KM_11MS.png,toCheck_100010_10659s_MSC_SERV_29800KM_11MS.png,NA,NA,NA,NA,NA,NA,Faulty
MSC_SERV_1800KM_12MS.png,toCheck_100011_10717s_MSC_SERV_1800KM_12MS.png,NA,NA,NA,NA,NA,NA,Faulty
MSC_OIL_2000KM_12MS.png,toCheck_100011_00529s_MSC_OIL_2000KM_12MS.png,NA,NA,NA,NA,NA,NA,Faulty
MSC_SERV_2000KM_24MS.png,toCheck_100011_00552s_MSC_SERV_2000KM_24MS.png,NA,NA,NA,NA,NA,NA,Faulty
MSC_OIL_1800KM_12MS.png,toCheck_100011_10657s_MSC_OIL_1800KM_12MS.png,NA,NA,NA,NA,NA,NA,Faulty
MSC_OIL_30000KM_MS.png,toCheck_100012_00534s_MSC_OIL_30000KM_MS.png,NA,NA,NA,NA,NA,NA,Faulty
MSC_SERV_30000KM_12MS.png,toCheck_100012_00557s_MSC_SERV_30000KM_12MS.png,NA,NA,NA,NA,NA,NA,Faulty
MSC_OIL_29800KM_MS.png,toCheck_100012_10644s_MSC_OIL_29800KM_MS.png,NA,NA,NA,NA,NA,NA,Faulty
MSC_OIL_29800KM_MS.png,toCheck_100012_10664s_MSC_OIL_29800KM_MS.png,NA,NA,NA,NA,NA,NA,Faulty
MSC_SERV_29800KM_11MS.png,toCheck_100012_10682s_MSC_SERV_29800KM_11MS.png,NA,NA,NA,NA,NA,NA,Faulty
MSC_SERV_1800KM_13MS.png,toCheck_100013_10699s_MSC_SERV_1800KM_13MS.png,NA,NA,NA,NA,NA,NA,Faulty
MSC_OIL_2000KM_12MS.png,toCheck_100013_00529s_MSC_OIL_2000KM_12MS.png,NA,NA,NA,NA,NA,NA,Faulty
MSC_SERV_2000KM_24MS.png,toCheck_100013_00552s_MSC_SERV_2000KM_24MS.png,NA,NA,NA,NA,NA,NA,Faulty
MSC_OIL_1800KM_12MS.png,toCheck_100013_10639s_MSC_OIL_1800KM_12MS.png,NA,NA,NA,NA,NA,NA,Faulty
MSC_OIL_700KM_24MS.png,toCheck_100016_00529s_MSC_OIL_700KM_24MS.png,NA,NA,NA,NA,NA,NA,Faulty
MSC_SERV_2000KM_12MS.png,toCheck_100016_00552s_MSC_SERV_2000KM_12MS.png,NA,NA,NA,NA,NA,NA,Faulty
MSC_OIL_2000KM_24MS.png,toCheck_100017_00529s_MSC_OIL_2000KM_24MS.png,NA,NA,NA,NA,NA,NA,Faulty
MSC_SERV_2000KM_12MS.png,toCheck_100017_00552s_MSC_SERV_2000KM_12MS.png,NA,NA,NA,NA,NA,NA,Faulty
MSC_OIL_2000KM_24MS.png,toCheck_100018_00529s_MSC_OIL_2000KM_24MS.png,NA,NA,NA,NA,NA,NA,Faulty
MSC_SERV_2000KM_12MS.png,toCheck_100018_00552s_MSC_SERV_2000KM_12MS.png,NA,NA,NA,NA,NA,NA,Faulty
MSC_OIL_65000KM_24MS.png,toCheck_100019_00982s_MSC_OIL_65000KM_24MS.png,NA,NA,NA,NA,NA,NA,Faulty
MSC_OIL_65500KM_24MS.png,toCheck_100019_01354s_MSC_OIL_65500KM_24MS.png,NA,NA,NA,NA,NA,NA,Faulty
MSC_SERV_2000KM_12MS.png,toCheck_100019_00587s_MSC_SERV_2000KM_12MS.png,NA,NA,NA,NA,NA,NA,Faulty
MSC_OIL_30000KM_24MS.png,toCheck_100019_00609s_MSC_OIL_30000KM_24MS.png,NA,NA,NA,NA,NA,NA,Faulty
MSC_OIL_30000KM_24MS_ON.png,toCheck_100019_00664s_MSC_OIL_30000KM_24MS_ON.png,NA,NA,NA,NA,NA,NA,Faulty
MSC_OIL_30000KM_24MS_OFF.png,toCheck_100019_00669s_MSC_OIL_30000KM_24MS_OFF.png,NA,NA,NA,NA,NA,NA,Faulty
MSC_OIL_30000KM_24MS_ON.png,toCheck_100019_00674s_MSC_OIL_30000KM_24MS_ON.png,NA,NA,NA,NA,NA,NA,Faulty
MSC_OIL_30000KM_24MS_OFF.png,toCheck_100019_00679s_MSC_OIL_30000KM_24MS_OFF.png,NA,NA,NA,NA,NA,NA,Faulty
MSC_OIL_30000KM_2184MS.png,toCheck_100020_00982s_MSC_OIL_30000KM_2184MS.png,NA,NA,NA,NA,NA,NA,Faulty
MSC_OIL_30000KM_2185MS.png,toCheck_100020_01354s_MSC_OIL_30000KM_2185MS.png,NA,NA,NA,NA,NA,NA,Faulty
MSC_OIL_30000KM_2185MS.png,toCheck_100020_01752s_MSC_OIL_30000KM_2185MS.png,NA,NA,NA,NA,NA,NA,Faulty
MSC_SERV_2000KM_12MS.png,toCheck_100020_00587s_MSC_SERV_2000KM_12MS.png,NA,NA,NA,NA,NA,NA,Faulty
MSC_OIL_30000KM_24MS.png,toCheck_100020_00609s_MSC_OIL_30000KM_24MS.png,NA,NA,NA,NA,NA,NA,Faulty
MSC_OIL_30000KM_24MS_ON.png,toCheck_100020_00664s_MSC_OIL_30000KM_24MS_ON.png,NA,NA,NA,NA,NA,NA,Faulty
MSC_OIL_30000KM_24MS_OFF.png,toCheck_100020_00669s_MSC_OIL_30000KM_24MS_OFF.png,NA,NA,NA,NA,NA,NA,Faulty
MSC_OIL_30000KM_24MS_ON.png,toCheck_100020_00674s_MSC_OIL_30000KM_24MS_ON.png,NA,NA,NA,NA,NA,NA,Faulty
MSC_OIL_30000KM_24MS_OFF.png,toCheck_100020_00679s_MSC_OIL_30000KM_24MS_OFF.png,NA,NA,NA,NA,NA,NA,Faulty
MSC_OIL_2000KM_24MS.png,toCheck_100021_00574s_MSC_OIL_2000KM_24MS.png,NA,NA,NA,NA,NA,NA,Faulty
MSC_SERV_2000KM_12MS.png,toCheck_100021_00597s_MSC_SERV_2000KM_12MS.png,NA,NA,NA,NA,NA,NA,Faulty
MSC_OIL_1800KM_24MS.png,toCheck_100021_10697s_MSC_OIL_1800KM_24MS.png,NA,NA,NA,NA,NA,NA,Faulty
MSC_OIL_2000KM_24MS.png,toCheck_100021_10717s_MSC_OIL_2000KM_24MS.png,NA,NA,NA,NA,NA,NA,Faulty
MSC_OIL_1800KM_24MS_OFF.png,toCheck_100022_10762s_MSC_OIL_1800KM_24MS_OFF.png,NA,NA,NA,NA,NA,NA,Faulty
MSC_OIL_1800KM_24MS_ON.png,toCheck_100022_10767s_MSC_OIL_1800KM_24MS_ON.png,NA,NA,NA,NA,NA,NA,Faulty
MSC_OIL_1800KM_24MS_OFF.png,toCheck_100022_10772s_MSC_OIL_1800KM_24MS_OFF.png,NA,NA,NA,NA,NA,NA,Faulty
MSC_OIL_2000KM_24MS.png,toCheck_100022_00574s_MSC_OIL_2000KM_24MS.png,NA,NA,NA,NA,NA,NA,Faulty
MSC_SERV_2000KM_12MS.png,toCheck_100022_00597s_MSC_SERV_2000KM_12MS.png,NA,NA,NA,NA,NA,NA,Faulty
MSC_OIL_1800KM_24MS.png,toCheck_100022_10702s_MSC_OIL_1800KM_24MS.png,NA,NA,NA,NA,NA,NA,Faulty
MSC_OIL_1800KM_24MS_ON.png,toCheck_100022_10757s_MSC_OIL_1800KM_24MS_ON.png,NA,NA,NA,NA,NA,NA,Faulty
MSC_SERV_65000KM_12MS.png,toCheck_100023_00977s_MSC_SERV_65000KM_12MS.png,NA,NA,NA,NA,NA,NA,Faulty
MSC_SERV_65500KM_12MS.png,toCheck_100023_01362s_MSC_SERV_65500KM_12MS.png,NA,NA,NA,NA,NA,NA,Faulty
MSC_OIL_2000KM_24MS.png,toCheck_100023_00569s_MSC_OIL_2000KM_24MS.png,NA,NA,NA,NA,NA,NA,Faulty
MSC_SERV_30000KM_12MS.png,toCheck_100023_00592s_MSC_SERV_30000KM_12MS.png,NA,NA,NA,NA,NA,NA,Faulty
MSC_SERV_30000KM_12MS_OFF.png,toCheck_100023_00647s_MSC_SERV_30000KM_12MS_OFF.png,NA,NA,NA,NA,NA,NA,Faulty
MSC_SERV_30000KM_12MS_ON.png,toCheck_100023_00652s_MSC_SERV_30000KM_12MS_ON.png,NA,NA,NA,NA,NA,NA,Faulty
MSC_SERV_30000KM_12MS_OFF.png,toCheck_100023_00657s_MSC_SERV_30000KM_12MS_OFF.png,NA,NA,NA,NA,NA,NA,Faulty
MSC_SERV_30000KM_12MS_ON.png,toCheck_100023_00662s_MSC_SERV_30000KM_12MS_ON.png,NA,NA,NA,NA,NA,NA,Faulty
MSC_SERV_30000KM_2184MS.png,toCheck_100024_00977s_MSC_SERV_30000KM_2184MS.png,NA,NA,NA,NA,NA,NA,Faulty
MSC_SERV_30000KM_2185MS.png,toCheck_100024_01362s_MSC_SERV_30000KM_2185MS.png,NA,NA,NA,NA,NA,NA,Faulty
MSC_SERV_30000KM_2185MS.png,toCheck_100024_01772s_MSC_SERV_30000KM_2185MS.png,NA,NA,NA,NA,NA,NA,Faulty
MSC_OIL_2000KM_24MS.png,toCheck_100024_00569s_MSC_OIL_2000KM_24MS.png,NA,NA,NA,NA,NA,NA,Faulty
MSC_SERV_30000KM_12MS.png,toCheck_100024_00592s_MSC_SERV_30000KM_12MS.png,NA,NA,NA,NA,NA,NA,Faulty
MSC_SERV_30000KM_12MS_OFF.png,toCheck_100024_00647s_MSC_SERV_30000KM_12MS_OFF.png,NA,NA,NA,NA,NA,NA,Faulty
MSC_SERV_30000KM_12MS_ON.png,toCheck_100024_00652s_MSC_SERV_30000KM_12MS_ON.png,NA,NA,NA,NA,NA,NA,Faulty
MSC_SERV_30000KM_12MS_OFF.png,toCheck_100024_00657s_MSC_SERV_30000KM_12MS_OFF.png,NA,NA,NA,NA,NA,NA,Faulty
MSC_SERV_30000KM_12MS_ON.png,toCheck_100024_00662s_MSC_SERV_30000KM_12MS_ON.png,NA,NA,NA,NA,NA,NA,Faulty
MSC_OIL_2000KM_24MS.png,toCheck_100025_00569s_MSC_OIL_2000KM_24MS.png,NA,NA,NA,NA,NA,NA,Faulty
MSC_SERV_2000KM_12MS.png,toCheck_100025_00592s_MSC_SERV_2000KM_12MS.png,NA,NA,NA,NA,NA,NA,Faulty
MSC_OIL_1800KM_24MS.png,toCheck_100025_10697s_MSC_OIL_1800KM_24MS.png,NA,NA,NA,NA,NA,NA,Faulty
MSC_SERV_1800KM_12MS.png,toCheck_100025_10719s_MSC_SERV_1800KM_12MS.png,NA,NA,NA,NA,NA,NA,Faulty
MSC_SERV_2000KM_12MS.png,toCheck_100025_10744s_MSC_SERV_2000KM_12MS.png,NA,NA,NA,NA,NA,NA,Faulty
MSC_SERV_1800KM_12MS_OFF.png,toCheck_100026_10784s_MSC_SERV_1800KM_12MS_OFF.png,NA,NA,NA,NA,NA,NA,Faulty
MSC_SERV_1800KM_12MS_ON.png,toCheck_100026_10789s_MSC_SERV_1800KM_12MS_ON.png,NA,NA,NA,NA,NA,NA,Faulty
MSC_SERV_1800KM_12MS_OFF.png,toCheck_100026_10794s_MSC_SERV_1800KM_12MS_OFF.png,NA,NA,NA,NA,NA,NA,Faulty
MSC_OIL_2000KM_24MS.png,toCheck_100026_00569s_MSC_OIL_2000KM_24MS.png,NA,NA,NA,NA,NA,NA,Faulty
MSC_SERV_2000KM_12MS.png,toCheck_100026_00592s_MSC_SERV_2000KM_12MS.png,NA,NA,NA,NA,NA,NA,Faulty
MSC_OIL_1800KM_24MS.png,toCheck_100026_10697s_MSC_OIL_1800KM_24MS.png,NA,NA,NA,NA,NA,NA,Faulty
MSC_SERV_1800KM_12MS.png,toCheck_100026_10719s_MSC_SERV_1800KM_12MS.png,NA,NA,NA,NA,NA,NA,Faulty
MSC_SERV_1800KM_12MS_ON.png,toCheck_100026_10779s_MSC_SERV_1800KM_12MS_ON.png,NA,NA,NA,NA,NA,NA,Faulty
MSC_SERV_0KM_12MS.png,toCheck_100027_26226s_MSC_SERV_0KM_12MS.png,NA,NA,NA,NA,NA,NA,Faulty
MSC_OIL_2000KM_24MS.png,toCheck_100027_00530s_MSC_OIL_2000KM_24MS.png,NA,NA,NA,NA,NA,NA,Faulty
MSC_SERV_500KM_12MS.png,toCheck_100027_00553s_MSC_SERV_500KM_12MS.png,NA,NA,NA,NA,NA,NA,Faulty
MSC_OIL_1900KM_24MS.png,toCheck_100027_05640s_MSC_OIL_1900KM_24MS.png,NA,NA,NA,NA,NA,NA,Faulty
MSC_SERV_0MI_12MS.png,toCheck_100028_26241s_MSC_SERV_0MI_12MS.png,NA,NA,NA,NA,NA,NA,Faulty
MSC_OIL_1300MI_24MS.png,toCheck_100028_00530s_MSC_OIL_1300MI_24MS.png,NA,NA,NA,NA,NA,NA,Faulty
MSC_SERV_400MI_12MS.png,toCheck_100028_00553s_MSC_SERV_400MI_12MS.png,NA,NA,NA,NA,NA,NA,Faulty
MSC_OIL_1200MI_24MS.png,toCheck_100028_05640s_MSC_OIL_1200MI_24MS.png,NA,NA,NA,NA,NA,NA,Faulty
MSC_OIL_30000KM_24MS.png,toCheck_100029_00534s_MSC_OIL_30000KM_24MS.png,NA,NA,NA,NA,NA,NA,Faulty
MSC_OIL_29800KM_24MS.png,toCheck_100029_10644s_MSC_OIL_29800KM_24MS.png,NA,NA,NA,NA,NA,NA,Faulty
MSC_OIL_29800KM_23MS.png,toCheck_100029_10664s_MSC_OIL_29800KM_23MS.png,NA,NA,NA,NA,NA,NA,Faulty
MSC_SERV_KM_11MS.png,toCheck_100029_10687s_MSC_SERV_KM_11MS.png,NA,NA,NA,NA,NA,NA,Faulty
MSC_SERV_1800KM_12MS.png,toCheck_100030_10699s_MSC_SERV_1800KM_12MS.png,NA,NA,NA,NA,NA,NA,Faulty
MSC_OIL_2000KM_24MS.png,toCheck_100030_00529s_MSC_OIL_2000KM_24MS.png,NA,NA,NA,NA,NA,NA,Faulty
MSC_SERV_2000KM_12MS.png,toCheck_100030_00552s_MSC_SERV_2000KM_12MS.png,NA,NA,NA,NA,NA,NA,Faulty
MSC_OIL_1900KM_24MS.png,toCheck_100030_05639s_MSC_OIL_1900KM_24MS.png,NA,NA,NA,NA,NA,NA,Faulty
MSC_OIL_30000KM_24MS.png,toCheck_100031_00534s_MSC_OIL_30000KM_24MS.png,NA,NA,NA,NA,NA,NA,Faulty
MSC_OIL_29800KM_24MS.png,toCheck_100031_10644s_MSC_OIL_29800KM_24MS.png,NA,NA,NA,NA,NA,NA,Faulty
MSC_OIL_29800KM_23MS.png,toCheck_100031_10664s_MSC_OIL_29800KM_23MS.png,NA,NA,NA,NA,NA,NA,Faulty
MSC_SERV_1800KM_0MS.png,toCheck_100032_10717s_MSC_SERV_1800KM_0MS.png,NA,NA,NA,NA,NA,NA,Faulty
MSC_OIL_2000KM_24MS.png,toCheck_100032_00529s_MSC_OIL_2000KM_24MS.png,NA,NA,NA,NA,NA,NA,Faulty
MSC_SERV_2000KM_12MS.png,toCheck_100032_00552s_MSC_SERV_2000KM_12MS.png,NA,NA,NA,NA,NA,NA,Faulty
MSC_OIL_1800KM_24MS.png,toCheck_100032_10657s_MSC_OIL_1800KM_24MS.png,NA,NA,NA,NA,NA,NA,Faulty
MSC_OIL_30000KM_24MS.png,toCheck_100033_00534s_MSC_OIL_30000KM_24MS.png,NA,NA,NA,NA,NA,NA,Faulty
MSC_SERV_30000KM_MS.png,toCheck_100033_00557s_MSC_SERV_30000KM_MS.png,NA,NA,NA,NA,NA,NA,Faulty
MSC_OIL_29800KM_24MS.png,toCheck_100033_10644s_MSC_OIL_29800KM_24MS.png,NA,NA,NA,NA,NA,NA,Faulty
MSC_OIL_29800KM_23MS.png,toCheck_100033_10664s_MSC_OIL_29800KM_23MS.png,NA,NA,NA,NA,NA,NA,Faulty
MSC_SERV_29800KM_MS.png,toCheck_100033_10682s_MSC_SERV_29800KM_MS.png,NA,NA,NA,NA,NA,NA,Faulty
MSC_SERV_1800KM_1MS.png,toCheck_100034_10699s_MSC_SERV_1800KM_1MS.png,NA,NA,NA,NA,NA,NA,Faulty
MSC_OIL_2000KM_24MS.png,toCheck_100034_00529s_MSC_OIL_2000KM_24MS.png,NA,NA,NA,NA,NA,NA,Faulty
MSC_SERV_2000KM_12MS.png,toCheck_100034_00552s_MSC_SERV_2000KM_12MS.png,NA,NA,NA,NA,NA,NA,Faulty
MSC_OIL_1800KM_24MS.png,toCheck_100034_10639s_MSC_OIL_1800KM_24MS.png,NA,NA,NA,NA,NA,NA,Faulty
TLT_SERV_OFF.png,toCheck_100000_00163s_TLT_SERV_OFF.png,NA,NA,NA,NA,NA,NA,Faulty
NO_ALERT.png,toCheck_100000_00168s_NO_ALERT.png,NA,NA,NA,NA,NA,NA,Faulty
TLT_SERV_OFF.png,toCheck_100002_00395s_TLT_SERV_OFF.png,NA,NA,NA,NA,NA,NA,Faulty
TLT_STOP_ON.png,toCheck_100002_00395s_TLT_STOP_ON.png,NA,NA,NA,NA,NA,NA,Faulty
NO_ALERT.png,toCheck_100002_00410s_NO_ALERT.png,NA,NA,NA,NA,NA,NA,Faulty
NO_ALERT.png,toCheck_100003_00168s_NO_ALERT.png,NA,NA,NA,NA,NA,NA,Faulty
DIG_SPD_93_MI.png,toCheck_100003_01056s_DIG_SPD_93_MI.png,NA,NA,NA,NA,NA,NA,Faulty
DIG_SPD_93_MI.png,toCheck_100003_01113s_DIG_SPD_93_MI.png,NA,NA,NA,NA,NA,NA,Faulty
DIG_SPD_93_MI.png,toCheck_100007_01042s_DIG_SPD_93_MI.png,NA,NA,NA,NA,NA,NA,Faulty
DIG_SPD_93_MI.png,toCheck_100007_01044s_DIG_SPD_93_MI.png,NA,NA,NA,NA,NA,NA,Faulty
DIG_SPD_93_MI.png,toCheck_100007_01064s_DIG_SPD_93_MI.png,NA,NA,NA,NA,NA,NA,Faulty
DIG_SPD_299_KM.png,toCheck_100008_01604s_DIG_SPD_299_KM.png,NA,NA,NA,NA,NA,NA,Faulty
DIG_SPD_93_MI.png,toCheck_100009_01304s_DIG_SPD_93_MI.png,NA,NA,NA,NA,NA,NA,Faulty
DIG_SPD_299_MI.png,toCheck_100019_02557s_DIG_SPD_299_MI.png,NA,NA,NA,NA,NA,NA,Faulty
DIG_SPD_299_MI.png,toCheck_100019_02595s_DIG_SPD_299_MI.png,NA,NA,NA,NA,NA,NA,Faulty
DIG_SPD_299_KM.png,toCheck_100020_02472s_DIG_SPD_299_KM.png,NA,NA,NA,NA,NA,NA,Faulty
DIG_SPD_299_KM.png,toCheck_100020_02510s_DIG_SPD_299_KM.png,NA,NA,NA,NA,NA,NA,Faulty
DIG_SPD_299_MI.png,toCheck_100021_02684s_DIG_SPD_299_MI.png,NA,NA,NA,NA,NA,NA,Faulty
DIG_SPD_299_MI.png,toCheck_100021_02722s_DIG_SPD_299_MI.png,NA,NA,NA,NA,NA,NA,Faulty
TLT_OSP_WARN_ON.png,toCheck_100022_01255s_TLT_OSP_WARN_ON.png,NA,NA,NA,NA,NA,NA,Faulty
BUZ_09_OFF.png,toCheck_100023_01103s_BUZ_09_OFF.png,NA,NA,NA,NA,NA,NA,Faulty
TLT_OSP_WARN_OFF.png,toCheck_100024_01141s_TLT_OSP_WARN_OFF.png,NA,NA,NA,NA,NA,NA,Faulty
TLT_OSP_WARN_OFF.png,toCheck_100024_01042s_TLT_OSP_WARN_OFF.png,NA,NA,NA,NA,NA,NA,Faulty
TLT_OSP_WARN_ON.png,toCheck_100024_01103s_TLT_OSP_WARN_ON.png,NA,NA,NA,NA,NA,NA,Faulty
TLT_OSP_WARN_OFF.png,toCheck_100025_01240s_TLT_OSP_WARN_OFF.png,NA,NA,NA,NA,NA,NA,Faulty
TLT_OSP_WARN_OFF.png,toCheck_100025_01042s_TLT_OSP_WARN_OFF.png,NA,NA,NA,NA,NA,NA,Faulty
TLT_OSP_WARN_ON.png,toCheck_100025_01103s_TLT_OSP_WARN_ON.png,NA,NA,NA,NA,NA,NA,Faulty
DIG_SPD_0_MI.png,toCheck_100026_01225s_DIG_SPD_0_MI.png,NA,NA,NA,NA,NA,NA,Faulty
DIG_SPD_0_KM.png,toCheck_100027_01055s_DIG_SPD_0_KM.png,NA,NA,NA,NA,NA,NA,Faulty
DIG_SPD_93_MI.png,toCheck_100028_00887s_DIG_SPD_93_MI.png,NA,NA,NA,NA,NA,NA,Faulty
DIG_SPD_93_MI.png,toCheck_100028_00912s_DIG_SPD_93_MI.png,NA,NA,NA,NA,NA,NA,Faulty
DIG_SPD_10_KM.png,toCheck_100031_00876s_DIG_SPD_10_KM.png,NA,NA,NA,NA,NA,NA,Faulty
DIG_SPD_11_KM.png,toCheck_100031_00878s_DIG_SPD_11_KM.png,NA,NA,NA,NA,NA,NA,Faulty
DIG_SPD_100_KM.png,toCheck_100031_00926s_DIG_SPD_100_KM.png,NA,NA,NA,NA,NA,NA,Faulty
DIG_SPD_10_MI.png,toCheck_100032_01046s_DIG_SPD_10_MI.png,NA,NA,NA,NA,NA,NA,Faulty
DIG_SPD_11_MI.png,toCheck_100032_01048s_DIG_SPD_11_MI.png,NA,NA,NA,NA,NA,NA,Faulty
DIG_SPD_11_KM.png,toCheck_100033_00872s_DIG_SPD_11_KM.png,NA,NA,NA,NA,NA,NA,Faulty
DIG_SPD_11_MI.png,toCheck_100034_01051s_DIG_SPD_11_MI.png,NA,NA,NA,NA,NA,NA,Faulty
DIG_SPD_150_KM.png,toCheck_100036_00894s_DIG_SPD_150_KM.png,NA,NA,NA,NA,NA,NA,Faulty
DIG_SPD_149_KM.png,toCheck_100036_00934s_DIG_SPD_149_KM.png,NA,NA,NA,NA,NA,NA,Faulty
DIG_SPD_149_KM.png,toCheck_100036_01002s_DIG_SPD_149_KM.png,NA,NA,NA,NA,NA,NA,Faulty
DIG_SPD_93_MI.png,toCheck_100037_01073s_DIG_SPD_93_MI.png,NA,NA,NA,NA,NA,NA,Faulty
DIG_SPD_93_MI.png,toCheck_100037_01082s_DIG_SPD_93_MI.png,NA,NA,NA,NA,NA,NA,Faulty
DIG_SPD_92_MI.png,toCheck_100037_01113s_DIG_SPD_92_MI.png,NA,NA,NA,NA,NA,NA,Faulty
LONGI_LAT_TILT_m30.png,toCheck_100001_00380s_LONGI_LAT_TILT_m30.png,NA,NA,NA,NA,NA,NA,Faulty
CAP_ANGLE_EAST.png,toCheck_100002_00380s_CAP_ANGLE_EAST.png,NA,NA,NA,NA,NA,NA,Faulty
CAP_ANGLE_EAST.png,toCheck_100002_00410s_CAP_ANGLE_EAST.png,NA,NA,NA,NA,NA,NA,Faulty
LONGI_LAT_TILT_m30.png,toCheck_100003_00380s_LONGI_LAT_TILT_m30.png,NA,NA,NA,NA,NA,NA,Faulty
CAP_ANGLE_EAST.png,toCheck_100004_00380s_CAP_ANGLE_EAST.png,NA,NA,NA,NA,NA,NA,Faulty
CAP_ANGLE_EAST.png,toCheck_100004_00395s_CAP_ANGLE_EAST.png,NA,NA,NA,NA,NA,NA,Faulty
CAP_ANGLE_SOUTH.png,toCheck_100004_00400s_CAP_ANGLE_SOUTH.png,NA,NA,NA,NA,NA,NA,Faulty
LONGI_LAT_TILT_m30.png,toCheck_100005_00380s_LONGI_LAT_TILT_m30.png,NA,NA,NA,NA,NA,NA,Faulty
CAP_ANGLE_NORTH.png,toCheck_100006_00730s_CAP_ANGLE_NORTH.png,NA,NA,NA,NA,NA,NA,Faulty
DSI_PRECISION_ORG_25.png,toCheck_100002_00487s_DSI_PRECISION_ORG_25.png,NA,NA,NA,NA,NA,NA,Faulty
DSI_PRECISION_EMPTY_0.png,toCheck_100006_00322s_DSI_PRECISION_EMPTY_0.png,NA,NA,NA,NA,NA,NA,Faulty
TLT_STOP_ON.png,toCheck_100000_00391s_TLT_STOP_ON.png,NA,NA,NA,NA,NA,NA,Faulty
NO_ALERT.png,toCheck_100001_00176s_NO_ALERT.png,NA,NA,NA,NA,NA,NA,Faulty
NO_ALERT.png,toCheck_100001_00198s_NO_ALERT.png,NA,NA,NA,NA,NA,NA,Faulty
NO_ALERT.png,toCheck_100001_00642s_NO_ALERT.png,NA,NA,NA,NA,NA,NA,Faulty
NO_ALERT.png,toCheck_100002_00677s_NO_ALERT.png,NA,NA,NA,NA,NA,NA,Faulty
NO_ALERT.png,toCheck_100002_00176s_NO_ALERT.png,NA,NA,NA,NA,NA,NA,Faulty
TLT_SERV_OFF.png,toCheck_100003_00390s_TLT_SERV_OFF.png,NA,NA,NA,NA,NA,NA,Faulty
TLT_STOP_OFF.png,toCheck_100003_00390s_TLT_STOP_OFF.png,NA,NA,NA,NA,NA,NA,Faulty
TLT_SBSRED_ON.png,toCheck_100003_00390s_TLT_SBSRED_ON.png,NA,NA,NA,NA,NA,NA,Faulty
NO_ALERT_ADAS_LAYOUT.png,toCheck_100003_00400s_NO_ALERT_ADAS_LAYOUT.png,NA,NA,NA,NA,NA,NA,Faulty
TLT_SBSOFF_ON.png,toCheck_100003_00400s_TLT_SBSOFF_ON.png,NA,NA,NA,NA,NA,NA,Faulty
TLT_SERV_OFF.png,toCheck_100003_00401s_TLT_SERV_OFF.png,NA,NA,NA,NA,NA,NA,Faulty
TLT_SBSOFF_ON.png,toCheck_100003_00406s_TLT_SBSOFF_ON.png,NA,NA,NA,NA,NA,NA,Faulty
TLT_SERV_OFF.png,toCheck_100003_00406s_TLT_SERV_OFF.png,NA,NA,NA,NA,NA,NA,Faulty
TLT_SBSOFF_ON.png,toCheck_100003_00378s_TLT_SBSOFF_ON.png,NA,NA,NA,NA,NA,NA,Faulty
TLT_SERV_OFF.png,toCheck_100003_00379s_TLT_SERV_OFF.png,NA,NA,NA,NA,NA,NA,Faulty
TLT_SERV_OFF.png,toCheck_100003_00380s_TLT_SERV_OFF.png,NA,NA,NA,NA,NA,NA,Faulty
TXTALT_10925_5_FR_ADAS_LAYOUT.png,toCheck_100003_00390s_TXTALT_10925_5_FR_ADAS_LAYOUT.png,NA,NA,NA,NA,NA,NA,Faulty
TLT_TPMS_ON.png,toCheck_100004_00523s_TLT_TPMS_ON.png,NA,NA,NA,NA,NA,NA,Faulty
TLT_TPMS_OFF.png,toCheck_100004_00525s_TLT_TPMS_OFF.png,NA,NA,NA,NA,NA,NA,Faulty
TPMS_PAGE.png,toCheck_100004_00505s_TPMS_PAGE.png,NA,NA,NA,NA,NA,NA,Faulty
TLT_TPMS_ON.png,toCheck_100004_00518s_TLT_TPMS_ON.png,NA,NA,NA,NA,NA,NA,Faulty
TLT_TPMS_OFF.png,toCheck_100004_00520s_TLT_TPMS_OFF.png,NA,NA,NA,NA,NA,NA,Faulty
NO_ALERT.png,toCheck_100005_00262s_NO_ALERT.png,NA,NA,NA,NA,NA,NA,Faulty
NO_ALERT.png,toCheck_100000_00846s_NO_ALERT.png,NA,NA,NA,NA,NA,NA,Faulty
NO_ALERT.png,toCheck_100001_00881s_NO_ALERT.png,NA,NA,NA,NA,NA,NA,Faulty
NO_ALERT.png,toCheck_100002_00846s_NO_ALERT.png,NA,NA,NA,NA,NA,NA,Faulty
NO_ALERT.png,toCheck_100003_00846s_NO_ALERT.png,NA,NA,NA,NA,NA,NA,Faulty
TLT_SERV_OFF.png,toCheck_100003_00241s_TLT_SERV_OFF.png,NA,NA,NA,NA,NA,NA,Faulty
TLT_SERV_OFF.png,toCheck_100003_00841s_TLT_SERV_OFF.png,NA,NA,NA,NA,NA,NA,Faulty
NO_ALERT.png,toCheck_100004_00906s_NO_ALERT.png,NA,NA,NA,NA,NA,NA,Faulty
NO_ALERT.png,toCheck_100005_00856s_NO_ALERT.png,NA,NA,NA,NA,NA,NA,Faulty
NO_ALERT.png,toCheck_100006_00906s_NO_ALERT.png,NA,NA,NA,NA,NA,NA,Faulty
NO_ALERT.png,toCheck_100007_00906s_NO_ALERT.png,NA,NA,NA,NA,NA,NA,Faulty
TLT_STOP_ON.png,toCheck_100008_00841s_TLT_STOP_ON.png,NA,NA,NA,NA,NA,NA,Faulty
NO_ALERT.png,toCheck_100008_00846s_NO_ALERT.png,NA,NA,NA,NA,NA,NA,Faulty
TLT_SERV_OFF.png,toCheck_100008_00241s_TLT_SERV_OFF.png,NA,NA,NA,NA,NA,NA,Faulty
TLT_STOP_ON.png,toCheck_100008_00241s_TLT_STOP_ON.png,NA,NA,NA,NA,NA,NA,Faulty
TLT_SERV_OFF.png,toCheck_100008_00841s_TLT_SERV_OFF.png,NA,NA,NA,NA,NA,NA,Faulty
TLT_STOP_ON.png,toCheck_100009_00841s_TLT_STOP_ON.png,NA,NA,NA,NA,NA,NA,Faulty
NO_ALERT.png,toCheck_100009_00846s_NO_ALERT.png,NA,NA,NA,NA,NA,NA,Faulty
TLT_SERV_OFF.png,toCheck_100009_00241s_TLT_SERV_OFF.png,NA,NA,NA,NA,NA,NA,Faulty
TLT_STOP_ON.png,toCheck_100009_00241s_TLT_STOP_ON.png,NA,NA,NA,NA,NA,NA,Faulty
TLT_SERV_OFF.png,toCheck_100009_00841s_TLT_SERV_OFF.png,NA,NA,NA,NA,NA,NA,Faulty
TLT_STOP_ON.png,toCheck_100010_00841s_TLT_STOP_ON.png,NA,NA,NA,NA,NA,NA,Faulty
NO_ALERT.png,toCheck_100010_00846s_NO_ALERT.png,NA,NA,NA,NA,NA,NA,Faulty
TLT_SERV_OFF.png,toCheck_100010_00241s_TLT_SERV_OFF.png,NA,NA,NA,NA,NA,NA,Faulty
TLT_STOP_ON.png,toCheck_100010_00241s_TLT_STOP_ON.png,NA,NA,NA,NA,NA,NA,Faulty
TLT_SERV_OFF.png,toCheck_100010_00841s_TLT_SERV_OFF.png,NA,NA,NA,NA,NA,NA,Faulty
NO_ALERT.png,toCheck_100011_00916s_NO_ALERT.png,NA,NA,NA,NA,NA,NA,Faulty
NO_ALERT.png,toCheck_100012_00881s_NO_ALERT.png,NA,NA,NA,NA,NA,NA,Faulty
NO_ALERT.png,toCheck_100013_00881s_NO_ALERT.png,NA,NA,NA,NA,NA,NA,Faulty
NO_ALERT.png,toCheck_100014_00846s_NO_ALERT.png,NA,NA,NA,NA,NA,NA,Faulty
TLT_SERV_OFF.png,toCheck_100014_00241s_TLT_SERV_OFF.png,NA,NA,NA,NA,NA,NA,Faulty
TLT_SERV_OFF.png,toCheck_100014_00841s_TLT_SERV_OFF.png,NA,NA,NA,NA,NA,NA,Faulty
NO_ALERT.png,toCheck_100015_00392s_NO_ALERT.png,NA,NA,NA,NA,NA,NA,Faulty
TLT_SERV_OFF.png,toCheck_100015_00392s_TLT_SERV_OFF.png,NA,NA,NA,NA,NA,NA,Faulty
NO_ALERT.png,toCheck_100015_00397s_NO_ALERT.png,NA,NA,NA,NA,NA,NA,Faulty
TLT_SERV_OFF.png,toCheck_100015_00241s_TLT_SERV_OFF.png,NA,NA,NA,NA,NA,NA,Faulty
TLT_SERV_OFF.png,toCheck_100015_00385s_TLT_SERV_OFF.png,NA,NA,NA,NA,NA,NA,Faulty
NO_ALERT.png,toCheck_100016_00846s_NO_ALERT.png,NA,NA,NA,NA,NA,NA,Faulty
TLT_SERV_OFF.png,toCheck_100016_00241s_TLT_SERV_OFF.png,NA,NA,NA,NA,NA,NA,Faulty
TLT_SERV_OFF.png,toCheck_100016_00841s_TLT_SERV_OFF.png,NA,NA,NA,NA,NA,NA,Faulty
NO_ALERT.png,toCheck_100017_00846s_NO_ALERT.png,NA,NA,NA,NA,NA,NA,Faulty
TLT_SERV_OFF.png,toCheck_100017_00241s_TLT_SERV_OFF.png,NA,NA,NA,NA,NA,NA,Faulty
TLT_SERV_OFF.png,toCheck_100017_00841s_TLT_SERV_OFF.png,NA,NA,NA,NA,NA,NA,Faulty
NO_ALERT.png,toCheck_100018_01106s_NO_ALERT.png,NA,NA,NA,NA,NA,NA,Faulty
TLT_SERV_OFF.png,toCheck_100018_00371s_TLT_SERV_OFF.png,NA,NA,NA,NA,NA,NA,Faulty
TLT_SERV_OFF.png,toCheck_100018_00971s_TLT_SERV_OFF.png,NA,NA,NA,NA,NA,NA,Faulty
TLT_SERV_OFF.png,toCheck_100019_00996s_TLT_SERV_OFF.png,NA,NA,NA,NA,NA,NA,Faulty
TXTALT_10202_5_FR.png,toCheck_100019_00996s_TXTALT_10202_5_FR.png,NA,NA,NA,NA,NA,NA,Faulty
NO_ALERT.png,toCheck_100019_01001s_NO_ALERT.png,NA,NA,NA,NA,NA,NA,Faulty
TLT_SERV_OFF.png,toCheck_100019_00386s_TLT_SERV_OFF.png,NA,NA,NA,NA,NA,NA,Faulty
TXTALT_10202_5_FR.png,toCheck_100019_00386s_TXTALT_10202_5_FR.png,NA,NA,NA,NA,NA,NA,Faulty
NO_ALERT.png,toCheck_100020_00976s_NO_ALERT.png,NA,NA,NA,NA,NA,NA,Faulty
TLT_SERV_OFF.png,toCheck_100020_00371s_TLT_SERV_OFF.png,NA,NA,NA,NA,NA,NA,Faulty
TLT_SERV_OFF.png,toCheck_100020_00971s_TLT_SERV_OFF.png,NA,NA,NA,NA,NA,NA,Faulty
NO_ALERT.png,toCheck_100021_00846s_NO_ALERT.png,NA,NA,NA,NA,NA,NA,Faulty
TLT_SERV_OFF.png,toCheck_100021_00241s_TLT_SERV_OFF.png,NA,NA,NA,NA,NA,NA,Faulty
TXTALT_10208_4_FR.png,toCheck_100021_00241s_TXTALT_10208_4_FR.png,NA,NA,NA,NA,NA,NA,Faulty
TLT_SERV_OFF.png,toCheck_100021_00841s_TLT_SERV_OFF.png,NA,NA,NA,NA,NA,NA,Faulty
TXTALT_10208_4_FR.png,toCheck_100021_00841s_TXTALT_10208_4_FR.png,NA,NA,NA,NA,NA,NA,Faulty
NO_ALERT.png,toCheck_100022_00846s_NO_ALERT.png,NA,NA,NA,NA,NA,NA,Faulty
TLT_SERV_OFF.png,toCheck_100022_00241s_TLT_SERV_OFF.png,NA,NA,NA,NA,NA,NA,Faulty
TLT_SERV_OFF.png,toCheck_100022_00841s_TLT_SERV_OFF.png,NA,NA,NA,NA,NA,NA,Faulty
NO_ALERT.png,toCheck_100023_00846s_NO_ALERT.png,NA,NA,NA,NA,NA,NA,Faulty
NO_ALERT.png,toCheck_100024_00846s_NO_ALERT.png,NA,NA,NA,NA,NA,NA,Faulty
NO_ALERT.png,toCheck_100025_00868s_NO_ALERT.png,NA,NA,NA,NA,NA,NA,Faulty
TLT_SERV_OFF.png,toCheck_100025_00263s_TLT_SERV_OFF.png,NA,NA,NA,NA,NA,NA,Faulty
TLT_SERV_OFF.png,toCheck_100025_00863s_TLT_SERV_OFF.png,NA,NA,NA,NA,NA,NA,Faulty
TLT_STOP_ON.png,toCheck_100026_00876s_TLT_STOP_ON.png,NA,NA,NA,NA,NA,NA,Faulty
NO_ALERT.png,toCheck_100026_00916s_NO_ALERT.png,NA,NA,NA,NA,NA,NA,Faulty
TLT_SERV_OFF.png,toCheck_100026_00276s_TLT_SERV_OFF.png,NA,NA,NA,NA,NA,NA,Faulty
TLT_STOP_ON.png,toCheck_100026_00276s_TLT_STOP_ON.png,NA,NA,NA,NA,NA,NA,Faulty
TLT_SERV_OFF.png,toCheck_100026_00876s_TLT_SERV_OFF.png,NA,NA,NA,NA,NA,NA,Faulty
TLT_STOP_ON.png,toCheck_100027_00873s_TLT_STOP_ON.png,NA,NA,NA,NA,NA,NA,Faulty
NO_ALERT.png,toCheck_100027_00878s_NO_ALERT.png,NA,NA,NA,NA,NA,NA,Faulty
TLT_SERV_OFF.png,toCheck_100027_00273s_TLT_SERV_OFF.png,NA,NA,NA,NA,NA,NA,Faulty
TLT_STOP_ON.png,toCheck_100027_00273s_TLT_STOP_ON.png,NA,NA,NA,NA,NA,NA,Faulty
TLT_SERV_OFF.png,toCheck_100027_00873s_TLT_SERV_OFF.png,NA,NA,NA,NA,NA,NA,Faulty
TLT_STOP_ON.png,toCheck_100028_00841s_TLT_STOP_ON.png,NA,NA,NA,NA,NA,NA,Faulty
NO_ALERT.png,toCheck_100028_00846s_NO_ALERT.png,NA,NA,NA,NA,NA,NA,Faulty
TLT_SERV_OFF.png,toCheck_100028_00241s_TLT_SERV_OFF.png,NA,NA,NA,NA,NA,NA,Faulty
TLT_STOP_ON.png,toCheck_100028_00241s_TLT_STOP_ON.png,NA,NA,NA,NA,NA,NA,Faulty
TLT_SERV_OFF.png,toCheck_100028_00841s_TLT_SERV_OFF.png,NA,NA,NA,NA,NA,NA,Faulty
NO_ALERT.png,toCheck_100029_00846s_NO_ALERT.png,NA,NA,NA,NA,NA,NA,Faulty
TLT_DAE_WARN_ON.png,toCheck_100029_00241s_TLT_DAE_WARN_ON.png,NA,NA,NA,NA,NA,NA,Faulty
TLT_SERV_OFF.png,toCheck_100029_00241s_TLT_SERV_OFF.png,NA,NA,NA,NA,NA,NA,Faulty
TLT_DAE_WARN_ON.png,toCheck_100029_00841s_TLT_DAE_WARN_ON.png,NA,NA,NA,NA,NA,NA,Faulty
TLT_SERV_OFF.png,toCheck_100029_00841s_TLT_SERV_OFF.png,NA,NA,NA,NA,NA,NA,Faulty
NO_ALERT.png,toCheck_100030_00866s_NO_ALERT.png,NA,NA,NA,NA,NA,NA,Faulty
TLT_SERV_OFF.png,toCheck_100030_00261s_TLT_SERV_OFF.png,NA,NA,NA,NA,NA,NA,Faulty
TLT_STOP_OFF.png,toCheck_100030_00261s_TLT_STOP_OFF.png,NA,NA,NA,NA,NA,NA,Faulty
TLT_SERV_OFF.png,toCheck_100030_00861s_TLT_SERV_OFF.png,NA,NA,NA,NA,NA,NA,Faulty
TLT_STOP_OFF.png,toCheck_100030_00861s_TLT_STOP_OFF.png,NA,NA,NA,NA,NA,NA,Faulty
NO_ALERT.png,toCheck_100031_00846s_NO_ALERT.png,NA,NA,NA,NA,NA,NA,Faulty
TLT_SERV_OFF.png,toCheck_100031_00241s_TLT_SERV_OFF.png,NA,NA,NA,NA,NA,NA,Faulty
TLT_SERV_OFF.png,toCheck_100031_00841s_TLT_SERV_OFF.png,NA,NA,NA,NA,NA,NA,Faulty
NO_ALERT.png,toCheck_100032_00846s_NO_ALERT.png,NA,NA,NA,NA,NA,NA,Faulty
TLT_SERV_OFF.png,toCheck_100032_00241s_TLT_SERV_OFF.png,NA,NA,NA,NA,NA,NA,Faulty
TLT_SERV_OFF.png,toCheck_100032_00841s_TLT_SERV_OFF.png,NA,NA,NA,NA,NA,NA,Faulty
NO_ALERT.png,toCheck_100033_00392s_NO_ALERT.png,NA,NA,NA,NA,NA,NA,Faulty
TLT_SERV_OFF.png,toCheck_100033_00392s_TLT_SERV_OFF.png,NA,NA,NA,NA,NA,NA,Faulty
NO_ALERT.png,toCheck_100033_00397s_NO_ALERT.png,NA,NA,NA,NA,NA,NA,Faulty
TLT_SERV_OFF.png,toCheck_100033_00241s_TLT_SERV_OFF.png,NA,NA,NA,NA,NA,NA,Faulty
TLT_SERV_OFF.png,toCheck_100033_00385s_TLT_SERV_OFF.png,NA,NA,NA,NA,NA,NA,Faulty
NO_ALERT.png,toCheck_100034_00392s_NO_ALERT.png,NA,NA,NA,NA,NA,NA,Faulty
TLT_SERV_OFF.png,toCheck_100034_00392s_TLT_SERV_OFF.png,NA,NA,NA,NA,NA,NA,Faulty
NO_ALERT.png,toCheck_100034_00397s_NO_ALERT.png,NA,NA,NA,NA,NA,NA,Faulty
TLT_SERV_OFF.png,toCheck_100034_00241s_TLT_SERV_OFF.png,NA,NA,NA,NA,NA,NA,Faulty
TLT_SERV_OFF.png,toCheck_100034_00385s_TLT_SERV_OFF.png,NA,NA,NA,NA,NA,NA,Faulty
NO_ALERT.png,toCheck_100035_00392s_NO_ALERT.png,NA,NA,NA,NA,NA,NA,Faulty
TLT_SERV_OFF.png,toCheck_100035_00392s_TLT_SERV_OFF.png,NA,NA,NA,NA,NA,NA,Faulty
NO_ALERT.png,toCheck_100035_00397s_NO_ALERT.png,NA,NA,NA,NA,NA,NA,Faulty
TLT_SERV_OFF.png,toCheck_100035_00241s_TLT_SERV_OFF.png,NA,NA,NA,NA,NA,NA,Faulty
TLT_SERV_OFF.png,toCheck_100035_00385s_TLT_SERV_OFF.png,NA,NA,NA,NA,NA,NA,Faulty
NO_ALERT.png,toCheck_100036_00848s_NO_ALERT.png,NA,NA,NA,NA,NA,NA,Faulty
NO_ALERT.png,toCheck_100037_00878s_NO_ALERT.png,NA,NA,NA,NA,NA,NA,Faulty
NO_ALERT.png,toCheck_100038_00846s_NO_ALERT.png,NA,NA,NA,NA,NA,NA,Faulty
NO_ALERT.png,toCheck_100039_00926s_NO_ALERT.png,NA,NA,NA,NA,NA,NA,Faulty
TLT_STOP_ON.png,toCheck_100039_00311s_TLT_STOP_ON.png,NA,NA,NA,NA,NA,NA,Faulty
TLT_STOP_ON.png,toCheck_100039_00911s_TLT_STOP_ON.png,NA,NA,NA,NA,NA,NA,Faulty
NO_ALERT.png,toCheck_100040_00846s_NO_ALERT.png,NA,NA,NA,NA,NA,NA,Faulty
TLT_STOP_ON.png,toCheck_100040_00241s_TLT_STOP_ON.png,NA,NA,NA,NA,NA,NA,Faulty
TLT_STOP_ON.png,toCheck_100040_00841s_TLT_STOP_ON.png,NA,NA,NA,NA,NA,NA,Faulty
NO_ALERT.png,toCheck_100041_00883s_NO_ALERT.png,NA,NA,NA,NA,NA,NA,Faulty
NO_ALERT.png,toCheck_100042_00846s_NO_ALERT.png,NA,NA,NA,NA,NA,NA,Faulty
NO_ALERT.png,toCheck_100043_00292s_NO_ALERT.png,NA,NA,NA,NA,NA,NA,Faulty
TLT_SERV_OFF.png,toCheck_100043_00292s_TLT_SERV_OFF.png,NA,NA,NA,NA,NA,NA,Faulty
NO_ALERT.png,toCheck_100043_00297s_NO_ALERT.png,NA,NA,NA,NA,NA,NA,Faulty
TLT_SERV_OFF.png,toCheck_100043_00241s_TLT_SERV_OFF.png,NA,NA,NA,NA,NA,NA,Faulty
TLT_SERV_OFF.png,toCheck_100043_00285s_TLT_SERV_OFF.png,NA,NA,NA,NA,NA,NA,Faulty
NO_ALERT.png,toCheck_100044_00292s_NO_ALERT.png,NA,NA,NA,NA,NA,NA,Faulty
TLT_SERV_OFF.png,toCheck_100044_00292s_TLT_SERV_OFF.png,NA,NA,NA,NA,NA,NA,Faulty
NO_ALERT.png,toCheck_100044_00297s_NO_ALERT.png,NA,NA,NA,NA,NA,NA,Faulty
TLT_SERV_OFF.png,toCheck_100044_00241s_TLT_SERV_OFF.png,NA,NA,NA,NA,NA,NA,Faulty
TLT_SERV_OFF.png,toCheck_100044_00285s_TLT_SERV_OFF.png,NA,NA,NA,NA,NA,NA,Faulty
NO_ALERT.png,toCheck_100045_00292s_NO_ALERT.png,NA,NA,NA,NA,NA,NA,Faulty
TLT_SERV_OFF.png,toCheck_100045_00292s_TLT_SERV_OFF.png,NA,NA,NA,NA,NA,NA,Faulty
NO_ALERT.png,toCheck_100045_00297s_NO_ALERT.png,NA,NA,NA,NA,NA,NA,Faulty
TLT_SERV_OFF.png,toCheck_100045_00241s_TLT_SERV_OFF.png,NA,NA,NA,NA,NA,NA,Faulty
TLT_SERV_OFF.png,toCheck_100045_00285s_TLT_SERV_OFF.png,NA,NA,NA,NA,NA,NA,Faulty
NO_ALERT.png,toCheck_100046_00846s_NO_ALERT.png,NA,NA,NA,NA,NA,NA,Faulty
NO_ALERT.png,toCheck_100047_00846s_NO_ALERT.png,NA,NA,NA,NA,NA,NA,Faulty
NO_ALERT.png,toCheck_100048_00846s_NO_ALERT.png,NA,NA,NA,NA,NA,NA,Faulty
TLT_SERV_OFF.png,toCheck_100048_00241s_TLT_SERV_OFF.png,NA,NA,NA,NA,NA,NA,Faulty
TLT_SERV_OFF.png,toCheck_100048_00841s_TLT_SERV_OFF.png,NA,NA,NA,NA,NA,NA,Faulty
NO_ALERT.png,toCheck_100049_00292s_NO_ALERT.png,NA,NA,NA,NA,NA,NA,Faulty
TLT_SERV_OFF.png,toCheck_100049_00292s_TLT_SERV_OFF.png,NA,NA,NA,NA,NA,NA,Faulty
NO_ALERT.png,toCheck_100049_00297s_NO_ALERT.png,NA,NA,NA,NA,NA,NA,Faulty
TLT_SERV_OFF.png,toCheck_100049_00241s_TLT_SERV_OFF.png,NA,NA,NA,NA,NA,NA,Faulty
TLT_SERV_OFF.png,toCheck_100049_00285s_TLT_SERV_OFF.png,NA,NA,NA,NA,NA,NA,Faulty
NO_ALERT.png,toCheck_100050_00392s_NO_ALERT.png,NA,NA,NA,NA,NA,NA,Faulty
TLT_SERV_OFF.png,toCheck_100050_00392s_TLT_SERV_OFF.png,NA,NA,NA,NA,NA,NA,Faulty
NO_ALERT.png,toCheck_100050_00397s_NO_ALERT.png,NA,NA,NA,NA,NA,NA,Faulty
TLT_SERV_OFF.png,toCheck_100050_00241s_TLT_SERV_OFF.png,NA,NA,NA,NA,NA,NA,Faulty
TLT_SERV_OFF.png,toCheck_100050_00385s_TLT_SERV_OFF.png,NA,NA,NA,NA,NA,NA,Faulty
NO_ALERT.png,toCheck_100051_00392s_NO_ALERT.png,NA,NA,NA,NA,NA,NA,Faulty
TLT_SERV_OFF.png,toCheck_100051_00392s_TLT_SERV_OFF.png,NA,NA,NA,NA,NA,NA,Faulty
NO_ALERT.png,toCheck_100051_00397s_NO_ALERT.png,NA,NA,NA,NA,NA,NA,Faulty
TLT_SERV_OFF.png,toCheck_100051_00241s_TLT_SERV_OFF.png,NA,NA,NA,NA,NA,NA,Faulty
TLT_SERV_OFF.png,toCheck_100051_00385s_TLT_SERV_OFF.png,NA,NA,NA,NA,NA,NA,Faulty
NO_ALERT.png,toCheck_100052_00392s_NO_ALERT.png,NA,NA,NA,NA,NA,NA,Faulty
TLT_SERV_OFF.png,toCheck_100052_00392s_TLT_SERV_OFF.png,NA,NA,NA,NA,NA,NA,Faulty
NO_ALERT.png,toCheck_100052_00397s_NO_ALERT.png,NA,NA,NA,NA,NA,NA,Faulty
TLT_SERV_OFF.png,toCheck_100052_00241s_TLT_SERV_OFF.png,NA,NA,NA,NA,NA,NA,Faulty
TLT_SERV_OFF.png,toCheck_100052_00385s_TLT_SERV_OFF.png,NA,NA,NA,NA,NA,NA,Faulty
NO_ALERT.png,toCheck_100053_00392s_NO_ALERT.png,NA,NA,NA,NA,NA,NA,Faulty
TLT_SERV_OFF.png,toCheck_100053_00392s_TLT_SERV_OFF.png,NA,NA,NA,NA,NA,NA,Faulty
NO_ALERT.png,toCheck_100053_00397s_NO_ALERT.png,NA,NA,NA,NA,NA,NA,Faulty
TLT_SERV_OFF.png,toCheck_100053_00241s_TLT_SERV_OFF.png,NA,NA,NA,NA,NA,NA,Faulty
TLT_SERV_OFF.png,toCheck_100053_00385s_TLT_SERV_OFF.png,NA,NA,NA,NA,NA,NA,Faulty
NO_ALERT.png,toCheck_100054_00392s_NO_ALERT.png,NA,NA,NA,NA,NA,NA,Faulty
TLT_SERV_OFF.png,toCheck_100054_00392s_TLT_SERV_OFF.png,NA,NA,NA,NA,NA,NA,Faulty
NO_ALERT.png,toCheck_100054_00397s_NO_ALERT.png,NA,NA,NA,NA,NA,NA,Faulty
TLT_SERV_OFF.png,toCheck_100054_00241s_TLT_SERV_OFF.png,NA,NA,NA,NA,NA,NA,Faulty
TLT_SERV_OFF.png,toCheck_100054_00385s_TLT_SERV_OFF.png,NA,NA,NA,NA,NA,NA,Faulty
NO_ALERT.png,toCheck_100055_00392s_NO_ALERT.png,NA,NA,NA,NA,NA,NA,Faulty
TLT_SERV_OFF.png,toCheck_100055_00392s_TLT_SERV_OFF.png,NA,NA,NA,NA,NA,NA,Faulty
NO_ALERT.png,toCheck_100055_00397s_NO_ALERT.png,NA,NA,NA,NA,NA,NA,Faulty
TLT_SERV_OFF.png,toCheck_100055_00241s_TLT_SERV_OFF.png,NA,NA,NA,NA,NA,NA,Faulty
TLT_SERV_OFF.png,toCheck_100055_00385s_TLT_SERV_OFF.png,NA,NA,NA,NA,NA,NA,Faulty
NO_ALERT.png,toCheck_100056_00392s_NO_ALERT.png,NA,NA,NA,NA,NA,NA,Faulty
TLT_SERV_OFF.png,toCheck_100056_00392s_TLT_SERV_OFF.png,NA,NA,NA,NA,NA,NA,Faulty
BUZ_00_OFF.png,toCheck_100056_00392s_BUZ_00_OFF.png,NA,NA,NA,NA,NA,NA,Faulty
NO_ALERT.png,toCheck_100056_00397s_NO_ALERT.png,NA,NA,NA,NA,NA,NA,Faulty
TLT_SERV_OFF.png,toCheck_100056_00241s_TLT_SERV_OFF.png,NA,NA,NA,NA,NA,NA,Faulty
TLT_SERV_OFF.png,toCheck_100056_00385s_TLT_SERV_OFF.png,NA,NA,NA,NA,NA,NA,Faulty
NO_ALERT.png,toCheck_100057_00846s_NO_ALERT.png,NA,NA,NA,NA,NA,NA,Faulty
NO_ALERT.png,toCheck_100058_00846s_NO_ALERT.png,NA,NA,NA,NA,NA,NA,Faulty
NO_ALERT.png,toCheck_100059_00846s_NO_ALERT.png,NA,NA,NA,NA,NA,NA,Faulty
NO_ALERT.png,toCheck_100060_00392s_NO_ALERT.png,NA,NA,NA,NA,NA,NA,Faulty
TLT_SERV_OFF.png,toCheck_100060_00392s_TLT_SERV_OFF.png,NA,NA,NA,NA,NA,NA,Faulty
NO_ALERT.png,toCheck_100060_00397s_NO_ALERT.png,NA,NA,NA,NA,NA,NA,Faulty
TLT_SERV_OFF.png,toCheck_100060_00241s_TLT_SERV_OFF.png,NA,NA,NA,NA,NA,NA,Faulty
TLT_SERV_OFF.png,toCheck_100060_00385s_TLT_SERV_OFF.png,NA,NA,NA,NA,NA,NA,Faulty
NO_ALERT.png,toCheck_100061_00846s_NO_ALERT.png,NA,NA,NA,NA,NA,NA,Faulty
TLT_SERV_OFF.png,toCheck_100061_00241s_TLT_SERV_OFF.png,NA,NA,NA,NA,NA,NA,Faulty
TLT_SERV_OFF.png,toCheck_100061_00841s_TLT_SERV_OFF.png,NA,NA,NA,NA,NA,NA,Faulty
NO_ALERT.png,toCheck_100062_00392s_NO_ALERT.png,NA,NA,NA,NA,NA,NA,Faulty
TLT_SERV_OFF.png,toCheck_100062_00392s_TLT_SERV_OFF.png,NA,NA,NA,NA,NA,NA,Faulty
NO_ALERT.png,toCheck_100062_00397s_NO_ALERT.png,NA,NA,NA,NA,NA,NA,Faulty
TLT_SERV_OFF.png,toCheck_100062_00241s_TLT_SERV_OFF.png,NA,NA,NA,NA,NA,NA,Faulty
TLT_SERV_OFF.png,toCheck_100062_00385s_TLT_SERV_OFF.png,NA,NA,NA,NA,NA,NA,Faulty
NO_ALERT.png,toCheck_100063_00392s_NO_ALERT.png,NA,NA,NA,NA,NA,NA,Faulty
TLT_SERV_OFF.png,toCheck_100063_00392s_TLT_SERV_OFF.png,NA,NA,NA,NA,NA,NA,Faulty
NO_ALERT.png,toCheck_100063_00397s_NO_ALERT.png,NA,NA,NA,NA,NA,NA,Faulty
TLT_SERV_OFF.png,toCheck_100063_00241s_TLT_SERV_OFF.png,NA,NA,NA,NA,NA,NA,Faulty
TLT_SERV_OFF.png,toCheck_100063_00385s_TLT_SERV_OFF.png,NA,NA,NA,NA,NA,NA,Faulty
NO_ALERT.png,toCheck_100064_00392s_NO_ALERT.png,NA,NA,NA,NA,NA,NA,Faulty
TLT_SERV_OFF.png,toCheck_100064_00392s_TLT_SERV_OFF.png,NA,NA,NA,NA,NA,NA,Faulty
NO_ALERT.png,toCheck_100064_00397s_NO_ALERT.png,NA,NA,NA,NA,NA,NA,Faulty
TLT_SERV_OFF.png,toCheck_100064_00241s_TLT_SERV_OFF.png,NA,NA,NA,NA,NA,NA,Faulty
TLT_SERV_OFF.png,toCheck_100064_00385s_TLT_SERV_OFF.png,NA,NA,NA,NA,NA,NA,Faulty
NO_ALERT.png,toCheck_100065_00846s_NO_ALERT.png,NA,NA,NA,NA,NA,NA,Faulty
TLT_SERV_OFF.png,toCheck_100065_00241s_TLT_SERV_OFF.png,NA,NA,NA,NA,NA,NA,Faulty
TLT_SERV_OFF.png,toCheck_100065_00841s_TLT_SERV_OFF.png,NA,NA,NA,NA,NA,NA,Faulty
NO_ALERT.png,toCheck_100066_00392s_NO_ALERT.png,NA,NA,NA,NA,NA,NA,Faulty
TLT_SERV_OFF.png,toCheck_100066_00392s_TLT_SERV_OFF.png,NA,NA,NA,NA,NA,NA,Faulty
NO_ALERT.png,toCheck_100066_00397s_NO_ALERT.png,NA,NA,NA,NA,NA,NA,Faulty
TLT_SERV_OFF.png,toCheck_100066_00241s_TLT_SERV_OFF.png,NA,NA,NA,NA,NA,NA,Faulty
TLT_SERV_OFF.png,toCheck_100066_00385s_TLT_SERV_OFF.png,NA,NA,NA,NA,NA,NA,Faulty
NO_ALERT.png,toCheck_100067_00392s_NO_ALERT.png,NA,NA,NA,NA,NA,NA,Faulty
TLT_SERV_OFF.png,toCheck_100067_00392s_TLT_SERV_OFF.png,NA,NA,NA,NA,NA,NA,Faulty
NO_ALERT.png,toCheck_100067_00397s_NO_ALERT.png,NA,NA,NA,NA,NA,NA,Faulty
TLT_SERV_OFF.png,toCheck_100067_00241s_TLT_SERV_OFF.png,NA,NA,NA,NA,NA,NA,Faulty
TLT_SERV_OFF.png,toCheck_100067_00385s_TLT_SERV_OFF.png,NA,NA,NA,NA,NA,NA,Faulty
NO_ALERT.png,toCheck_100068_00392s_NO_ALERT.png,NA,NA,NA,NA,NA,NA,Faulty
TLT_SERV_OFF.png,toCheck_100068_00392s_TLT_SERV_OFF.png,NA,NA,NA,NA,NA,NA,Faulty
NO_ALERT.png,toCheck_100068_00407s_NO_ALERT.png,NA,NA,NA,NA,NA,NA,Faulty
TLT_SERV_OFF.png,toCheck_100068_00241s_TLT_SERV_OFF.png,NA,NA,NA,NA,NA,NA,Faulty
TLT_SERV_OFF.png,toCheck_100068_00385s_TLT_SERV_OFF.png,NA,NA,NA,NA,NA,NA,Faulty
NO_ALERT.png,toCheck_100069_00846s_NO_ALERT.png,NA,NA,NA,NA,NA,NA,Faulty
TLT_SERV_OFF.png,toCheck_100069_00241s_TLT_SERV_OFF.png,NA,NA,NA,NA,NA,NA,Faulty
TLT_SERV_OFF.png,toCheck_100069_00841s_TLT_SERV_OFF.png,NA,NA,NA,NA,NA,NA,Faulty
NO_ALERT.png,toCheck_100070_00846s_NO_ALERT.png,NA,NA,NA,NA,NA,NA,Faulty
TLT_SERV_OFF.png,toCheck_100070_00241s_TLT_SERV_OFF.png,NA,NA,NA,NA,NA,NA,Faulty
TLT_SERV_OFF.png,toCheck_100070_00841s_TLT_SERV_OFF.png,NA,NA,NA,NA,NA,NA,Faulty
NO_ALERT.png,toCheck_100071_00846s_NO_ALERT.png,NA,NA,NA,NA,NA,NA,Faulty
TLT_SERV_OFF.png,toCheck_100071_00241s_TLT_SERV_OFF.png,NA,NA,NA,NA,NA,NA,Faulty
TLT_SERV_OFF.png,toCheck_100071_00841s_TLT_SERV_OFF.png,NA,NA,NA,NA,NA,NA,Faulty
NO_ALERT.png,toCheck_100072_00846s_NO_ALERT.png,NA,NA,NA,NA,NA,NA,Faulty
TLT_SERV_OFF.png,toCheck_100072_00241s_TLT_SERV_OFF.png,NA,NA,NA,NA,NA,NA,Faulty
TLT_SERV_OFF.png,toCheck_100072_00841s_TLT_SERV_OFF.png,NA,NA,NA,NA,NA,NA,Faulty
NO_ALERT.png,toCheck_100073_00846s_NO_ALERT.png,NA,NA,NA,NA,NA,NA,Faulty
TLT_SERV_OFF.png,toCheck_100073_00241s_TLT_SERV_OFF.png,NA,NA,NA,NA,NA,NA,Faulty
TLT_SERV_OFF.png,toCheck_100073_00841s_TLT_SERV_OFF.png,NA,NA,NA,NA,NA,NA,Faulty
NO_ALERT.png,toCheck_100074_00846s_NO_ALERT.png,NA,NA,NA,NA,NA,NA,Faulty
TLT_SERV_OFF.png,toCheck_100074_00241s_TLT_SERV_OFF.png,NA,NA,NA,NA,NA,NA,Faulty
TLT_SERV_OFF.png,toCheck_100074_00841s_TLT_SERV_OFF.png,NA,NA,NA,NA,NA,NA,Faulty
NO_ALERT.png,toCheck_100075_00846s_NO_ALERT.png,NA,NA,NA,NA,NA,NA,Faulty
TLT_SERV_OFF.png,toCheck_100075_00241s_TLT_SERV_OFF.png,NA,NA,NA,NA,NA,NA,Faulty
TLT_SERV_OFF.png,toCheck_100075_00841s_TLT_SERV_OFF.png,NA,NA,NA,NA,NA,NA,Faulty
NO_ALERT.png,toCheck_100076_00846s_NO_ALERT.png,NA,NA,NA,NA,NA,NA,Faulty
TLT_SERV_OFF.png,toCheck_100076_00241s_TLT_SERV_OFF.png,NA,NA,NA,NA,NA,NA,Faulty
TLT_SERV_OFF.png,toCheck_100076_00841s_TLT_SERV_OFF.png,NA,NA,NA,NA,NA,NA,Faulty
NO_ALERT.png,toCheck_100077_01006s_NO_ALERT.png,NA,NA,NA,NA,NA,NA,Faulty
TLT_SERV_OFF.png,toCheck_100077_00401s_TLT_SERV_OFF.png,NA,NA,NA,NA,NA,NA,Faulty
TLT_SERV_OFF.png,toCheck_100077_01001s_TLT_SERV_OFF.png,NA,NA,NA,NA,NA,NA,Faulty
TLT_SBSRED_ON.png,toCheck_100078_00841s_TLT_SBSRED_ON.png,NA,NA,NA,NA,NA,NA,Faulty
NO_ALERT.png,toCheck_100078_00846s_NO_ALERT.png,NA,NA,NA,NA,NA,NA,Faulty
TLT_SERV_OFF.png,toCheck_100078_00241s_TLT_SERV_OFF.png,NA,NA,NA,NA,NA,NA,Faulty
TLT_STOP_OFF.png,toCheck_100078_00241s_TLT_STOP_OFF.png,NA,NA,NA,NA,NA,NA,Faulty
TLT_SBSRED_ON.png,toCheck_100078_00241s_TLT_SBSRED_ON.png,NA,NA,NA,NA,NA,NA,Faulty
TLT_SERV_OFF.png,toCheck_100078_00841s_TLT_SERV_OFF.png,NA,NA,NA,NA,NA,NA,Faulty
TLT_STOP_OFF.png,toCheck_100078_00841s_TLT_STOP_OFF.png,NA,NA,NA,NA,NA,NA,Faulty
TLT_SBSRED_ON.png,toCheck_100079_00841s_TLT_SBSRED_ON.png,NA,NA,NA,NA,NA,NA,Faulty
TXTALT_10925_5_FR_ADAS_LAYOUT.png,toCheck_100079_00841s_TXTALT_10925_5_FR_ADAS_LAYOUT.png,NA,NA,NA,NA,NA,NA,Faulty
NO_ALERT.png,toCheck_100079_00846s_NO_ALERT.png,NA,NA,NA,NA,NA,NA,Faulty
TLT_SERV_OFF.png,toCheck_100079_00241s_TLT_SERV_OFF.png,NA,NA,NA,NA,NA,NA,Faulty
TLT_STOP_OFF.png,toCheck_100079_00241s_TLT_STOP_OFF.png,NA,NA,NA,NA,NA,NA,Faulty
TLT_SBSRED_ON.png,toCheck_100079_00241s_TLT_SBSRED_ON.png,NA,NA,NA,NA,NA,NA,Faulty
TXTALT_10925_5_FR_ADAS_LAYOUT.png,toCheck_100079_00241s_TXTALT_10925_5_FR_ADAS_LAYOUT.png,NA,NA,NA,NA,NA,NA,Faulty
TLT_SERV_OFF.png,toCheck_100079_00841s_TLT_SERV_OFF.png,NA,NA,NA,NA,NA,NA,Faulty
TLT_STOP_OFF.png,toCheck_100079_00841s_TLT_STOP_OFF.png,NA,NA,NA,NA,NA,NA,Faulty
NO_ALERT.png,toCheck_100080_00392s_NO_ALERT.png,NA,NA,NA,NA,NA,NA,Faulty
TLT_SERV_OFF.png,toCheck_100080_00392s_TLT_SERV_OFF.png,NA,NA,NA,NA,NA,NA,Faulty
NO_ALERT.png,toCheck_100080_00397s_NO_ALERT.png,NA,NA,NA,NA,NA,NA,Faulty
TLT_SERV_OFF.png,toCheck_100080_00241s_TLT_SERV_OFF.png,NA,NA,NA,NA,NA,NA,Faulty
TLT_SERV_OFF.png,toCheck_100080_00385s_TLT_SERV_OFF.png,NA,NA,NA,NA,NA,NA,Faulty
NO_ALERT.png,toCheck_100081_00392s_NO_ALERT.png,NA,NA,NA,NA,NA,NA,Faulty
TLT_SERV_OFF.png,toCheck_100081_00392s_TLT_SERV_OFF.png,NA,NA,NA,NA,NA,NA,Faulty
NO_ALERT.png,toCheck_100081_00397s_NO_ALERT.png,NA,NA,NA,NA,NA,NA,Faulty
TLT_SERV_OFF.png,toCheck_100081_00241s_TLT_SERV_OFF.png,NA,NA,NA,NA,NA,NA,Faulty
TLT_SERV_OFF.png,toCheck_100081_00385s_TLT_SERV_OFF.png,NA,NA,NA,NA,NA,NA,Faulty
NO_ALERT.png,toCheck_100082_00846s_NO_ALERT.png,NA,NA,NA,NA,NA,NA,Faulty
TLT_SERV_OFF.png,toCheck_100082_00241s_TLT_SERV_OFF.png,NA,NA,NA,NA,NA,NA,Faulty
TLT_SERV_OFF.png,toCheck_100082_00841s_TLT_SERV_OFF.png,NA,NA,NA,NA,NA,NA,Faulty
NO_ALERT.png,toCheck_100083_00846s_NO_ALERT.png,NA,NA,NA,NA,NA,NA,Faulty
TLT_SERV_OFF.png,toCheck_100083_00241s_TLT_SERV_OFF.png,NA,NA,NA,NA,NA,NA,Faulty
TLT_SERV_OFF.png,toCheck_100083_00841s_TLT_SERV_OFF.png,NA,NA,NA,NA,NA,NA,Faulty
NO_ALERT.png,toCheck_100084_00846s_NO_ALERT.png,NA,NA,NA,NA,NA,NA,Faulty
TLT_SERV_OFF.png,toCheck_100084_00241s_TLT_SERV_OFF.png,NA,NA,NA,NA,NA,NA,Faulty
TLT_SERV_OFF.png,toCheck_100084_00841s_TLT_SERV_OFF.png,NA,NA,NA,NA,NA,NA,Faulty
NO_ALERT.png,toCheck_100085_00392s_NO_ALERT.png,NA,NA,NA,NA,NA,NA,Faulty
TLT_SERV_OFF.png,toCheck_100085_00392s_TLT_SERV_OFF.png,NA,NA,NA,NA,NA,NA,Faulty
NO_ALERT.png,toCheck_100085_00397s_NO_ALERT.png,NA,NA,NA,NA,NA,NA,Faulty
TLT_SERV_OFF.png,toCheck_100085_00241s_TLT_SERV_OFF.png,NA,NA,NA,NA,NA,NA,Faulty
TLT_SERV_OFF.png,toCheck_100085_00385s_TLT_SERV_OFF.png,NA,NA,NA,NA,NA,NA,Faulty
NO_ALERT.png,toCheck_100086_00292s_NO_ALERT.png,NA,NA,NA,NA,NA,NA,Faulty
TLT_SERV_OFF.png,toCheck_100086_00292s_TLT_SERV_OFF.png,NA,NA,NA,NA,NA,NA,Faulty
NO_ALERT.png,toCheck_100086_00297s_NO_ALERT.png,NA,NA,NA,NA,NA,NA,Faulty
TLT_SERV_OFF.png,toCheck_100086_00241s_TLT_SERV_OFF.png,NA,NA,NA,NA,NA,NA,Faulty
TLT_SERV_OFF.png,toCheck_100086_00285s_TLT_SERV_OFF.png,NA,NA,NA,NA,NA,NA,Faulty
NO_ALERT.png,toCheck_100087_00846s_NO_ALERT.png,NA,NA,NA,NA,NA,NA,Faulty
TLT_SERV_OFF.png,toCheck_100087_00241s_TLT_SERV_OFF.png,NA,NA,NA,NA,NA,NA,Faulty
TLT_SERV_OFF.png,toCheck_100087_00841s_TLT_SERV_OFF.png,NA,NA,NA,NA,NA,NA,Faulty
NO_ALERT.png,toCheck_100088_00846s_NO_ALERT.png,NA,NA,NA,NA,NA,NA,Faulty
NO_ALERT.png,toCheck_100089_00846s_NO_ALERT.png,NA,NA,NA,NA,NA,NA,Faulty
TLT_ODB_ON.png,toCheck_100089_00241s_TLT_ODB_ON.png,NA,NA,NA,NA,NA,NA,Faulty
TLT_ODB_ON.png,toCheck_100089_00841s_TLT_ODB_ON.png,NA,NA,NA,NA,NA,NA,Faulty
NO_ALERT.png,toCheck_100090_00846s_NO_ALERT.png,NA,NA,NA,NA,NA,NA,Faulty
TLT_SERV_OFF.png,toCheck_100090_00241s_TLT_SERV_OFF.png,NA,NA,NA,NA,NA,NA,Faulty
TLT_STOP_ON.png,toCheck_100090_00241s_TLT_STOP_ON.png,NA,NA,NA,NA,NA,NA,Faulty
TLT_SERV_OFF.png,toCheck_100090_00841s_TLT_SERV_OFF.png,NA,NA,NA,NA,NA,NA,Faulty
TLT_STOP_ON.png,toCheck_100090_00841s_TLT_STOP_ON.png,NA,NA,NA,NA,NA,NA,Faulty
TLT_STOP_ON.png,toCheck_100091_00841s_TLT_STOP_ON.png,NA,NA,NA,NA,NA,NA,Faulty
NO_ALERT.png,toCheck_100091_00846s_NO_ALERT.png,NA,NA,NA,NA,NA,NA,Faulty
TLT_SERV_OFF.png,toCheck_100091_00241s_TLT_SERV_OFF.png,NA,NA,NA,NA,NA,NA,Faulty
TLT_STOP_ON.png,toCheck_100091_00241s_TLT_STOP_ON.png,NA,NA,NA,NA,NA,NA,Faulty
TLT_SERV_OFF.png,toCheck_100091_00841s_TLT_SERV_OFF.png,NA,NA,NA,NA,NA,NA,Faulty
NO_ALERT.png,toCheck_100092_00846s_NO_ALERT.png,NA,NA,NA,NA,NA,NA,Faulty
TLT_SERV_OFF.png,toCheck_100092_00241s_TLT_SERV_OFF.png,NA,NA,NA,NA,NA,NA,Faulty
TLT_SERV_OFF.png,toCheck_100092_00841s_TLT_SERV_OFF.png,NA,NA,NA,NA,NA,NA,Faulty
NO_ALERT.png,toCheck_100093_00846s_NO_ALERT.png,NA,NA,NA,NA,NA,NA,Faulty
TLT_SERV_OFF.png,toCheck_100093_00241s_TLT_SERV_OFF.png,NA,NA,NA,NA,NA,NA,Faulty
TLT_STOP_ON.png,toCheck_100093_00241s_TLT_STOP_ON.png,NA,NA,NA,NA,NA,NA,Faulty
TLT_SERV_OFF.png,toCheck_100093_00841s_TLT_SERV_OFF.png,NA,NA,NA,NA,NA,NA,Faulty
TLT_STOP_ON.png,toCheck_100093_00841s_TLT_STOP_ON.png,NA,NA,NA,NA,NA,NA,Faulty
NO_ALERT.png,toCheck_100094_00846s_NO_ALERT.png,NA,NA,NA,NA,NA,NA,Faulty
TLT_DPF_ON.png,toCheck_100094_00241s_TLT_DPF_ON.png,NA,NA,NA,NA,NA,NA,Faulty
TLT_SERV_OFF.png,toCheck_100094_00241s_TLT_SERV_OFF.png,NA,NA,NA,NA,NA,NA,Faulty
TLT_DPF_ON.png,toCheck_100094_00841s_TLT_DPF_ON.png,NA,NA,NA,NA,NA,NA,Faulty
TLT_SERV_OFF.png,toCheck_100094_00841s_TLT_SERV_OFF.png,NA,NA,NA,NA,NA,NA,Faulty
NO_ALERT.png,toCheck_100095_00846s_NO_ALERT.png,NA,NA,NA,NA,NA,NA,Faulty
TLT_SERV_OFF.png,toCheck_100095_00241s_TLT_SERV_OFF.png,NA,NA,NA,NA,NA,NA,Faulty
TLT_SERV_OFF.png,toCheck_100095_00841s_TLT_SERV_OFF.png,NA,NA,NA,NA,NA,NA,Faulty
NO_ALERT.png,toCheck_100096_00846s_NO_ALERT.png,NA,NA,NA,NA,NA,NA,Faulty
TLT_SERV_OFF.png,toCheck_100096_00241s_TLT_SERV_OFF.png,NA,NA,NA,NA,NA,NA,Faulty
TLT_SERV_OFF.png,toCheck_100096_00841s_TLT_SERV_OFF.png,NA,NA,NA,NA,NA,NA,Faulty
NO_ALERT.png,toCheck_100097_01106s_NO_ALERT.png,NA,NA,NA,NA,NA,NA,Faulty
TLT_UREA_ON.png,toCheck_100097_00371s_TLT_UREA_ON.png,NA,NA,NA,NA,NA,NA,Faulty
TLT_UREA_ON.png,toCheck_100097_00971s_TLT_UREA_ON.png,NA,NA,NA,NA,NA,NA,Faulty
TLT_STOP_ON.png,toCheck_100098_00841s_TLT_STOP_ON.png,NA,NA,NA,NA,NA,NA,Faulty
NO_ALERT.png,toCheck_100098_00846s_NO_ALERT.png,NA,NA,NA,NA,NA,NA,Faulty
TLT_SERV_OFF.png,toCheck_100098_00241s_TLT_SERV_OFF.png,NA,NA,NA,NA,NA,NA,Faulty
TLT_STOP_ON.png,toCheck_100098_00241s_TLT_STOP_ON.png,NA,NA,NA,NA,NA,NA,Faulty
TLT_SERV_OFF.png,toCheck_100098_00841s_TLT_SERV_OFF.png,NA,NA,NA,NA,NA,NA,Faulty
NO_ALERT.png,toCheck_100099_00846s_NO_ALERT.png,NA,NA,NA,NA,NA,NA,Faulty
TLT_SERV_OFF.png,toCheck_100099_00241s_TLT_SERV_OFF.png,NA,NA,NA,NA,NA,NA,Faulty
TLT_SERV_OFF.png,toCheck_100099_00841s_TLT_SERV_OFF.png,NA,NA,NA,NA,NA,NA,Faulty
NO_ALERT.png,toCheck_100100_00846s_NO_ALERT.png,NA,NA,NA,NA,NA,NA,Faulty
TLT_SERV_OFF.png,toCheck_100100_00241s_TLT_SERV_OFF.png,NA,NA,NA,NA,NA,NA,Faulty
TLT_SERV_OFF.png,toCheck_100100_00841s_TLT_SERV_OFF.png,NA,NA,NA,NA,NA,NA,Faulty
NO_ALERT.png,toCheck_100101_00881s_NO_ALERT.png,NA,NA,NA,NA,NA,NA,Faulty
TLT_SERV_OFF.png,toCheck_100101_00276s_TLT_SERV_OFF.png,NA,NA,NA,NA,NA,NA,Faulty
TLT_STOP_ON.png,toCheck_100101_00276s_TLT_STOP_ON.png,NA,NA,NA,NA,NA,NA,Faulty
TLT_SERV_OFF.png,toCheck_100101_00876s_TLT_SERV_OFF.png,NA,NA,NA,NA,NA,NA,Faulty
TLT_STOP_ON.png,toCheck_100101_00876s_TLT_STOP_ON.png,NA,NA,NA,NA,NA,NA,Faulty
TLT_STOP_OFF.png,toCheck_100102_00841s_TLT_STOP_OFF.png,NA,NA,NA,NA,NA,NA,Faulty
NO_ALERT.png,toCheck_100102_00846s_NO_ALERT.png,NA,NA,NA,NA,NA,NA,Faulty
TLT_SERV_OFF.png,toCheck_100102_00241s_TLT_SERV_OFF.png,NA,NA,NA,NA,NA,NA,Faulty
TLT_STOP_OFF.png,toCheck_100102_00241s_TLT_STOP_OFF.png,NA,NA,NA,NA,NA,NA,Faulty
TLT_SERV_OFF.png,toCheck_100102_00841s_TLT_SERV_OFF.png,NA,NA,NA,NA,NA,NA,Faulty
NO_ALERT.png,toCheck_100103_00846s_NO_ALERT.png,NA,NA,NA,NA,NA,NA,Faulty
TLT_SERV_OFF.png,toCheck_100103_00241s_TLT_SERV_OFF.png,NA,NA,NA,NA,NA,NA,Faulty
TLT_SERV_OFF.png,toCheck_100103_00841s_TLT_SERV_OFF.png,NA,NA,NA,NA,NA,NA,Faulty
NO_ALERT.png,toCheck_100104_00878s_NO_ALERT.png,NA,NA,NA,NA,NA,NA,Faulty
NO_ALERT.png,toCheck_100105_00846s_NO_ALERT.png,NA,NA,NA,NA,NA,NA,Faulty
TLT_SERV_OFF.png,toCheck_100105_00241s_TLT_SERV_OFF.png,NA,NA,NA,NA,NA,NA,Faulty
TLT_STOP_ON.png,toCheck_100105_00241s_TLT_STOP_ON.png,NA,NA,NA,NA,NA,NA,Faulty
TLT_SERV_OFF.png,toCheck_100105_00841s_TLT_SERV_OFF.png,NA,NA,NA,NA,NA,NA,Faulty
TLT_STOP_ON.png,toCheck_100105_00841s_TLT_STOP_ON.png,NA,NA,NA,NA,NA,NA,Faulty
NO_ALERT.png,toCheck_100106_00846s_NO_ALERT.png,NA,NA,NA,NA,NA,NA,Faulty
TLT_SERV_OFF.png,toCheck_100106_00241s_TLT_SERV_OFF.png,NA,NA,NA,NA,NA,NA,Faulty
TLT_SERV_OFF.png,toCheck_100106_00841s_TLT_SERV_OFF.png,NA,NA,NA,NA,NA,NA,Faulty
NO_ALERT.png,toCheck_100107_00846s_NO_ALERT.png,NA,NA,NA,NA,NA,NA,Faulty
TLT_SERV_OFF.png,toCheck_100107_00241s_TLT_SERV_OFF.png,NA,NA,NA,NA,NA,NA,Faulty
TLT_SERV_OFF.png,toCheck_100107_00841s_TLT_SERV_OFF.png,NA,NA,NA,NA,NA,NA,Faulty
NO_ALERT.png,toCheck_100108_00906s_NO_ALERT.png,NA,NA,NA,NA,NA,NA,Faulty
NO_ALERT.png,toCheck_100109_00846s_NO_ALERT.png,NA,NA,NA,NA,NA,NA,Faulty
NO_ALERT.png,toCheck_100110_00846s_NO_ALERT.png,NA,NA,NA,NA,NA,NA,Faulty
TLT_SERV_OFF.png,toCheck_100110_00241s_TLT_SERV_OFF.png,NA,NA,NA,NA,NA,NA,Faulty
TLT_SERV_OFF.png,toCheck_100110_00841s_TLT_SERV_OFF.png,NA,NA,NA,NA,NA,NA,Faulty
NO_ALERT.png,toCheck_100111_00846s_NO_ALERT.png,NA,NA,NA,NA,NA,NA,Faulty
TLT_SERV_OFF.png,toCheck_100111_00241s_TLT_SERV_OFF.png,NA,NA,NA,NA,NA,NA,Faulty
TLT_SERV_OFF.png,toCheck_100111_00841s_TLT_SERV_OFF.png,NA,NA,NA,NA,NA,NA,Faulty
NO_ALERT.png,toCheck_100112_00846s_NO_ALERT.png,NA,NA,NA,NA,NA,NA,Faulty
TLT_SERV_OFF.png,toCheck_100112_00241s_TLT_SERV_OFF.png,NA,NA,NA,NA,NA,NA,Faulty
TLT_SERV_OFF.png,toCheck_100112_00841s_TLT_SERV_OFF.png,NA,NA,NA,NA,NA,NA,Faulty
NO_ALERT.png,toCheck_100113_00846s_NO_ALERT.png,NA,NA,NA,NA,NA,NA,Faulty
NO_ALERT.png,toCheck_100114_00292s_NO_ALERT.png,NA,NA,NA,NA,NA,NA,Faulty
TLT_SERV_OFF.png,toCheck_100114_00292s_TLT_SERV_OFF.png,NA,NA,NA,NA,NA,NA,Faulty
NO_ALERT.png,toCheck_100114_00297s_NO_ALERT.png,NA,NA,NA,NA,NA,NA,Faulty
TLT_SERV_OFF.png,toCheck_100114_00241s_TLT_SERV_OFF.png,NA,NA,NA,NA,NA,NA,Faulty
TLT_SERV_OFF.png,toCheck_100114_00285s_TLT_SERV_OFF.png,NA,NA,NA,NA,NA,NA,Faulty
NO_ALERT.png,toCheck_100115_00846s_NO_ALERT.png,NA,NA,NA,NA,NA,NA,Faulty
TLT_ESC_ON.png,toCheck_100115_00241s_TLT_ESC_ON.png,NA,NA,NA,NA,NA,NA,Faulty
TLT_ESC_ON.png,toCheck_100115_00841s_TLT_ESC_ON.png,NA,NA,NA,NA,NA,NA,Faulty
NO_ALERT.png,toCheck_100116_00294s_NO_ALERT.png,NA,NA,NA,NA,NA,NA,Faulty
TLT_ESPOFF_ON.png,toCheck_100116_00294s_TLT_ESPOFF_ON.png,NA,NA,NA,NA,NA,NA,Faulty
TLT_SERV_OFF.png,toCheck_100116_00295s_TLT_SERV_OFF.png,NA,NA,NA,NA,NA,NA,Faulty
NO_ALERT.png,toCheck_100116_00300s_NO_ALERT.png,NA,NA,NA,NA,NA,NA,Faulty
TLT_ESPOFF_ON.png,toCheck_100116_00241s_TLT_ESPOFF_ON.png,NA,NA,NA,NA,NA,NA,Faulty
TLT_SERV_OFF.png,toCheck_100116_00242s_TLT_SERV_OFF.png,NA,NA,NA,NA,NA,NA,Faulty
TLT_ESPOFF_ON.png,toCheck_100116_00286s_TLT_ESPOFF_ON.png,NA,NA,NA,NA,NA,NA,Faulty
TLT_SERV_OFF.png,toCheck_100116_00287s_TLT_SERV_OFF.png,NA,NA,NA,NA,NA,NA,Faulty
NO_ALERT.png,toCheck_100117_00282s_NO_ALERT.png,NA,NA,NA,NA,NA,NA,Faulty
TLT_SERV_OFF.png,toCheck_100117_00282s_TLT_SERV_OFF.png,NA,NA,NA,NA,NA,NA,Faulty
NO_ALERT.png,toCheck_100117_00287s_NO_ALERT.png,NA,NA,NA,NA,NA,NA,Faulty
TLT_SERV_OFF.png,toCheck_100117_00241s_TLT_SERV_OFF.png,NA,NA,NA,NA,NA,NA,Faulty
TLT_SERV_OFF.png,toCheck_100117_00275s_TLT_SERV_OFF.png,NA,NA,NA,NA,NA,NA,Faulty
NO_ALERT.png,toCheck_100118_00886s_NO_ALERT.png,NA,NA,NA,NA,NA,NA,Faulty
TLT_STOP_ON.png,toCheck_100118_00271s_TLT_STOP_ON.png,NA,NA,NA,NA,NA,NA,Faulty
TLT_STOP_ON.png,toCheck_100118_00871s_TLT_STOP_ON.png,NA,NA,NA,NA,NA,NA,Faulty
NO_ALERT.png,toCheck_100119_00846s_NO_ALERT.png,NA,NA,NA,NA,NA,NA,Faulty
NO_ALERT.png,toCheck_100120_00846s_NO_ALERT.png,NA,NA,NA,NA,NA,NA,Faulty
TLT_SERV_OFF.png,toCheck_100120_00241s_TLT_SERV_OFF.png,NA,NA,NA,NA,NA,NA,Faulty
TLT_SERV_OFF.png,toCheck_100120_00841s_TLT_SERV_OFF.png,NA,NA,NA,NA,NA,NA,Faulty
NO_ALERT.png,toCheck_100121_00881s_NO_ALERT.png,NA,NA,NA,NA,NA,NA,Faulty
TLT_ESPOFF_ON.png,toCheck_100122_00285s_TLT_ESPOFF_ON.png,NA,NA,NA,NA,NA,NA,Faulty
NO_ALERT.png,toCheck_100122_00292s_NO_ALERT.png,NA,NA,NA,NA,NA,NA,Faulty
TLT_SERV_OFF.png,toCheck_100122_00292s_TLT_SERV_OFF.png,NA,NA,NA,NA,NA,NA,Faulty
TLT_ESPOFF_ON.png,toCheck_100122_00292s_TLT_ESPOFF_ON.png,NA,NA,NA,NA,NA,NA,Faulty
NO_ALERT.png,toCheck_100122_00297s_NO_ALERT.png,NA,NA,NA,NA,NA,NA,Faulty
TLT_SERV_OFF.png,toCheck_100122_00241s_TLT_SERV_OFF.png,NA,NA,NA,NA,NA,NA,Faulty
TLT_ESPOFF_ON.png,toCheck_100122_00241s_TLT_ESPOFF_ON.png,NA,NA,NA,NA,NA,NA,Faulty
TLT_SERV_OFF.png,toCheck_100122_00285s_TLT_SERV_OFF.png,NA,NA,NA,NA,NA,NA,Faulty
NO_ALERT.png,toCheck_100123_00292s_NO_ALERT.png,NA,NA,NA,NA,NA,NA,Faulty
TLT_SERV_OFF.png,toCheck_100123_00292s_TLT_SERV_OFF.png,NA,NA,NA,NA,NA,NA,Faulty
NO_ALERT.png,toCheck_100123_00297s_NO_ALERT.png,NA,NA,NA,NA,NA,NA,Faulty
TLT_SERV_OFF.png,toCheck_100123_00241s_TLT_SERV_OFF.png,NA,NA,NA,NA,NA,NA,Faulty
TLT_SERV_OFF.png,toCheck_100123_00285s_TLT_SERV_OFF.png,NA,NA,NA,NA,NA,NA,Faulty
NO_ALERT.png,toCheck_100124_00292s_NO_ALERT.png,NA,NA,NA,NA,NA,NA,Faulty
TLT_SERV_OFF.png,toCheck_100124_00292s_TLT_SERV_OFF.png,NA,NA,NA,NA,NA,NA,Faulty
NO_ALERT.png,toCheck_100124_00297s_NO_ALERT.png,NA,NA,NA,NA,NA,NA,Faulty
TLT_SERV_OFF.png,toCheck_100124_00241s_TLT_SERV_OFF.png,NA,NA,NA,NA,NA,NA,Faulty
TLT_SERV_OFF.png,toCheck_100124_00285s_TLT_SERV_OFF.png,NA,NA,NA,NA,NA,NA,Faulty
NO_ALERT.png,toCheck_100125_00292s_NO_ALERT.png,NA,NA,NA,NA,NA,NA,Faulty
TLT_SERV_OFF.png,toCheck_100125_00292s_TLT_SERV_OFF.png,NA,NA,NA,NA,NA,NA,Faulty
NO_ALERT.png,toCheck_100125_00297s_NO_ALERT.png,NA,NA,NA,NA,NA,NA,Faulty
TLT_SERV_OFF.png,toCheck_100125_00241s_TLT_SERV_OFF.png,NA,NA,NA,NA,NA,NA,Faulty
TLT_SERV_OFF.png,toCheck_100125_00285s_TLT_SERV_OFF.png,NA,NA,NA,NA,NA,NA,Faulty
NO_ALERT.png,toCheck_100126_00292s_NO_ALERT.png,NA,NA,NA,NA,NA,NA,Faulty
TLT_SERV_OFF.png,toCheck_100126_00292s_TLT_SERV_OFF.png,NA,NA,NA,NA,NA,NA,Faulty
NO_ALERT.png,toCheck_100126_00297s_NO_ALERT.png,NA,NA,NA,NA,NA,NA,Faulty
TLT_SERV_OFF.png,toCheck_100126_00241s_TLT_SERV_OFF.png,NA,NA,NA,NA,NA,NA,Faulty
TLT_SERV_OFF.png,toCheck_100126_00285s_TLT_SERV_OFF.png,NA,NA,NA,NA,NA,NA,Faulty
NO_ALERT.png,toCheck_100127_00292s_NO_ALERT.png,NA,NA,NA,NA,NA,NA,Faulty
TLT_SERV_OFF.png,toCheck_100127_00292s_TLT_SERV_OFF.png,NA,NA,NA,NA,NA,NA,Faulty
NO_ALERT.png,toCheck_100127_00297s_NO_ALERT.png,NA,NA,NA,NA,NA,NA,Faulty
TLT_SERV_OFF.png,toCheck_100127_00241s_TLT_SERV_OFF.png,NA,NA,NA,NA,NA,NA,Faulty
TLT_SERV_OFF.png,toCheck_100127_00285s_TLT_SERV_OFF.png,NA,NA,NA,NA,NA,NA,Faulty
NO_ALERT.png,toCheck_100128_00846s_NO_ALERT.png,NA,NA,NA,NA,NA,NA,Faulty
TLT_SERV_OFF.png,toCheck_100128_00241s_TLT_SERV_OFF.png,NA,NA,NA,NA,NA,NA,Faulty
TLT_SERV_OFF.png,toCheck_100128_00841s_TLT_SERV_OFF.png,NA,NA,NA,NA,NA,NA,Faulty
NO_ALERT.png,toCheck_100129_00292s_NO_ALERT.png,NA,NA,NA,NA,NA,NA,Faulty
TLT_SERV_OFF.png,toCheck_100129_00292s_TLT_SERV_OFF.png,NA,NA,NA,NA,NA,NA,Faulty
NO_ALERT.png,toCheck_100129_00297s_NO_ALERT.png,NA,NA,NA,NA,NA,NA,Faulty
TLT_SERV_OFF.png,toCheck_100129_00241s_TLT_SERV_OFF.png,NA,NA,NA,NA,NA,NA,Faulty
TLT_SERV_OFF.png,toCheck_100129_00285s_TLT_SERV_OFF.png,NA,NA,NA,NA,NA,NA,Faulty
NO_ALERT.png,toCheck_100130_00846s_NO_ALERT.png,NA,NA,NA,NA,NA,NA,Faulty
NO_ALERT.png,toCheck_100131_00846s_NO_ALERT.png,NA,NA,NA,NA,NA,NA,Faulty
NO_ALERT.png,toCheck_100132_00392s_NO_ALERT.png,NA,NA,NA,NA,NA,NA,Faulty
TLT_SERV_OFF.png,toCheck_100132_00392s_TLT_SERV_OFF.png,NA,NA,NA,NA,NA,NA,Faulty
NO_ALERT.png,toCheck_100132_00397s_NO_ALERT.png,NA,NA,NA,NA,NA,NA,Faulty
TLT_SERV_OFF.png,toCheck_100132_00241s_TLT_SERV_OFF.png,NA,NA,NA,NA,NA,NA,Faulty
TLT_SERV_OFF.png,toCheck_100132_00385s_TLT_SERV_OFF.png,NA,NA,NA,NA,NA,NA,Faulty
NO_ALERT.png,toCheck_100133_00846s_NO_ALERT.png,NA,NA,NA,NA,NA,NA,Faulty
TLT_ABS_ON.png,toCheck_100133_00241s_TLT_ABS_ON.png,NA,NA,NA,NA,NA,NA,Faulty
TLT_ABS_ON.png,toCheck_100133_00841s_TLT_ABS_ON.png,NA,NA,NA,NA,NA,NA,Faulty
NO_ALERT.png,toCheck_100134_00851s_NO_ALERT.png,NA,NA,NA,NA,NA,NA,Faulty
TLT_STOP_ON.png,toCheck_100134_00246s_TLT_STOP_ON.png,NA,NA,NA,NA,NA,NA,Faulty
TLT_SERV_OFF.png,toCheck_100134_00246s_TLT_SERV_OFF.png,NA,NA,NA,NA,NA,NA,Faulty
TLT_STOP_ON.png,toCheck_100134_00846s_TLT_STOP_ON.png,NA,NA,NA,NA,NA,NA,Faulty
TLT_SERV_OFF.png,toCheck_100134_00846s_TLT_SERV_OFF.png,NA,NA,NA,NA,NA,NA,Faulty
NO_ALERT.png,toCheck_100135_00846s_NO_ALERT.png,NA,NA,NA,NA,NA,NA,Faulty
TLT_STOP_ON.png,toCheck_100136_00841s_TLT_STOP_ON.png,NA,NA,NA,NA,NA,NA,Faulty
NO_ALERT.png,toCheck_100136_00846s_NO_ALERT.png,NA,NA,NA,NA,NA,NA,Faulty
TLT_SERV_OFF.png,toCheck_100136_00241s_TLT_SERV_OFF.png,NA,NA,NA,NA,NA,NA,Faulty
TLT_STOP_ON.png,toCheck_100136_00241s_TLT_STOP_ON.png,NA,NA,NA,NA,NA,NA,Faulty
TLT_SERV_OFF.png,toCheck_100136_00841s_TLT_SERV_OFF.png,NA,NA,NA,NA,NA,NA,Faulty
TLT_STOP_ON.png,toCheck_100137_00876s_TLT_STOP_ON.png,NA,NA,NA,NA,NA,NA,Faulty
NO_ALERT.png,toCheck_100137_00891s_NO_ALERT.png,NA,NA,NA,NA,NA,NA,Faulty
TLT_STOP_ON.png,toCheck_100137_00276s_TLT_STOP_ON.png,NA,NA,NA,NA,NA,NA,Faulty
NO_ALERT.png,toCheck_100138_00846s_NO_ALERT.png,NA,NA,NA,NA,NA,NA,Faulty
TLT_SERV_OFF.png,toCheck_100138_00241s_TLT_SERV_OFF.png,NA,NA,NA,NA,NA,NA,Faulty
TLT_STOP_ON.png,toCheck_100138_00241s_TLT_STOP_ON.png,NA,NA,NA,NA,NA,NA,Faulty
TLT_SERV_OFF.png,toCheck_100138_00841s_TLT_SERV_OFF.png,NA,NA,NA,NA,NA,NA,Faulty
TLT_STOP_ON.png,toCheck_100138_00841s_TLT_STOP_ON.png,NA,NA,NA,NA,NA,NA,Faulty
NO_ALERT.png,toCheck_100139_00846s_NO_ALERT.png,NA,NA,NA,NA,NA,NA,Faulty
NO_ALERT.png,toCheck_100140_00848s_NO_ALERT.png,NA,NA,NA,NA,NA,NA,Faulty
TLT_SERV_OFF.png,toCheck_100140_00243s_TLT_SERV_OFF.png,NA,NA,NA,NA,NA,NA,Faulty
TLT_SERV_OFF.png,toCheck_100140_00843s_TLT_SERV_OFF.png,NA,NA,NA,NA,NA,NA,Faulty
TLT_STOP_ON.png,toCheck_100141_00841s_TLT_STOP_ON.png,NA,NA,NA,NA,NA,NA,Faulty
NO_ALERT.png,toCheck_100141_00846s_NO_ALERT.png,NA,NA,NA,NA,NA,NA,Faulty
TLT_SERV_OFF.png,toCheck_100141_00241s_TLT_SERV_OFF.png,NA,NA,NA,NA,NA,NA,Faulty
TLT_STOP_ON.png,toCheck_100141_00241s_TLT_STOP_ON.png,NA,NA,NA,NA,NA,NA,Faulty
TLT_SERV_OFF.png,toCheck_100141_00841s_TLT_SERV_OFF.png,NA,NA,NA,NA,NA,NA,Faulty
NO_ALERT.png,toCheck_100142_00846s_NO_ALERT.png,NA,NA,NA,NA,NA,NA,Faulty
NO_ALERT.png,toCheck_100143_00846s_NO_ALERT.png,NA,NA,NA,NA,NA,NA,Faulty
NO_ALERT.png,toCheck_100144_00851s_NO_ALERT.png,NA,NA,NA,NA,NA,NA,Faulty
NO_ALERT.png,toCheck_100145_00881s_NO_ALERT.png,NA,NA,NA,NA,NA,NA,Faulty
NO_ALERT.png,toCheck_100146_00846s_NO_ALERT.png,NA,NA,NA,NA,NA,NA,Faulty
TLT_SERV_OFF.png,toCheck_100146_00241s_TLT_SERV_OFF.png,NA,NA,NA,NA,NA,NA,Faulty
TLT_SERV_OFF.png,toCheck_100146_00841s_TLT_SERV_OFF.png,NA,NA,NA,NA,NA,NA,Faulty
TLT_TPW_OFF.png,toCheck_100147_00993s_TLT_TPW_OFF.png,NA,NA,NA,NA,NA,NA,Faulty
TLT_SERV_ON.png,toCheck_100147_00996s_TLT_SERV_ON.png,NA,NA,NA,NA,NA,NA,Faulty
TXTALT_30201_10_FR.png,toCheck_100147_00996s_TXTALT_30201_10_FR.png,NA,NA,NA,NA,NA,NA,Faulty
NO_ALERT.png,toCheck_100147_01001s_NO_ALERT.png,NA,NA,NA,NA,NA,NA,Faulty
TLT_TPW_ON.png,toCheck_100147_00386s_TLT_TPW_ON.png,NA,NA,NA,NA,NA,NA,Faulty
TLT_TPW_OFF.png,toCheck_100147_00388s_TLT_TPW_OFF.png,NA,NA,NA,NA,NA,NA,Faulty
TLT_SERV_ON.png,toCheck_100147_00391s_TLT_SERV_ON.png,NA,NA,NA,NA,NA,NA,Faulty
TXTALT_30201_10_FR.png,toCheck_100147_00391s_TXTALT_30201_10_FR.png,NA,NA,NA,NA,NA,NA,Faulty
TLT_TPW_ON.png,toCheck_100147_00991s_TLT_TPW_ON.png,NA,NA,NA,NA,NA,NA,Faulty
TLT_TPW_OFF.png,toCheck_100148_00848s_TLT_TPW_OFF.png,NA,NA,NA,NA,NA,NA,Faulty
NO_ALERT.png,toCheck_100148_00856s_NO_ALERT.png,NA,NA,NA,NA,NA,NA,Faulty
TLT_TPW_ON.png,toCheck_100148_00241s_TLT_TPW_ON.png,NA,NA,NA,NA,NA,NA,Faulty
TLT_TPW_OFF.png,toCheck_100148_00243s_TLT_TPW_OFF.png,NA,NA,NA,NA,NA,NA,Faulty
TLT_TPW_ON.png,toCheck_100148_00846s_TLT_TPW_ON.png,NA,NA,NA,NA,NA,NA,Faulty
NO_ALERT.png,toCheck_100149_00846s_NO_ALERT.png,NA,NA,NA,NA,NA,NA,Faulty
TLT_TPW_ON.png,toCheck_100149_00241s_TLT_TPW_ON.png,NA,NA,NA,NA,NA,NA,Faulty
TLT_SERV_OFF.png,toCheck_100149_00241s_TLT_SERV_OFF.png,NA,NA,NA,NA,NA,NA,Faulty
TLT_TPW_ON.png,toCheck_100149_00841s_TLT_TPW_ON.png,NA,NA,NA,NA,NA,NA,Faulty
TLT_SERV_OFF.png,toCheck_100149_00841s_TLT_SERV_OFF.png,NA,NA,NA,NA,NA,NA,Faulty
TLT_STOP_ON.png,toCheck_100150_00841s_TLT_STOP_ON.png,NA,NA,NA,NA,NA,NA,Faulty
NO_ALERT.png,toCheck_100150_00846s_NO_ALERT.png,NA,NA,NA,NA,NA,NA,Faulty
TLT_TPW_ON.png,toCheck_100150_00241s_TLT_TPW_ON.png,NA,NA,NA,NA,NA,NA,Faulty
TLT_SERV_OFF.png,toCheck_100150_00241s_TLT_SERV_OFF.png,NA,NA,NA,NA,NA,NA,Faulty
TLT_STOP_ON.png,toCheck_100150_00241s_TLT_STOP_ON.png,NA,NA,NA,NA,NA,NA,Faulty
TLT_TPW_ON.png,toCheck_100150_00841s_TLT_TPW_ON.png,NA,NA,NA,NA,NA,NA,Faulty
TLT_SERV_OFF.png,toCheck_100150_00841s_TLT_SERV_OFF.png,NA,NA,NA,NA,NA,NA,Faulty
TLT_TPW_OFF.png,toCheck_100151_00851s_TLT_TPW_OFF.png,NA,NA,NA,NA,NA,NA,Faulty
TLT_TPW_ON.png,toCheck_100151_00853s_TLT_TPW_ON.png,NA,NA,NA,NA,NA,NA,Faulty
TLT_TPW_OFF.png,toCheck_100151_00856s_TLT_TPW_OFF.png,NA,NA,NA,NA,NA,NA,Faulty
TLT_TPW_ON.png,toCheck_100151_00858s_TLT_TPW_ON.png,NA,NA,NA,NA,NA,NA,Faulty
TLT_SERV_OFF.png,toCheck_100151_00861s_TLT_SERV_OFF.png,NA,NA,NA,NA,NA,NA,Faulty
NO_ALERT.png,toCheck_100151_00866s_NO_ALERT.png,NA,NA,NA,NA,NA,NA,Faulty
TLT_TPW_OFF.png,toCheck_100151_00241s_TLT_TPW_OFF.png,NA,NA,NA,NA,NA,NA,Faulty
TLT_TPW_ON.png,toCheck_100151_00243s_TLT_TPW_ON.png,NA,NA,NA,NA,NA,NA,Faulty
TLT_TPW_OFF.png,toCheck_100151_00246s_TLT_TPW_OFF.png,NA,NA,NA,NA,NA,NA,Faulty
TLT_TPW_ON.png,toCheck_100151_00248s_TLT_TPW_ON.png,NA,NA,NA,NA,NA,NA,Faulty
TLT_SERV_OFF.png,toCheck_100151_00251s_TLT_SERV_OFF.png,NA,NA,NA,NA,NA,NA,Faulty
NO_ALERT.png,toCheck_100152_00846s_NO_ALERT.png,NA,NA,NA,NA,NA,NA,Faulty
TLT_TPW_ON.png,toCheck_100152_00241s_TLT_TPW_ON.png,NA,NA,NA,NA,NA,NA,Faulty
TLT_SERV_OFF.png,toCheck_100152_00241s_TLT_SERV_OFF.png,NA,NA,NA,NA,NA,NA,Faulty
TLT_TPW_ON.png,toCheck_100152_00841s_TLT_TPW_ON.png,NA,NA,NA,NA,NA,NA,Faulty
TLT_SERV_OFF.png,toCheck_100152_00841s_TLT_SERV_OFF.png,NA,NA,NA,NA,NA,NA,Faulty
TLT_TPW_OFF.png,toCheck_100153_00851s_TLT_TPW_OFF.png,NA,NA,NA,NA,NA,NA,Faulty
TLT_TPW_ON.png,toCheck_100153_00853s_TLT_TPW_ON.png,NA,NA,NA,NA,NA,NA,Faulty
TLT_TPW_OFF.png,toCheck_100153_00856s_TLT_TPW_OFF.png,NA,NA,NA,NA,NA,NA,Faulty
TLT_TPW_ON.png,toCheck_100153_00858s_TLT_TPW_ON.png,NA,NA,NA,NA,NA,NA,Faulty
NO_ALERT.png,toCheck_100153_00866s_NO_ALERT.png,NA,NA,NA,NA,NA,NA,Faulty
TLT_TPW_OFF.png,toCheck_100153_00241s_TLT_TPW_OFF.png,NA,NA,NA,NA,NA,NA,Faulty
TLT_TPW_ON.png,toCheck_100153_00243s_TLT_TPW_ON.png,NA,NA,NA,NA,NA,NA,Faulty
TLT_TPW_OFF.png,toCheck_100153_00246s_TLT_TPW_OFF.png,NA,NA,NA,NA,NA,NA,Faulty
TLT_TPW_ON.png,toCheck_100153_00248s_TLT_TPW_ON.png,NA,NA,NA,NA,NA,NA,Faulty
TLT_TPW_OFF.png,toCheck_100154_01211s_TLT_TPW_OFF.png,NA,NA,NA,NA,NA,NA,Faulty
TLT_TPW_ON.png,toCheck_100154_01213s_TLT_TPW_ON.png,NA,NA,NA,NA,NA,NA,Faulty
TLT_TPW_OFF.png,toCheck_100154_01216s_TLT_TPW_OFF.png,NA,NA,NA,NA,NA,NA,Faulty
TLT_TPW_ON.png,toCheck_100154_01218s_TLT_TPW_ON.png,NA,NA,NA,NA,NA,NA,Faulty
TLT_STOP_ON.png,toCheck_100154_01221s_TLT_STOP_ON.png,NA,NA,NA,NA,NA,NA,Faulty
NO_ALERT.png,toCheck_100154_01226s_NO_ALERT.png,NA,NA,NA,NA,NA,NA,Faulty
TLT_TPW_OFF.png,toCheck_100154_00601s_TLT_TPW_OFF.png,NA,NA,NA,NA,NA,NA,Faulty
TLT_TPW_ON.png,toCheck_100154_00603s_TLT_TPW_ON.png,NA,NA,NA,NA,NA,NA,Faulty
TLT_TPW_OFF.png,toCheck_100154_00606s_TLT_TPW_OFF.png,NA,NA,NA,NA,NA,NA,Faulty
TLT_TPW_ON.png,toCheck_100154_00608s_TLT_TPW_ON.png,NA,NA,NA,NA,NA,NA,Faulty
TLT_STOP_ON.png,toCheck_100154_00611s_TLT_STOP_ON.png,NA,NA,NA,NA,NA,NA,Faulty
TLT_TPW_OFF.png,toCheck_100155_00851s_TLT_TPW_OFF.png,NA,NA,NA,NA,NA,NA,Faulty
TLT_TPW_ON.png,toCheck_100155_00853s_TLT_TPW_ON.png,NA,NA,NA,NA,NA,NA,Faulty
TLT_TPW_OFF.png,toCheck_100155_00856s_TLT_TPW_OFF.png,NA,NA,NA,NA,NA,NA,Faulty
TLT_TPW_ON.png,toCheck_100155_00858s_TLT_TPW_ON.png,NA,NA,NA,NA,NA,NA,Faulty
TLT_SERV_OFF.png,toCheck_100155_00861s_TLT_SERV_OFF.png,NA,NA,NA,NA,NA,NA,Faulty
NO_ALERT.png,toCheck_100155_00866s_NO_ALERT.png,NA,NA,NA,NA,NA,NA,Faulty
TLT_TPW_OFF.png,toCheck_100155_00241s_TLT_TPW_OFF.png,NA,NA,NA,NA,NA,NA,Faulty
TLT_TPW_ON.png,toCheck_100155_00243s_TLT_TPW_ON.png,NA,NA,NA,NA,NA,NA,Faulty
TLT_TPW_OFF.png,toCheck_100155_00246s_TLT_TPW_OFF.png,NA,NA,NA,NA,NA,NA,Faulty
TLT_TPW_ON.png,toCheck_100155_00248s_TLT_TPW_ON.png,NA,NA,NA,NA,NA,NA,Faulty
TLT_SERV_OFF.png,toCheck_100155_00251s_TLT_SERV_OFF.png,NA,NA,NA,NA,NA,NA,Faulty
NO_ALERT.png,toCheck_100156_00846s_NO_ALERT.png,NA,NA,NA,NA,NA,NA,Faulty
TLT_SERV_OFF.png,toCheck_100156_00241s_TLT_SERV_OFF.png,NA,NA,NA,NA,NA,NA,Faulty
TLT_SERV_OFF.png,toCheck_100156_00841s_TLT_SERV_OFF.png,NA,NA,NA,NA,NA,NA,Faulty
NO_ALERT.png,toCheck_100157_00846s_NO_ALERT.png,NA,NA,NA,NA,NA,NA,Faulty
TLT_SERV_OFF.png,toCheck_100157_00241s_TLT_SERV_OFF.png,NA,NA,NA,NA,NA,NA,Faulty
TLT_SERV_OFF.png,toCheck_100157_00841s_TLT_SERV_OFF.png,NA,NA,NA,NA,NA,NA,Faulty
NO_ALERT.png,toCheck_100158_00846s_NO_ALERT.png,NA,NA,NA,NA,NA,NA,Faulty
NO_ALERT.png,toCheck_100160_01088s_NO_ALERT.png,NA,NA,NA,NA,NA,NA,Faulty
TLT_SERV_OFF.png,toCheck_100160_00473s_TLT_SERV_OFF.png,NA,NA,NA,NA,NA,NA,Faulty
TLT_STOP_ON.png,toCheck_100160_00473s_TLT_STOP_ON.png,NA,NA,NA,NA,NA,NA,Faulty
TLT_SERV_OFF.png,toCheck_100160_01073s_TLT_SERV_OFF.png,NA,NA,NA,NA,NA,NA,Faulty
TLT_STOP_ON.png,toCheck_100160_01073s_TLT_STOP_ON.png,NA,NA,NA,NA,NA,NA,Faulty
NO_ALERT.png,toCheck_100161_00392s_NO_ALERT.png,NA,NA,NA,NA,NA,NA,Faulty
TLT_SERV_OFF.png,toCheck_100161_00392s_TLT_SERV_OFF.png,NA,NA,NA,NA,NA,NA,Faulty
BUZ_00_OFF.png,toCheck_100161_00392s_BUZ_00_OFF.png,NA,NA,NA,NA,NA,NA,Faulty
NO_ALERT.png,toCheck_100161_00397s_NO_ALERT.png,NA,NA,NA,NA,NA,NA,Faulty
TLT_SERV_OFF.png,toCheck_100161_00241s_TLT_SERV_OFF.png,NA,NA,NA,NA,NA,NA,Faulty
TLT_SERV_OFF.png,toCheck_100161_00385s_TLT_SERV_OFF.png,NA,NA,NA,NA,NA,NA,Faulty
NO_ALERT.png,toCheck_100162_00846s_NO_ALERT.png,NA,NA,NA,NA,NA,NA,Faulty
NO_ALERT.png,toCheck_100163_00392s_NO_ALERT.png,NA,NA,NA,NA,NA,NA,Faulty
TLT_SERV_OFF.png,toCheck_100163_00392s_TLT_SERV_OFF.png,NA,NA,NA,NA,NA,NA,Faulty
NO_ALERT.png,toCheck_100163_00397s_NO_ALERT.png,NA,NA,NA,NA,NA,NA,Faulty
TLT_SERV_OFF.png,toCheck_100163_00241s_TLT_SERV_OFF.png,NA,NA,NA,NA,NA,NA,Faulty
TLT_SERV_OFF.png,toCheck_100163_00385s_TLT_SERV_OFF.png,NA,NA,NA,NA,NA,NA,Faulty
NO_ALERT.png,toCheck_100164_00292s_NO_ALERT.png,NA,NA,NA,NA,NA,NA,Faulty
TLT_SERV_OFF.png,toCheck_100164_00292s_TLT_SERV_OFF.png,NA,NA,NA,NA,NA,NA,Faulty
NO_ALERT.png,toCheck_100164_00297s_NO_ALERT.png,NA,NA,NA,NA,NA,NA,Faulty
TLT_SERV_OFF.png,toCheck_100164_00241s_TLT_SERV_OFF.png,NA,NA,NA,NA,NA,NA,Faulty
TLT_SERV_OFF.png,toCheck_100164_00285s_TLT_SERV_OFF.png,NA,NA,NA,NA,NA,NA,Faulty
NO_ALERT.png,toCheck_100165_00292s_NO_ALERT.png,NA,NA,NA,NA,NA,NA,Faulty
TLT_SERV_OFF.png,toCheck_100165_00292s_TLT_SERV_OFF.png,NA,NA,NA,NA,NA,NA,Faulty
NO_ALERT.png,toCheck_100165_00297s_NO_ALERT.png,NA,NA,NA,NA,NA,NA,Faulty
TLT_SERV_OFF.png,toCheck_100165_00241s_TLT_SERV_OFF.png,NA,NA,NA,NA,NA,NA,Faulty
TLT_SERV_OFF.png,toCheck_100165_00285s_TLT_SERV_OFF.png,NA,NA,NA,NA,NA,NA,Faulty
NO_ALERT.png,toCheck_100166_00292s_NO_ALERT.png,NA,NA,NA,NA,NA,NA,Faulty
TLT_SERV_OFF.png,toCheck_100166_00292s_TLT_SERV_OFF.png,NA,NA,NA,NA,NA,NA,Faulty
NO_ALERT.png,toCheck_100166_00297s_NO_ALERT.png,NA,NA,NA,NA,NA,NA,Faulty
TLT_SERV_OFF.png,toCheck_100166_00241s_TLT_SERV_OFF.png,NA,NA,NA,NA,NA,NA,Faulty
TLT_SERV_OFF.png,toCheck_100166_00285s_TLT_SERV_OFF.png,NA,NA,NA,NA,NA,NA,Faulty
NO_ALERT.png,toCheck_100167_00292s_NO_ALERT.png,NA,NA,NA,NA,NA,NA,Faulty
TLT_SERV_OFF.png,toCheck_100167_00292s_TLT_SERV_OFF.png,NA,NA,NA,NA,NA,NA,Faulty
NO_ALERT.png,toCheck_100167_00297s_NO_ALERT.png,NA,NA,NA,NA,NA,NA,Faulty
TLT_SERV_OFF.png,toCheck_100167_00241s_TLT_SERV_OFF.png,NA,NA,NA,NA,NA,NA,Faulty
TLT_SERV_OFF.png,toCheck_100167_00285s_TLT_SERV_OFF.png,NA,NA,NA,NA,NA,NA,Faulty
TLT_SERV_OFF.png,toCheck_100168_00851s_TLT_SERV_OFF.png,NA,NA,NA,NA,NA,NA,Faulty
NO_ALERT.png,toCheck_100168_00856s_NO_ALERT.png,NA,NA,NA,NA,NA,NA,Faulty
TLT_SERV_OFF.png,toCheck_100168_00246s_TLT_SERV_OFF.png,NA,NA,NA,NA,NA,NA,Faulty
TLT_SERV_OFF.png,toCheck_100169_00886s_TLT_SERV_OFF.png,NA,NA,NA,NA,NA,NA,Faulty
NO_ALERT.png,toCheck_100169_00891s_NO_ALERT.png,NA,NA,NA,NA,NA,NA,Faulty
TLT_SERV_OFF.png,toCheck_100169_00281s_TLT_SERV_OFF.png,NA,NA,NA,NA,NA,NA,Faulty
NO_ALERT.png,toCheck_100170_00846s_NO_ALERT.png,NA,NA,NA,NA,NA,NA,Faulty
TLT_AFSF_ON.png,toCheck_100170_00241s_TLT_AFSF_ON.png,NA,NA,NA,NA,NA,NA,Faulty
TLT_SERV_OFF.png,toCheck_100170_00241s_TLT_SERV_OFF.png,NA,NA,NA,NA,NA,NA,Faulty
TLT_AFSF_ON.png,toCheck_100170_00841s_TLT_AFSF_ON.png,NA,NA,NA,NA,NA,NA,Faulty
TLT_SERV_OFF.png,toCheck_100170_00841s_TLT_SERV_OFF.png,NA,NA,NA,NA,NA,NA,Faulty
NO_ALERT.png,toCheck_100171_00846s_NO_ALERT.png,NA,NA,NA,NA,NA,NA,Faulty
TLT_SERV_OFF.png,toCheck_100171_00241s_TLT_SERV_OFF.png,NA,NA,NA,NA,NA,NA,Faulty
TLT_SERV_OFF.png,toCheck_100171_00841s_TLT_SERV_OFF.png,NA,NA,NA,NA,NA,NA,Faulty
NO_ALERT.png,toCheck_100172_00292s_NO_ALERT.png,NA,NA,NA,NA,NA,NA,Faulty
TLT_SERV_OFF.png,toCheck_100172_00292s_TLT_SERV_OFF.png,NA,NA,NA,NA,NA,NA,Faulty
NO_ALERT.png,toCheck_100172_00297s_NO_ALERT.png,NA,NA,NA,NA,NA,NA,Faulty
TLT_SERV_OFF.png,toCheck_100172_00241s_TLT_SERV_OFF.png,NA,NA,NA,NA,NA,NA,Faulty
TLT_SERV_OFF.png,toCheck_100172_00285s_TLT_SERV_OFF.png,NA,NA,NA,NA,NA,NA,Faulty
NO_ALERT.png,toCheck_100173_00856s_NO_ALERT.png,NA,NA,NA,NA,NA,NA,Faulty
NO_ALERT.png,toCheck_100174_00846s_NO_ALERT.png,NA,NA,NA,NA,NA,NA,Faulty
TLT_AFSF_ON.png,toCheck_100174_00241s_TLT_AFSF_ON.png,NA,NA,NA,NA,NA,NA,Faulty
TLT_SERV_OFF.png,toCheck_100174_00241s_TLT_SERV_OFF.png,NA,NA,NA,NA,NA,NA,Faulty
TLT_AFSF_ON.png,toCheck_100174_00841s_TLT_AFSF_ON.png,NA,NA,NA,NA,NA,NA,Faulty
TLT_SERV_OFF.png,toCheck_100174_00841s_TLT_SERV_OFF.png,NA,NA,NA,NA,NA,NA,Faulty
NO_ALERT.png,toCheck_100175_00292s_NO_ALERT.png,NA,NA,NA,NA,NA,NA,Faulty
TLT_SERV_OFF.png,toCheck_100175_00292s_TLT_SERV_OFF.png,NA,NA,NA,NA,NA,NA,Faulty
NO_ALERT.png,toCheck_100175_00297s_NO_ALERT.png,NA,NA,NA,NA,NA,NA,Faulty
TLT_SERV_OFF.png,toCheck_100175_00241s_TLT_SERV_OFF.png,NA,NA,NA,NA,NA,NA,Faulty
TLT_SERV_OFF.png,toCheck_100175_00285s_TLT_SERV_OFF.png,NA,NA,NA,NA,NA,NA,Faulty
NO_ALERT.png,toCheck_100176_00846s_NO_ALERT.png,NA,NA,NA,NA,NA,NA,Faulty
NO_ALERT.png,toCheck_100177_00392s_NO_ALERT.png,NA,NA,NA,NA,NA,NA,Faulty
TLT_SERV_OFF.png,toCheck_100177_00392s_TLT_SERV_OFF.png,NA,NA,NA,NA,NA,NA,Faulty
NO_ALERT.png,toCheck_100177_00397s_NO_ALERT.png,NA,NA,NA,NA,NA,NA,Faulty
TLT_SERV_OFF.png,toCheck_100177_00241s_TLT_SERV_OFF.png,NA,NA,NA,NA,NA,NA,Faulty
TLT_SERV_OFF.png,toCheck_100177_00385s_TLT_SERV_OFF.png,NA,NA,NA,NA,NA,NA,Faulty
NO_ALERT.png,toCheck_100178_00846s_NO_ALERT.png,NA,NA,NA,NA,NA,NA,Faulty
NO_ALERT.png,toCheck_100179_00846s_NO_ALERT.png,NA,NA,NA,NA,NA,NA,Faulty
NO_ALERT.png,toCheck_100180_00846s_NO_ALERT.png,NA,NA,NA,NA,NA,NA,Faulty
TLT_SERV_OFF.png,toCheck_100180_00241s_TLT_SERV_OFF.png,NA,NA,NA,NA,NA,NA,Faulty
TLT_SERV_OFF.png,toCheck_100180_00841s_TLT_SERV_OFF.png,NA,NA,NA,NA,NA,NA,Faulty
NO_ALERT.png,toCheck_100181_01646s_NO_ALERT.png,NA,NA,NA,NA,NA,NA,Faulty
TLT_WASHER_ON.png,toCheck_100181_00641s_TLT_WASHER_ON.png,NA,NA,NA,NA,NA,NA,Faulty
TLT_SERV_OFF.png,toCheck_100181_00641s_TLT_SERV_OFF.png,NA,NA,NA,NA,NA,NA,Faulty
TLT_WASHER_ON.png,toCheck_100181_01241s_TLT_WASHER_ON.png,NA,NA,NA,NA,NA,NA,Faulty
TLT_SERV_OFF.png,toCheck_100181_01241s_TLT_SERV_OFF.png,NA,NA,NA,NA,NA,NA,Faulty
NO_ALERT.png,toCheck_100182_00846s_NO_ALERT.png,NA,NA,NA,NA,NA,NA,Faulty
NO_ALERT.png,toCheck_100183_00881s_NO_ALERT.png,NA,NA,NA,NA,NA,NA,Faulty
TXTALT_50101_7_FR.png,toCheck_100183_00876s_TXTALT_50101_7_FR.png,NA,NA,NA,NA,NA,NA,Faulty
NO_ALERT.png,toCheck_100184_00891s_NO_ALERT.png,NA,NA,NA,NA,NA,NA,Faulty
TXTALT_50101_7_FR.png,toCheck_100184_00876s_TXTALT_50101_7_FR.png,NA,NA,NA,NA,NA,NA,Faulty
NO_ALERT.png,toCheck_100185_00292s_NO_ALERT.png,NA,NA,NA,NA,NA,NA,Faulty
TLT_SERV_OFF.png,toCheck_100185_00292s_TLT_SERV_OFF.png,NA,NA,NA,NA,NA,NA,Faulty
NO_ALERT.png,toCheck_100185_00297s_NO_ALERT.png,NA,NA,NA,NA,NA,NA,Faulty
TLT_SERV_OFF.png,toCheck_100185_00241s_TLT_SERV_OFF.png,NA,NA,NA,NA,NA,NA,Faulty
TLT_SERV_OFF.png,toCheck_100185_00285s_TLT_SERV_OFF.png,NA,NA,NA,NA,NA,NA,Faulty
NO_ALERT.png,toCheck_100186_00292s_NO_ALERT.png,NA,NA,NA,NA,NA,NA,Faulty
TLT_SERV_OFF.png,toCheck_100186_00292s_TLT_SERV_OFF.png,NA,NA,NA,NA,NA,NA,Faulty
NO_ALERT.png,toCheck_100186_00297s_NO_ALERT.png,NA,NA,NA,NA,NA,NA,Faulty
TLT_SERV_OFF.png,toCheck_100186_00241s_TLT_SERV_OFF.png,NA,NA,NA,NA,NA,NA,Faulty
TLT_SERV_OFF.png,toCheck_100186_00285s_TLT_SERV_OFF.png,NA,NA,NA,NA,NA,NA,Faulty
NO_ALERT.png,toCheck_100187_00392s_NO_ALERT.png,NA,NA,NA,NA,NA,NA,Faulty
TLT_SERV_OFF.png,toCheck_100187_00392s_TLT_SERV_OFF.png,NA,NA,NA,NA,NA,NA,Faulty
NO_ALERT.png,toCheck_100187_00397s_NO_ALERT.png,NA,NA,NA,NA,NA,NA,Faulty
TLT_SERV_OFF.png,toCheck_100187_00241s_TLT_SERV_OFF.png,NA,NA,NA,NA,NA,NA,Faulty
TLT_SERV_OFF.png,toCheck_100187_00385s_TLT_SERV_OFF.png,NA,NA,NA,NA,NA,NA,Faulty
NO_ALERT.png,toCheck_100188_00392s_NO_ALERT.png,NA,NA,NA,NA,NA,NA,Faulty
TLT_SERV_OFF.png,toCheck_100188_00392s_TLT_SERV_OFF.png,NA,NA,NA,NA,NA,NA,Faulty
NO_ALERT.png,toCheck_100188_00397s_NO_ALERT.png,NA,NA,NA,NA,NA,NA,Faulty
TLT_SERV_OFF.png,toCheck_100188_00241s_TLT_SERV_OFF.png,NA,NA,NA,NA,NA,NA,Faulty
TLT_SERV_OFF.png,toCheck_100188_00385s_TLT_SERV_OFF.png,NA,NA,NA,NA,NA,NA,Faulty
NO_ALERT.png,toCheck_100189_00392s_NO_ALERT.png,NA,NA,NA,NA,NA,NA,Faulty
TLT_SERV_OFF.png,toCheck_100189_00392s_TLT_SERV_OFF.png,NA,NA,NA,NA,NA,NA,Faulty
NO_ALERT.png,toCheck_100189_00397s_NO_ALERT.png,NA,NA,NA,NA,NA,NA,Faulty
TLT_SERV_OFF.png,toCheck_100189_00241s_TLT_SERV_OFF.png,NA,NA,NA,NA,NA,NA,Faulty
TLT_SERV_OFF.png,toCheck_100189_00385s_TLT_SERV_OFF.png,NA,NA,NA,NA,NA,NA,Faulty
NO_ALERT.png,toCheck_100190_00392s_NO_ALERT.png,NA,NA,NA,NA,NA,NA,Faulty
TLT_SERV_OFF.png,toCheck_100190_00392s_TLT_SERV_OFF.png,NA,NA,NA,NA,NA,NA,Faulty
NO_ALERT.png,toCheck_100190_00397s_NO_ALERT.png,NA,NA,NA,NA,NA,NA,Faulty
TLT_SERV_OFF.png,toCheck_100190_00241s_TLT_SERV_OFF.png,NA,NA,NA,NA,NA,NA,Faulty
TLT_SERV_OFF.png,toCheck_100190_00385s_TLT_SERV_OFF.png,NA,NA,NA,NA,NA,NA,Faulty
NO_ALERT.png,toCheck_100191_00916s_NO_ALERT.png,NA,NA,NA,NA,NA,NA,Faulty
TLT_SERV_OFF.png,toCheck_100191_00276s_TLT_SERV_OFF.png,NA,NA,NA,NA,NA,NA,Faulty
TLT_SERV_OFF.png,toCheck_100191_00876s_TLT_SERV_OFF.png,NA,NA,NA,NA,NA,NA,Faulty
NO_ALERT.png,toCheck_100192_00846s_NO_ALERT.png,NA,NA,NA,NA,NA,NA,Faulty
TLT_SERV_OFF.png,toCheck_100192_00241s_TLT_SERV_OFF.png,NA,NA,NA,NA,NA,NA,Faulty
TLT_SERV_OFF.png,toCheck_100192_00841s_TLT_SERV_OFF.png,NA,NA,NA,NA,NA,NA,Faulty
NO_ALERT.png,toCheck_100193_00392s_NO_ALERT.png,NA,NA,NA,NA,NA,NA,Faulty
TLT_SERV_OFF.png,toCheck_100193_00392s_TLT_SERV_OFF.png,NA,NA,NA,NA,NA,NA,Faulty
NO_ALERT.png,toCheck_100193_00397s_NO_ALERT.png,NA,NA,NA,NA,NA,NA,Faulty
TLT_SERV_OFF.png,toCheck_100193_00241s_TLT_SERV_OFF.png,NA,NA,NA,NA,NA,NA,Faulty
TLT_SERV_OFF.png,toCheck_100193_00385s_TLT_SERV_OFF.png,NA,NA,NA,NA,NA,NA,Faulty
NO_ALERT.png,toCheck_100194_00846s_NO_ALERT.png,NA,NA,NA,NA,NA,NA,Faulty
TLT_SERV_OFF.png,toCheck_100194_00241s_TLT_SERV_OFF.png,NA,NA,NA,NA,NA,NA,Faulty
TLT_SERV_OFF.png,toCheck_100194_00841s_TLT_SERV_OFF.png,NA,NA,NA,NA,NA,NA,Faulty
NO_ALERT.png,toCheck_100195_00392s_NO_ALERT.png,NA,NA,NA,NA,NA,NA,Faulty
TLT_SERV_OFF.png,toCheck_100195_00392s_TLT_SERV_OFF.png,NA,NA,NA,NA,NA,NA,Faulty
NO_ALERT.png,toCheck_100195_00397s_NO_ALERT.png,NA,NA,NA,NA,NA,NA,Faulty
TLT_SERV_OFF.png,toCheck_100195_00241s_TLT_SERV_OFF.png,NA,NA,NA,NA,NA,NA,Faulty
TLT_SERV_OFF.png,toCheck_100195_00385s_TLT_SERV_OFF.png,NA,NA,NA,NA,NA,NA,Faulty
NO_ALERT.png,toCheck_100196_00392s_NO_ALERT.png,NA,NA,NA,NA,NA,NA,Faulty
TLT_SERV_OFF.png,toCheck_100196_00392s_TLT_SERV_OFF.png,NA,NA,NA,NA,NA,NA,Faulty
NO_ALERT.png,toCheck_100196_00397s_NO_ALERT.png,NA,NA,NA,NA,NA,NA,Faulty
TLT_SERV_OFF.png,toCheck_100196_00241s_TLT_SERV_OFF.png,NA,NA,NA,NA,NA,NA,Faulty
TLT_SERV_OFF.png,toCheck_100196_00385s_TLT_SERV_OFF.png,NA,NA,NA,NA,NA,NA,Faulty
NO_ALERT.png,toCheck_100197_00392s_NO_ALERT.png,NA,NA,NA,NA,NA,NA,Faulty
TLT_SERV_OFF.png,toCheck_100197_00392s_TLT_SERV_OFF.png,NA,NA,NA,NA,NA,NA,Faulty
NO_ALERT.png,toCheck_100197_00397s_NO_ALERT.png,NA,NA,NA,NA,NA,NA,Faulty
TLT_SERV_OFF.png,toCheck_100197_00241s_TLT_SERV_OFF.png,NA,NA,NA,NA,NA,NA,Faulty
TLT_SERV_OFF.png,toCheck_100197_00385s_TLT_SERV_OFF.png,NA,NA,NA,NA,NA,NA,Faulty
NO_ALERT.png,toCheck_100198_00392s_NO_ALERT.png,NA,NA,NA,NA,NA,NA,Faulty
TLT_SERV_OFF.png,toCheck_100198_00392s_TLT_SERV_OFF.png,NA,NA,NA,NA,NA,NA,Faulty
NO_ALERT.png,toCheck_100198_00397s_NO_ALERT.png,NA,NA,NA,NA,NA,NA,Faulty
TLT_SERV_OFF.png,toCheck_100198_00241s_TLT_SERV_OFF.png,NA,NA,NA,NA,NA,NA,Faulty
TLT_SERV_OFF.png,toCheck_100198_00385s_TLT_SERV_OFF.png,NA,NA,NA,NA,NA,NA,Faulty
NO_ALERT.png,toCheck_100199_00392s_NO_ALERT.png,NA,NA,NA,NA,NA,NA,Faulty
TLT_SERV_OFF.png,toCheck_100199_00392s_TLT_SERV_OFF.png,NA,NA,NA,NA,NA,NA,Faulty
NO_ALERT.png,toCheck_100199_00397s_NO_ALERT.png,NA,NA,NA,NA,NA,NA,Faulty
TLT_SERV_OFF.png,toCheck_100199_00241s_TLT_SERV_OFF.png,NA,NA,NA,NA,NA,NA,Faulty
TLT_SERV_OFF.png,toCheck_100199_00385s_TLT_SERV_OFF.png,NA,NA,NA,NA,NA,NA,Faulty
NO_ALERT.png,toCheck_100200_00846s_NO_ALERT.png,NA,NA,NA,NA,NA,NA,Faulty
NO_ALERT.png,toCheck_100201_01001s_NO_ALERT.png,NA,NA,NA,NA,NA,NA,Faulty
TLT_SBSOFF_ON.png,toCheck_100201_00396s_TLT_SBSOFF_ON.png,NA,NA,NA,NA,NA,NA,Faulty
TLT_SERV_OFF.png,toCheck_100201_00396s_TLT_SERV_OFF.png,NA,NA,NA,NA,NA,NA,Faulty
TLT_SBSOFF_ON.png,toCheck_100201_00996s_TLT_SBSOFF_ON.png,NA,NA,NA,NA,NA,NA,Faulty
TLT_SERV_OFF.png,toCheck_100201_00996s_TLT_SERV_OFF.png,NA,NA,NA,NA,NA,NA,Faulty
NO_ALERT.png,toCheck_100202_00846s_NO_ALERT.png,NA,NA,NA,NA,NA,NA,Faulty
TLT_SERV_OFF.png,toCheck_100202_00241s_TLT_SERV_OFF.png,NA,NA,NA,NA,NA,NA,Faulty
TLT_SERV_OFF.png,toCheck_100202_00841s_TLT_SERV_OFF.png,NA,NA,NA,NA,NA,NA,Faulty
NO_ALERT.png,toCheck_100203_00392s_NO_ALERT.png,NA,NA,NA,NA,NA,NA,Faulty
TLT_SERV_OFF.png,toCheck_100203_00392s_TLT_SERV_OFF.png,NA,NA,NA,NA,NA,NA,Faulty
NO_ALERT.png,toCheck_100203_00397s_NO_ALERT.png,NA,NA,NA,NA,NA,NA,Faulty
TLT_SERV_OFF.png,toCheck_100203_00241s_TLT_SERV_OFF.png,NA,NA,NA,NA,NA,NA,Faulty
TLT_SERV_OFF.png,toCheck_100203_00385s_TLT_SERV_OFF.png,NA,NA,NA,NA,NA,NA,Faulty
NO_ALERT.png,toCheck_100204_00392s_NO_ALERT.png,NA,NA,NA,NA,NA,NA,Faulty
TLT_SERV_OFF.png,toCheck_100204_00392s_TLT_SERV_OFF.png,NA,NA,NA,NA,NA,NA,Faulty
NO_ALERT.png,toCheck_100204_00397s_NO_ALERT.png,NA,NA,NA,NA,NA,NA,Faulty
TLT_SERV_OFF.png,toCheck_100204_00241s_TLT_SERV_OFF.png,NA,NA,NA,NA,NA,NA,Faulty
TLT_SERV_OFF.png,toCheck_100204_00385s_TLT_SERV_OFF.png,NA,NA,NA,NA,NA,NA,Faulty
NO_ALERT.png,toCheck_100205_00392s_NO_ALERT.png,NA,NA,NA,NA,NA,NA,Faulty
TLT_SERV_OFF.png,toCheck_100205_00392s_TLT_SERV_OFF.png,NA,NA,NA,NA,NA,NA,Faulty
NO_ALERT.png,toCheck_100205_00397s_NO_ALERT.png,NA,NA,NA,NA,NA,NA,Faulty
TLT_SERV_OFF.png,toCheck_100205_00241s_TLT_SERV_OFF.png,NA,NA,NA,NA,NA,NA,Faulty
TLT_SERV_OFF.png,toCheck_100205_00385s_TLT_SERV_OFF.png,NA,NA,NA,NA,NA,NA,Faulty
NO_ALERT.png,toCheck_100206_00392s_NO_ALERT.png,NA,NA,NA,NA,NA,NA,Faulty
TLT_SERV_OFF.png,toCheck_100206_00392s_TLT_SERV_OFF.png,NA,NA,NA,NA,NA,NA,Faulty
NO_ALERT.png,toCheck_100206_00397s_NO_ALERT.png,NA,NA,NA,NA,NA,NA,Faulty
TLT_SERV_OFF.png,toCheck_100206_00241s_TLT_SERV_OFF.png,NA,NA,NA,NA,NA,NA,Faulty
TLT_SERV_OFF.png,toCheck_100206_00385s_TLT_SERV_OFF.png,NA,NA,NA,NA,NA,NA,Faulty
NO_ALERT.png,toCheck_100207_00392s_NO_ALERT.png,NA,NA,NA,NA,NA,NA,Faulty
TLT_SERV_OFF.png,toCheck_100207_00392s_TLT_SERV_OFF.png,NA,NA,NA,NA,NA,NA,Faulty
NO_ALERT.png,toCheck_100207_00397s_NO_ALERT.png,NA,NA,NA,NA,NA,NA,Faulty
TLT_SERV_OFF.png,toCheck_100207_00241s_TLT_SERV_OFF.png,NA,NA,NA,NA,NA,NA,Faulty
TLT_SERV_OFF.png,toCheck_100207_00385s_TLT_SERV_OFF.png,NA,NA,NA,NA,NA,NA,Faulty
NO_ALERT.png,toCheck_100208_00392s_NO_ALERT.png,NA,NA,NA,NA,NA,NA,Faulty
TLT_SERV_OFF.png,toCheck_100208_00392s_TLT_SERV_OFF.png,NA,NA,NA,NA,NA,NA,Faulty
NO_ALERT.png,toCheck_100208_00397s_NO_ALERT.png,NA,NA,NA,NA,NA,NA,Faulty
TLT_SERV_OFF.png,toCheck_100208_00241s_TLT_SERV_OFF.png,NA,NA,NA,NA,NA,NA,Faulty
TLT_SERV_OFF.png,toCheck_100208_00385s_TLT_SERV_OFF.png,NA,NA,NA,NA,NA,NA,Faulty
NO_ALERT.png,toCheck_100209_00392s_NO_ALERT.png,NA,NA,NA,NA,NA,NA,Faulty
TLT_SERV_OFF.png,toCheck_100209_00392s_TLT_SERV_OFF.png,NA,NA,NA,NA,NA,NA,Faulty
NO_ALERT.png,toCheck_100209_00397s_NO_ALERT.png,NA,NA,NA,NA,NA,NA,Faulty
TLT_SERV_OFF.png,toCheck_100209_00241s_TLT_SERV_OFF.png,NA,NA,NA,NA,NA,NA,Faulty
TLT_SERV_OFF.png,toCheck_100209_00385s_TLT_SERV_OFF.png,NA,NA,NA,NA,NA,NA,Faulty
NO_ALERT.png,toCheck_100210_00392s_NO_ALERT.png,NA,NA,NA,NA,NA,NA,Faulty
TLT_SERV_OFF.png,toCheck_100210_00392s_TLT_SERV_OFF.png,NA,NA,NA,NA,NA,NA,Faulty
NO_ALERT.png,toCheck_100210_00397s_NO_ALERT.png,NA,NA,NA,NA,NA,NA,Faulty
TLT_SERV_OFF.png,toCheck_100210_00241s_TLT_SERV_OFF.png,NA,NA,NA,NA,NA,NA,Faulty
TLT_SERV_OFF.png,toCheck_100210_00385s_TLT_SERV_OFF.png,NA,NA,NA,NA,NA,NA,Faulty
NO_ALERT.png,toCheck_100211_00392s_NO_ALERT.png,NA,NA,NA,NA,NA,NA,Faulty
TLT_SERV_OFF.png,toCheck_100211_00392s_TLT_SERV_OFF.png,NA,NA,NA,NA,NA,NA,Faulty
BUZ_00_OFF.png,toCheck_100211_00392s_BUZ_00_OFF.png,NA,NA,NA,NA,NA,NA,Faulty
NO_ALERT.png,toCheck_100211_00397s_NO_ALERT.png,NA,NA,NA,NA,NA,NA,Faulty
TLT_SERV_OFF.png,toCheck_100211_00241s_TLT_SERV_OFF.png,NA,NA,NA,NA,NA,NA,Faulty
TLT_SERV_OFF.png,toCheck_100211_00385s_TLT_SERV_OFF.png,NA,NA,NA,NA,NA,NA,Faulty
NO_ALERT.png,toCheck_100212_00846s_NO_ALERT.png,NA,NA,NA,NA,NA,NA,Faulty
TLT_SERV_OFF.png,toCheck_100212_00241s_TLT_SERV_OFF.png,NA,NA,NA,NA,NA,NA,Faulty
TLT_SERV_OFF.png,toCheck_100212_00841s_TLT_SERV_OFF.png,NA,NA,NA,NA,NA,NA,Faulty
NO_ALERT.png,toCheck_100213_00392s_NO_ALERT.png,NA,NA,NA,NA,NA,NA,Faulty
TLT_SERV_OFF.png,toCheck_100213_00392s_TLT_SERV_OFF.png,NA,NA,NA,NA,NA,NA,Faulty
NO_ALERT.png,toCheck_100213_00397s_NO_ALERT.png,NA,NA,NA,NA,NA,NA,Faulty
TLT_SERV_OFF.png,toCheck_100213_00241s_TLT_SERV_OFF.png,NA,NA,NA,NA,NA,NA,Faulty
TLT_SERV_OFF.png,toCheck_100213_00385s_TLT_SERV_OFF.png,NA,NA,NA,NA,NA,NA,Faulty
NO_ALERT.png,toCheck_100214_00542s_NO_ALERT.png,NA,NA,NA,NA,NA,NA,Faulty
TLT_SERV_OFF.png,toCheck_100214_00542s_TLT_SERV_OFF.png,NA,NA,NA,NA,NA,NA,Faulty
BUZ_00_OFF.png,toCheck_100214_00542s_BUZ_00_OFF.png,NA,NA,NA,NA,NA,NA,Faulty
NO_ALERT.png,toCheck_100214_00547s_NO_ALERT.png,NA,NA,NA,NA,NA,NA,Faulty
TLT_SERV_OFF.png,toCheck_100214_00241s_TLT_SERV_OFF.png,NA,NA,NA,NA,NA,NA,Faulty
TLT_SERV_OFF.png,toCheck_100214_00535s_TLT_SERV_OFF.png,NA,NA,NA,NA,NA,NA,Faulty
NO_ALERT.png,toCheck_100215_00846s_NO_ALERT.png,NA,NA,NA,NA,NA,NA,Faulty
TLT_SERV_OFF.png,toCheck_100215_00241s_TLT_SERV_OFF.png,NA,NA,NA,NA,NA,NA,Faulty
TLT_SERV_OFF.png,toCheck_100215_00841s_TLT_SERV_OFF.png,NA,NA,NA,NA,NA,NA,Faulty
NO_ALERT.png,toCheck_100216_00846s_NO_ALERT.png,NA,NA,NA,NA,NA,NA,Faulty
TLT_SERV_OFF.png,toCheck_100216_00241s_TLT_SERV_OFF.png,NA,NA,NA,NA,NA,NA,Faulty
TLT_SERV_OFF.png,toCheck_100216_00841s_TLT_SERV_OFF.png,NA,NA,NA,NA,NA,NA,Faulty
NO_ALERT.png,toCheck_100217_00392s_NO_ALERT.png,NA,NA,NA,NA,NA,NA,Faulty
TLT_SERV_OFF.png,toCheck_100217_00392s_TLT_SERV_OFF.png,NA,NA,NA,NA,NA,NA,Faulty
NO_ALERT.png,toCheck_100217_00397s_NO_ALERT.png,NA,NA,NA,NA,NA,NA,Faulty
TLT_SERV_OFF.png,toCheck_100217_00241s_TLT_SERV_OFF.png,NA,NA,NA,NA,NA,NA,Faulty
TLT_SERV_OFF.png,toCheck_100217_00385s_TLT_SERV_OFF.png,NA,NA,NA,NA,NA,NA,Faulty
NO_ALERT.png,toCheck_100218_00392s_NO_ALERT.png,NA,NA,NA,NA,NA,NA,Faulty
TLT_SERV_OFF.png,toCheck_100218_00392s_TLT_SERV_OFF.png,NA,NA,NA,NA,NA,NA,Faulty
NO_ALERT.png,toCheck_100218_00397s_NO_ALERT.png,NA,NA,NA,NA,NA,NA,Faulty
TLT_SERV_OFF.png,toCheck_100218_00241s_TLT_SERV_OFF.png,NA,NA,NA,NA,NA,NA,Faulty
TLT_SERV_OFF.png,toCheck_100218_00385s_TLT_SERV_OFF.png,NA,NA,NA,NA,NA,NA,Faulty
NO_ALERT.png,toCheck_100219_00392s_NO_ALERT.png,NA,NA,NA,NA,NA,NA,Faulty
TLT_SERV_OFF.png,toCheck_100219_00392s_TLT_SERV_OFF.png,NA,NA,NA,NA,NA,NA,Faulty
NO_ALERT.png,toCheck_100219_00397s_NO_ALERT.png,NA,NA,NA,NA,NA,NA,Faulty
TLT_SERV_OFF.png,toCheck_100219_00241s_TLT_SERV_OFF.png,NA,NA,NA,NA,NA,NA,Faulty
TLT_SERV_OFF.png,toCheck_100219_00385s_TLT_SERV_OFF.png,NA,NA,NA,NA,NA,NA,Faulty
NO_ALERT.png,toCheck_100220_00392s_NO_ALERT.png,NA,NA,NA,NA,NA,NA,Faulty
TLT_SERV_OFF.png,toCheck_100220_00392s_TLT_SERV_OFF.png,NA,NA,NA,NA,NA,NA,Faulty
NO_ALERT.png,toCheck_100220_00397s_NO_ALERT.png,NA,NA,NA,NA,NA,NA,Faulty
TLT_SERV_OFF.png,toCheck_100220_00241s_TLT_SERV_OFF.png,NA,NA,NA,NA,NA,NA,Faulty
TLT_SERV_OFF.png,toCheck_100220_00385s_TLT_SERV_OFF.png,NA,NA,NA,NA,NA,NA,Faulty
NO_ALERT.png,toCheck_100221_00846s_NO_ALERT.png,NA,NA,NA,NA,NA,NA,Faulty
NO_ALERT.png,toCheck_100222_00846s_NO_ALERT.png,NA,NA,NA,NA,NA,NA,Faulty
TLT_SERV_OFF.png,toCheck_100222_00241s_TLT_SERV_OFF.png,NA,NA,NA,NA,NA,NA,Faulty
TLT_STOP_ON.png,toCheck_100222_00241s_TLT_STOP_ON.png,NA,NA,NA,NA,NA,NA,Faulty
TLT_SERV_OFF.png,toCheck_100222_00841s_TLT_SERV_OFF.png,NA,NA,NA,NA,NA,NA,Faulty
TLT_STOP_ON.png,toCheck_100222_00841s_TLT_STOP_ON.png,NA,NA,NA,NA,NA,NA,Faulty
NO_ALERT.png,toCheck_100223_00846s_NO_ALERT.png,NA,NA,NA,NA,NA,NA,Faulty
TLT_SERV_OFF.png,toCheck_100223_00241s_TLT_SERV_OFF.png,NA,NA,NA,NA,NA,NA,Faulty
TLT_SERV_OFF.png,toCheck_100223_00841s_TLT_SERV_OFF.png,NA,NA,NA,NA,NA,NA,Faulty
NO_ALERT.png,toCheck_100224_00846s_NO_ALERT.png,NA,NA,NA,NA,NA,NA,Faulty
TLT_SERV_OFF.png,toCheck_100224_00241s_TLT_SERV_OFF.png,NA,NA,NA,NA,NA,NA,Faulty
TLT_SERV_OFF.png,toCheck_100224_00841s_TLT_SERV_OFF.png,NA,NA,NA,NA,NA,NA,Faulty
NO_ALERT.png,toCheck_100225_00846s_NO_ALERT.png,NA,NA,NA,NA,NA,NA,Faulty
TLT_SERV_OFF.png,toCheck_100225_00241s_TLT_SERV_OFF.png,NA,NA,NA,NA,NA,NA,Faulty
TLT_SERV_OFF.png,toCheck_100225_00841s_TLT_SERV_OFF.png,NA,NA,NA,NA,NA,NA,Faulty
NO_ALERT.png,toCheck_100226_00846s_NO_ALERT.png,NA,NA,NA,NA,NA,NA,Faulty
TLT_SERV_OFF.png,toCheck_100226_00241s_TLT_SERV_OFF.png,NA,NA,NA,NA,NA,NA,Faulty
TLT_SERV_OFF.png,toCheck_100226_00841s_TLT_SERV_OFF.png,NA,NA,NA,NA,NA,NA,Faulty
NO_ALERT.png,toCheck_100227_00846s_NO_ALERT.png,NA,NA,NA,NA,NA,NA,Faulty
TLT_SERV_OFF.png,toCheck_100227_00241s_TLT_SERV_OFF.png,NA,NA,NA,NA,NA,NA,Faulty
TLT_SERV_OFF.png,toCheck_100227_00841s_TLT_SERV_OFF.png,NA,NA,NA,NA,NA,NA,Faulty
NO_ALERT.png,toCheck_100228_00392s_NO_ALERT.png,NA,NA,NA,NA,NA,NA,Faulty
TLT_SERV_OFF.png,toCheck_100228_00392s_TLT_SERV_OFF.png,NA,NA,NA,NA,NA,NA,Faulty
NO_ALERT.png,toCheck_100228_00397s_NO_ALERT.png,NA,NA,NA,NA,NA,NA,Faulty
TLT_SERV_OFF.png,toCheck_100228_00241s_TLT_SERV_OFF.png,NA,NA,NA,NA,NA,NA,Faulty
TLT_SERV_OFF.png,toCheck_100228_00385s_TLT_SERV_OFF.png,NA,NA,NA,NA,NA,NA,Faulty
NO_ALERT.png,toCheck_100229_00846s_NO_ALERT.png,NA,NA,NA,NA,NA,NA,Faulty
TLT_SERV_OFF.png,toCheck_100229_00241s_TLT_SERV_OFF.png,NA,NA,NA,NA,NA,NA,Faulty
TLT_SERV_OFF.png,toCheck_100229_00841s_TLT_SERV_OFF.png,NA,NA,NA,NA,NA,NA,Faulty
NO_ALERT.png,toCheck_100230_00846s_NO_ALERT.png,NA,NA,NA,NA,NA,NA,Faulty
TLT_SERV_OFF.png,toCheck_100230_00241s_TLT_SERV_OFF.png,NA,NA,NA,NA,NA,NA,Faulty
TLT_SERV_OFF.png,toCheck_100230_00841s_TLT_SERV_OFF.png,NA,NA,NA,NA,NA,NA,Faulty
TLT_STOP_ON.png,toCheck_100231_00841s_TLT_STOP_ON.png,NA,NA,NA,NA,NA,NA,Faulty
NO_ALERT.png,toCheck_100231_00846s_NO_ALERT.png,NA,NA,NA,NA,NA,NA,Faulty
TLT_SERV_OFF.png,toCheck_100231_00241s_TLT_SERV_OFF.png,NA,NA,NA,NA,NA,NA,Faulty
TLT_STOP_ON.png,toCheck_100231_00241s_TLT_STOP_ON.png,NA,NA,NA,NA,NA,NA,Faulty
TLT_SERV_OFF.png,toCheck_100231_00841s_TLT_SERV_OFF.png,NA,NA,NA,NA,NA,NA,Faulty
NO_ALERT.png,toCheck_100232_00846s_NO_ALERT.png,NA,NA,NA,NA,NA,NA,Faulty
NO_ALERT.png,toCheck_100233_00846s_NO_ALERT.png,NA,NA,NA,NA,NA,NA,Faulty
TLT_SERV_OFF.png,toCheck_100233_00241s_TLT_SERV_OFF.png,NA,NA,NA,NA,NA,NA,Faulty
TLT_SERV_OFF.png,toCheck_100233_00841s_TLT_SERV_OFF.png,NA,NA,NA,NA,NA,NA,Faulty
TLT_STOP_OFF.png,toCheck_100234_00841s_TLT_STOP_OFF.png,NA,NA,NA,NA,NA,NA,Faulty
NO_ALERT.png,toCheck_100234_00846s_NO_ALERT.png,NA,NA,NA,NA,NA,NA,Faulty
TLT_STOP_OFF.png,toCheck_100234_00241s_TLT_STOP_OFF.png,NA,NA,NA,NA,NA,NA,Faulty
TLT_STOP_ON.png,toCheck_100235_00841s_TLT_STOP_ON.png,NA,NA,NA,NA,NA,NA,Faulty
NO_ALERT.png,toCheck_100235_00846s_NO_ALERT.png,NA,NA,NA,NA,NA,NA,Faulty
TLT_SERV_OFF.png,toCheck_100235_00241s_TLT_SERV_OFF.png,NA,NA,NA,NA,NA,NA,Faulty
TLT_STOP_ON.png,toCheck_100235_00241s_TLT_STOP_ON.png,NA,NA,NA,NA,NA,NA,Faulty
TLT_SERV_OFF.png,toCheck_100235_00841s_TLT_SERV_OFF.png,NA,NA,NA,NA,NA,NA,Faulty
TLT_STOP_ON.png,toCheck_100236_00841s_TLT_STOP_ON.png,NA,NA,NA,NA,NA,NA,Faulty
NO_ALERT.png,toCheck_100236_00846s_NO_ALERT.png,NA,NA,NA,NA,NA,NA,Faulty
TLT_SERV_OFF.png,toCheck_100236_00241s_TLT_SERV_OFF.png,NA,NA,NA,NA,NA,NA,Faulty
TLT_STOP_ON.png,toCheck_100236_00241s_TLT_STOP_ON.png,NA,NA,NA,NA,NA,NA,Faulty
TLT_SERV_OFF.png,toCheck_100236_00841s_TLT_SERV_OFF.png,NA,NA,NA,NA,NA,NA,Faulty
NO_ALERT.png,toCheck_100237_00846s_NO_ALERT.png,NA,NA,NA,NA,NA,NA,Faulty
TLT_SERV_OFF.png,toCheck_100237_00241s_TLT_SERV_OFF.png,NA,NA,NA,NA,NA,NA,Faulty
TLT_SERV_OFF.png,toCheck_100237_00841s_TLT_SERV_OFF.png,NA,NA,NA,NA,NA,NA,Faulty
NO_ALERT.png,toCheck_100238_00846s_NO_ALERT.png,NA,NA,NA,NA,NA,NA,Faulty
NO_ALERT.png,toCheck_100239_00846s_NO_ALERT.png,NA,NA,NA,NA,NA,NA,Faulty
TLT_SERV_OFF.png,toCheck_100239_00241s_TLT_SERV_OFF.png,NA,NA,NA,NA,NA,NA,Faulty
TLT_SERV_OFF.png,toCheck_100239_00841s_TLT_SERV_OFF.png,NA,NA,NA,NA,NA,NA,Faulty
NO_ALERT.png,toCheck_100240_00846s_NO_ALERT.png,NA,NA,NA,NA,NA,NA,Faulty
TLT_SERV_OFF.png,toCheck_100240_00241s_TLT_SERV_OFF.png,NA,NA,NA,NA,NA,NA,Faulty
TLT_SERV_OFF.png,toCheck_100240_00841s_TLT_SERV_OFF.png,NA,NA,NA,NA,NA,NA,Faulty
NO_ALERT.png,toCheck_100241_00846s_NO_ALERT.png,NA,NA,NA,NA,NA,NA,Faulty
TLT_SERV_OFF.png,toCheck_100241_00241s_TLT_SERV_OFF.png,NA,NA,NA,NA,NA,NA,Faulty
TLT_SERV_OFF.png,toCheck_100241_00841s_TLT_SERV_OFF.png,NA,NA,NA,NA,NA,NA,Faulty
NO_ALERT.png,toCheck_100242_00846s_NO_ALERT.png,NA,NA,NA,NA,NA,NA,Faulty
TLT_SERV_OFF.png,toCheck_100242_00241s_TLT_SERV_OFF.png,NA,NA,NA,NA,NA,NA,Faulty
TLT_SERV_OFF.png,toCheck_100242_00841s_TLT_SERV_OFF.png,NA,NA,NA,NA,NA,NA,Faulty
NO_ALERT.png,toCheck_100243_00846s_NO_ALERT.png,NA,NA,NA,NA,NA,NA,Faulty
TLT_SERV_OFF.png,toCheck_100243_00241s_TLT_SERV_OFF.png,NA,NA,NA,NA,NA,NA,Faulty
TLT_SERV_OFF.png,toCheck_100243_00841s_TLT_SERV_OFF.png,NA,NA,NA,NA,NA,NA,Faulty
NO_ALERT.png,toCheck_100244_00392s_NO_ALERT.png,NA,NA,NA,NA,NA,NA,Faulty
TLT_SERV_OFF.png,toCheck_100244_00392s_TLT_SERV_OFF.png,NA,NA,NA,NA,NA,NA,Faulty
NO_ALERT.png,toCheck_100244_00397s_NO_ALERT.png,NA,NA,NA,NA,NA,NA,Faulty
TLT_SERV_OFF.png,toCheck_100244_00241s_TLT_SERV_OFF.png,NA,NA,NA,NA,NA,NA,Faulty
TLT_SERV_OFF.png,toCheck_100244_00385s_TLT_SERV_OFF.png,NA,NA,NA,NA,NA,NA,Faulty
NO_ALERT.png,toCheck_100245_00846s_NO_ALERT.png,NA,NA,NA,NA,NA,NA,Faulty
TLT_SERV_OFF.png,toCheck_100245_00241s_TLT_SERV_OFF.png,NA,NA,NA,NA,NA,NA,Faulty
TLT_SERV_OFF.png,toCheck_100245_00841s_TLT_SERV_OFF.png,NA,NA,NA,NA,NA,NA,Faulty
NO_ALERT.png,toCheck_100246_00846s_NO_ALERT.png,NA,NA,NA,NA,NA,NA,Faulty
TLT_SERV_OFF.png,toCheck_100246_00241s_TLT_SERV_OFF.png,NA,NA,NA,NA,NA,NA,Faulty
TLT_SERV_OFF.png,toCheck_100246_00841s_TLT_SERV_OFF.png,NA,NA,NA,NA,NA,NA,Faulty
NO_ALERT.png,toCheck_100247_00846s_NO_ALERT.png,NA,NA,NA,NA,NA,NA,Faulty
NO_ALERT.png,toCheck_100248_00846s_NO_ALERT.png,NA,NA,NA,NA,NA,NA,Faulty
NO_ALERT.png,toCheck_100249_00292s_NO_ALERT.png,NA,NA,NA,NA,NA,NA,Faulty
TLT_SERV_OFF.png,toCheck_100249_00292s_TLT_SERV_OFF.png,NA,NA,NA,NA,NA,NA,Faulty
NO_ALERT.png,toCheck_100249_00297s_NO_ALERT.png,NA,NA,NA,NA,NA,NA,Faulty
TLT_SERV_OFF.png,toCheck_100249_00241s_TLT_SERV_OFF.png,NA,NA,NA,NA,NA,NA,Faulty
TLT_SERV_OFF.png,toCheck_100249_00285s_TLT_SERV_OFF.png,NA,NA,NA,NA,NA,NA,Faulty
NO_ALERT.png,toCheck_100250_00292s_NO_ALERT.png,NA,NA,NA,NA,NA,NA,Faulty
TLT_SERV_OFF.png,toCheck_100250_00292s_TLT_SERV_OFF.png,NA,NA,NA,NA,NA,NA,Faulty
NO_ALERT.png,toCheck_100250_00297s_NO_ALERT.png,NA,NA,NA,NA,NA,NA,Faulty
TLT_SERV_OFF.png,toCheck_100250_00241s_TLT_SERV_OFF.png,NA,NA,NA,NA,NA,NA,Faulty
TLT_SERV_OFF.png,toCheck_100250_00285s_TLT_SERV_OFF.png,NA,NA,NA,NA,NA,NA,Faulty
NO_ALERT.png,toCheck_100251_00846s_NO_ALERT.png,NA,NA,NA,NA,NA,NA,Faulty
TLT_SERV_OFF.png,toCheck_100251_00241s_TLT_SERV_OFF.png,NA,NA,NA,NA,NA,NA,Faulty
TLT_SERV_OFF.png,toCheck_100251_00841s_TLT_SERV_OFF.png,NA,NA,NA,NA,NA,NA,Faulty
NO_ALERT.png,toCheck_100252_00846s_NO_ALERT.png,NA,NA,NA,NA,NA,NA,Faulty
TLT_SERV_OFF.png,toCheck_100252_00241s_TLT_SERV_OFF.png,NA,NA,NA,NA,NA,NA,Faulty
TLT_SERV_OFF.png,toCheck_100252_00841s_TLT_SERV_OFF.png,NA,NA,NA,NA,NA,NA,Faulty
NO_ALERT.png,toCheck_100253_00846s_NO_ALERT.png,NA,NA,NA,NA,NA,NA,Faulty
TLT_SERV_OFF.png,toCheck_100253_00241s_TLT_SERV_OFF.png,NA,NA,NA,NA,NA,NA,Faulty
TLT_SERV_OFF.png,toCheck_100253_00841s_TLT_SERV_OFF.png,NA,NA,NA,NA,NA,NA,Faulty
NO_ALERT.png,toCheck_100254_00846s_NO_ALERT.png,NA,NA,NA,NA,NA,NA,Faulty
TLT_SERV_OFF.png,toCheck_100254_00241s_TLT_SERV_OFF.png,NA,NA,NA,NA,NA,NA,Faulty
TLT_SERV_OFF.png,toCheck_100254_00841s_TLT_SERV_OFF.png,NA,NA,NA,NA,NA,NA,Faulty
NO_ALERT.png,toCheck_100255_00846s_NO_ALERT.png,NA,NA,NA,NA,NA,NA,Faulty
TLT_SERV_OFF.png,toCheck_100255_00241s_TLT_SERV_OFF.png,NA,NA,NA,NA,NA,NA,Faulty
TLT_SERV_OFF.png,toCheck_100255_00841s_TLT_SERV_OFF.png,NA,NA,NA,NA,NA,NA,Faulty
NO_ALERT.png,toCheck_100256_00846s_NO_ALERT.png,NA,NA,NA,NA,NA,NA,Faulty
TLT_SERV_OFF.png,toCheck_100256_00241s_TLT_SERV_OFF.png,NA,NA,NA,NA,NA,NA,Faulty
TLT_SERV_OFF.png,toCheck_100256_00841s_TLT_SERV_OFF.png,NA,NA,NA,NA,NA,NA,Faulty
TCI_AUTO_35_MI.png,toCheck_100000_00548s_TCI_AUTO_35_MI.png,NA,NA,NA,NA,NA,NA,Faulty
TCI_AUTO_600_MI.png,toCheck_100001_00548s_TCI_AUTO_600_MI.png,NA,NA,NA,NA,NA,NA,Faulty
TCI_AUTO_600_MI.png,toCheck_100002_12320s_TCI_AUTO_600_MI.png,NA,NA,NA,NA,NA,NA,Faulty
TCI_AUTO_600_MI.png,toCheck_100002_12338s_TCI_AUTO_600_MI.png,NA,NA,NA,NA,NA,NA,Faulty
TCI_AUTO_35_MI.png,toCheck_100002_00548s_TCI_AUTO_35_MI.png,NA,NA,NA,NA,NA,NA,Faulty
TCI_AUTO_90_MI.png,toCheck_100003_00548s_TCI_AUTO_90_MI.png,NA,NA,NA,NA,NA,NA,Faulty
EVAvgCons_15pt0_mpkwh_ON.png,toCheck_100004_00443s_EVAvgCons_15pt0_mpkwh_ON.png,NA,NA,NA,NA,NA,NA,Faulty
EVAvgCons_15pt0_mpkwh_OFF.png,toCheck_100004_00448s_EVAvgCons_15pt0_mpkwh_OFF.png,NA,NA,NA,NA,NA,NA,Faulty
EVAvgCons_15pt0_mpkwh_ON.png,toCheck_100004_00453s_EVAvgCons_15pt0_mpkwh_ON.png,NA,NA,NA,NA,NA,NA,Faulty
EVAvgCons_15pt0_mpkwh_OFF.png,toCheck_100004_00458s_EVAvgCons_15pt0_mpkwh_OFF.png,NA,NA,NA,NA,NA,NA,Faulty
PHEVInstCons_14p9_kwhp100.png,toCheck_100005_00416s_PHEVInstCons_14p9_kwhp100.png,NA,NA,NA,NA,NA,NA,Faulty
PHEVAvgCons_40pt0_kwhp100.png,toCheck_100006_00416s_PHEVAvgCons_40pt0_kwhp100.png,NA,NA,NA,NA,NA,NA,Faulty
PHEVAvgConsBlinking_40pt0_kwhp100_ON.png,toCheck_100006_00431s_PHEVAvgConsBlinking_40pt0_kwhp100_ON.png,NA,NA,NA,NA,NA,NA,Faulty
PHEVAvgConsBlinking_40pt0_kwhp100_OFF.png,toCheck_100006_00436s_PHEVAvgConsBlinking_40pt0_kwhp100_OFF.png,NA,NA,NA,NA,NA,NA,Faulty
PHEVAvgConsBlinking_40pt0_kwhp100_ON.png,toCheck_100006_00441s_PHEVAvgConsBlinking_40pt0_kwhp100_ON.png,NA,NA,NA,NA,NA,NA,Faulty
PHEVAvgConsBlinking_40pt0_kwhp100_OFF.png,toCheck_100006_00446s_PHEVAvgConsBlinking_40pt0_kwhp100_OFF.png,NA,NA,NA,NA,NA,NA,Faulty
EVAvgCons_20pt0_kmpkwh_ON.png,toCheck_100010_00443s_EVAvgCons_20pt0_kmpkwh_ON.png,NA,NA,NA,NA,NA,NA,Faulty
EVAvgCons_20pt0_kmpkwh_OFF.png,toCheck_100010_00448s_EVAvgCons_20pt0_kmpkwh_OFF.png,NA,NA,NA,NA,NA,NA,Faulty
EVAvgCons_20pt0_kmpkwh_ON.png,toCheck_100010_00453s_EVAvgCons_20pt0_kmpkwh_ON.png,NA,NA,NA,NA,NA,NA,Faulty
EVAvgCons_20pt0_kmpkwh_OFF.png,toCheck_100010_00458s_EVAvgCons_20pt0_kmpkwh_OFF.png,NA,NA,NA,NA,NA,NA,Faulty
EVAvgCons_40pt0_kwhp100_ON.png,toCheck_100011_00443s_EVAvgCons_40pt0_kwhp100_ON.png,NA,NA,NA,NA,NA,NA,Faulty
EVAvgCons_40pt0_kwhp100_OFF.png,toCheck_100011_00448s_EVAvgCons_40pt0_kwhp100_OFF.png,NA,NA,NA,NA,NA,NA,Faulty
EVAvgCons_40pt0_kwhp100_ON.png,toCheck_100011_00453s_EVAvgCons_40pt0_kwhp100_ON.png,NA,NA,NA,NA,NA,NA,Faulty
EVAvgCons_40pt0_kwhp100_OFF.png,toCheck_100011_00458s_EVAvgCons_40pt0_kwhp100_OFF.png,NA,NA,NA,NA,NA,NA,Faulty
AvgCons_INV_lp100KM.png,toCheck_100019_27671s_AvgCons_INV_lp100KM.png,NA,NA,NA,NA,NA,NA,Faulty
PHEVAvgCons_20pt0_kmpkwh.png,toCheck_100020_00416s_PHEVAvgCons_20pt0_kmpkwh.png,NA,NA,NA,NA,NA,NA,Faulty
PHEVAvgConsBlinking_20pt0_kmpkwh_ON.png,toCheck_100020_00431s_PHEVAvgConsBlinking_20pt0_kmpkwh_ON.png,NA,NA,NA,NA,NA,NA,Faulty
PHEVAvgConsBlinking_20pt0_kmpkwh_OFF.png,toCheck_100020_00436s_PHEVAvgConsBlinking_20pt0_kmpkwh_OFF.png,NA,NA,NA,NA,NA,NA,Faulty
PHEVAvgConsBlinking_20pt0_kmpkwh_ON.png,toCheck_100020_00441s_PHEVAvgConsBlinking_20pt0_kmpkwh_ON.png,NA,NA,NA,NA,NA,NA,Faulty
PHEVAvgConsBlinking_20pt0_kmpkwh_OFF.png,toCheck_100020_00446s_PHEVAvgConsBlinking_20pt0_kmpkwh_OFF.png,NA,NA,NA,NA,NA,NA,Faulty
PHEVAvgCons_40pt0_kwhp100.png,toCheck_100021_00416s_PHEVAvgCons_40pt0_kwhp100.png,NA,NA,NA,NA,NA,NA,Faulty
PHEVAvgConsBlinking_40pt0_kwhp100_ON.png,toCheck_100021_00431s_PHEVAvgConsBlinking_40pt0_kwhp100_ON.png,NA,NA,NA,NA,NA,NA,Faulty
PHEVAvgConsBlinking_40pt0_kwhp100_OFF.png,toCheck_100021_00436s_PHEVAvgConsBlinking_40pt0_kwhp100_OFF.png,NA,NA,NA,NA,NA,NA,Faulty
PHEVAvgConsBlinking_40pt0_kwhp100_ON.png,toCheck_100021_00441s_PHEVAvgConsBlinking_40pt0_kwhp100_ON.png,NA,NA,NA,NA,NA,NA,Faulty
PHEVAvgConsBlinking_40pt0_kwhp100_OFF.png,toCheck_100021_00446s_PHEVAvgConsBlinking_40pt0_kwhp100_OFF.png,NA,NA,NA,NA,NA,NA,Faulty
PHEVInstCons_5p0_kmpkwh.png,toCheck_100024_00416s_PHEVInstCons_5p0_kmpkwh.png,NA,NA,NA,NA,NA,NA,Faulty
PHEVAvg10p0Inst7p8kmpkwh.png,toCheck_100025_00519s_PHEVAvg10p0Inst7p8kmpkwh.png,NA,NA,NA,NA,NA,NA,Faulty
PHEVAvg10p0Inst7p8kmpkwh.png,toCheck_100027_00494s_PHEVAvg10p0Inst7p8kmpkwh.png,NA,NA,NA,NA,NA,NA,Faulty
PHEVAvgCons_20pt0_kmpkwh.png,toCheck_100029_00416s_PHEVAvgCons_20pt0_kmpkwh.png,NA,NA,NA,NA,NA,NA,Faulty
PHEVAvgConsBlinking_20pt0_kmpkwh_ON.png,toCheck_100029_00431s_PHEVAvgConsBlinking_20pt0_kmpkwh_ON.png,NA,NA,NA,NA,NA,NA,Faulty
PHEVAvgConsBlinking_20pt0_kmpkwh_OFF.png,toCheck_100029_00436s_PHEVAvgConsBlinking_20pt0_kmpkwh_OFF.png,NA,NA,NA,NA,NA,NA,Faulty
PHEVAvgConsBlinking_20pt0_kmpkwh_ON.png,toCheck_100029_00441s_PHEVAvgConsBlinking_20pt0_kmpkwh_ON.png,NA,NA,NA,NA,NA,NA,Faulty
PHEVAvgConsBlinking_20pt0_kmpkwh_OFF.png,toCheck_100029_00446s_PHEVAvgConsBlinking_20pt0_kmpkwh_OFF.png,NA,NA,NA,NA,NA,NA,Faulty
AvgCons_18p4_Inst_17p5_mpg.png,toCheck_100030_02598s_AvgCons_18p4_Inst_17p5_mpg.png,NA,NA,NA,NA,NA,NA,Faulty
AvgCons_15p3_Inst_14p6_mpg.png,toCheck_100031_02598s_AvgCons_15p3_Inst_14p6_mpg.png,NA,NA,NA,NA,NA,NA,Faulty
PHEVInstCons_2p8_kmpkwh.png,toCheck_100036_00416s_PHEVInstCons_2p8_kmpkwh.png,NA,NA,NA,NA,NA,NA,Faulty
PHEVAvgCons_INV_kwhp100.png,toCheck_100037_01166s_PHEVAvgCons_INV_kwhp100.png,NA,NA,NA,NA,NA,NA,Faulty
PHEVInstCons_2p8_kwhp100.png,toCheck_100037_00416s_PHEVInstCons_2p8_kwhp100.png,NA,NA,NA,NA,NA,NA,Faulty
TCI_AUTO_690_KM.png,toCheck_100047_00363s_TCI_AUTO_690_KM.png,NA,NA,NA,NA,NA,NA,Faulty
TCI_AUTO_690_KM.png,toCheck_100049_00363s_TCI_AUTO_690_KM.png,NA,NA,NA,NA,NA,NA,Faulty
PHEV_AvgCons_Inval_KMPKWH.png,toCheck_100068_00601s_PHEV_AvgCons_Inval_KMPKWH.png,NA,NA,NA,NA,NA,NA,Faulty
PHEV_AvgCons_Inval_KMPKWH.png,toCheck_100068_00606s_PHEV_AvgCons_Inval_KMPKWH.png,NA,NA,NA,NA,NA,NA,Faulty
PHEV_AvgCons_Inval_KMPKWH.png,toCheck_100068_00611s_PHEV_AvgCons_Inval_KMPKWH.png,NA,NA,NA,NA,NA,NA,Faulty
NO_ALERT.png,toCheck_100070_00581s_NO_ALERT.png,NA,NA,NA,NA,NA,NA,Faulty
FULL_ALTIA_WAKEUP_ZEV.png,toCheck_100070_00699s_FULL_ALTIA_WAKEUP_ZEV.png,NA,NA,NA,NA,NA,NA,Faulty
NO_ALERT.png,toCheck_100070_00709s_NO_ALERT.png,NA,NA,NA,NA,NA,NA,Faulty
TCI_AUTO_100_KM.png,toCheck_100070_00709s_TCI_AUTO_100_KM.png,NA,NA,NA,NA,NA,NA,Faulty
NO_ALERT.png,toCheck_100070_00904s_NO_ALERT.png,NA,NA,NA,NA,NA,NA,Faulty
NO_ALERT.png,toCheck_100070_00917s_NO_ALERT.png,NA,NA,NA,NA,NA,NA,Faulty
FULL_ALTIA_WAKEUP_ZEV.png,toCheck_100070_01035s_FULL_ALTIA_WAKEUP_ZEV.png,NA,NA,NA,NA,NA,NA,Faulty
NO_ALERT.png,toCheck_100070_01045s_NO_ALERT.png,NA,NA,NA,NA,NA,NA,Faulty
TXTALT_10202_1_FR.png,toCheck_100070_01222s_TXTALT_10202_1_FR.png,NA,NA,NA,NA,NA,NA,Faulty
TLT_SERV_OFF.png,toCheck_100070_01222s_TLT_SERV_OFF.png,NA,NA,NA,NA,NA,NA,Faulty
TCI_AUTO_INV_KM.png,toCheck_100070_01222s_TCI_AUTO_INV_KM.png,NA,NA,NA,NA,NA,NA,Faulty
NO_ALERT.png,toCheck_100070_01235s_NO_ALERT.png,NA,NA,NA,NA,NA,NA,Faulty
TCI_AUTO_Lowfuel_INV_KM.png,toCheck_100070_01235s_TCI_AUTO_Lowfuel_INV_KM.png,NA,NA,NA,NA,NA,NA,Faulty
TXTALT_10202_1_FR.png,toCheck_100070_01363s_TXTALT_10202_1_FR.png,NA,NA,NA,NA,NA,NA,Faulty
TCI_AUTO_Lowfuel_INV_KM.png,toCheck_100070_01363s_TCI_AUTO_Lowfuel_INV_KM.png,NA,NA,NA,NA,NA,NA,Faulty
NO_ALERT.png,toCheck_100070_01558s_NO_ALERT.png,NA,NA,NA,NA,NA,NA,Faulty
TLT_SERV_OFF.png,toCheck_100070_01558s_TLT_SERV_OFF.png,NA,NA,NA,NA,NA,NA,Faulty
TCI_AUTO_100_KM.png,toCheck_100070_01558s_TCI_AUTO_100_KM.png,NA,NA,NA,NA,NA,NA,Faulty
NO_ALERT.png,toCheck_100070_01571s_NO_ALERT.png,NA,NA,NA,NA,NA,NA,Faulty
NO_ALERT.png,toCheck_100070_00373s_NO_ALERT.png,NA,NA,NA,NA,NA,NA,Faulty
TCI_AUTO_690_KM.png,toCheck_100070_00373s_TCI_AUTO_690_KM.png,NA,NA,NA,NA,NA,NA,Faulty
NO_ALERT.png,toCheck_100070_00568s_NO_ALERT.png,NA,NA,NA,NA,NA,NA,Faulty
TLT_SERV_OFF.png,toCheck_100070_00568s_TLT_SERV_OFF.png,NA,NA,NA,NA,NA,NA,Faulty
TCI_AUTO_100_KM.png,toCheck_100070_00568s_TCI_AUTO_100_KM.png,NA,NA,NA,NA,NA,NA,Faulty
TCI_AUTO_100_KM.png,toCheck_100074_00563s_TCI_AUTO_100_KM.png,NA,NA,NA,NA,NA,NA,Faulty
NO_ALERT.png,toCheck_100074_00576s_NO_ALERT.png,NA,NA,NA,NA,NA,NA,Faulty
APC_ON_TXTALT_10203_32_FR.png,toCheck_100074_00694s_APC_ON_TXTALT_10203_32_FR.png,NA,NA,NA,NA,NA,NA,Faulty
TCI_AUTO_100_KM.png,toCheck_100074_00704s_TCI_AUTO_100_KM.png,NA,NA,NA,NA,NA,NA,Faulty
NO_ALERT.png,toCheck_100074_00912s_NO_ALERT.png,NA,NA,NA,NA,NA,NA,Faulty
TXTALT_10202_1_FR.png,toCheck_100074_01217s_TXTALT_10202_1_FR.png,NA,NA,NA,NA,NA,NA,Faulty
TLT_SERV_OFF.png,toCheck_100074_01217s_TLT_SERV_OFF.png,NA,NA,NA,NA,NA,NA,Faulty
NO_ALERT.png,toCheck_100074_01230s_NO_ALERT.png,NA,NA,NA,NA,NA,NA,Faulty
TXTALT_10202_1_FR.png,toCheck_100074_01358s_TXTALT_10202_1_FR.png,NA,NA,NA,NA,NA,NA,Faulty
BUZ_08_OFF.png,toCheck_100074_01553s_BUZ_08_OFF.png,NA,NA,NA,NA,NA,NA,Faulty
TLT_SERV_OFF.png,toCheck_100074_01553s_TLT_SERV_OFF.png,NA,NA,NA,NA,NA,NA,Faulty
TCI_AUTO_100_KM.png,toCheck_100074_01553s_TCI_AUTO_100_KM.png,NA,NA,NA,NA,NA,NA,Faulty
NO_ALERT.png,toCheck_100074_01566s_NO_ALERT.png,NA,NA,NA,NA,NA,NA,Faulty
NO_ALERT.png,toCheck_100074_00368s_NO_ALERT.png,NA,NA,NA,NA,NA,NA,Faulty
TCI_AUTO_690_KM.png,toCheck_100074_00368s_TCI_AUTO_690_KM.png,NA,NA,NA,NA,NA,NA,Faulty
TLT_SERV_OFF.png,toCheck_100074_00563s_TLT_SERV_OFF.png,NA,NA,NA,NA,NA,NA,Faulty
TCI_AUTO_690_KM.png,toCheck_100077_00363s_TCI_AUTO_690_KM.png,NA,NA,NA,NA,NA,NA,Faulty
TCI_AUTO_690_KM.png,toCheck_100079_00386s_TCI_AUTO_690_KM.png,NA,NA,NA,NA,NA,NA,Faulty
TCI_AUTO_690_KM.png,toCheck_100079_00391s_TCI_AUTO_690_KM.png,NA,NA,NA,NA,NA,NA,Faulty
TCI_AUTO_690_KM.png,toCheck_100079_00396s_TCI_AUTO_690_KM.png,NA,NA,NA,NA,NA,NA,Faulty
TCI_AUTO_690_KM.png,toCheck_100079_00401s_TCI_AUTO_690_KM.png,NA,NA,NA,NA,NA,NA,Faulty
TCI_AUTO_690_KM.png,toCheck_100080_00363s_TCI_AUTO_690_KM.png,NA,NA,NA,NA,NA,NA,Faulty
TripDist_10_KM_ON.png,toCheck_100090_01101s_TripDist_10_KM_ON.png,NA,NA,NA,NA,NA,NA,Faulty
TripDist_10_KM_OFF.png,toCheck_100090_01106s_TripDist_10_KM_OFF.png,NA,NA,NA,NA,NA,NA,Faulty
TripDist_10_KM_ON.png,toCheck_100090_01111s_TripDist_10_KM_ON.png,NA,NA,NA,NA,NA,NA,Faulty
TripDist_10_KM_OFF.png,toCheck_100090_01116s_TripDist_10_KM_OFF.png,NA,NA,NA,NA,NA,NA,Faulty
FULL_ALTIA_WAKEUP_MMI_ZEV_INV_TRIP.png,toCheck_100100_01517s_FULL_ALTIA_WAKEUP_MMI_ZEV_INV_TRIP.png,NA,NA,NA,NA,NA,NA,Faulty
TCI_ODO_10_TRIP_10_KM_OFF.png,toCheck_100104_01096s_TCI_ODO_10_TRIP_10_KM_OFF.png,NA,NA,NA,NA,NA,NA,Faulty
TCI_ODO_10_TRIP_10_KM_ON.png,toCheck_100104_01101s_TCI_ODO_10_TRIP_10_KM_ON.png,NA,NA,NA,NA,NA,NA,Faulty
TCI_ODO_10_TRIP_10_KM_OFF.png,toCheck_100104_01106s_TCI_ODO_10_TRIP_10_KM_OFF.png,NA,NA,NA,NA,NA,NA,Faulty
TCI_ODO_10_TRIP_10_KM_ON.png,toCheck_100104_01111s_TCI_ODO_10_TRIP_10_KM_ON.png,NA,NA,NA,NA,NA,NA,Faulty
TLT_LEVELLING_3.png,toCheck_100000_00653s_TLT_LEVELLING_3.png,NA,NA,NA,NA,NA,NA,Faulty
TLT_LEVELLING_1.png,toCheck_100000_00503s_TLT_LEVELLING_1.png,NA,NA,NA,NA,NA,NA,Faulty
TLT_LEVELLING_OFF.png,toCheck_100000_00513s_TLT_LEVELLING_OFF.png,NA,NA,NA,NA,NA,NA,Faulty
TLT_LEVELLING_OFF.png,toCheck_100000_00518s_TLT_LEVELLING_OFF.png,NA,NA,NA,NA,NA,NA,Faulty
TLT_LEVELLING_4.png,toCheck_100000_00523s_TLT_LEVELLING_4.png,NA,NA,NA,NA,NA,NA,Faulty
TLT_LEVELLING_OFF.png,toCheck_100000_00633s_TLT_LEVELLING_OFF.png,NA,NA,NA,NA,NA,NA,Faulty
TLT_LEVELLING_OFF.png,toCheck_100000_00643s_TLT_LEVELLING_OFF.png,NA,NA,NA,NA,NA,NA,Faulty
TLT_LEVELLING_1.png,toCheck_100001_00503s_TLT_LEVELLING_1.png,NA,NA,NA,NA,NA,NA,Faulty
TLT_LEVELLING_OFF.png,toCheck_100001_00513s_TLT_LEVELLING_OFF.png,NA,NA,NA,NA,NA,NA,Faulty
TLT_LEVELLING_OFF.png,toCheck_100001_00518s_TLT_LEVELLING_OFF.png,NA,NA,NA,NA,NA,NA,Faulty
TLT_LEVELLING_4.png,toCheck_100001_00523s_TLT_LEVELLING_4.png,NA,NA,NA,NA,NA,NA,Faulty
TLT_LEVELLING_0_down.png,toCheck_100001_00528s_TLT_LEVELLING_0_down.png,NA,NA,NA,NA,NA,NA,Faulty
TLT_LEVELLING_1.png,toCheck_100002_00193s_TLT_LEVELLING_1.png,NA,NA,NA,NA,NA,NA,Faulty
TLT_LEVELLING_2.png,toCheck_100002_00198s_TLT_LEVELLING_2.png,NA,NA,NA,NA,NA,NA,Faulty
TLT_HBEAM_OFF.png,toCheck_100002_00203s_TLT_HBEAM_OFF.png,NA,NA,NA,NA,NA,NA,Faulty
TLT_LEVELLING_OFF.png,toCheck_100002_00208s_TLT_LEVELLING_OFF.png,NA,NA,NA,NA,NA,NA,Faulty
RESTORE_LEVELLING.png,toCheck_100002_00336s_RESTORE_LEVELLING.png,NA,NA,NA,NA,NA,NA,Faulty
TLT_LEVELLING_OFF.png,toCheck_100002_00341s_TLT_LEVELLING_OFF.png,NA,NA,NA,NA,NA,NA,Faulty
Powermeter_PowerMode_EV.png,toCheck_100004_00470s_Powermeter_PowerMode_EV.png,NA,NA,NA,NA,NA,NA,Faulty
Powermeter_PowerMode_HEV.png,toCheck_100006_00473s_Powermeter_PowerMode_HEV.png,NA,NA,NA,NA,NA,NA,Faulty
FULL_ALTIA_WAKEUP_HEV.png,toCheck_100007_00356s_FULL_ALTIA_WAKEUP_HEV.png,NA,NA,NA,NA,NA,NA,Faulty
Powermeter_PowerMode_PHEV.png,toCheck_100008_00490s_Powermeter_PowerMode_PHEV.png,NA,NA,NA,NA,NA,NA,Faulty
NO_ALERT.png,toCheck_100001_06968s_NO_ALERT.png,NA,NA,NA,NA,NA,NA,Faulty
NO_ALERT.png,toCheck_100001_09342s_NO_ALERT.png,NA,NA,NA,NA,NA,NA,Faulty
NO_ALERT.png,toCheck_100002_06966s_NO_ALERT.png,NA,NA,NA,NA,NA,NA,Faulty
NO_ALERT.png,toCheck_100003_06978s_NO_ALERT.png,NA,NA,NA,NA,NA,NA,Faulty
NO_ALERT.png,toCheck_100004_06976s_NO_ALERT.png,NA,NA,NA,NA,NA,NA,Faulty
NO_ALERT.png,toCheck_100005_06976s_NO_ALERT.png,NA,NA,NA,NA,NA,NA,Faulty
NO_ALERT.png,toCheck_100006_06966s_NO_ALERT.png,NA,NA,NA,NA,NA,NA,Faulty
NO_ALERT.png,toCheck_100006_08128s_NO_ALERT.png,NA,NA,NA,NA,NA,NA,Faulty
TLT_STOP_OFF.png,toCheck_100003_00335s_TLT_STOP_OFF.png,NA,NA,NA,NA,NA,NA,Faulty
TLT_STOP_OFF.png,toCheck_100003_00340s_TLT_STOP_OFF.png,NA,NA,NA,NA,NA,NA,Faulty
TLT_STOP_OFF.png,toCheck_100003_00345s_TLT_STOP_OFF.png,NA,NA,NA,NA,NA,NA,Faulty
TLT_STOP_OFF.png,toCheck_100003_00350s_TLT_STOP_OFF.png,NA,NA,NA,NA,NA,NA,Faulty
TLT_STOP_OFF.png,toCheck_100003_00355s_TLT_STOP_OFF.png,NA,NA,NA,NA,NA,NA,Faulty
TLT_STOP_OFF.png,toCheck_100003_00360s_TLT_STOP_OFF.png,NA,NA,NA,NA,NA,NA,Faulty
ADAS_TRGT_GRY_SHORT_L1GRY.png,toCheck_100005_00325s_ADAS_TRGT_GRY_SHORT_L1GRY.png,NA,NA,NA,NA,NA,NA,Faulty
ADAS_TRGT_GRY_MID_L2GRY.png,toCheck_100005_00330s_ADAS_TRGT_GRY_MID_L2GRY.png,NA,NA,NA,NA,NA,NA,Faulty
ADAS_TRGT_GRY_REG_L3GRY.png,toCheck_100007_00320s_ADAS_TRGT_GRY_REG_L3GRY.png,NA,NA,NA,NA,NA,NA,Faulty
ADAS_TRGT_GRY_FAR_L4GRY.png,toCheck_100007_00325s_ADAS_TRGT_GRY_FAR_L4GRY.png,NA,NA,NA,NA,NA,NA,Faulty
ADAS_TRGT_NODISP.png,toCheck_100007_00330s_ADAS_TRGT_NODISP.png,NA,NA,NA,NA,NA,NA,Faulty
ADAS_TRGT_NODISP.png,toCheck_100008_00758s_ADAS_TRGT_NODISP.png,NA,NA,NA,NA,NA,NA,Faulty
ADAS_TRGT_NODISP.png,toCheck_100008_00483s_ADAS_TRGT_NODISP.png,NA,NA,NA,NA,NA,NA,Faulty
ADAS_TRGT_NODISP.png,toCheck_100009_00548s_ADAS_TRGT_NODISP.png,NA,NA,NA,NA,NA,NA,Faulty
ADAS_TRGT_NODISP.png,toCheck_100009_00623s_ADAS_TRGT_NODISP.png,NA,NA,NA,NA,NA,NA,Faulty
ADAS_TRGT_NODISP.png,toCheck_100009_00483s_ADAS_TRGT_NODISP.png,NA,NA,NA,NA,NA,NA,Faulty
ADAS_TRGT_NODISP.png,toCheck_100010_00758s_ADAS_TRGT_NODISP.png,NA,NA,NA,NA,NA,NA,Faulty
ADAS_TRGT_NODISP.png,toCheck_100010_00483s_ADAS_TRGT_NODISP.png,NA,NA,NA,NA,NA,NA,Faulty
ADAS_SPD_70KMPH_ACC_GRY_ACTV_NoLColor_70.png,toCheck_100011_00488s_ADAS_SPD_70KMPH_ACC_GRY_ACTV_NoLColor_70.png,NA,NA,NA,NA,NA,NA,Faulty
ACC_GRY_ACTV_NOLCOLOR_65KMPH.png,toCheck_100011_00493s_ACC_GRY_ACTV_NOLCOLOR_65KMPH.png,NA,NA,NA,NA,NA,NA,Faulty
ACC_GRY_ACTV_NOLCOLOR_75KMPH.png,toCheck_100011_00516s_ACC_GRY_ACTV_NOLCOLOR_75KMPH.png,NA,NA,NA,NA,NA,NA,Faulty
ACC_GRY_WAIT_NOCOLOR_SQ75KMPH.png,toCheck_100011_00539s_ACC_GRY_WAIT_NOCOLOR_SQ75KMPH.png,NA,NA,NA,NA,NA,NA,Faulty
ADAS_TRGT_NODISP.png,toCheck_100011_00539s_ADAS_TRGT_NODISP.png,NA,NA,NA,NA,NA,NA,Faulty
ACC_GRY_ACTV_NOLCOLOR_75KMPH.png,toCheck_100011_00544s_ACC_GRY_ACTV_NOLCOLOR_75KMPH.png,NA,NA,NA,NA,NA,NA,Faulty
ADAS_TRGT_NODISP.png,toCheck_100011_00544s_ADAS_TRGT_NODISP.png,NA,NA,NA,NA,NA,NA,Faulty
ACC_GRY_WAIT_NOCOLOR_SQ75KMPH.png,toCheck_100011_00549s_ACC_GRY_WAIT_NOCOLOR_SQ75KMPH.png,NA,NA,NA,NA,NA,NA,Faulty
ADAS_TRGT_NODISP.png,toCheck_100011_00549s_ADAS_TRGT_NODISP.png,NA,NA,NA,NA,NA,NA,Faulty
ACC_GRY_WAIT_NOCOLOR_SQ80KMPH.png,toCheck_100011_00554s_ACC_GRY_WAIT_NOCOLOR_SQ80KMPH.png,NA,NA,NA,NA,NA,NA,Faulty
ACC_GRY_ACTV_NOLCOLOR_75KMPH.png,toCheck_100011_00559s_ACC_GRY_ACTV_NOLCOLOR_75KMPH.png,NA,NA,NA,NA,NA,NA,Faulty
ACC_GRY_ACTV_NOLCOLOR_75KMPH_ON.png,toCheck_100011_00567s_ACC_GRY_ACTV_NOLCOLOR_75KMPH_ON.png,NA,NA,NA,NA,NA,NA,Faulty
ACC_GRY_ACTV_NOLCOLOR_75KMPH_OFF.png,toCheck_100011_00572s_ACC_GRY_ACTV_NOLCOLOR_75KMPH_OFF.png,NA,NA,NA,NA,NA,NA,Faulty
ACC_GRY_ACTV_NOLCOLOR_75KMPH.png,toCheck_100011_00582s_ACC_GRY_ACTV_NOLCOLOR_75KMPH.png,NA,NA,NA,NA,NA,NA,Faulty
ACC_GRY_ACTV_NOCOLOR_50KMPH.png,toCheck_100011_00592s_ACC_GRY_ACTV_NOCOLOR_50KMPH.png,NA,NA,NA,NA,NA,NA,Faulty
ADAS_TRGT_NODISP_20603_21.png,toCheck_100011_00428s_ADAS_TRGT_NODISP_20603_21.png,NA,NA,NA,NA,NA,NA,Faulty
ADAS_TRGT_NODISP.png,toCheck_100011_00488s_ADAS_TRGT_NODISP.png,NA,NA,NA,NA,NA,NA,Faulty
ADAS_TRGT_NODISP_20603_21.png,toCheck_100012_00250s_ADAS_TRGT_NODISP_20603_21.png,NA,NA,NA,NA,NA,NA,Faulty
ADAS_TRGT_NODISP.png,toCheck_100013_00330s_ADAS_TRGT_NODISP.png,NA,NA,NA,NA,NA,NA,Faulty
ACC_GRY_ACTV_NOCOLOR_INVKMPH_ON.png,toCheck_100013_00335s_ACC_GRY_ACTV_NOCOLOR_INVKMPH_ON.png,NA,NA,NA,NA,NA,NA,Faulty
ACC_GRY_ACTV_NOCOLOR_INVKMPH_OFF.png,toCheck_100013_00340s_ACC_GRY_ACTV_NOCOLOR_INVKMPH_OFF.png,NA,NA,NA,NA,NA,NA,Faulty
ACC_GRY_WAIT_NOLCOLOR_INVKMPH_ON.png,toCheck_100013_00360s_ACC_GRY_WAIT_NOLCOLOR_INVKMPH_ON.png,NA,NA,NA,NA,NA,NA,Faulty
ACC_GRY_WAIT_NOLCOLOR_INVKMPH_OFF.png,toCheck_100013_00365s_ACC_GRY_WAIT_NOLCOLOR_INVKMPH_OFF.png,NA,NA,NA,NA,NA,NA,Faulty
ADAS_TRGT_NODISP.png,toCheck_100013_00390s_ADAS_TRGT_NODISP.png,NA,NA,NA,NA,NA,NA,Faulty
ACC_GRY_WAIT_NOLCOLOR_INVKMPH_ON.png,toCheck_100013_00255s_ACC_GRY_WAIT_NOLCOLOR_INVKMPH_ON.png,NA,NA,NA,NA,NA,NA,Faulty
ACC_GRY_WAIT_NOLCOLOR_INVKMPH_OFF.png,toCheck_100013_00260s_ACC_GRY_WAIT_NOLCOLOR_INVKMPH_OFF.png,NA,NA,NA,NA,NA,NA,Faulty
ADAS_TRGT__NODISP_WOCP.png,toCheck_100014_00336s_ADAS_TRGT__NODISP_WOCP.png,NA,NA,NA,NA,NA,NA,Faulty
ADAS_TRGT__NODISP_WOCP.png,toCheck_100014_00396s_ADAS_TRGT__NODISP_WOCP.png,NA,NA,NA,NA,NA,NA,Faulty
ADAS_OSPZONE1_NODISPLAY.png,toCheck_100015_00339s_ADAS_OSPZONE1_NODISPLAY.png,NA,NA,NA,NA,NA,NA,Faulty
ADAS_OSPZONE1_NODISPLAY.png,toCheck_100016_00492s_ADAS_OSPZONE1_NODISPLAY.png,NA,NA,NA,NA,NA,NA,Faulty
CC_GRY_INV.png,toCheck_100017_00246s_CC_GRY_INV.png,NA,NA,NA,NA,NA,NA,Faulty
SL_WHT_SPDINV_YEL_KMPH_ON.png,toCheck_100017_00221s_SL_WHT_SPDINV_YEL_KMPH_ON.png,NA,NA,NA,NA,NA,NA,Faulty
SL_WHT_SPDINV_YEL_KMPH_OFF.png,toCheck_100017_00226s_SL_WHT_SPDINV_YEL_KMPH_OFF.png,NA,NA,NA,NA,NA,NA,Faulty
CC_GRY_INV.png,toCheck_100018_00208s_CC_GRY_INV.png,NA,NA,NA,NA,NA,NA,Faulty
CC_GRY_INV.png,toCheck_100019_00216s_CC_GRY_INV.png,NA,NA,NA,NA,NA,NA,Faulty
NO_ALERT.png,toCheck_100020_00248s_NO_ALERT.png,NA,NA,NA,NA,NA,NA,Faulty
CC_GRY_INV.png,toCheck_100020_00253s_CC_GRY_INV.png,NA,NA,NA,NA,NA,NA,Faulty
CC_GRY_INV.png,toCheck_100020_00258s_CC_GRY_INV.png,NA,NA,NA,NA,NA,NA,Faulty
NO_ALERT.png,toCheck_100020_00258s_NO_ALERT.png,NA,NA,NA,NA,NA,NA,Faulty
NO_ALERT.png,toCheck_100020_00295s_NO_ALERT.png,NA,NA,NA,NA,NA,NA,Faulty
NO_ALERT.png,toCheck_100020_00305s_NO_ALERT.png,NA,NA,NA,NA,NA,NA,Faulty
CC_GRY_INV.png,toCheck_100020_00320s_CC_GRY_INV.png,NA,NA,NA,NA,NA,NA,Faulty
CC_GRY_INV.png,toCheck_100020_00330s_CC_GRY_INV.png,NA,NA,NA,NA,NA,NA,Faulty
CC_GRY_INV.png,toCheck_100020_00348s_CC_GRY_INV.png,NA,NA,NA,NA,NA,NA,Faulty
NO_ALERT.png,toCheck_100020_00348s_NO_ALERT.png,NA,NA,NA,NA,NA,NA,Faulty
CC_GRY_INV.png,toCheck_100020_00353s_CC_GRY_INV.png,NA,NA,NA,NA,NA,NA,Faulty
CC_GRY_INV.png,toCheck_100020_00358s_CC_GRY_INV.png,NA,NA,NA,NA,NA,NA,Faulty
NO_ALERT.png,toCheck_100020_00358s_NO_ALERT.png,NA,NA,NA,NA,NA,NA,Faulty
CC_GRY_INV.png,toCheck_100020_00208s_CC_GRY_INV.png,NA,NA,NA,NA,NA,NA,Faulty
CC_GRY_INV.png,toCheck_100020_00225s_CC_GRY_INV.png,NA,NA,NA,NA,NA,NA,Faulty
NO_ALERT.png,toCheck_100020_00225s_NO_ALERT.png,NA,NA,NA,NA,NA,NA,Faulty
CC_GRY_INV.png,toCheck_100020_00230s_CC_GRY_INV.png,NA,NA,NA,NA,NA,NA,Faulty
CC_GRY_INV.png,toCheck_100020_00248s_CC_GRY_INV.png,NA,NA,NA,NA,NA,NA,Faulty
CC_GRY_INV.png,toCheck_100021_00211s_CC_GRY_INV.png,NA,NA,NA,NA,NA,NA,Faulty
TLT_SERV_OFF.png,toCheck_100022_00291s_TLT_SERV_OFF.png,NA,NA,NA,NA,NA,NA,Faulty
TLT_STOP_OFF.png,toCheck_100022_00291s_TLT_STOP_OFF.png,NA,NA,NA,NA,NA,NA,Faulty
ADAS_TRGT_NODISP.png,toCheck_100022_00296s_ADAS_TRGT_NODISP.png,NA,NA,NA,NA,NA,NA,Faulty
ADAS_TRGT_NODISP.png,toCheck_100022_00380s_ADAS_TRGT_NODISP.png,NA,NA,NA,NA,NA,NA,Faulty
TXTALT_20601_10_FR_ADAS_LAYOUT.png,toCheck_100022_00258s_TXTALT_20601_10_FR_ADAS_LAYOUT.png,NA,NA,NA,NA,NA,NA,Faulty
ADAS_OSPZONE1_70_ADAS_LY.png,toCheck_100023_00680s_ADAS_OSPZONE1_70_ADAS_LY.png,NA,NA,NA,NA,NA,NA,Faulty
ADAS_OSPZONE1_70_ADAS_LY.png,toCheck_100023_00750s_ADAS_OSPZONE1_70_ADAS_LY.png,NA,NA,NA,NA,NA,NA,Faulty
ADAS_OSPZONE1_70_ADAS_LY.png,toCheck_100023_00820s_ADAS_OSPZONE1_70_ADAS_LY.png,NA,NA,NA,NA,NA,NA,Faulty
ADAS_OSPZONE1_70_ADAS_LY.png,toCheck_100023_00890s_ADAS_OSPZONE1_70_ADAS_LY.png,NA,NA,NA,NA,NA,NA,Faulty
ADAS_OSPZONE1_70_ADAS_LY.png,toCheck_100023_01080s_ADAS_OSPZONE1_70_ADAS_LY.png,NA,NA,NA,NA,NA,NA,Faulty
ADAS_OSPZONE1_70_ADAS_LY.png,toCheck_100023_00640s_ADAS_OSPZONE1_70_ADAS_LY.png,NA,NA,NA,NA,NA,NA,Faulty
ADAS_OSPZONE1_70_ADAS_LY.png,toCheck_100024_00585s_ADAS_OSPZONE1_70_ADAS_LY.png,NA,NA,NA,NA,NA,NA,Faulty
ADAS_OSPZONE1_70_ADAS_LY.png,toCheck_100024_00655s_ADAS_OSPZONE1_70_ADAS_LY.png,NA,NA,NA,NA,NA,NA,Faulty
ADAS_OSPZONE1_70_ADAS_LY.png,toCheck_100024_00725s_ADAS_OSPZONE1_70_ADAS_LY.png,NA,NA,NA,NA,NA,NA,Faulty
ADAS_OSPZONE1_70_ADAS_LY.png,toCheck_100024_00795s_ADAS_OSPZONE1_70_ADAS_LY.png,NA,NA,NA,NA,NA,NA,Faulty
ADAS_OSPZONE1_70_ADAS_LY.png,toCheck_100024_00830s_ADAS_OSPZONE1_70_ADAS_LY.png,NA,NA,NA,NA,NA,NA,Faulty
ADAS_OSPZONE1_70_ADAS_LY.png,toCheck_100024_00545s_ADAS_OSPZONE1_70_ADAS_LY.png,NA,NA,NA,NA,NA,NA,Faulty
ADAS_OSPZONE1_70_ADAS_LY.png,toCheck_100025_00600s_ADAS_OSPZONE1_70_ADAS_LY.png,NA,NA,NA,NA,NA,NA,Faulty
ADAS_OSPZONE1_70_ADAS_LY.png,toCheck_100025_00670s_ADAS_OSPZONE1_70_ADAS_LY.png,NA,NA,NA,NA,NA,NA,Faulty
ADAS_OSPZONE1_70_ADAS_LY.png,toCheck_100025_00740s_ADAS_OSPZONE1_70_ADAS_LY.png,NA,NA,NA,NA,NA,NA,Faulty
ADAS_OSPZONE1_70_ADAS_LY.png,toCheck_100025_00810s_ADAS_OSPZONE1_70_ADAS_LY.png,NA,NA,NA,NA,NA,NA,Faulty
ADAS_OSPZONE1_70_ADAS_LY.png,toCheck_100025_00880s_ADAS_OSPZONE1_70_ADAS_LY.png,NA,NA,NA,NA,NA,NA,Faulty
ADAS_OSPZONE1_70_ADAS_LY.png,toCheck_100025_00950s_ADAS_OSPZONE1_70_ADAS_LY.png,NA,NA,NA,NA,NA,NA,Faulty
ADAS_OSPZONE1_70_ADAS_LY.png,toCheck_100025_01020s_ADAS_OSPZONE1_70_ADAS_LY.png,NA,NA,NA,NA,NA,NA,Faulty
ADAS_OSPZONE1_70_ADAS_LY.png,toCheck_100025_01090s_ADAS_OSPZONE1_70_ADAS_LY.png,NA,NA,NA,NA,NA,NA,Faulty
ADAS_OSPZONE1_70_ADAS_LY.png,toCheck_100025_01160s_ADAS_OSPZONE1_70_ADAS_LY.png,NA,NA,NA,NA,NA,NA,Faulty
ADAS_OSPZONE1_70_ADAS_LY.png,toCheck_100025_01195s_ADAS_OSPZONE1_70_ADAS_LY.png,NA,NA,NA,NA,NA,NA,Faulty
ADAS_OSPZONE1_70_ADAS_LY.png,toCheck_100025_00490s_ADAS_OSPZONE1_70_ADAS_LY.png,NA,NA,NA,NA,NA,NA,Faulty
ADAS_OSPZONE1_70_ADAS_LY.png,toCheck_100025_00530s_ADAS_OSPZONE1_70_ADAS_LY.png,NA,NA,NA,NA,NA,NA,Faulty
ADAS_OSPZONE1_70_ADAS_LY.png,toCheck_100026_00585s_ADAS_OSPZONE1_70_ADAS_LY.png,NA,NA,NA,NA,NA,NA,Faulty
ADAS_OSPZONE1_70_ADAS_LY.png,toCheck_100026_00655s_ADAS_OSPZONE1_70_ADAS_LY.png,NA,NA,NA,NA,NA,NA,Faulty
ADAS_OSPZONE1_70_ADAS_LY.png,toCheck_100026_00725s_ADAS_OSPZONE1_70_ADAS_LY.png,NA,NA,NA,NA,NA,NA,Faulty
ADAS_OSPZONE1_70_ADAS_LY.png,toCheck_100026_00810s_ADAS_OSPZONE1_70_ADAS_LY.png,NA,NA,NA,NA,NA,NA,Faulty
ADAS_OSPZONE1_70_ADAS_LY.png,toCheck_100026_00815s_ADAS_OSPZONE1_70_ADAS_LY.png,NA,NA,NA,NA,NA,NA,Faulty
ADAS_OSPZONE1_70_ADAS_LY.png,toCheck_100026_00910s_ADAS_OSPZONE1_70_ADAS_LY.png,NA,NA,NA,NA,NA,NA,Faulty
ADAS_OSPZONE1_70_ADAS_LY.png,toCheck_100026_00545s_ADAS_OSPZONE1_70_ADAS_LY.png,NA,NA,NA,NA,NA,NA,Faulty
ADAS_OSPZONE1_70_ADAS_LY.png,toCheck_100027_00645s_ADAS_OSPZONE1_70_ADAS_LY.png,NA,NA,NA,NA,NA,NA,Faulty
ADAS_OSPZONE1_70_ADAS_LY.png,toCheck_100027_00710s_ADAS_OSPZONE1_70_ADAS_LY.png,NA,NA,NA,NA,NA,NA,Faulty
ADAS_OSPZONE1_90_ADAS_LY.png,toCheck_100027_00480s_ADAS_OSPZONE1_90_ADAS_LY.png,NA,NA,NA,NA,NA,NA,Faulty
ADAS_OSPZONE1_70_ADAS_LY.png,toCheck_100028_00655s_ADAS_OSPZONE1_70_ADAS_LY.png,NA,NA,NA,NA,NA,NA,Faulty
ADAS_OSPZONE1_70_ADAS_LY.png,toCheck_100028_00720s_ADAS_OSPZONE1_70_ADAS_LY.png,NA,NA,NA,NA,NA,NA,Faulty
ADAS_OSPZONE1_90_ADAS_LY.png,toCheck_100028_00480s_ADAS_OSPZONE1_90_ADAS_LY.png,NA,NA,NA,NA,NA,NA,Faulty
ADAS_OSPZONE1_90_ADAS_LY.png,toCheck_100029_00575s_ADAS_OSPZONE1_90_ADAS_LY.png,NA,NA,NA,NA,NA,NA,Faulty
ADAS_OSPZONE1_90_ADAS_LY.png,toCheck_100029_00480s_ADAS_OSPZONE1_90_ADAS_LY.png,NA,NA,NA,NA,NA,NA,Faulty
AEB_DANGER_RDSIGN_RED.png,toCheck_100030_00468s_AEB_DANGER_RDSIGN_RED.png,NA,NA,NA,NA,NA,NA,Faulty
TLT_SERV_OFF.png,toCheck_100030_00468s_TLT_SERV_OFF.png,NA,NA,NA,NA,NA,NA,Faulty
TLT_STOP_OFF.png,toCheck_100030_00468s_TLT_STOP_OFF.png,NA,NA,NA,NA,NA,NA,Faulty
TLT_SBSRED_ON.png,toCheck_100030_00468s_TLT_SBSRED_ON.png,NA,NA,NA,NA,NA,NA,Faulty
AEB_DANGER_RDSIGN_YEL.png,toCheck_100030_00473s_AEB_DANGER_RDSIGN_YEL.png,NA,NA,NA,NA,NA,NA,Faulty
ADAS_DW_NODISP.png,toCheck_100030_00488s_ADAS_DW_NODISP.png,NA,NA,NA,NA,NA,NA,Faulty
ADAS_TRGT_NODISP.png,toCheck_100032_00498s_ADAS_TRGT_NODISP.png,NA,NA,NA,NA,NA,NA,Faulty
AEB_DANGER_RDSIGN_RED.png,toCheck_100032_00508s_AEB_DANGER_RDSIGN_RED.png,NA,NA,NA,NA,NA,NA,Faulty
TLT_SERV_OFF.png,toCheck_100032_00508s_TLT_SERV_OFF.png,NA,NA,NA,NA,NA,NA,Faulty
TLT_STOP_OFF.png,toCheck_100032_00508s_TLT_STOP_OFF.png,NA,NA,NA,NA,NA,NA,Faulty
TLT_SBSRED_ON.png,toCheck_100032_00508s_TLT_SBSRED_ON.png,NA,NA,NA,NA,NA,NA,Faulty
ADAS_TRGT_NODISP_20603_21.png,toCheck_100032_00518s_ADAS_TRGT_NODISP_20603_21.png,NA,NA,NA,NA,NA,NA,Faulty
ADAS_TRGT_NODISP.png,toCheck_100032_00578s_ADAS_TRGT_NODISP.png,NA,NA,NA,NA,NA,NA,Faulty
AEB_DANGER_RDSIGN_RED.png,toCheck_100032_00583s_AEB_DANGER_RDSIGN_RED.png,NA,NA,NA,NA,NA,NA,Faulty
TLT_SERV_OFF.png,toCheck_100032_00583s_TLT_SERV_OFF.png,NA,NA,NA,NA,NA,NA,Faulty
TLT_STOP_OFF.png,toCheck_100032_00583s_TLT_STOP_OFF.png,NA,NA,NA,NA,NA,NA,Faulty
TLT_SBSRED_ON.png,toCheck_100032_00583s_TLT_SBSRED_ON.png,NA,NA,NA,NA,NA,NA,Faulty
ADAS_TRGT_NODISP.png,toCheck_100032_00588s_ADAS_TRGT_NODISP.png,NA,NA,NA,NA,NA,NA,Faulty
ADAS_DW_NODISP.png,toCheck_100032_00598s_ADAS_DW_NODISP.png,NA,NA,NA,NA,NA,NA,Faulty
ADAS_TRGT_NODISP_20603_21.png,toCheck_100032_00438s_ADAS_TRGT_NODISP_20603_21.png,NA,NA,NA,NA,NA,NA,Faulty
TLT_SERV_OFF.png,toCheck_100033_00410s_TLT_SERV_OFF.png,NA,NA,NA,NA,NA,NA,Faulty
TLT_STOP_OFF.png,toCheck_100033_00410s_TLT_STOP_OFF.png,NA,NA,NA,NA,NA,NA,Faulty
TLT_SERV_OFF.png,toCheck_100033_00510s_TLT_SERV_OFF.png,NA,NA,NA,NA,NA,NA,Faulty
TLT_STOP_OFF.png,toCheck_100033_00510s_TLT_STOP_OFF.png,NA,NA,NA,NA,NA,NA,Faulty
TLT_SERV_OFF.png,toCheck_100034_00410s_TLT_SERV_OFF.png,NA,NA,NA,NA,NA,NA,Faulty
TLT_STOP_OFF.png,toCheck_100034_00410s_TLT_STOP_OFF.png,NA,NA,NA,NA,NA,NA,Faulty
TLT_SERV_OFF.png,toCheck_100034_00560s_TLT_SERV_OFF.png,NA,NA,NA,NA,NA,NA,Faulty
TLT_STOP_OFF.png,toCheck_100034_00560s_TLT_STOP_OFF.png,NA,NA,NA,NA,NA,NA,Faulty
ADAS_OSPZONE_NODISP.png,toCheck_100048_00291s_ADAS_OSPZONE_NODISP.png,NA,NA,NA,NA,NA,NA,Faulty
ADAS_OSPZONE_NODISP.png,toCheck_100049_00291s_ADAS_OSPZONE_NODISP.png,NA,NA,NA,NA,NA,NA,Faulty
ADAS_OSPZONE_NODISP.png,toCheck_100050_00291s_ADAS_OSPZONE_NODISP.png,NA,NA,NA,NA,NA,NA,Faulty
ADAS_OSPZONE_NODISP.png,toCheck_100051_00296s_ADAS_OSPZONE_NODISP.png,NA,NA,NA,NA,NA,NA,Faulty
ADAS_OSPZONE_NODISP.png,toCheck_100052_00291s_ADAS_OSPZONE_NODISP.png,NA,NA,NA,NA,NA,NA,Faulty
ADAS_SPD50_OSPSPD70.png,toCheck_100053_00386s_ADAS_SPD50_OSPSPD70.png,NA,NA,NA,NA,NA,NA,Faulty
ADAS_OSPZONE_NODISP.png,toCheck_100054_01059s_ADAS_OSPZONE_NODISP.png,NA,NA,NA,NA,NA,NA,Faulty
ADAS_OSPZONE_NODISP.png,toCheck_100054_01114s_ADAS_OSPZONE_NODISP.png,NA,NA,NA,NA,NA,NA,Faulty
ADAS_OSPZ2_60_CNV35MPH.png,toCheck_100055_00959s_ADAS_OSPZ2_60_CNV35MPH.png,NA,NA,NA,NA,NA,NA,Faulty
ADAS_OSPZ2_60_CNV35MPH.png,toCheck_100055_00969s_ADAS_OSPZ2_60_CNV35MPH.png,NA,NA,NA,NA,NA,NA,Faulty
ADAS_OSPZ1_90_CNV50MPH.png,toCheck_100055_00974s_ADAS_OSPZ1_90_CNV50MPH.png,NA,NA,NA,NA,NA,NA,Faulty
ADAS_OSPZ1_90_CNV50MPH.png,toCheck_100055_00984s_ADAS_OSPZ1_90_CNV50MPH.png,NA,NA,NA,NA,NA,NA,Faulty
ADAS_OSPZ2_60_CNV35MPH.png,toCheck_100055_00989s_ADAS_OSPZ2_60_CNV35MPH.png,NA,NA,NA,NA,NA,NA,Faulty
ADAS_OSPZ1_90_CNV50MPH.png,toCheck_100055_00994s_ADAS_OSPZ1_90_CNV50MPH.png,NA,NA,NA,NA,NA,NA,Faulty
ADAS_OSPZ1_INV.png,toCheck_100055_00999s_ADAS_OSPZ1_INV.png,NA,NA,NA,NA,NA,NA,Faulty
ADAS_OSPZONE_NODISP.png,toCheck_100055_01004s_ADAS_OSPZONE_NODISP.png,NA,NA,NA,NA,NA,NA,Faulty
FULL_ALTIA_WAKEUP_MI.png,toCheck_100055_00741s_FULL_ALTIA_WAKEUP_MI.png,NA,NA,NA,NA,NA,NA,Faulty
ADAS_OSPZONE_NODISP.png,toCheck_100055_01059s_ADAS_OSPZONE_NODISP.png,NA,NA,NA,NA,NA,NA,Faulty
ADAS_OSPZONE_NODISP.png,toCheck_100055_01129s_ADAS_OSPZONE_NODISP.png,NA,NA,NA,NA,NA,NA,Faulty
AEB_DANGER_RDSIGN_RED.png,toCheck_100056_00431s_AEB_DANGER_RDSIGN_RED.png,NA,NA,NA,NA,NA,NA,Faulty
TLT_SERV_OFF.png,toCheck_100056_00431s_TLT_SERV_OFF.png,NA,NA,NA,NA,NA,NA,Faulty
TLT_STOP_OFF.png,toCheck_100056_00431s_TLT_STOP_OFF.png,NA,NA,NA,NA,NA,NA,Faulty
TLT_SBSRED_ON.png,toCheck_100056_00431s_TLT_SBSRED_ON.png,NA,NA,NA,NA,NA,NA,Faulty
AEB_DANGER_RDSIGN_YEL.png,toCheck_100056_00436s_AEB_DANGER_RDSIGN_YEL.png,NA,NA,NA,NA,NA,NA,Faulty
NO_ALERT_ADAS_LAYOUT.png,toCheck_100056_00441s_NO_ALERT_ADAS_LAYOUT.png,NA,NA,NA,NA,NA,NA,Faulty
TLT_SERV_OFF.png,toCheck_100056_00446s_TLT_SERV_OFF.png,NA,NA,NA,NA,NA,NA,Faulty
TLT_STOP_OFF.png,toCheck_100056_00446s_TLT_STOP_OFF.png,NA,NA,NA,NA,NA,NA,Faulty
TLT_SERV_OFF.png,toCheck_100056_00446s_TLT_SERV_OFF.png,NA,NA,NA,NA,NA,NA,Faulty
TLT_STOP_OFF.png,toCheck_100056_00446s_TLT_STOP_OFF.png,NA,NA,NA,NA,NA,NA,Faulty
TLT_SERV_OFF.png,toCheck_100056_00421s_TLT_SERV_OFF.png,NA,NA,NA,NA,NA,NA,Faulty
TLT_STOP_OFF.png,toCheck_100056_00421s_TLT_STOP_OFF.png,NA,NA,NA,NA,NA,NA,Faulty
TLT_SERV_OFF.png,toCheck_100056_00421s_TLT_SERV_OFF.png,NA,NA,NA,NA,NA,NA,Faulty
TLT_STOP_OFF.png,toCheck_100056_00421s_TLT_STOP_OFF.png,NA,NA,NA,NA,NA,NA,Faulty
NO_ALERT.png,toCheck_100059_00299s_NO_ALERT.png,NA,NA,NA,NA,NA,NA,Faulty
NO_ALERT.png,toCheck_100059_00321s_NO_ALERT.png,NA,NA,NA,NA,NA,NA,Faulty
SL_GRY_INV.png,toCheck_100059_00336s_SL_GRY_INV.png,NA,NA,NA,NA,NA,NA,Faulty
SL_GRY_INV.png,toCheck_100059_00341s_SL_GRY_INV.png,NA,NA,NA,NA,NA,NA,Faulty
SL_GRY_INV.png,toCheck_100059_00359s_SL_GRY_INV.png,NA,NA,NA,NA,NA,NA,Faulty
NO_ALERT.png,toCheck_100059_00359s_NO_ALERT.png,NA,NA,NA,NA,NA,NA,Faulty
SL_GRY_INV.png,toCheck_100059_00364s_SL_GRY_INV.png,NA,NA,NA,NA,NA,NA,Faulty
SL_GRY_INV.png,toCheck_100059_00381s_SL_GRY_INV.png,NA,NA,NA,NA,NA,NA,Faulty
NO_ALERT.png,toCheck_100059_00381s_NO_ALERT.png,NA,NA,NA,NA,NA,NA,Faulty
NO_ALERT.png,toCheck_100059_00386s_NO_ALERT.png,NA,NA,NA,NA,NA,NA,Faulty
CC_GRY_INV.png,toCheck_100059_00401s_CC_GRY_INV.png,NA,NA,NA,NA,NA,NA,Faulty
NO_ALERT.png,toCheck_100059_00429s_NO_ALERT.png,NA,NA,NA,NA,NA,NA,Faulty
NO_ALERT.png,toCheck_100059_00451s_NO_ALERT.png,NA,NA,NA,NA,NA,NA,Faulty
NO_ALERT.png,toCheck_100059_00276s_NO_ALERT.png,NA,NA,NA,NA,NA,NA,Faulty
ADAS_OSPZONE1_50_ON.png,toCheck_100060_00729s_ADAS_OSPZONE1_50_ON.png,NA,NA,NA,NA,NA,NA,Faulty
ADAS_OSPZONE1_50_OFF.png,toCheck_100060_00734s_ADAS_OSPZONE1_50_OFF.png,NA,NA,NA,NA,NA,NA,Faulty
ADAS_OSPZONE1_50_ON.png,toCheck_100060_00749s_ADAS_OSPZONE1_50_ON.png,NA,NA,NA,NA,NA,NA,Faulty
ADAS_OSPZONE1_50_OFF.png,toCheck_100060_00754s_ADAS_OSPZONE1_50_OFF.png,NA,NA,NA,NA,NA,NA,Faulty
ADAS_OSPZONE1_50.png,toCheck_100060_00784s_ADAS_OSPZONE1_50.png,NA,NA,NA,NA,NA,NA,Faulty
ADAS_OSPZONE_NODISP.png,toCheck_100060_00789s_ADAS_OSPZONE_NODISP.png,NA,NA,NA,NA,NA,NA,Faulty
ADAS_OSPZONE1_80_ON.png,toCheck_100060_00962s_ADAS_OSPZONE1_80_ON.png,NA,NA,NA,NA,NA,NA,Faulty
ADAS_OSPZONE1_80_OFF.png,toCheck_100060_00967s_ADAS_OSPZONE1_80_OFF.png,NA,NA,NA,NA,NA,NA,Faulty
ADAS_OSPZONE1_80_ON.png,toCheck_100060_01142s_ADAS_OSPZONE1_80_ON.png,NA,NA,NA,NA,NA,NA,Faulty
ADAS_OSPZONE1_80_OFF.png,toCheck_100060_01147s_ADAS_OSPZONE1_80_OFF.png,NA,NA,NA,NA,NA,NA,Faulty
ADAS_OSPZONE1_80_ON.png,toCheck_100060_01162s_ADAS_OSPZONE1_80_ON.png,NA,NA,NA,NA,NA,NA,Faulty
ADAS_OSPZONE1_80_OFF.png,toCheck_100060_01167s_ADAS_OSPZONE1_80_OFF.png,NA,NA,NA,NA,NA,NA,Faulty
ADAS_OSPZONE1_50.png,toCheck_100060_00381s_ADAS_OSPZONE1_50.png,NA,NA,NA,NA,NA,NA,Faulty
ADAS_OSPZONE_NODISP.png,toCheck_100060_01222s_ADAS_OSPZONE_NODISP.png,NA,NA,NA,NA,NA,NA,Faulty
ADAS_OSPZONE1_50_ON.png,toCheck_100060_00549s_ADAS_OSPZONE1_50_ON.png,NA,NA,NA,NA,NA,NA,Faulty
ADAS_OSPZONE1_50_OFF.png,toCheck_100060_00554s_ADAS_OSPZONE1_50_OFF.png,NA,NA,NA,NA,NA,NA,Faulty
ADAS_OSPZONE1_50.png,toCheck_100061_00481s_ADAS_OSPZONE1_50.png,NA,NA,NA,NA,NA,NA,Faulty
ADAS_OSPZONE_NODISP.png,toCheck_100061_00531s_ADAS_OSPZONE_NODISP.png,NA,NA,NA,NA,NA,NA,Faulty
ADAS_OSPZONE1_50.png,toCheck_100061_00381s_ADAS_OSPZONE1_50.png,NA,NA,NA,NA,NA,NA,Faulty
ADAS_OSPZONE_NODISP.png,toCheck_100062_00431s_ADAS_OSPZONE_NODISP.png,NA,NA,NA,NA,NA,NA,Faulty
ADAS_SPD50_OSPSPD70.png,toCheck_100063_00466s_ADAS_SPD50_OSPSPD70.png,NA,NA,NA,NA,NA,NA,Faulty
ADAS_OSPZONE_NODISP.png,toCheck_100063_00616s_ADAS_OSPZONE_NODISP.png,NA,NA,NA,NA,NA,NA,Faulty
ADAS_OSPZONE1_50.png,toCheck_100063_00386s_ADAS_OSPZONE1_50.png,NA,NA,NA,NA,NA,NA,Faulty
ADAS_OSPZONE1_50_ON.png,toCheck_100063_00416s_ADAS_OSPZONE1_50_ON.png,NA,NA,NA,NA,NA,NA,Faulty
ADAS_OSPZONE1_50_OFF.png,toCheck_100063_00421s_ADAS_OSPZONE1_50_OFF.png,NA,NA,NA,NA,NA,NA,Faulty
ADAS_OSPZONE1_50.png,toCheck_100063_00441s_ADAS_OSPZONE1_50.png,NA,NA,NA,NA,NA,NA,Faulty
ADAS_OSPZ2_110_OVERSPD_DULL_ON.png,toCheck_100064_00481s_ADAS_OSPZ2_110_OVERSPD_DULL_ON.png,NA,NA,NA,NA,NA,NA,Faulty
ADAS_OSPZ2_110_OVERSPD_DULL_OFF.png,toCheck_100064_00486s_ADAS_OSPZ2_110_OVERSPD_DULL_OFF.png,NA,NA,NA,NA,NA,NA,Faulty
ADAS_OSPZONE1_90.png,toCheck_100064_00546s_ADAS_OSPZONE1_90.png,NA,NA,NA,NA,NA,NA,Faulty
ADAS_OSPZONE1_90.png,toCheck_100064_00576s_ADAS_OSPZONE1_90.png,NA,NA,NA,NA,NA,NA,Faulty
ADAS_OSPZONE1_70_DULL_ON.png,toCheck_100064_00606s_ADAS_OSPZONE1_70_DULL_ON.png,NA,NA,NA,NA,NA,NA,Faulty
ADAS_OSPZONE1_70_DULL_OFF.png,toCheck_100064_00611s_ADAS_OSPZONE1_70_DULL_OFF.png,NA,NA,NA,NA,NA,NA,Faulty
ADAS_OSPZONE_NODISP.png,toCheck_100064_00686s_ADAS_OSPZONE_NODISP.png,NA,NA,NA,NA,NA,NA,Faulty
ADAS_OSPZONE_NODISP.png,toCheck_100064_00726s_ADAS_OSPZONE_NODISP.png,NA,NA,NA,NA,NA,NA,Faulty
ADAS_OSPZONE2_110_ON.png,toCheck_100064_00421s_ADAS_OSPZONE2_110_ON.png,NA,NA,NA,NA,NA,NA,Faulty
ADAS_OSPZONE2_110_OFF.png,toCheck_100064_00426s_ADAS_OSPZONE2_110_OFF.png,NA,NA,NA,NA,NA,NA,Faulty
FULL_ALTIA_WAKEUP_MMI.png,toCheck_100004_00579s_FULL_ALTIA_WAKEUP_MMI.png,NA,NA,NA,NA,NA,NA,Faulty
FULL_ALTIA_WAKEUP_MMI.png,toCheck_100019_01039s_FULL_ALTIA_WAKEUP_MMI.png,NA,NA,NA,NA,NA,NA,Faulty
FULL_ALTIA_WAKEUP.png,toCheck_100020_00959s_FULL_ALTIA_WAKEUP.png,NA,NA,NA,NA,NA,NA,Faulty
FULL_ALTIA_WAKEUP_MMI.png,toCheck_100022_00649s_FULL_ALTIA_WAKEUP_MMI.png,NA,NA,NA,NA,NA,NA,Faulty
FULL_ALTIA_WAKEUP_MMI.png,toCheck_100003_00843s_FULL_ALTIA_WAKEUP_MMI.png,NA,NA,NA,NA,NA,NA,Faulty
AUDIO_PAGE.png,toCheck_100003_00971s_AUDIO_PAGE.png,NA,NA,NA,NA,NA,NA,Faulty
AUDIO_RADIO_L1TXT_L2NUM_FM.png,toCheck_100005_00475s_AUDIO_RADIO_L1TXT_L2NUM_FM.png,NA,NA,NA,NA,NA,NA,Faulty
PHONE_INCCALL.png,toCheck_100006_00465s_PHONE_INCCALL.png,NA,NA,NA,NA,NA,NA,Faulty
PHONE_INCCALL.png,toCheck_100008_00440s_PHONE_INCCALL.png,NA,NA,NA,NA,NA,NA,Faulty
FULL_ALTIA_WAKEUP_MMI.png,toCheck_100008_00258s_FULL_ALTIA_WAKEUP_MMI.png,NA,NA,NA,NA,NA,NA,Faulty
GBM_RND_DYNGRID_GEAR_R_ENG_D_OFF.png,toCheck_100014_00393s_GBM_RND_DYNGRID_GEAR_R_ENG_D_OFF.png,NA,NA,NA,NA,NA,NA,Faulty
GBM_RND_DYNGRID_GEAR_R.png,toCheck_100014_00395s_GBM_RND_DYNGRID_GEAR_R.png,NA,NA,NA,NA,NA,NA,Faulty
GBM_RND_DYNGRID_GEAR_R_ENG_D_OFF.png,toCheck_100014_00397s_GBM_RND_DYNGRID_GEAR_R_ENG_D_OFF.png,NA,NA,NA,NA,NA,NA,Faulty
GBM_RND_DYNGRID_GEAR_R.png,toCheck_100014_00399s_GBM_RND_DYNGRID_GEAR_R.png,NA,NA,NA,NA,NA,NA,Faulty
GBM_RND_DYNGRID_GEAR_R_ENG_D_OFF.png,toCheck_100014_00401s_GBM_RND_DYNGRID_GEAR_R_ENG_D_OFF.png,NA,NA,NA,NA,NA,NA,Faulty
GBM_RND_DYNGRID_GEAR_R_ENG_N_OFF.png,toCheck_100016_00393s_GBM_RND_DYNGRID_GEAR_R_ENG_N_OFF.png,NA,NA,NA,NA,NA,NA,Faulty
GBM_RND_DYNGRID_GEAR_R.png,toCheck_100016_00395s_GBM_RND_DYNGRID_GEAR_R.png,NA,NA,NA,NA,NA,NA,Faulty
GBM_RND_DYNGRID_GEAR_R_ENG_N_OFF.png,toCheck_100016_00397s_GBM_RND_DYNGRID_GEAR_R_ENG_N_OFF.png,NA,NA,NA,NA,NA,NA,Faulty
GBM_RND_DYNGRID_GEAR_R.png,toCheck_100016_00399s_GBM_RND_DYNGRID_GEAR_R.png,NA,NA,NA,NA,NA,NA,Faulty
GBM_RND_DYNGRID_GEAR_R_ENG_N_OFF.png,toCheck_100016_00401s_GBM_RND_DYNGRID_GEAR_R_ENG_N_OFF.png,NA,NA,NA,NA,NA,NA,Faulty
GBM_RND_DYNGRID_GEAR_M2_ENG_R_OFF.png,toCheck_100018_00462s_GBM_RND_DYNGRID_GEAR_M2_ENG_R_OFF.png,NA,NA,NA,NA,NA,NA,Faulty
GBM_RND_DYNGRID_GEAR_M2.png,toCheck_100018_00464s_GBM_RND_DYNGRID_GEAR_M2.png,NA,NA,NA,NA,NA,NA,Faulty
GBM_RND_DYNGRID_GEAR_M2_ENG_R_OFF.png,toCheck_100018_00466s_GBM_RND_DYNGRID_GEAR_M2_ENG_R_OFF.png,NA,NA,NA,NA,NA,NA,Faulty
GBM_RND_DYNGRID_GEAR_M2_ENG_R_OFF.png,toCheck_100018_00458s_GBM_RND_DYNGRID_GEAR_M2_ENG_R_OFF.png,NA,NA,NA,NA,NA,NA,Faulty
GBM_RND_DYNGRID_GEAR_M2.png,toCheck_100018_00460s_GBM_RND_DYNGRID_GEAR_M2.png,NA,NA,NA,NA,NA,NA,Faulty
GBM_DYNGRID_GEAR_R_ENG_D_OFF.png,toCheck_100022_00393s_GBM_DYNGRID_GEAR_R_ENG_D_OFF.png,NA,NA,NA,NA,NA,NA,Faulty
GBM_DYNGRID_GEAR_R.png,toCheck_100022_00395s_GBM_DYNGRID_GEAR_R.png,NA,NA,NA,NA,NA,NA,Faulty
GBM_DYNGRID_GEAR_R_ENG_D_OFF.png,toCheck_100022_00397s_GBM_DYNGRID_GEAR_R_ENG_D_OFF.png,NA,NA,NA,NA,NA,NA,Faulty
GBM_DYNGRID_GEAR_R.png,toCheck_100022_00399s_GBM_DYNGRID_GEAR_R.png,NA,NA,NA,NA,NA,NA,Faulty
GBM_DYNGRID_GEAR_R_ENG_D_OFF.png,toCheck_100022_00401s_GBM_DYNGRID_GEAR_R_ENG_D_OFF.png,NA,NA,NA,NA,NA,NA,Faulty
GBM_DYNGRID_GEAR_R_ENG_N_OFF.png,toCheck_100024_00393s_GBM_DYNGRID_GEAR_R_ENG_N_OFF.png,NA,NA,NA,NA,NA,NA,Faulty
GBM_DYNGRID_GEAR_R.png,toCheck_100024_00395s_GBM_DYNGRID_GEAR_R.png,NA,NA,NA,NA,NA,NA,Faulty
GBM_DYNGRID_GEAR_R_ENG_N_OFF.png,toCheck_100024_00397s_GBM_DYNGRID_GEAR_R_ENG_N_OFF.png,NA,NA,NA,NA,NA,NA,Faulty
GBM_DYNGRID_GEAR_R.png,toCheck_100024_00399s_GBM_DYNGRID_GEAR_R.png,NA,NA,NA,NA,NA,NA,Faulty
GBM_DYNGRID_GEAR_R_ENG_N_OFF.png,toCheck_100024_00401s_GBM_DYNGRID_GEAR_R_ENG_N_OFF.png,NA,NA,NA,NA,NA,NA,Faulty
GBM_DYNGRID_GEAR_M2_ENG_P_OFF.png,toCheck_100026_00462s_GBM_DYNGRID_GEAR_M2_ENG_P_OFF.png,NA,NA,NA,NA,NA,NA,Faulty
GBM_DYNGRID_GEAR_M2.png,toCheck_100026_00464s_GBM_DYNGRID_GEAR_M2.png,NA,NA,NA,NA,NA,NA,Faulty
GBM_DYNGRID_GEAR_M2_ENG_P_OFF.png,toCheck_100026_00466s_GBM_DYNGRID_GEAR_M2_ENG_P_OFF.png,NA,NA,NA,NA,NA,NA,Faulty
GBM_DYNGRID_GEAR_M2_ENG_P_OFF.png,toCheck_100026_00458s_GBM_DYNGRID_GEAR_M2_ENG_P_OFF.png,NA,NA,NA,NA,NA,NA,Faulty
GBM_DYNGRID_GEAR_M2.png,toCheck_100026_00460s_GBM_DYNGRID_GEAR_M2.png,NA,NA,NA,NA,NA,NA,Faulty
GBM_DYNGRID_GEAR_R.png,toCheck_100027_00395s_GBM_DYNGRID_GEAR_R.png,NA,NA,NA,NA,NA,NA,Faulty
GBM_DYNGRID_GEAR_R.png,toCheck_100027_00399s_GBM_DYNGRID_GEAR_R.png,NA,NA,NA,NA,NA,NA,Faulty
GBM_DYNGRID_GEAR_M2_ENG_R_OFF.png,toCheck_100029_00462s_GBM_DYNGRID_GEAR_M2_ENG_R_OFF.png,NA,NA,NA,NA,NA,NA,Faulty
GBM_DYNGRID_GEAR_M2.png,toCheck_100029_00464s_GBM_DYNGRID_GEAR_M2.png,NA,NA,NA,NA,NA,NA,Faulty
GBM_DYNGRID_GEAR_M2_ENG_R_OFF.png,toCheck_100029_00466s_GBM_DYNGRID_GEAR_M2_ENG_R_OFF.png,NA,NA,NA,NA,NA,NA,Faulty
GBM_DYNGRID_GEAR_M2_ENG_R_OFF.png,toCheck_100029_00458s_GBM_DYNGRID_GEAR_M2_ENG_R_OFF.png,NA,NA,NA,NA,NA,NA,Faulty
GBM_DYNGRID_GEAR_M2.png,toCheck_100029_00460s_GBM_DYNGRID_GEAR_M2.png,NA,NA,NA,NA,NA,NA,Faulty
FULL_ALTIA_WAKEUP_MMI.png,toCheck_100033_00799s_FULL_ALTIA_WAKEUP_MMI.png,NA,NA,NA,NA,NA,NA,Faulty
TLT_STOP_ON.png,toCheck_100041_00381s_TLT_STOP_ON.png,NA,NA,NA,NA,NA,NA,Faulty
GBM_M6.png,toCheck_100045_00618s_GBM_M6.png,NA,NA,NA,NA,NA,NA,Faulty
GBM_M7.png,toCheck_100045_00653s_GBM_M7.png,NA,NA,NA,NA,NA,NA,Faulty
GBM_M8.png,toCheck_100045_00688s_GBM_M8.png,NA,NA,NA,NA,NA,NA,Faulty
GBM_M9.png,toCheck_100045_00723s_GBM_M9.png,NA,NA,NA,NA,NA,NA,Faulty
GBM_M10.png,toCheck_100045_00758s_GBM_M10.png,NA,NA,NA,NA,NA,NA,Faulty
FULL_ALTIA_WAKEUP_MMI_PLURISTABLE_EV.png,toCheck_100049_00265s_FULL_ALTIA_WAKEUP_MMI_PLURISTABLE_EV.png,NA,NA,NA,NA,NA,NA,Faulty
GBM_D9.png,toCheck_100050_00658s_GBM_D9.png,NA,NA,NA,NA,NA,NA,Faulty
GBM_D10.png,toCheck_100050_00693s_GBM_D10.png,NA,NA,NA,NA,NA,NA,Faulty
CHARGE_NO_ALERT.png,toCheck_100050_00828s_CHARGE_NO_ALERT.png,NA,NA,NA,NA,NA,NA,Faulty
GBM_M6.png,toCheck_100050_00988s_GBM_M6.png,NA,NA,NA,NA,NA,NA,Faulty
GBM_M7.png,toCheck_100050_01023s_GBM_M7.png,NA,NA,NA,NA,NA,NA,Faulty
GBM_M8.png,toCheck_100050_01058s_GBM_M8.png,NA,NA,NA,NA,NA,NA,Faulty
GBM_M9.png,toCheck_100050_01093s_GBM_M9.png,NA,NA,NA,NA,NA,NA,Faulty
GBM_M10.png,toCheck_100050_01128s_GBM_M10.png,NA,NA,NA,NA,NA,NA,Faulty
FULL_ALTIA_WAKEUP_MMI_PLURISTABLE_EV.png,toCheck_100051_00265s_FULL_ALTIA_WAKEUP_MMI_PLURISTABLE_EV.png,NA,NA,NA,NA,NA,NA,Faulty
FULL_ALTIA_WAKEUP_MMI_PLURISTABLE_EV.png,toCheck_100052_00265s_FULL_ALTIA_WAKEUP_MMI_PLURISTABLE_EV.png,NA,NA,NA,NA,NA,NA,Faulty
GBM_P_ON.png,toCheck_100061_00398s_GBM_P_ON.png,NA,NA,NA,NA,NA,NA,Faulty
GBM_P_OFF.png,toCheck_100061_00400s_GBM_P_OFF.png,NA,NA,NA,NA,NA,NA,Faulty
GBM_P_ON.png,toCheck_100061_00402s_GBM_P_ON.png,NA,NA,NA,NA,NA,NA,Faulty
GBM_P_OFF.png,toCheck_100061_00404s_GBM_P_OFF.png,NA,NA,NA,NA,NA,NA,Faulty
GENERAL_ODO_PAGE_0KM.png,toCheck_100000_00237s_GENERAL_ODO_PAGE_0KM.png,NA,NA,NA,NA,NA,NA,Faulty
GENERAL_ODO_PAGE_0KM.png,toCheck_100000_00267s_GENERAL_ODO_PAGE_0KM.png,NA,NA,NA,NA,NA,NA,Faulty
WSS_ANIMATION.png,toCheck_100000_00297s_WSS_ANIMATION.png,NA,NA,NA,NA,NA,NA,Faulty
WSS_ANIMATION.png,toCheck_100000_00377s_WSS_ANIMATION.png,NA,NA,NA,NA,NA,NA,Faulty
GENERAL_ODO_PAGE_0KM.png,toCheck_100001_00238s_GENERAL_ODO_PAGE_0KM.png,NA,NA,NA,NA,NA,NA,Faulty
GENERAL_ODO_PAGE_0KM.png,toCheck_100001_00260s_GENERAL_ODO_PAGE_0KM.png,NA,NA,NA,NA,NA,NA,Faulty
WSS_ANIMATION.png,toCheck_100001_00263s_WSS_ANIMATION.png,NA,NA,NA,NA,NA,NA,Faulty
GENERAL_ODO_PAGE_0KM.png,toCheck_100002_00236s_GENERAL_ODO_PAGE_0KM.png,NA,NA,NA,NA,NA,NA,Faulty
GENERAL_ODO_PAGE_0KM.png,toCheck_100002_00256s_GENERAL_ODO_PAGE_0KM.png,NA,NA,NA,NA,NA,NA,Faulty
CHARGE_DISPLAY.png,toCheck_100002_00259s_CHARGE_DISPLAY.png,NA,NA,NA,NA,NA,NA,Faulty
CHARGE_DISPLAY.png,toCheck_100002_00309s_CHARGE_DISPLAY.png,NA,NA,NA,NA,NA,NA,Faulty
GENERAL_ODO_PAGE_0KM.png,toCheck_100003_00236s_GENERAL_ODO_PAGE_0KM.png,NA,NA,NA,NA,NA,NA,Faulty
GENERAL_ODO_PAGE_0KM.png,toCheck_100003_00256s_GENERAL_ODO_PAGE_0KM.png,NA,NA,NA,NA,NA,NA,Faulty
GENERAL_ODO_PAGE_0KM.png,toCheck_100003_00259s_GENERAL_ODO_PAGE_0KM.png,NA,NA,NA,NA,NA,NA,Faulty
CHARGE_DISPLAY.png,toCheck_100003_00264s_CHARGE_DISPLAY.png,NA,NA,NA,NA,NA,NA,Faulty
GENERAL_ODO_PAGE_0KM.png,toCheck_100004_00238s_GENERAL_ODO_PAGE_0KM.png,NA,NA,NA,NA,NA,NA,Faulty
GENERAL_ODO_PAGE_0KM.png,toCheck_100004_00260s_GENERAL_ODO_PAGE_0KM.png,NA,NA,NA,NA,NA,NA,Faulty
WSS_ANIMATION.png,toCheck_100004_00263s_WSS_ANIMATION.png,NA,NA,NA,NA,NA,NA,Faulty
GENERAL_ODO_PAGE_0KM.png,toCheck_100005_00942s_GENERAL_ODO_PAGE_0KM.png,NA,NA,NA,NA,NA,NA,Faulty
WSS_ANIMATION.png,toCheck_100005_00945s_WSS_ANIMATION.png,NA,NA,NA,NA,NA,NA,Faulty
WSS_ANIMATION.png,toCheck_100005_00980s_WSS_ANIMATION.png,NA,NA,NA,NA,NA,NA,Faulty
FULL_ALTIA_WAKEUP_10801_6_FR.png,toCheck_100005_01173s_FULL_ALTIA_WAKEUP_10801_6_FR.png,NA,NA,NA,NA,NA,NA,Faulty
GENERAL_ODO_PAGE_0KM.png,toCheck_100005_00238s_GENERAL_ODO_PAGE_0KM.png,NA,NA,NA,NA,NA,NA,Faulty
GENERAL_ODO_PAGE_0KM.png,toCheck_100005_00260s_GENERAL_ODO_PAGE_0KM.png,NA,NA,NA,NA,NA,NA,Faulty
WSS_ANIMATION.png,toCheck_100005_00263s_WSS_ANIMATION.png,NA,NA,NA,NA,NA,NA,Faulty
WSS_ANIMATION.png,toCheck_100005_00298s_WSS_ANIMATION.png,NA,NA,NA,NA,NA,NA,Faulty
FULL_ALTIA_WAKEUP_10802_3_FR.png,toCheck_100005_00491s_FULL_ALTIA_WAKEUP_10802_3_FR.png,NA,NA,NA,NA,NA,NA,Faulty
GENERAL_ODO_PAGE_0KM.png,toCheck_100005_00920s_GENERAL_ODO_PAGE_0KM.png,NA,NA,NA,NA,NA,NA,Faulty
GENERAL_ODO_PAGE_0KM.png,toCheck_100006_00238s_GENERAL_ODO_PAGE_0KM.png,NA,NA,NA,NA,NA,NA,Faulty
GENERAL_ODO_PAGE_0KM.png,toCheck_100006_00268s_GENERAL_ODO_PAGE_0KM.png,NA,NA,NA,NA,NA,NA,Faulty
WSS_ANIMATION.png,toCheck_100006_00288s_WSS_ANIMATION.png,NA,NA,NA,NA,NA,NA,Faulty
FULL_ALTIA_WAKEUP_MMI.png,toCheck_100006_00363s_FULL_ALTIA_WAKEUP_MMI.png,NA,NA,NA,NA,NA,NA,Faulty
GENERAL_ODO_PAGE_0KM.png,toCheck_100007_00238s_GENERAL_ODO_PAGE_0KM.png,NA,NA,NA,NA,NA,NA,Faulty
GENERAL_ODO_PAGE_0KM.png,toCheck_100007_00259s_GENERAL_ODO_PAGE_0KM.png,NA,NA,NA,NA,NA,NA,Faulty
WSS_ANIMATION.png,toCheck_100007_00268s_WSS_ANIMATION.png,NA,NA,NA,NA,NA,NA,Faulty
FULL_ALTIA_WAKEUP_MMI.png,toCheck_100007_00343s_FULL_ALTIA_WAKEUP_MMI.png,NA,NA,NA,NA,NA,NA,Faulty
TLT_LDIR_OFF.png,toCheck_100008_00683s_TLT_LDIR_OFF.png,NA,NA,NA,NA,NA,NA,Faulty
TLT_PB_OFF.png,toCheck_100008_00683s_TLT_PB_OFF.png,NA,NA,NA,NA,NA,NA,Faulty
GENERAL_ODO_PAGE_0KM.png,toCheck_100008_00408s_GENERAL_ODO_PAGE_0KM.png,NA,NA,NA,NA,NA,NA,Faulty
TLT_LDIR_OFF.png,toCheck_100009_00683s_TLT_LDIR_OFF.png,NA,NA,NA,NA,NA,NA,Faulty
TLT_PB_OFF.png,toCheck_100009_00683s_TLT_PB_OFF.png,NA,NA,NA,NA,NA,NA,Faulty
GENERAL_ODO_PAGE_0KM.png,toCheck_100009_00408s_GENERAL_ODO_PAGE_0KM.png,NA,NA,NA,NA,NA,NA,Faulty
GENERAL_ODO_PAGE_0KM.png,toCheck_100010_00058s_GENERAL_ODO_PAGE_0KM.png,NA,NA,NA,NA,NA,NA,Faulty
GENERAL_ODO_PAGE_0KM.png,toCheck_100010_00088s_GENERAL_ODO_PAGE_0KM.png,NA,NA,NA,NA,NA,NA,Faulty
DPF_20204_7_PAGE.png,toCheck_100000_00633s_DPF_20204_7_PAGE.png,NA,NA,NA,NA,NA,NA,Faulty
TLT_DPF_ON.png,toCheck_100000_00633s_TLT_DPF_ON.png,NA,NA,NA,NA,NA,NA,Faulty
TLT_DPF_OFF.png,toCheck_100000_00658s_TLT_DPF_OFF.png,NA,NA,NA,NA,NA,NA,Faulty
TLT_DPF_ON.png,toCheck_100000_00663s_TLT_DPF_ON.png,NA,NA,NA,NA,NA,NA,Faulty
DPF_20204_9_PAGE.png,toCheck_100000_00703s_DPF_20204_9_PAGE.png,NA,NA,NA,NA,NA,NA,Faulty
TLT_DPF_OFF.png,toCheck_100000_00703s_TLT_DPF_OFF.png,NA,NA,NA,NA,NA,NA,Faulty
TLT_DPF_OFF.png,toCheck_100000_00713s_TLT_DPF_OFF.png,NA,NA,NA,NA,NA,NA,Faulty
TLT_DPF_ON.png,toCheck_100000_00718s_TLT_DPF_ON.png,NA,NA,NA,NA,NA,NA,Faulty
TLT_DPF_OFF.png,toCheck_100000_00728s_TLT_DPF_OFF.png,NA,NA,NA,NA,NA,NA,Faulty
TLT_DPF_OFF.png,toCheck_100000_00590s_TLT_DPF_OFF.png,NA,NA,NA,NA,NA,NA,Faulty
TLT_DPF_ON.png,toCheck_100000_00595s_TLT_DPF_ON.png,NA,NA,NA,NA,NA,NA,Faulty
DPF_20204_7_PAGE.png,toCheck_100000_00613s_DPF_20204_7_PAGE.png,NA,NA,NA,NA,NA,NA,Faulty
TLT_DPF_ON.png,toCheck_100000_00613s_TLT_DPF_ON.png,NA,NA,NA,NA,NA,NA,Faulty
TLT_DPF_ON.png,toCheck_100001_00638s_TLT_DPF_ON.png,NA,NA,NA,NA,NA,NA,Faulty
TLT_DPF_OFF.png,toCheck_100001_00663s_TLT_DPF_OFF.png,NA,NA,NA,NA,NA,NA,Faulty
TLT_DPF_ON.png,toCheck_100001_00668s_TLT_DPF_ON.png,NA,NA,NA,NA,NA,NA,Faulty
TLT_DPF_OFF.png,toCheck_100001_00683s_TLT_DPF_OFF.png,NA,NA,NA,NA,NA,NA,Faulty
TLT_DPF_OFF.png,toCheck_100001_00590s_TLT_DPF_OFF.png,NA,NA,NA,NA,NA,NA,Faulty
TLT_DPF_ON.png,toCheck_100001_00595s_TLT_DPF_ON.png,NA,NA,NA,NA,NA,NA,Faulty
DPF_20204_7_PAGE.png,toCheck_100001_00613s_DPF_20204_7_PAGE.png,NA,NA,NA,NA,NA,NA,Faulty
TLT_DPF_ON.png,toCheck_100001_00613s_TLT_DPF_ON.png,NA,NA,NA,NA,NA,NA,Faulty
DPF_20204_7_PAGE.png,toCheck_100002_00633s_DPF_20204_7_PAGE.png,NA,NA,NA,NA,NA,NA,Faulty
TLT_DPF_ON.png,toCheck_100002_00633s_TLT_DPF_ON.png,NA,NA,NA,NA,NA,NA,Faulty
TLT_DPF_OFF.png,toCheck_100002_00658s_TLT_DPF_OFF.png,NA,NA,NA,NA,NA,NA,Faulty
TLT_DPF_ON.png,toCheck_100002_00663s_TLT_DPF_ON.png,NA,NA,NA,NA,NA,NA,Faulty
TLT_DPF_OFF.png,toCheck_100002_01209s_TLT_DPF_OFF.png,NA,NA,NA,NA,NA,NA,Faulty
TLT_DPF_ON.png,toCheck_100002_01214s_TLT_DPF_ON.png,NA,NA,NA,NA,NA,NA,Faulty
TLT_DPF_OFF.png,toCheck_100002_01224s_TLT_DPF_OFF.png,NA,NA,NA,NA,NA,NA,Faulty
TLT_DPF_OFF.png,toCheck_100002_00590s_TLT_DPF_OFF.png,NA,NA,NA,NA,NA,NA,Faulty
TLT_DPF_ON.png,toCheck_100002_00595s_TLT_DPF_ON.png,NA,NA,NA,NA,NA,NA,Faulty
DPF_20204_7_PAGE.png,toCheck_100002_00613s_DPF_20204_7_PAGE.png,NA,NA,NA,NA,NA,NA,Faulty
TLT_DPF_ON.png,toCheck_100002_00613s_TLT_DPF_ON.png,NA,NA,NA,NA,NA,NA,Faulty
TLT_DPF_ON.png,toCheck_100003_00638s_TLT_DPF_ON.png,NA,NA,NA,NA,NA,NA,Faulty
TLT_DPF_OFF.png,toCheck_100003_00663s_TLT_DPF_OFF.png,NA,NA,NA,NA,NA,NA,Faulty
TLT_DPF_ON.png,toCheck_100003_00668s_TLT_DPF_ON.png,NA,NA,NA,NA,NA,NA,Faulty
TLT_DPF_OFF.png,toCheck_100003_00683s_TLT_DPF_OFF.png,NA,NA,NA,NA,NA,NA,Faulty
TLT_DPF_OFF.png,toCheck_100003_00590s_TLT_DPF_OFF.png,NA,NA,NA,NA,NA,NA,Faulty
TLT_DPF_ON.png,toCheck_100003_00595s_TLT_DPF_ON.png,NA,NA,NA,NA,NA,NA,Faulty
DPF_20204_7_PAGE.png,toCheck_100003_00613s_DPF_20204_7_PAGE.png,NA,NA,NA,NA,NA,NA,Faulty
TLT_DPF_ON.png,toCheck_100003_00613s_TLT_DPF_ON.png,NA,NA,NA,NA,NA,NA,Faulty
TLT_SERV_OFF.png,toCheck_100000_00163s_TLT_SERV_OFF.png,NA,NA,NA,NA,NA,NA,Faulty
TLT_ESPOFF_ON.png,toCheck_100000_00163s_TLT_ESPOFF_ON.png,NA,NA,NA,NA,NA,NA,Faulty
NO_ALERT.png,toCheck_100000_00198s_NO_ALERT.png,NA,NA,NA,NA,NA,NA,Faulty
TLT_SERV_OFF.png,toCheck_100001_00163s_TLT_SERV_OFF.png,NA,NA,NA,NA,NA,NA,Faulty
NO_ALERT.png,toCheck_100001_00198s_NO_ALERT.png,NA,NA,NA,NA,NA,NA,Faulty
TLT_SERV_OFF.png,toCheck_100002_00163s_TLT_SERV_OFF.png,NA,NA,NA,NA,NA,NA,Faulty
TLT_ESPOFF_ON.png,toCheck_100002_00163s_TLT_ESPOFF_ON.png,NA,NA,NA,NA,NA,NA,Faulty
NO_ALERT.png,toCheck_100002_00163s_NO_ALERT.png,NA,NA,NA,NA,NA,NA,Faulty
NO_ALERT.png,toCheck_100002_00198s_NO_ALERT.png,NA,NA,NA,NA,NA,NA,Faulty
TLT_SERV_OFF.png,toCheck_100003_00163s_TLT_SERV_OFF.png,NA,NA,NA,NA,NA,NA,Faulty
NO_ALERT.png,toCheck_100003_00168s_NO_ALERT.png,NA,NA,NA,NA,NA,NA,Faulty
TLT_SERV_OFF.png,toCheck_100004_00163s_TLT_SERV_OFF.png,NA,NA,NA,NA,NA,NA,Faulty
NO_ALERT.png,toCheck_100004_00168s_NO_ALERT.png,NA,NA,NA,NA,NA,NA,Faulty
EVMODE_ESAVE.png,toCheck_100014_00391s_EVMODE_ESAVE.png,NA,NA,NA,NA,NA,NA,Faulty
FULL_ALTIA_WAKEUP_MMI_EV_TRIP_INV.png,toCheck_100000_00240s_FULL_ALTIA_WAKEUP_MMI_EV_TRIP_INV.png,NA,NA,NA,NA,NA,NA,Faulty
FULL_ALTIA_WAKEUP_MMI_HEV_TRIP_INV.png,toCheck_100001_00240s_FULL_ALTIA_WAKEUP_MMI_HEV_TRIP_INV.png,NA,NA,NA,NA,NA,NA,Faulty
Check_MMI_ConfortNominal_PHEV_TRIP_INV.png,toCheck_100003_00240s_Check_MMI_ConfortNominal_PHEV_TRIP_INV.png,NA,NA,NA,NA,NA,NA,Faulty
HMGT_AUDIO_MUTE.png,toCheck_100004_00655s_HMGT_AUDIO_MUTE.png,NA,NA,NA,NA,NA,NA,Faulty
SAFESCORE_GRN_100.png,toCheck_100004_00718s_SAFESCORE_GRN_100.png,NA,NA,NA,NA,NA,NA,Faulty
ECODSI_GRN_100.png,toCheck_100004_00755s_ECODSI_GRN_100.png,NA,NA,NA,NA,NA,NA,Faulty
SOC_BAT_0PER.png,toCheck_100004_00793s_SOC_BAT_0PER.png,NA,NA,NA,NA,NA,NA,Faulty
LONGI_LAT_TILT_0_CAP.png,toCheck_100004_00850s_LONGI_LAT_TILT_0_CAP.png,NA,NA,NA,NA,NA,NA,Faulty
TXTALT_30204_1_FR_2p4FW_2p5RW.png,toCheck_100004_00908s_TXTALT_30204_1_FR_2p4FW_2p5RW.png,NA,NA,NA,NA,NA,NA,Faulty
HMGT_ODO_0_KM_RTips.png,toCheck_100004_00945s_HMGT_ODO_0_KM_RTips.png,NA,NA,NA,NA,NA,NA,Faulty
EV_AUTO_0_KM.png,toCheck_100004_00468s_EV_AUTO_0_KM.png,NA,NA,NA,NA,NA,NA,Faulty
CONSOEV_AVG_0_INST_0_KWH_RTips.png,toCheck_100004_00505s_CONSOEV_AVG_0_INST_0_KWH_RTips.png,NA,NA,NA,NA,NA,NA,Faulty
EV_ENGINEINFO_0_V.png,toCheck_100004_00543s_EV_ENGINEINFO_0_V.png,NA,NA,NA,NA,NA,NA,Faulty
MSC_SERV_30000KM_13MS.png,toCheck_100004_00580s_MSC_SERV_30000KM_13MS.png,NA,NA,NA,NA,NA,NA,Faulty
HMGT_EMPTY_PAGE.png,toCheck_100004_00618s_HMGT_EMPTY_PAGE.png,NA,NA,NA,NA,NA,NA,Faulty
HMGT_AUDIO_MUTE.png,toCheck_100005_00668s_HMGT_AUDIO_MUTE.png,NA,NA,NA,NA,NA,NA,Faulty
SAFESCORE_GRN_100.png,toCheck_100005_00730s_SAFESCORE_GRN_100.png,NA,NA,NA,NA,NA,NA,Faulty
ECODSI_GRN_100.png,toCheck_100005_00768s_ECODSI_GRN_100.png,NA,NA,NA,NA,NA,NA,Faulty
SOC_BAT_0PER.png,toCheck_100005_00805s_SOC_BAT_0PER.png,NA,NA,NA,NA,NA,NA,Faulty
LONGI_LAT_TILT_0_CAP.png,toCheck_100005_00863s_LONGI_LAT_TILT_0_CAP.png,NA,NA,NA,NA,NA,NA,Faulty
TXTALT_30204_1_FR_2p4FW_2p5RW.png,toCheck_100005_00920s_TXTALT_30204_1_FR_2p4FW_2p5RW.png,NA,NA,NA,NA,NA,NA,Faulty
HMGT_ODO_0_KM_RTips.png,toCheck_100005_00958s_HMGT_ODO_0_KM_RTips.png,NA,NA,NA,NA,NA,NA,Faulty
EV_AUTO_0_KM.png,toCheck_100005_00480s_EV_AUTO_0_KM.png,NA,NA,NA,NA,NA,NA,Faulty
CONSOEV_AVG_0_INST_0_KWH_RTips.png,toCheck_100005_00518s_CONSOEV_AVG_0_INST_0_KWH_RTips.png,NA,NA,NA,NA,NA,NA,Faulty
EV_ENGINEINFO_0_V.png,toCheck_100005_00555s_EV_ENGINEINFO_0_V.png,NA,NA,NA,NA,NA,NA,Faulty
MSC_SERV_30000KM_13MS.png,toCheck_100005_00593s_MSC_SERV_30000KM_13MS.png,NA,NA,NA,NA,NA,NA,Faulty
HMGT_EMPTY_PAGE.png,toCheck_100005_00630s_HMGT_EMPTY_PAGE.png,NA,NA,NA,NA,NA,NA,Faulty
HMGT_AUDIO_MUTE.png,toCheck_100006_00630s_HMGT_AUDIO_MUTE.png,NA,NA,NA,NA,NA,NA,Faulty
SAFESCORE_GRN_100.png,toCheck_100006_00693s_SAFESCORE_GRN_100.png,NA,NA,NA,NA,NA,NA,Faulty
ECODSI_GRN_100.png,toCheck_100006_00730s_ECODSI_GRN_100.png,NA,NA,NA,NA,NA,NA,Faulty
SOC_BAT_0PER.png,toCheck_100006_00768s_SOC_BAT_0PER.png,NA,NA,NA,NA,NA,NA,Faulty
LONGI_LAT_TILT_0_CAP.png,toCheck_100006_00825s_LONGI_LAT_TILT_0_CAP.png,NA,NA,NA,NA,NA,NA,Faulty
TXTALT_30204_1_FR_2p4FW_2p5RW.png,toCheck_100006_00883s_TXTALT_30204_1_FR_2p4FW_2p5RW.png,NA,NA,NA,NA,NA,NA,Faulty
HMGT_ODO_0_KM_RTips.png,toCheck_100006_00920s_HMGT_ODO_0_KM_RTips.png,NA,NA,NA,NA,NA,NA,Faulty
EV_AUTO_0_KM.png,toCheck_100006_00443s_EV_AUTO_0_KM.png,NA,NA,NA,NA,NA,NA,Faulty
CONSOEV_AVG_0_INST_0_KWH_RTips.png,toCheck_100006_00480s_CONSOEV_AVG_0_INST_0_KWH_RTips.png,NA,NA,NA,NA,NA,NA,Faulty
EV_ENGINEINFO_0_V.png,toCheck_100006_00518s_EV_ENGINEINFO_0_V.png,NA,NA,NA,NA,NA,NA,Faulty
MSC_SERV_30000KM_13MS.png,toCheck_100006_00555s_MSC_SERV_30000KM_13MS.png,NA,NA,NA,NA,NA,NA,Faulty
HMGT_EMPTY_PAGE.png,toCheck_100006_00593s_HMGT_EMPTY_PAGE.png,NA,NA,NA,NA,NA,NA,Faulty
MSC_SERV_30000KM_13MS.png,toCheck_100007_00660s_MSC_SERV_30000KM_13MS.png,NA,NA,NA,NA,NA,NA,Faulty
HMGT_EMPTY_PAGE.png,toCheck_100007_00698s_HMGT_EMPTY_PAGE.png,NA,NA,NA,NA,NA,NA,Faulty
HMGT_AUDIO_MUTE.png,toCheck_100007_00735s_HMGT_AUDIO_MUTE.png,NA,NA,NA,NA,NA,NA,Faulty
SAFESCORE_GRN_100.png,toCheck_100007_00798s_SAFESCORE_GRN_100.png,NA,NA,NA,NA,NA,NA,Faulty
ECODSI_GRN_100.png,toCheck_100007_00835s_ECODSI_GRN_100.png,NA,NA,NA,NA,NA,NA,Faulty
LONGI_LAT_TILT_0_CAP.png,toCheck_100007_00893s_LONGI_LAT_TILT_0_CAP.png,NA,NA,NA,NA,NA,NA,Faulty
TXTALT_30204_1_FR_2p4FW_2p5RW.png,toCheck_100007_00950s_TXTALT_30204_1_FR_2p4FW_2p5RW.png,NA,NA,NA,NA,NA,NA,Faulty
HMGT_ENERGYFLOW.png,toCheck_100007_00988s_HMGT_ENERGYFLOW.png,NA,NA,NA,NA,NA,NA,Faulty
HMGT_ODO_0_KM_RTips.png,toCheck_100007_01025s_HMGT_ODO_0_KM_RTips.png,NA,NA,NA,NA,NA,NA,Faulty
CONSOEV_AVG_INV_INST_0_KWH_RTips.png,toCheck_100007_00473s_CONSOEV_AVG_INV_INST_0_KWH_RTips.png,NA,NA,NA,NA,NA,NA,Faulty
EV_ENGINEINFO_0_V.png,toCheck_100007_00510s_EV_ENGINEINFO_0_V.png,NA,NA,NA,NA,NA,NA,Faulty
HMGT_WTP_90_PER.png,toCheck_100007_00548s_HMGT_WTP_90_PER.png,NA,NA,NA,NA,NA,NA,Faulty
DPF_ALTTXT_20204_9.png,toCheck_100007_00585s_DPF_ALTTXT_20204_9.png,NA,NA,NA,NA,NA,NA,Faulty
MSC_OIL_5000KM_13MS.png,toCheck_100007_00623s_MSC_OIL_5000KM_13MS.png,NA,NA,NA,NA,NA,NA,Faulty
MSC_SERV_30000KM_13MS.png,toCheck_100008_00673s_MSC_SERV_30000KM_13MS.png,NA,NA,NA,NA,NA,NA,Faulty
HMGT_EMPTY_PAGE.png,toCheck_100008_00710s_HMGT_EMPTY_PAGE.png,NA,NA,NA,NA,NA,NA,Faulty
HMGT_AUDIO_MUTE.png,toCheck_100008_00748s_HMGT_AUDIO_MUTE.png,NA,NA,NA,NA,NA,NA,Faulty
SAFESCORE_GRN_100.png,toCheck_100008_00810s_SAFESCORE_GRN_100.png,NA,NA,NA,NA,NA,NA,Faulty
ECODSI_GRN_100.png,toCheck_100008_00848s_ECODSI_GRN_100.png,NA,NA,NA,NA,NA,NA,Faulty
LONGI_LAT_TILT_0_CAP.png,toCheck_100008_00905s_LONGI_LAT_TILT_0_CAP.png,NA,NA,NA,NA,NA,NA,Faulty
TXTALT_30204_1_FR_2p4FW_2p5RW.png,toCheck_100008_00963s_TXTALT_30204_1_FR_2p4FW_2p5RW.png,NA,NA,NA,NA,NA,NA,Faulty
HMGT_ENERGYFLOW.png,toCheck_100008_01000s_HMGT_ENERGYFLOW.png,NA,NA,NA,NA,NA,NA,Faulty
HMGT_ODO_0_KM_RTips.png,toCheck_100008_01038s_HMGT_ODO_0_KM_RTips.png,NA,NA,NA,NA,NA,NA,Faulty
CONSOEV_AVG_INV_INST_0_KWH_RTips.png,toCheck_100008_00485s_CONSOEV_AVG_INV_INST_0_KWH_RTips.png,NA,NA,NA,NA,NA,NA,Faulty
EV_ENGINEINFO_0_V.png,toCheck_100008_00523s_EV_ENGINEINFO_0_V.png,NA,NA,NA,NA,NA,NA,Faulty
HMGT_WTP_90_PER.png,toCheck_100008_00560s_HMGT_WTP_90_PER.png,NA,NA,NA,NA,NA,NA,Faulty
DPF_ALTTXT_20204_9.png,toCheck_100008_00598s_DPF_ALTTXT_20204_9.png,NA,NA,NA,NA,NA,NA,Faulty
MSC_OIL_5000KM_13MS.png,toCheck_100008_00635s_MSC_OIL_5000KM_13MS.png,NA,NA,NA,NA,NA,NA,Faulty
MSC_SERV_30000KM_13MS.png,toCheck_100009_00635s_MSC_SERV_30000KM_13MS.png,NA,NA,NA,NA,NA,NA,Faulty
HMGT_EMPTY_PAGE.png,toCheck_100009_00673s_HMGT_EMPTY_PAGE.png,NA,NA,NA,NA,NA,NA,Faulty
HMGT_AUDIO_MUTE.png,toCheck_100009_00710s_HMGT_AUDIO_MUTE.png,NA,NA,NA,NA,NA,NA,Faulty
SAFESCORE_GRN_100.png,toCheck_100009_00773s_SAFESCORE_GRN_100.png,NA,NA,NA,NA,NA,NA,Faulty
ECODSI_GRN_100.png,toCheck_100009_00810s_ECODSI_GRN_100.png,NA,NA,NA,NA,NA,NA,Faulty
LONGI_LAT_TILT_0_CAP.png,toCheck_100009_00868s_LONGI_LAT_TILT_0_CAP.png,NA,NA,NA,NA,NA,NA,Faulty
TXTALT_30204_1_FR_2p4FW_2p5RW.png,toCheck_100009_00925s_TXTALT_30204_1_FR_2p4FW_2p5RW.png,NA,NA,NA,NA,NA,NA,Faulty
HMGT_ENERGYFLOW.png,toCheck_100009_00963s_HMGT_ENERGYFLOW.png,NA,NA,NA,NA,NA,NA,Faulty
HMGT_ODO_0_KM_RTips.png,toCheck_100009_01000s_HMGT_ODO_0_KM_RTips.png,NA,NA,NA,NA,NA,NA,Faulty
EV_ENGINEINFO_0_V.png,toCheck_100009_00485s_EV_ENGINEINFO_0_V.png,NA,NA,NA,NA,NA,NA,Faulty
HMGT_WTP_90_PER.png,toCheck_100009_00523s_HMGT_WTP_90_PER.png,NA,NA,NA,NA,NA,NA,Faulty
DPF_ALTTXT_20204_9.png,toCheck_100009_00560s_DPF_ALTTXT_20204_9.png,NA,NA,NA,NA,NA,NA,Faulty
MSC_OIL_5000KM_13MS.png,toCheck_100009_00598s_MSC_OIL_5000KM_13MS.png,NA,NA,NA,NA,NA,NA,Faulty
HMGT_EMPTY_PAGE.png,toCheck_100010_00675s_HMGT_EMPTY_PAGE.png,NA,NA,NA,NA,NA,NA,Faulty
HMGT_AUDIO_MUTE.png,toCheck_100010_00713s_HMGT_AUDIO_MUTE.png,NA,NA,NA,NA,NA,NA,Faulty
SAFESCORE_GRN_100.png,toCheck_100010_00775s_SAFESCORE_GRN_100.png,NA,NA,NA,NA,NA,NA,Faulty
ECODSI_GRN_100.png,toCheck_100010_00813s_ECODSI_GRN_100.png,NA,NA,NA,NA,NA,NA,Faulty
LONGI_LAT_TILT_0_CAP.png,toCheck_100010_00870s_LONGI_LAT_TILT_0_CAP.png,NA,NA,NA,NA,NA,NA,Faulty
TXTALT_30204_1_FR_2p4FW_2p5RW.png,toCheck_100010_00928s_TXTALT_30204_1_FR_2p4FW_2p5RW.png,NA,NA,NA,NA,NA,NA,Faulty
HMGT_ODO_0_KM_RTips.png,toCheck_100010_00965s_HMGT_ODO_0_KM_RTips.png,NA,NA,NA,NA,NA,NA,Faulty
CONSOEV_AVG_INV_INST_0_KWH_RTips.png,toCheck_100010_00488s_CONSOEV_AVG_INV_INST_0_KWH_RTips.png,NA,NA,NA,NA,NA,NA,Faulty
SCR_ALTTXT_20208_18_0KM.png,toCheck_100010_00525s_SCR_ALTTXT_20208_18_0KM.png,NA,NA,NA,NA,NA,NA,Faulty
DPF_ALTTXT_20204_9.png,toCheck_100010_00563s_DPF_ALTTXT_20204_9.png,NA,NA,NA,NA,NA,NA,Faulty
MSC_OIL_5000KM_13MS.png,toCheck_100010_00600s_MSC_OIL_5000KM_13MS.png,NA,NA,NA,NA,NA,NA,Faulty
MSC_SERV_30000KM_13MS.png,toCheck_100010_00638s_MSC_SERV_30000KM_13MS.png,NA,NA,NA,NA,NA,NA,Faulty
HMGT_EMPTY_PAGE.png,toCheck_100011_00688s_HMGT_EMPTY_PAGE.png,NA,NA,NA,NA,NA,NA,Faulty
HMGT_AUDIO_MUTE.png,toCheck_100011_00725s_HMGT_AUDIO_MUTE.png,NA,NA,NA,NA,NA,NA,Faulty
SAFESCORE_GRN_100.png,toCheck_100011_00788s_SAFESCORE_GRN_100.png,NA,NA,NA,NA,NA,NA,Faulty
ECODSI_GRN_100.png,toCheck_100011_00825s_ECODSI_GRN_100.png,NA,NA,NA,NA,NA,NA,Faulty
LONGI_LAT_TILT_0_CAP.png,toCheck_100011_00883s_LONGI_LAT_TILT_0_CAP.png,NA,NA,NA,NA,NA,NA,Faulty
TXTALT_30204_1_FR_2p4FW_2p5RW.png,toCheck_100011_00940s_TXTALT_30204_1_FR_2p4FW_2p5RW.png,NA,NA,NA,NA,NA,NA,Faulty
HMGT_ODO_0_KM_RTips.png,toCheck_100011_00978s_HMGT_ODO_0_KM_RTips.png,NA,NA,NA,NA,NA,NA,Faulty
CONSOEV_AVG_INV_INST_0_KWH_RTips.png,toCheck_100011_00500s_CONSOEV_AVG_INV_INST_0_KWH_RTips.png,NA,NA,NA,NA,NA,NA,Faulty
SCR_ALTTXT_20208_18_0KM.png,toCheck_100011_00538s_SCR_ALTTXT_20208_18_0KM.png,NA,NA,NA,NA,NA,NA,Faulty
DPF_ALTTXT_20204_9.png,toCheck_100011_00575s_DPF_ALTTXT_20204_9.png,NA,NA,NA,NA,NA,NA,Faulty
MSC_OIL_5000KM_13MS.png,toCheck_100011_00613s_MSC_OIL_5000KM_13MS.png,NA,NA,NA,NA,NA,NA,Faulty
MSC_SERV_30000KM_13MS.png,toCheck_100011_00650s_MSC_SERV_30000KM_13MS.png,NA,NA,NA,NA,NA,NA,Faulty
HMGT_EMPTY_PAGE.png,toCheck_100012_00650s_HMGT_EMPTY_PAGE.png,NA,NA,NA,NA,NA,NA,Faulty
HMGT_AUDIO_MUTE.png,toCheck_100012_00688s_HMGT_AUDIO_MUTE.png,NA,NA,NA,NA,NA,NA,Faulty
SAFESCORE_GRN_100.png,toCheck_100012_00750s_SAFESCORE_GRN_100.png,NA,NA,NA,NA,NA,NA,Faulty
ECODSI_GRN_100.png,toCheck_100012_00788s_ECODSI_GRN_100.png,NA,NA,NA,NA,NA,NA,Faulty
LONGI_LAT_TILT_0_CAP.png,toCheck_100012_00845s_LONGI_LAT_TILT_0_CAP.png,NA,NA,NA,NA,NA,NA,Faulty
TXTALT_30204_1_FR_2p4FW_2p5RW.png,toCheck_100012_00903s_TXTALT_30204_1_FR_2p4FW_2p5RW.png,NA,NA,NA,NA,NA,NA,Faulty
HMGT_ODO_0_KM_RTips.png,toCheck_100012_00940s_HMGT_ODO_0_KM_RTips.png,NA,NA,NA,NA,NA,NA,Faulty
CONSOEV_AVG_INV_INST_0_KWH_RTips.png,toCheck_100012_00463s_CONSOEV_AVG_INV_INST_0_KWH_RTips.png,NA,NA,NA,NA,NA,NA,Faulty
SCR_ALTTXT_20208_18_0KM.png,toCheck_100012_00500s_SCR_ALTTXT_20208_18_0KM.png,NA,NA,NA,NA,NA,NA,Faulty
DPF_ALTTXT_20204_9.png,toCheck_100012_00538s_DPF_ALTTXT_20204_9.png,NA,NA,NA,NA,NA,NA,Faulty
MSC_OIL_5000KM_13MS.png,toCheck_100012_00575s_MSC_OIL_5000KM_13MS.png,NA,NA,NA,NA,NA,NA,Faulty
MSC_SERV_30000KM_13MS.png,toCheck_100012_00613s_MSC_SERV_30000KM_13MS.png,NA,NA,NA,NA,NA,NA,Faulty
ADAS_2DLAYOUT.png,toCheck_100013_00580s_ADAS_2DLAYOUT.png,NA,NA,NA,NA,NA,NA,Faulty
ADAS_2DLAYOUT_High_Beam_ON.png,toCheck_100013_00605s_ADAS_2DLAYOUT_High_Beam_ON.png,NA,NA,NA,NA,NA,NA,Faulty
ADAS_2DLAYOUT.png,toCheck_100013_00630s_ADAS_2DLAYOUT.png,NA,NA,NA,NA,NA,NA,Faulty
ADAS_2DLAYOUT_Brake_Light_ON.png,toCheck_100013_00655s_ADAS_2DLAYOUT_Brake_Light_ON.png,NA,NA,NA,NA,NA,NA,Faulty
ADAS_2DLAYOUT.png,toCheck_100013_00530s_ADAS_2DLAYOUT.png,NA,NA,NA,NA,NA,NA,Faulty
ADAS_2DLAYOUT_Low_Beam_ON.png,toCheck_100013_00555s_ADAS_2DLAYOUT_Low_Beam_ON.png,NA,NA,NA,NA,NA,NA,Faulty
ADAS_3DLAYOUT.png,toCheck_100014_00568s_ADAS_3DLAYOUT.png,NA,NA,NA,NA,NA,NA,Faulty
ADAS_3DLAYOUT_High_Beam_ON.png,toCheck_100014_00593s_ADAS_3DLAYOUT_High_Beam_ON.png,NA,NA,NA,NA,NA,NA,Faulty
ADAS_3DLAYOUT.png,toCheck_100014_00618s_ADAS_3DLAYOUT.png,NA,NA,NA,NA,NA,NA,Faulty
ADAS_3DLAYOUT_Brake_Light_ON.png,toCheck_100014_00643s_ADAS_3DLAYOUT_Brake_Light_ON.png,NA,NA,NA,NA,NA,NA,Faulty
ADAS_3DLAYOUT_All_Lights_DoorOpen_ON.png,toCheck_100014_00668s_ADAS_3DLAYOUT_All_Lights_DoorOpen_ON.png,NA,NA,NA,NA,NA,NA,Faulty
ADAS_3DLAYOUT.png,toCheck_100014_00418s_ADAS_3DLAYOUT.png,NA,NA,NA,NA,NA,NA,Faulty
ADAS_3DLAYOUT.png,toCheck_100014_00468s_ADAS_3DLAYOUT.png,NA,NA,NA,NA,NA,NA,Faulty
ADAS_3DLAYOUT.png,toCheck_100014_00518s_ADAS_3DLAYOUT.png,NA,NA,NA,NA,NA,NA,Faulty
ADAS_3DLAYOUT_Low_Beam_ON.png,toCheck_100014_00543s_ADAS_3DLAYOUT_Low_Beam_ON.png,NA,NA,NA,NA,NA,NA,Faulty
HMGT_AUDIO_MUTE.png,toCheck_100015_00483s_HMGT_AUDIO_MUTE.png,NA,NA,NA,NA,NA,NA,Faulty
CHARGE_LAYOUT.png,toCheck_100016_00700s_CHARGE_LAYOUT.png,NA,NA,NA,NA,NA,NA,Faulty
FULL_ALTIA_WAKEUP_MMI_EV.png,toCheck_100016_00762s_FULL_ALTIA_WAKEUP_MMI_EV.png,NA,NA,NA,NA,NA,NA,Faulty
CHARGE_LAYOUT.png,toCheck_100016_00832s_CHARGE_LAYOUT.png,NA,NA,NA,NA,NA,NA,Faulty
FULL_ALTIA_WAKEUP_MMI_EV.png,toCheck_100016_00862s_FULL_ALTIA_WAKEUP_MMI_EV.png,NA,NA,NA,NA,NA,NA,Faulty
CHARGE_LAYOUT.png,toCheck_100016_00290s_CHARGE_LAYOUT.png,NA,NA,NA,NA,NA,NA,Faulty
FULL_ALTIA_WAKEUP_MMI_EV.png,toCheck_100016_00320s_FULL_ALTIA_WAKEUP_MMI_EV.png,NA,NA,NA,NA,NA,NA,Faulty
CHARGE_LAYOUT.png,toCheck_100016_00422s_CHARGE_LAYOUT.png,NA,NA,NA,NA,NA,NA,Faulty
CHARGE_LAYOUT.png,toCheck_100016_00567s_CHARGE_LAYOUT.png,NA,NA,NA,NA,NA,NA,Faulty
LONGI_LAT_TILT_0_CAP.png,toCheck_100017_00503s_LONGI_LAT_TILT_0_CAP.png,NA,NA,NA,NA,NA,NA,Faulty
DPF_ALTTXT_20204_9.png,toCheck_100019_00445s_DPF_ALTTXT_20204_9.png,NA,NA,NA,NA,NA,NA,Faulty
ECODSI_GRN_100.png,toCheck_100020_00483s_ECODSI_GRN_100.png,NA,NA,NA,NA,NA,NA,Faulty
FULL_ALTIA_WAKEUP_MMI_HEV_TRIP_INV.png,toCheck_100021_00240s_FULL_ALTIA_WAKEUP_MMI_HEV_TRIP_INV.png,NA,NA,NA,NA,NA,NA,Faulty
EV_ENGINEINFO_0_V.png,toCheck_100021_00430s_EV_ENGINEINFO_0_V.png,NA,NA,NA,NA,NA,NA,Faulty
HMGT_AUDIO_MUTE.png,toCheck_100022_00618s_HMGT_AUDIO_MUTE.png,NA,NA,NA,NA,NA,NA,Faulty
SAFESCORE_GRN_100.png,toCheck_100022_00680s_SAFESCORE_GRN_100.png,NA,NA,NA,NA,NA,NA,Faulty
ECODSI_GRN_100.png,toCheck_100022_00718s_ECODSI_GRN_100.png,NA,NA,NA,NA,NA,NA,Faulty
SOC_BAT_0PER.png,toCheck_100022_00755s_SOC_BAT_0PER.png,NA,NA,NA,NA,NA,NA,Faulty
LONGI_LAT_TILT_0_CAP.png,toCheck_100022_00813s_LONGI_LAT_TILT_0_CAP.png,NA,NA,NA,NA,NA,NA,Faulty
TXTALT_30204_1_FR_2p4FW_2p5RW.png,toCheck_100022_00870s_TXTALT_30204_1_FR_2p4FW_2p5RW.png,NA,NA,NA,NA,NA,NA,Faulty
HMGT_ODO_0_KM_RTips.png,toCheck_100022_00908s_HMGT_ODO_0_KM_RTips.png,NA,NA,NA,NA,NA,NA,Faulty
EV_AUTO_0_KM.png,toCheck_100022_00430s_EV_AUTO_0_KM.png,NA,NA,NA,NA,NA,NA,Faulty
CONSOEV_AVG_0_INST_0_KWH_RTips.png,toCheck_100022_00468s_CONSOEV_AVG_0_INST_0_KWH_RTips.png,NA,NA,NA,NA,NA,NA,Faulty
EV_ENGINEINFO_0_V.png,toCheck_100022_00505s_EV_ENGINEINFO_0_V.png,NA,NA,NA,NA,NA,NA,Faulty
MSC_SERV_30000KM_13MS.png,toCheck_100022_00543s_MSC_SERV_30000KM_13MS.png,NA,NA,NA,NA,NA,NA,Faulty
FULL_ALTIA_WAKEUP_MMI_HEV_TRIP_INV.png,toCheck_100023_00240s_FULL_ALTIA_WAKEUP_MMI_HEV_TRIP_INV.png,NA,NA,NA,NA,NA,NA,Faulty
HMGT_ENERGYFLOW.png,toCheck_100023_00468s_HMGT_ENERGYFLOW.png,NA,NA,NA,NA,NA,NA,Faulty
MSC_SERV_30000KM_13MS.png,toCheck_100024_00618s_MSC_SERV_30000KM_13MS.png,NA,NA,NA,NA,NA,NA,Faulty
HMGT_AUDIO_MUTE.png,toCheck_100024_00693s_HMGT_AUDIO_MUTE.png,NA,NA,NA,NA,NA,NA,Faulty
SAFESCORE_GRN_100.png,toCheck_100024_00755s_SAFESCORE_GRN_100.png,NA,NA,NA,NA,NA,NA,Faulty
ECODSI_GRN_100.png,toCheck_100024_00793s_ECODSI_GRN_100.png,NA,NA,NA,NA,NA,NA,Faulty
LONGI_LAT_TILT_0_CAP.png,toCheck_100024_00850s_LONGI_LAT_TILT_0_CAP.png,NA,NA,NA,NA,NA,NA,Faulty
TXTALT_30204_1_FR_2p4FW_2p5RW.png,toCheck_100024_00908s_TXTALT_30204_1_FR_2p4FW_2p5RW.png,NA,NA,NA,NA,NA,NA,Faulty
HMGT_ENERGYFLOW.png,toCheck_100024_00945s_HMGT_ENERGYFLOW.png,NA,NA,NA,NA,NA,NA,Faulty
HMGT_ODO_0_KM_RTips.png,toCheck_100024_00983s_HMGT_ODO_0_KM_RTips.png,NA,NA,NA,NA,NA,NA,Faulty
CONSOEV_AVG_INV_INST_0_KWH_RTips.png,toCheck_100024_00430s_CONSOEV_AVG_INV_INST_0_KWH_RTips.png,NA,NA,NA,NA,NA,NA,Faulty
EV_ENGINEINFO_0_V.png,toCheck_100024_00468s_EV_ENGINEINFO_0_V.png,NA,NA,NA,NA,NA,NA,Faulty
HMGT_AUDIO_MUTE.png,toCheck_100025_00670s_HMGT_AUDIO_MUTE.png,NA,NA,NA,NA,NA,NA,Faulty
SAFESCORE_GRN_100.png,toCheck_100025_00733s_SAFESCORE_GRN_100.png,NA,NA,NA,NA,NA,NA,Faulty
ECODSI_GRN_100.png,toCheck_100025_00770s_ECODSI_GRN_100.png,NA,NA,NA,NA,NA,NA,Faulty
LONGI_LAT_TILT_0_CAP.png,toCheck_100025_00828s_LONGI_LAT_TILT_0_CAP.png,NA,NA,NA,NA,NA,NA,Faulty
TXTALT_30204_1_FR_2p4FW_2p5RW.png,toCheck_100025_00885s_TXTALT_30204_1_FR_2p4FW_2p5RW.png,NA,NA,NA,NA,NA,NA,Faulty
HMGT_ODO_0_KM_RTips.png,toCheck_100025_00923s_HMGT_ODO_0_KM_RTips.png,NA,NA,NA,NA,NA,NA,Faulty
TXTALT_30204_1_FR_2p4FW_2p5RW.png,toCheck_100025_00960s_TXTALT_30204_1_FR_2p4FW_2p5RW.png,NA,NA,NA,NA,NA,NA,Faulty
LONGI_LAT_TILT_0_CAP.png,toCheck_100025_00998s_LONGI_LAT_TILT_0_CAP.png,NA,NA,NA,NA,NA,NA,Faulty
ECODSI_GRN_100.png,toCheck_100025_01035s_ECODSI_GRN_100.png,NA,NA,NA,NA,NA,NA,Faulty
SAFESCORE_GRN_100.png,toCheck_100025_01073s_SAFESCORE_GRN_100.png,NA,NA,NA,NA,NA,NA,Faulty
HMGT_AUDIO_MUTE.png,toCheck_100025_01135s_HMGT_AUDIO_MUTE.png,NA,NA,NA,NA,NA,NA,Faulty
MSC_SERV_30000KM_13MS.png,toCheck_100025_01210s_MSC_SERV_30000KM_13MS.png,NA,NA,NA,NA,NA,NA,Faulty
MSC_OIL_5000KM_13MS.png,toCheck_100025_01248s_MSC_OIL_5000KM_13MS.png,NA,NA,NA,NA,NA,NA,Faulty
DPF_ALTTXT_20204_9.png,toCheck_100025_01285s_DPF_ALTTXT_20204_9.png,NA,NA,NA,NA,NA,NA,Faulty
SCR_ALTTXT_20208_18_0KM.png,toCheck_100025_01323s_SCR_ALTTXT_20208_18_0KM.png,NA,NA,NA,NA,NA,NA,Faulty
CONSOEV_AVG_INV_INST_0_KWH_RTips.png,toCheck_100025_01360s_CONSOEV_AVG_INV_INST_0_KWH_RTips.png,NA,NA,NA,NA,NA,NA,Faulty
HMGT_ODO_0_KM_RTips.png,toCheck_100025_01398s_HMGT_ODO_0_KM_RTips.png,NA,NA,NA,NA,NA,NA,Faulty
CONSOEV_AVG_INV_INST_0_KWH_RTips.png,toCheck_100025_00445s_CONSOEV_AVG_INV_INST_0_KWH_RTips.png,NA,NA,NA,NA,NA,NA,Faulty
SCR_ALTTXT_20208_18_0KM.png,toCheck_100025_00483s_SCR_ALTTXT_20208_18_0KM.png,NA,NA,NA,NA,NA,NA,Faulty
DPF_ALTTXT_20204_9.png,toCheck_100025_00520s_DPF_ALTTXT_20204_9.png,NA,NA,NA,NA,NA,NA,Faulty
MSC_OIL_5000KM_13MS.png,toCheck_100025_00558s_MSC_OIL_5000KM_13MS.png,NA,NA,NA,NA,NA,NA,Faulty
MSC_SERV_30000KM_13MS.png,toCheck_100025_00595s_MSC_SERV_30000KM_13MS.png,NA,NA,NA,NA,NA,NA,Faulty
HMGT_AUDIO_MUTE.png,toCheck_100026_00670s_HMGT_AUDIO_MUTE.png,NA,NA,NA,NA,NA,NA,Faulty
SAFESCORE_GRN_100.png,toCheck_100026_00733s_SAFESCORE_GRN_100.png,NA,NA,NA,NA,NA,NA,Faulty
ECODSI_GRN_100.png,toCheck_100026_00770s_ECODSI_GRN_100.png,NA,NA,NA,NA,NA,NA,Faulty
LONGI_LAT_TILT_0_CAP.png,toCheck_100026_00828s_LONGI_LAT_TILT_0_CAP.png,NA,NA,NA,NA,NA,NA,Faulty
TXTALT_30204_1_FR_2p4FW_2p5RW.png,toCheck_100026_00885s_TXTALT_30204_1_FR_2p4FW_2p5RW.png,NA,NA,NA,NA,NA,NA,Faulty
FULL_ALTIA_WAKEUP_MMI.png,toCheck_100026_01293s_FULL_ALTIA_WAKEUP_MMI.png,NA,NA,NA,NA,NA,NA,Faulty
TXTALT_30204_1_FR_2p4FW_2p5RW.png,toCheck_100026_01441s_TXTALT_30204_1_FR_2p4FW_2p5RW.png,NA,NA,NA,NA,NA,NA,Faulty
HMGT_ODO_0_KM_RTips.png,toCheck_100026_01479s_HMGT_ODO_0_KM_RTips.png,NA,NA,NA,NA,NA,NA,Faulty
CONSOEV_AVG_INV_INST_0_KWH_RTips.png,toCheck_100026_00445s_CONSOEV_AVG_INV_INST_0_KWH_RTips.png,NA,NA,NA,NA,NA,NA,Faulty
SCR_ALTTXT_20208_18_0KM.png,toCheck_100026_00483s_SCR_ALTTXT_20208_18_0KM.png,NA,NA,NA,NA,NA,NA,Faulty
DPF_ALTTXT_20204_9.png,toCheck_100026_00520s_DPF_ALTTXT_20204_9.png,NA,NA,NA,NA,NA,NA,Faulty
MSC_OIL_5000KM_13MS.png,toCheck_100026_00558s_MSC_OIL_5000KM_13MS.png,NA,NA,NA,NA,NA,NA,Faulty
MSC_SERV_30000KM_13MS.png,toCheck_100026_00595s_MSC_SERV_30000KM_13MS.png,NA,NA,NA,NA,NA,NA,Faulty
CHARGE_LAYOUT.png,toCheck_100027_00430s_CHARGE_LAYOUT.png,NA,NA,NA,NA,NA,NA,Faulty
FULL_ALTIA_WAKEUP_MMI_EV.png,toCheck_100027_00482s_FULL_ALTIA_WAKEUP_MMI_EV.png,NA,NA,NA,NA,NA,NA,Faulty
CHARGE_LAYOUT.png,toCheck_100027_00745s_CHARGE_LAYOUT.png,NA,NA,NA,NA,NA,NA,Faulty
MSC_OIL_5000KM_13MS.png,toCheck_100028_00445s_MSC_OIL_5000KM_13MS.png,NA,NA,NA,NA,NA,NA,Faulty
MSC_SERV_30000KM_13MS.png,toCheck_100028_00483s_MSC_SERV_30000KM_13MS.png,NA,NA,NA,NA,NA,NA,Faulty
MSC_SERV_30000KM_13MS.png,toCheck_100029_00618s_MSC_SERV_30000KM_13MS.png,NA,NA,NA,NA,NA,NA,Faulty
HMGT_AUDIO_MUTE.png,toCheck_100029_00693s_HMGT_AUDIO_MUTE.png,NA,NA,NA,NA,NA,NA,Faulty
SAFESCORE_GRN_100.png,toCheck_100029_00755s_SAFESCORE_GRN_100.png,NA,NA,NA,NA,NA,NA,Faulty
ECODSI_GRN_100.png,toCheck_100029_00793s_ECODSI_GRN_100.png,NA,NA,NA,NA,NA,NA,Faulty
SOC_BAT_0PER.png,toCheck_100029_00830s_SOC_BAT_0PER.png,NA,NA,NA,NA,NA,NA,Faulty
LONGI_LAT_TILT_0_CAP.png,toCheck_100029_00888s_LONGI_LAT_TILT_0_CAP.png,NA,NA,NA,NA,NA,NA,Faulty
TXTALT_30204_1_FR_2p4FW_2p5RW.png,toCheck_100029_00945s_TXTALT_30204_1_FR_2p4FW_2p5RW.png,NA,NA,NA,NA,NA,NA,Faulty
HMGT_ENERGYFLOW.png,toCheck_100029_00983s_HMGT_ENERGYFLOW.png,NA,NA,NA,NA,NA,NA,Faulty
HMGT_ODO_0_KM_RTips.png,toCheck_100029_01020s_HMGT_ODO_0_KM_RTips.png,NA,NA,NA,NA,NA,NA,Faulty
CONSOEV_AVG_INV_INST_0_KWH_RTips.png,toCheck_100029_00430s_CONSOEV_AVG_INV_INST_0_KWH_RTips.png,NA,NA,NA,NA,NA,NA,Faulty
CONSOEV_AVG_0_INST_0_KWH_RTips.png,toCheck_100029_00468s_CONSOEV_AVG_0_INST_0_KWH_RTips.png,NA,NA,NA,NA,NA,NA,Faulty
EV_ENGINEINFO_0_V.png,toCheck_100029_00505s_EV_ENGINEINFO_0_V.png,NA,NA,NA,NA,NA,NA,Faulty
HMGT_WTP_90_PER.png,toCheck_100029_00543s_HMGT_WTP_90_PER.png,NA,NA,NA,NA,NA,NA,Faulty
MSC_OIL_5000KM_13MS.png,toCheck_100029_00580s_MSC_OIL_5000KM_13MS.png,NA,NA,NA,NA,NA,NA,Faulty
SAFESCORE_GRN_100.png,toCheck_100030_00483s_SAFESCORE_GRN_100.png,NA,NA,NA,NA,NA,NA,Faulty
ALL_TLTS_ADAS_3D_LAYOUT.png,toCheck_100031_01492s_ALL_TLTS_ADAS_3D_LAYOUT.png,NA,NA,NA,NA,NA,NA,Faulty
ALL_TLTS_ADAS_2D_LAYOUT.png,toCheck_100031_01837s_ALL_TLTS_ADAS_2D_LAYOUT.png,NA,NA,NA,NA,NA,NA,Faulty
ALL_TLTS_MINIMAL_LAYOUT.png,toCheck_100031_02183s_ALL_TLTS_MINIMAL_LAYOUT.png,NA,NA,NA,NA,NA,NA,Faulty
ALL_TLTS_CHARGE_LAYOUT.png,toCheck_100031_02678s_ALL_TLTS_CHARGE_LAYOUT.png,NA,NA,NA,NA,NA,NA,Faulty
ALL_TLTS_POWER_LAYOUT.png,toCheck_100031_00761s_ALL_TLTS_POWER_LAYOUT.png,NA,NA,NA,NA,NA,NA,Faulty
NAV_NOSTRM_ARV_DIST_23000_FT.png,toCheck_100031_00813s_NAV_NOSTRM_ARV_DIST_23000_FT.png,NA,NA,NA,NA,NA,NA,Faulty
ALL_TLTS_NAV_LAYOUT.png,toCheck_100031_01126s_ALL_TLTS_NAV_LAYOUT.png,NA,NA,NA,NA,NA,NA,Faulty
TXTALT_30204_1_FR_2p4FW_2p5RW.png,toCheck_100032_00503s_TXTALT_30204_1_FR_2p4FW_2p5RW.png,NA,NA,NA,NA,NA,NA,Faulty
ADAS_3DLAYOUT_WO_WIDGET.png,toCheck_100033_00550s_ADAS_3DLAYOUT_WO_WIDGET.png,NA,NA,NA,NA,NA,NA,Faulty
ADAS_3DLAYOUT_WO_WIDGET.png,toCheck_100033_00580s_ADAS_3DLAYOUT_WO_WIDGET.png,NA,NA,NA,NA,NA,NA,Faulty
ADAS_2DLAYOUT_WO_WIDGET.png,toCheck_100033_00613s_ADAS_2DLAYOUT_WO_WIDGET.png,NA,NA,NA,NA,NA,NA,Faulty
ADAS_2DLAYOUT_WO_Widget.png,toCheck_100033_00643s_ADAS_2DLAYOUT_WO_Widget.png,NA,NA,NA,NA,NA,NA,Faulty
MINLy_WO_WIDGET.png,toCheck_100033_00675s_MINLy_WO_WIDGET.png,NA,NA,NA,NA,NA,NA,Faulty
MINLy_WO_WIDGET.png,toCheck_100033_00705s_MINLy_WO_WIDGET.png,NA,NA,NA,NA,NA,NA,Faulty
HMGT_EMPTY_PAGE.png,toCheck_100033_00455s_HMGT_EMPTY_PAGE.png,NA,NA,NA,NA,NA,NA,Faulty
NAVLy_WO_WIDGET.png,toCheck_100033_00488s_NAVLy_WO_WIDGET.png,NA,NA,NA,NA,NA,NA,Faulty
NAVLy_WO_WIDGET.png,toCheck_100033_00518s_NAVLy_WO_WIDGET.png,NA,NA,NA,NA,NA,NA,Faulty
SCR_ALTTXT_20208_18_0KM.png,toCheck_100034_00445s_SCR_ALTTXT_20208_18_0KM.png,NA,NA,NA,NA,NA,NA,Faulty
FULL_ALTIA_WAKEUP_MMI_HEV_TRIP_INV.png,toCheck_100035_00240s_FULL_ALTIA_WAKEUP_MMI_HEV_TRIP_INV.png,NA,NA,NA,NA,NA,NA,Faulty
HMGT_WTP_90_PER.png,toCheck_100035_00430s_HMGT_WTP_90_PER.png,NA,NA,NA,NA,NA,NA,Faulty
EV_AUTO_0_KM.png,toCheck_100036_00936s_EV_AUTO_0_KM.png,NA,NA,NA,NA,NA,NA,Faulty
EV_AUTO_0_KM.png,toCheck_100036_01011s_EV_AUTO_0_KM.png,NA,NA,NA,NA,NA,NA,Faulty
EV_AUTO_0_KM.png,toCheck_100036_01362s_EV_AUTO_0_KM.png,NA,NA,NA,NA,NA,NA,Faulty
EV_AUTO_0_KM.png,toCheck_100036_01399s_EV_AUTO_0_KM.png,NA,NA,NA,NA,NA,NA,Faulty
EV_AUTO_0_KM.png,toCheck_100036_01442s_EV_AUTO_0_KM.png,NA,NA,NA,NA,NA,NA,Faulty
EV_AUTO_0_KM.png,toCheck_100036_01484s_EV_AUTO_0_KM.png,NA,NA,NA,NA,NA,NA,Faulty
FULL_ALTIA_WAKEUP_MMI_EV_TRIP_INV.png,toCheck_100036_00240s_FULL_ALTIA_WAKEUP_MMI_EV_TRIP_INV.png,NA,NA,NA,NA,NA,NA,Faulty
EV_AUTO_0_KM.png,toCheck_100036_00410s_EV_AUTO_0_KM.png,NA,NA,NA,NA,NA,NA,Faulty
ADAS_3DLAYOUT_WO_WIDGET.png,toCheck_100037_00703s_ADAS_3DLAYOUT_WO_WIDGET.png,NA,NA,NA,NA,NA,NA,Faulty
CLASSIC_LAYOUT_ODO_0_TRIP_INV_KM.png,toCheck_100037_00388s_CLASSIC_LAYOUT_ODO_0_TRIP_INV_KM.png,NA,NA,NA,NA,NA,NA,Faulty
MSC_SERV_30000KM_13MS.png,toCheck_100038_00655s_MSC_SERV_30000KM_13MS.png,NA,NA,NA,NA,NA,NA,Faulty
HMGT_EMPTY_PAGE.png,toCheck_100038_00693s_HMGT_EMPTY_PAGE.png,NA,NA,NA,NA,NA,NA,Faulty
HMGT_AUDIO_MUTE.png,toCheck_100038_00730s_HMGT_AUDIO_MUTE.png,NA,NA,NA,NA,NA,NA,Faulty
SAFESCORE_GRN_100.png,toCheck_100038_00793s_SAFESCORE_GRN_100.png,NA,NA,NA,NA,NA,NA,Faulty
ECODSI_GRN_100.png,toCheck_100038_00830s_ECODSI_GRN_100.png,NA,NA,NA,NA,NA,NA,Faulty
SOC_BAT_0PER.png,toCheck_100038_00868s_SOC_BAT_0PER.png,NA,NA,NA,NA,NA,NA,Faulty
LONGI_LAT_TILT_0_CAP.png,toCheck_100038_00925s_LONGI_LAT_TILT_0_CAP.png,NA,NA,NA,NA,NA,NA,Faulty
TXTALT_30204_1_FR_2p4FW_2p5RW.png,toCheck_100038_00983s_TXTALT_30204_1_FR_2p4FW_2p5RW.png,NA,NA,NA,NA,NA,NA,Faulty
HMGT_ENERGYFLOW.png,toCheck_100038_01020s_HMGT_ENERGYFLOW.png,NA,NA,NA,NA,NA,NA,Faulty
HMGT_ODO_0_KM_RTips.png,toCheck_100038_01058s_HMGT_ODO_0_KM_RTips.png,NA,NA,NA,NA,NA,NA,Faulty
CONSOEV_AVG_INV_INST_0_KWH_RTips.png,toCheck_100038_00468s_CONSOEV_AVG_INV_INST_0_KWH_RTips.png,NA,NA,NA,NA,NA,NA,Faulty
CONSOEV_AVG_0_INST_0_KWH_RTips.png,toCheck_100038_00505s_CONSOEV_AVG_0_INST_0_KWH_RTips.png,NA,NA,NA,NA,NA,NA,Faulty
EV_ENGINEINFO_0_V.png,toCheck_100038_00543s_EV_ENGINEINFO_0_V.png,NA,NA,NA,NA,NA,NA,Faulty
HMGT_WTP_90_PER.png,toCheck_100038_00580s_HMGT_WTP_90_PER.png,NA,NA,NA,NA,NA,NA,Faulty
MSC_OIL_5000KM_13MS.png,toCheck_100038_00618s_MSC_OIL_5000KM_13MS.png,NA,NA,NA,NA,NA,NA,Faulty
MSC_SERV_30000KM_13MS.png,toCheck_100039_00668s_MSC_SERV_30000KM_13MS.png,NA,NA,NA,NA,NA,NA,Faulty
HMGT_EMPTY_PAGE.png,toCheck_100039_00705s_HMGT_EMPTY_PAGE.png,NA,NA,NA,NA,NA,NA,Faulty
HMGT_AUDIO_MUTE.png,toCheck_100039_00743s_HMGT_AUDIO_MUTE.png,NA,NA,NA,NA,NA,NA,Faulty
SAFESCORE_GRN_100.png,toCheck_100039_00805s_SAFESCORE_GRN_100.png,NA,NA,NA,NA,NA,NA,Faulty
ECODSI_GRN_100.png,toCheck_100039_00843s_ECODSI_GRN_100.png,NA,NA,NA,NA,NA,NA,Faulty
SOC_BAT_0PER.png,toCheck_100039_00880s_SOC_BAT_0PER.png,NA,NA,NA,NA,NA,NA,Faulty
LONGI_LAT_TILT_0_CAP.png,toCheck_100039_00938s_LONGI_LAT_TILT_0_CAP.png,NA,NA,NA,NA,NA,NA,Faulty
TXTALT_30204_1_FR_2p4FW_2p5RW.png,toCheck_100039_00995s_TXTALT_30204_1_FR_2p4FW_2p5RW.png,NA,NA,NA,NA,NA,NA,Faulty
HMGT_ENERGYFLOW.png,toCheck_100039_01033s_HMGT_ENERGYFLOW.png,NA,NA,NA,NA,NA,NA,Faulty
HMGT_ODO_0_KM_RTips.png,toCheck_100039_01070s_HMGT_ODO_0_KM_RTips.png,NA,NA,NA,NA,NA,NA,Faulty
CONSOEV_AVG_INV_INST_0_KWH_RTips.png,toCheck_100039_00480s_CONSOEV_AVG_INV_INST_0_KWH_RTips.png,NA,NA,NA,NA,NA,NA,Faulty
CONSOEV_AVG_0_INST_0_KWH_RTips.png,toCheck_100039_00518s_CONSOEV_AVG_0_INST_0_KWH_RTips.png,NA,NA,NA,NA,NA,NA,Faulty
EV_ENGINEINFO_0_V.png,toCheck_100039_00555s_EV_ENGINEINFO_0_V.png,NA,NA,NA,NA,NA,NA,Faulty
HMGT_WTP_90_PER.png,toCheck_100039_00593s_HMGT_WTP_90_PER.png,NA,NA,NA,NA,NA,NA,Faulty
MSC_OIL_5000KM_13MS.png,toCheck_100039_00630s_MSC_OIL_5000KM_13MS.png,NA,NA,NA,NA,NA,NA,Faulty
MSC_SERV_30000KM_13MS.png,toCheck_100040_00630s_MSC_SERV_30000KM_13MS.png,NA,NA,NA,NA,NA,NA,Faulty
HMGT_EMPTY_PAGE.png,toCheck_100040_00668s_HMGT_EMPTY_PAGE.png,NA,NA,NA,NA,NA,NA,Faulty
HMGT_AUDIO_MUTE.png,toCheck_100040_00705s_HMGT_AUDIO_MUTE.png,NA,NA,NA,NA,NA,NA,Faulty
SAFESCORE_GRN_100.png,toCheck_100040_00768s_SAFESCORE_GRN_100.png,NA,NA,NA,NA,NA,NA,Faulty
ECODSI_GRN_100.png,toCheck_100040_00805s_ECODSI_GRN_100.png,NA,NA,NA,NA,NA,NA,Faulty
SOC_BAT_0PER.png,toCheck_100040_00843s_SOC_BAT_0PER.png,NA,NA,NA,NA,NA,NA,Faulty
LONGI_LAT_TILT_0_CAP.png,toCheck_100040_00900s_LONGI_LAT_TILT_0_CAP.png,NA,NA,NA,NA,NA,NA,Faulty
TXTALT_30204_1_FR_2p4FW_2p5RW.png,toCheck_100040_00958s_TXTALT_30204_1_FR_2p4FW_2p5RW.png,NA,NA,NA,NA,NA,NA,Faulty
HMGT_ENERGYFLOW.png,toCheck_100040_00995s_HMGT_ENERGYFLOW.png,NA,NA,NA,NA,NA,NA,Faulty
HMGT_ODO_0_KM_RTips.png,toCheck_100040_01033s_HMGT_ODO_0_KM_RTips.png,NA,NA,NA,NA,NA,NA,Faulty
CONSOEV_AVG_INV_INST_0_KWH_RTips.png,toCheck_100040_00443s_CONSOEV_AVG_INV_INST_0_KWH_RTips.png,NA,NA,NA,NA,NA,NA,Faulty
CONSOEV_AVG_0_INST_0_KWH_RTips.png,toCheck_100040_00480s_CONSOEV_AVG_0_INST_0_KWH_RTips.png,NA,NA,NA,NA,NA,NA,Faulty
EV_ENGINEINFO_0_V.png,toCheck_100040_00518s_EV_ENGINEINFO_0_V.png,NA,NA,NA,NA,NA,NA,Faulty
HMGT_WTP_90_PER.png,toCheck_100040_00555s_HMGT_WTP_90_PER.png,NA,NA,NA,NA,NA,NA,Faulty
MSC_OIL_5000KM_13MS.png,toCheck_100040_00593s_MSC_OIL_5000KM_13MS.png,NA,NA,NA,NA,NA,NA,Faulty
NAV_EMPTY.png,toCheck_100003_00528s_NAV_EMPTY.png,NA,NA,NA,NA,NA,NA,Faulty
NAV_EMPTY.png,toCheck_100004_00428s_NAV_EMPTY.png,NA,NA,NA,NA,NA,NA,Faulty
NAV_BUSY.png,toCheck_100004_00453s_NAV_BUSY.png,NA,NA,NA,NA,NA,NA,Faulty
NAV_EMPTY.png,toCheck_100004_02778s_NAV_EMPTY.png,NA,NA,NA,NA,NA,NA,Faulty
NAV_EMPTY.png,toCheck_100005_00428s_NAV_EMPTY.png,NA,NA,NA,NA,NA,NA,Faulty
NAV_EMPTY.png,toCheck_100005_00453s_NAV_EMPTY.png,NA,NA,NA,NA,NA,NA,Faulty
DISP_4WDMODE.png,toCheck_100001_00531s_DISP_4WDMODE.png,NA,NA,NA,NA,NA,NA,Faulty
TXTALT_90216_7_FR.png,toCheck_100001_00551s_TXTALT_90216_7_FR.png,NA,NA,NA,NA,NA,NA,Faulty
TXTALT_90216_12_FR.png,toCheck_100001_00576s_TXTALT_90216_12_FR.png,NA,NA,NA,NA,NA,NA,Faulty
DISP_4WDMODE.png,toCheck_100002_00531s_DISP_4WDMODE.png,NA,NA,NA,NA,NA,NA,Faulty
DISP_4WDMODE.png,toCheck_100003_00531s_DISP_4WDMODE.png,NA,NA,NA,NA,NA,NA,Faulty
MPO_MODESELECTION_PAGE.png,toCheck_100004_00616s_MPO_MODESELECTION_PAGE.png,NA,NA,NA,NA,NA,NA,Faulty
DISP_4WDMODE.png,toCheck_100004_00626s_DISP_4WDMODE.png,NA,NA,NA,NA,NA,NA,Faulty
DISP_4WDMODE.png,toCheck_100004_00536s_DISP_4WDMODE.png,NA,NA,NA,NA,NA,NA,Faulty
DISP_4WDMODE.png,toCheck_100004_00561s_DISP_4WDMODE.png,NA,NA,NA,NA,NA,NA,Faulty
DISP_4WDMODE.png,toCheck_100004_00571s_DISP_4WDMODE.png,NA,NA,NA,NA,NA,NA,Faulty
DISP_4WDMODE.png,toCheck_100004_00576s_DISP_4WDMODE.png,NA,NA,NA,NA,NA,NA,Faulty
DISP_4WDMODE.png,toCheck_100004_00596s_DISP_4WDMODE.png,NA,NA,NA,NA,NA,NA,Faulty
DISP_4WDMODE.png,toCheck_100007_00531s_DISP_4WDMODE.png,NA,NA,NA,NA,NA,NA,Faulty
TXTALT_90216_7_FR.png,toCheck_100007_00559s_TXTALT_90216_7_FR.png,NA,NA,NA,NA,NA,NA,Faulty
TXTALT_90216_7_FR.png,toCheck_100007_00659s_TXTALT_90216_7_FR.png,NA,NA,NA,NA,NA,NA,Faulty
TXTALT_90216_11_FR.png,toCheck_100008_00461s_TXTALT_90216_11_FR.png,NA,NA,NA,NA,NA,NA,Faulty
DISP_4WDMODE.png,toCheck_100009_00531s_DISP_4WDMODE.png,NA,NA,NA,NA,NA,NA,Faulty
TXTALT_90216_7_FR.png,toCheck_100009_00551s_TXTALT_90216_7_FR.png,NA,NA,NA,NA,NA,NA,Faulty
TXTALT_90216_8_FR.png,toCheck_100010_00564s_TXTALT_90216_8_FR.png,NA,NA,NA,NA,NA,NA,Faulty
TXTALT_90216_10_FR.png,toCheck_100011_00589s_TXTALT_90216_10_FR.png,NA,NA,NA,NA,NA,NA,Faulty
DISP_4WDMODE.png,toCheck_100012_00536s_DISP_4WDMODE.png,NA,NA,NA,NA,NA,NA,Faulty
TXTALT_90216_9_FR.png,toCheck_100014_00576s_TXTALT_90216_9_FR.png,NA,NA,NA,NA,NA,NA,Faulty
TLT_ABS_OFF.png,toCheck_100000_00163s_TLT_ABS_OFF.png,NA,NA,NA,NA,NA,NA,Faulty
TLT_ABS_ON.png,toCheck_100000_00165s_TLT_ABS_ON.png,NA,NA,NA,NA,NA,NA,Faulty
TLT_ABS_OFF.png,toCheck_100000_00168s_TLT_ABS_OFF.png,NA,NA,NA,NA,NA,NA,Faulty
TLT_ABS_ON.png,toCheck_100000_00170s_TLT_ABS_ON.png,NA,NA,NA,NA,NA,NA,Faulty
NO_ALERT.png,toCheck_100000_00173s_NO_ALERT.png,NA,NA,NA,NA,NA,NA,Faulty
NO_ALERT.png,toCheck_100000_00178s_NO_ALERT.png,NA,NA,NA,NA,NA,NA,Faulty
TLT_SERV_OFF.png,toCheck_100001_00163s_TLT_SERV_OFF.png,NA,NA,NA,NA,NA,NA,Faulty
TLT_STOP_ON.png,toCheck_100001_00163s_TLT_STOP_ON.png,NA,NA,NA,NA,NA,NA,Faulty
NO_ALERT.png,toCheck_100001_00168s_NO_ALERT.png,NA,NA,NA,NA,NA,NA,Faulty
NO_ALERT.png,toCheck_100002_00168s_NO_ALERT.png,NA,NA,NA,NA,NA,NA,Faulty
NO_ALERT.png,toCheck_100003_00168s_NO_ALERT.png,NA,NA,NA,NA,NA,NA,Faulty
NO_ALERT.png,toCheck_100004_00233s_NO_ALERT.png,NA,NA,NA,NA,NA,NA,Faulty
TLT_ABS_OFF.png,toCheck_100005_00163s_TLT_ABS_OFF.png,NA,NA,NA,NA,NA,NA,Faulty
TLT_ABS_ON.png,toCheck_100005_00164s_TLT_ABS_ON.png,NA,NA,NA,NA,NA,NA,Faulty
TLT_ABS_OFF.png,toCheck_100005_00165s_TLT_ABS_OFF.png,NA,NA,NA,NA,NA,NA,Faulty
TLT_ABS_ON.png,toCheck_100005_00166s_TLT_ABS_ON.png,NA,NA,NA,NA,NA,NA,Faulty
NO_ALERT.png,toCheck_100005_00167s_NO_ALERT.png,NA,NA,NA,NA,NA,NA,Faulty
NO_ALERT.png,toCheck_100005_00172s_NO_ALERT.png,NA,NA,NA,NA,NA,NA,Faulty
TXTALT_30113_1_FR.png,toCheck_100006_00345s_TXTALT_30113_1_FR.png,NA,NA,NA,NA,NA,NA,Faulty
TLT_SERV_OFF.png,toCheck_100006_00345s_TLT_SERV_OFF.png,NA,NA,NA,NA,NA,NA,Faulty
TLT_SERV_OFF.png,toCheck_100007_00433s_TLT_SERV_OFF.png,NA,NA,NA,NA,NA,NA,Faulty
TXTALT_30113_1_FR.png,toCheck_100007_00388s_TXTALT_30113_1_FR.png,NA,NA,NA,NA,NA,NA,Faulty
TLT_SERV_OFF.png,toCheck_100007_00388s_TLT_SERV_OFF.png,NA,NA,NA,NA,NA,NA,Faulty
TLT_STOP_OFF.png,toCheck_100007_00388s_TLT_STOP_OFF.png,NA,NA,NA,NA,NA,NA,Faulty
TXTALT_30113_2_FR.png,toCheck_100007_00413s_TXTALT_30113_2_FR.png,NA,NA,NA,NA,NA,NA,Faulty
TXTALT_30113_3_FR.png,toCheck_100007_00433s_TXTALT_30113_3_FR.png,NA,NA,NA,NA,NA,NA,Faulty
TXTALT_30113_1_FR.png,toCheck_100008_00360s_TXTALT_30113_1_FR.png,NA,NA,NA,NA,NA,NA,Faulty
TLT_SERV_OFF.png,toCheck_100008_00360s_TLT_SERV_OFF.png,NA,NA,NA,NA,NA,NA,Faulty
TLT_STOP_OFF.png,toCheck_100008_00360s_TLT_STOP_OFF.png,NA,NA,NA,NA,NA,NA,Faulty
TXTALT_30113_4_FR.png,toCheck_100008_00430s_TXTALT_30113_4_FR.png,NA,NA,NA,NA,NA,NA,Faulty
TXTALT_30113_1_FR.png,toCheck_100009_00355s_TXTALT_30113_1_FR.png,NA,NA,NA,NA,NA,NA,Faulty
TLT_SERV_OFF.png,toCheck_100009_00355s_TLT_SERV_OFF.png,NA,NA,NA,NA,NA,NA,Faulty
TLT_STOP_OFF.png,toCheck_100009_00355s_TLT_STOP_OFF.png,NA,NA,NA,NA,NA,NA,Faulty
TLT_ONEPEDAL_EV_ON.png,toCheck_100009_00360s_TLT_ONEPEDAL_EV_ON.png,NA,NA,NA,NA,NA,NA,Faulty
TLT_ONEPEDAL_EV_OFF.png,toCheck_100009_00362s_TLT_ONEPEDAL_EV_OFF.png,NA,NA,NA,NA,NA,NA,Faulty
TXTALT_30113_1_FR.png,toCheck_100010_00360s_TXTALT_30113_1_FR.png,NA,NA,NA,NA,NA,NA,Faulty
TLT_SERV_OFF.png,toCheck_100010_00360s_TLT_SERV_OFF.png,NA,NA,NA,NA,NA,NA,Faulty
TLT_STOP_OFF.png,toCheck_100010_00360s_TLT_STOP_OFF.png,NA,NA,NA,NA,NA,NA,Faulty
NO_ALERT.png,toCheck_100010_00365s_NO_ALERT.png,NA,NA,NA,NA,NA,NA,Faulty
TLT_REGENBRAKE_L3_ON.png,toCheck_100011_00360s_TLT_REGENBRAKE_L3_ON.png,NA,NA,NA,NA,NA,NA,Faulty
TLT_REGENBRAKE_L3_OFF.png,toCheck_100011_00362s_TLT_REGENBRAKE_L3_OFF.png,NA,NA,NA,NA,NA,NA,Faulty
TLT_REGENBRAKE_L3_ON.png,toCheck_100011_00365s_TLT_REGENBRAKE_L3_ON.png,NA,NA,NA,NA,NA,NA,Faulty
TLT_REGENBRAKE_L0.png,toCheck_100012_00360s_TLT_REGENBRAKE_L0.png,NA,NA,NA,NA,NA,NA,Faulty
TLT_REGENBRAKE_OFF.png,toCheck_100012_00362s_TLT_REGENBRAKE_OFF.png,NA,NA,NA,NA,NA,NA,Faulty
TLT_REGENBRAKE_L0.png,toCheck_100012_00365s_TLT_REGENBRAKE_L0.png,NA,NA,NA,NA,NA,NA,Faulty
TLT_REGENBRAKE_L1.png,toCheck_100013_00360s_TLT_REGENBRAKE_L1.png,NA,NA,NA,NA,NA,NA,Faulty
TLT_REGENBRAKE_OFF.png,toCheck_100013_00362s_TLT_REGENBRAKE_OFF.png,NA,NA,NA,NA,NA,NA,Faulty
TLT_REGENBRAKE_L1.png,toCheck_100013_00365s_TLT_REGENBRAKE_L1.png,NA,NA,NA,NA,NA,NA,Faulty
TLT_REGENBRAKE_L2.png,toCheck_100014_00360s_TLT_REGENBRAKE_L2.png,NA,NA,NA,NA,NA,NA,Faulty
TLT_REGENBRAKE_OFF.png,toCheck_100014_00362s_TLT_REGENBRAKE_OFF.png,NA,NA,NA,NA,NA,NA,Faulty
TLT_REGENBRAKE_L2.png,toCheck_100014_00365s_TLT_REGENBRAKE_L2.png,NA,NA,NA,NA,NA,NA,Faulty
TLT_REGENBRAKE_L3_ON.png,toCheck_100015_00360s_TLT_REGENBRAKE_L3_ON.png,NA,NA,NA,NA,NA,NA,Faulty
TLT_REGENBRAKE_L3_OFF.png,toCheck_100015_00362s_TLT_REGENBRAKE_L3_OFF.png,NA,NA,NA,NA,NA,NA,Faulty
TLT_REGENBRAKE_L3_ON.png,toCheck_100015_00365s_TLT_REGENBRAKE_L3_ON.png,NA,NA,NA,NA,NA,NA,Faulty
TLT_REGENBRAKE_L4_PHEV.png,toCheck_100016_00360s_TLT_REGENBRAKE_L4_PHEV.png,NA,NA,NA,NA,NA,NA,Faulty
TLT_REGENBRAKE_OFF.png,toCheck_100016_00362s_TLT_REGENBRAKE_OFF.png,NA,NA,NA,NA,NA,NA,Faulty
TLT_REGENBRAKE_L4_PHEV.png,toCheck_100016_00365s_TLT_REGENBRAKE_L4_PHEV.png,NA,NA,NA,NA,NA,NA,Faulty
TLT_REGENBRAKE_OFF.png,toCheck_100016_00367s_TLT_REGENBRAKE_OFF.png,NA,NA,NA,NA,NA,NA,Faulty
TLT_REGENBRAKE_MAX_PHEV.png,toCheck_100017_00360s_TLT_REGENBRAKE_MAX_PHEV.png,NA,NA,NA,NA,NA,NA,Faulty
TLT_REGENBRAKE_OFF.png,toCheck_100017_00362s_TLT_REGENBRAKE_OFF.png,NA,NA,NA,NA,NA,NA,Faulty
TLT_REGENBRAKE_MAX_PHEV.png,toCheck_100017_00365s_TLT_REGENBRAKE_MAX_PHEV.png,NA,NA,NA,NA,NA,NA,Faulty
TLT_REGENBRAKE_OFF.png,toCheck_100017_00367s_TLT_REGENBRAKE_OFF.png,NA,NA,NA,NA,NA,NA,Faulty
FULL_ALTIA_WAKEUP_MMI.png,toCheck_100008_00796s_FULL_ALTIA_WAKEUP_MMI.png,NA,NA,NA,NA,NA,NA,Faulty
FULL_ALTIA_WAKEUP_MMI.png,toCheck_100008_00796s_FULL_ALTIA_WAKEUP_MMI.png,NA,NA,NA,NA,NA,NA,Faulty
FULL_ALTIA_WAKEUP_MMI.png,toCheck_100008_00796s_FULL_ALTIA_WAKEUP_MMI.png,NA,NA,NA,NA,NA,NA,Faulty
FULL_ALTIA_WAKEUP_MMI.png,toCheck_100008_00796s_FULL_ALTIA_WAKEUP_MMI.png,NA,NA,NA,NA,NA,NA,Faulty
FULL_ALTIA_WAKEUP_MMI.png,toCheck_100008_00796s_FULL_ALTIA_WAKEUP_MMI.png,NA,NA,NA,NA,NA,NA,Faulty
FULL_ALTIA_WAKEUP_MMI.png,toCheck_100008_00796s_FULL_ALTIA_WAKEUP_MMI.png,NA,NA,NA,NA,NA,NA,Faulty
FULL_ALTIA_WAKEUP_MMI.png,toCheck_100008_00796s_FULL_ALTIA_WAKEUP_MMI.png,NA,NA,NA,NA,NA,NA,Faulty
FULL_ALTIA_WAKEUP_MMI.png,toCheck_100008_00796s_FULL_ALTIA_WAKEUP_MMI.png,NA,NA,NA,NA,NA,NA,Faulty
FULL_ALTIA_WAKEUP_MMI.png,toCheck_100008_00796s_FULL_ALTIA_WAKEUP_MMI.png,NA,NA,NA,NA,NA,NA,Faulty
FULL_ALTIA_WAKEUP_MMI.png,toCheck_100008_00796s_FULL_ALTIA_WAKEUP_MMI.png,NA,NA,NA,NA,NA,NA,Faulty
FULL_ALTIA_WAKEUP_MMI.png,toCheck_100008_00796s_FULL_ALTIA_WAKEUP_MMI.png,NA,NA,NA,NA,NA,NA,Faulty
FULL_ALTIA_WAKEUP_MMI.png,toCheck_100008_00796s_FULL_ALTIA_WAKEUP_MMI.png,NA,NA,NA,NA,NA,NA,Faulty
FULL_ALTIA_WAKEUP_MMI.png,toCheck_100008_00796s_FULL_ALTIA_WAKEUP_MMI.png,NA,NA,NA,NA,NA,NA,Faulty
FULL_ALTIA_WAKEUP_MMI.png,toCheck_100008_00796s_FULL_ALTIA_WAKEUP_MMI.png,NA,NA,NA,NA,NA,NA,Faulty
FULL_ALTIA_WAKEUP_MMI.png,toCheck_100008_00796s_FULL_ALTIA_WAKEUP_MMI.png,NA,NA,NA,NA,NA,NA,Faulty
FULL_ALTIA_WAKEUP_MMI.png,toCheck_100008_00796s_FULL_ALTIA_WAKEUP_MMI.png,NA,NA,NA,NA,NA,NA,Faulty
FULL_ALTIA_WAKEUP_MMI.png,toCheck_100008_00796s_FULL_ALTIA_WAKEUP_MMI.png,NA,NA,NA,NA,NA,NA,Faulty
FULL_ALTIA_WAKEUP_MMI.png,toCheck_100008_00796s_FULL_ALTIA_WAKEUP_MMI.png,NA,NA,NA,NA,NA,NA,Faulty
FULL_ALTIA_WAKEUP_MMI.png,toCheck_100008_00796s_FULL_ALTIA_WAKEUP_MMI.png,NA,NA,NA,NA,NA,NA,Faulty
FULL_ALTIA_WAKEUP_MMI.png,toCheck_100008_00796s_FULL_ALTIA_WAKEUP_MMI.png,NA,NA,NA,NA,NA,NA,Faulty
FULL_ALTIA_WAKEUP_MMI.png,toCheck_100008_00796s_FULL_ALTIA_WAKEUP_MMI.png,NA,NA,NA,NA,NA,NA,Faulty
FULL_ALTIA_WAKEUP_MMI.png,toCheck_100008_00796s_FULL_ALTIA_WAKEUP_MMI.png,NA,NA,NA,NA,NA,NA,Faulty
FULL_ALTIA_WAKEUP_MMI.png,toCheck_100008_00796s_FULL_ALTIA_WAKEUP_MMI.png,NA,NA,NA,NA,NA,NA,Faulty
FULL_ALTIA_WAKEUP_MMI.png,toCheck_100008_00796s_FULL_ALTIA_WAKEUP_MMI.png,NA,NA,NA,NA,NA,NA,Faulty
FULL_ALTIA_WAKEUP_MMI.png,toCheck_100008_00796s_FULL_ALTIA_WAKEUP_MMI.png,NA,NA,NA,NA,NA,NA,Faulty
FULL_ALTIA_WAKEUP_MMI.png,toCheck_100008_00796s_FULL_ALTIA_WAKEUP_MMI.png,NA,NA,NA,NA,NA,NA,Faulty
FULL_ALTIA_WAKEUP_MMI.png,toCheck_100008_00796s_FULL_ALTIA_WAKEUP_MMI.png,NA,NA,NA,NA,NA,NA,Faulty
FULL_ALTIA_WAKEUP_MMI.png,toCheck_100008_00796s_FULL_ALTIA_WAKEUP_MMI.png,NA,NA,NA,NA,NA,NA,Faulty
FULL_ALTIA_WAKEUP_MMI.png,toCheck_100008_00796s_FULL_ALTIA_WAKEUP_MMI.png,NA,NA,NA,NA,NA,NA,Faulty
FULL_ALTIA_WAKEUP_MMI.png,toCheck_100008_00796s_FULL_ALTIA_WAKEUP_MMI.png,NA,NA,NA,NA,NA,NA,Faulty
FULL_ALTIA_WAKEUP_MMI.png,toCheck_100008_00796s_FULL_ALTIA_WAKEUP_MMI.png,NA,NA,NA,NA,NA,NA,Faulty
FULL_ALTIA_WAKEUP_MMI.png,toCheck_100008_00796s_FULL_ALTIA_WAKEUP_MMI.png,NA,NA,NA,NA,NA,NA,Faulty
FULL_ALTIA_WAKEUP_MMI.png,toCheck_100008_00796s_FULL_ALTIA_WAKEUP_MMI.png,NA,NA,NA,NA,NA,NA,Faulty
FULL_ALTIA_WAKEUP_MMI.png,toCheck_100008_00796s_FULL_ALTIA_WAKEUP_MMI.png,NA,NA,NA,NA,NA,NA,Faulty
FULL_ALTIA_WAKEUP_MMI.png,toCheck_100008_00796s_FULL_ALTIA_WAKEUP_MMI.png,NA,NA,NA,NA,NA,NA,Faulty
FULL_ALTIA_WAKEUP_MMI.png,toCheck_100008_00796s_FULL_ALTIA_WAKEUP_MMI.png,NA,NA,NA,NA,NA,NA,Faulty
FULL_ALTIA_WAKEUP_MMI.png,toCheck_100008_00796s_FULL_ALTIA_WAKEUP_MMI.png,NA,NA,NA,NA,NA,NA,Faulty
FULL_ALTIA_WAKEUP_MMI.png,toCheck_100008_00796s_FULL_ALTIA_WAKEUP_MMI.png,NA,NA,NA,NA,NA,NA,Faulty
FULL_ALTIA_WAKEUP_MMI.png,toCheck_100008_00796s_FULL_ALTIA_WAKEUP_MMI.png,NA,NA,NA,NA,NA,NA,Faulty
FULL_ALTIA_WAKEUP_MMI.png,toCheck_100008_00796s_FULL_ALTIA_WAKEUP_MMI.png,NA,NA,NA,NA,NA,NA,Faulty
FULL_ALTIA_WAKEUP_MMI.png,toCheck_100008_00796s_FULL_ALTIA_WAKEUP_MMI.png,NA,NA,NA,NA,NA,NA,Faulty
FULL_ALTIA_WAKEUP_MMI.png,toCheck_100008_00796s_FULL_ALTIA_WAKEUP_MMI.png,NA,NA,NA,NA,NA,NA,Faulty
FULL_ALTIA_WAKEUP_MMI.png,toCheck_100008_00796s_FULL_ALTIA_WAKEUP_MMI.png,NA,NA,NA,NA,NA,NA,Faulty
FULL_ALTIA_WAKEUP_MMI.png,toCheck_100008_00796s_FULL_ALTIA_WAKEUP_MMI.png,NA,NA,NA,NA,NA,NA,Faulty
FULL_ALTIA_WAKEUP_MMI.png,toCheck_100008_00796s_FULL_ALTIA_WAKEUP_MMI.png,NA,NA,NA,NA,NA,NA,Faulty
FULL_ALTIA_WAKEUP_MMI.png,toCheck_100008_00796s_FULL_ALTIA_WAKEUP_MMI.png,NA,NA,NA,NA,NA,NA,Faulty
FULL_ALTIA_WAKEUP_MMI.png,toCheck_100008_00796s_FULL_ALTIA_WAKEUP_MMI.png,NA,NA,NA,NA,NA,NA,Faulty
FULL_ALTIA_WAKEUP_MMI.png,toCheck_100008_00796s_FULL_ALTIA_WAKEUP_MMI.png,NA,NA,NA,NA,NA,NA,Faulty
FULL_ALTIA_WAKEUP_MMI.png,toCheck_100008_00796s_FULL_ALTIA_WAKEUP_MMI.png,NA,NA,NA,NA,NA,NA,Faulty
FULL_ALTIA_WAKEUP_MMI.png,toCheck_100008_00796s_FULL_ALTIA_WAKEUP_MMI.png,NA,NA,NA,NA,NA,NA,Faulty
FULL_ALTIA_WAKEUP_MMI.png,toCheck_100008_00796s_FULL_ALTIA_WAKEUP_MMI.png,NA,NA,NA,NA,NA,NA,Faulty
FULL_ALTIA_WAKEUP_MMI.png,toCheck_100008_00796s_FULL_ALTIA_WAKEUP_MMI.png,NA,NA,NA,NA,NA,NA,Faulty
FULL_ALTIA_WAKEUP_MMI.png,toCheck_100008_00796s_FULL_ALTIA_WAKEUP_MMI.png,NA,NA,NA,NA,NA,NA,Faulty
FULL_ALTIA_WAKEUP_MMI.png,toCheck_100008_00796s_FULL_ALTIA_WAKEUP_MMI.png,NA,NA,NA,NA,NA,NA,Faulty
FULL_ALTIA_WAKEUP_MMI.png,toCheck_100008_00796s_FULL_ALTIA_WAKEUP_MMI.png,NA,NA,NA,NA,NA,NA,Faulty
FULL_ALTIA_WAKEUP_MMI.png,toCheck_100008_00796s_FULL_ALTIA_WAKEUP_MMI.png,NA,NA,NA,NA,NA,NA,Faulty
FULL_ALTIA_WAKEUP_MMI.png,toCheck_100008_00796s_FULL_ALTIA_WAKEUP_MMI.png,NA,NA,NA,NA,NA,NA,Faulty
FULL_ALTIA_WAKEUP_MMI.png,toCheck_100008_00796s_FULL_ALTIA_WAKEUP_MMI.png,NA,NA,NA,NA,NA,NA,Faulty
FULL_ALTIA_WAKEUP_MMI.png,toCheck_100008_00796s_FULL_ALTIA_WAKEUP_MMI.png,NA,NA,NA,NA,NA,NA,Faulty
FULL_ALTIA_WAKEUP_MMI.png,toCheck_100008_00796s_FULL_ALTIA_WAKEUP_MMI.png,NA,NA,NA,NA,NA,NA,Faulty
FULL_ALTIA_WAKEUP_MMI.png,toCheck_100008_00796s_FULL_ALTIA_WAKEUP_MMI.png,NA,NA,NA,NA,NA,NA,Faulty
FULL_ALTIA_WAKEUP_MMI.png,toCheck_100008_00796s_FULL_ALTIA_WAKEUP_MMI.png,NA,NA,NA,NA,NA,NA,Faulty
FULL_ALTIA_WAKEUP_MMI.png,toCheck_100008_00796s_FULL_ALTIA_WAKEUP_MMI.png,NA,NA,NA,NA,NA,NA,Faulty
FULL_ALTIA_WAKEUP_MMI.png,toCheck_100008_00796s_FULL_ALTIA_WAKEUP_MMI.png,NA,NA,NA,NA,NA,NA,Faulty
FULL_ALTIA_WAKEUP_MMI.png,toCheck_100008_00796s_FULL_ALTIA_WAKEUP_MMI.png,NA,NA,NA,NA,NA,NA,Faulty
FULL_ALTIA_WAKEUP_MMI.png,toCheck_100008_00796s_FULL_ALTIA_WAKEUP_MMI.png,NA,NA,NA,NA,NA,NA,Faulty
FULL_ALTIA_WAKEUP_MMI.png,toCheck_100008_00796s_FULL_ALTIA_WAKEUP_MMI.png,NA,NA,NA,NA,NA,NA,Faulty
FULL_ALTIA_WAKEUP_MMI.png,toCheck_100008_00796s_FULL_ALTIA_WAKEUP_MMI.png,NA,NA,NA,NA,NA,NA,Faulty
FULL_ALTIA_WAKEUP_MMI.png,toCheck_100008_00796s_FULL_ALTIA_WAKEUP_MMI.png,NA,NA,NA,NA,NA,NA,Faulty
FULL_ALTIA_WAKEUP_MMI.png,toCheck_100008_00796s_FULL_ALTIA_WAKEUP_MMI.png,NA,NA,NA,NA,NA,NA,Faulty
FULL_ALTIA_WAKEUP_MMI.png,toCheck_100008_00796s_FULL_ALTIA_WAKEUP_MMI.png,NA,NA,NA,NA,NA,NA,Faulty
FULL_ALTIA_WAKEUP_MMI.png,toCheck_100008_00796s_FULL_ALTIA_WAKEUP_MMI.png,NA,NA,NA,NA,NA,NA,Faulty
FULL_ALTIA_WAKEUP_MMI.png,toCheck_100008_00796s_FULL_ALTIA_WAKEUP_MMI.png,NA,NA,NA,NA,NA,NA,Faulty
FULL_ALTIA_WAKEUP_MMI.png,toCheck_100008_00796s_FULL_ALTIA_WAKEUP_MMI.png,NA,NA,NA,NA,NA,NA,Faulty
FULL_ALTIA_WAKEUP_MMI.png,toCheck_100008_00796s_FULL_ALTIA_WAKEUP_MMI.png,NA,NA,NA,NA,NA,NA,Faulty
FULL_ALTIA_WAKEUP_MMI.png,toCheck_100008_00796s_FULL_ALTIA_WAKEUP_MMI.png,NA,NA,NA,NA,NA,NA,Faulty
FULL_ALTIA_WAKEUP_MMI.png,toCheck_100008_00796s_FULL_ALTIA_WAKEUP_MMI.png,NA,NA,NA,NA,NA,NA,Faulty
FULL_ALTIA_WAKEUP_MMI.png,toCheck_100008_00796s_FULL_ALTIA_WAKEUP_MMI.png,NA,NA,NA,NA,NA,NA,Faulty
FULL_ALTIA_WAKEUP_MMI.png,toCheck_100008_00796s_FULL_ALTIA_WAKEUP_MMI.png,NA,NA,NA,NA,NA,NA,Faulty
FULL_ALTIA_WAKEUP_MMI.png,toCheck_100008_00796s_FULL_ALTIA_WAKEUP_MMI.png,NA,NA,NA,NA,NA,NA,Faulty
FULL_ALTIA_WAKEUP_MMI.png,toCheck_100008_00796s_FULL_ALTIA_WAKEUP_MMI.png,NA,NA,NA,NA,NA,NA,Faulty
FULL_ALTIA_WAKEUP_MMI.png,toCheck_100008_00796s_FULL_ALTIA_WAKEUP_MMI.png,NA,NA,NA,NA,NA,NA,Faulty
FULL_ALTIA_WAKEUP_MMI.png,toCheck_100008_00796s_FULL_ALTIA_WAKEUP_MMI.png,NA,NA,NA,NA,NA,NA,Faulty
FULL_ALTIA_WAKEUP_MMI.png,toCheck_100008_00796s_FULL_ALTIA_WAKEUP_MMI.png,NA,NA,NA,NA,NA,NA,Faulty
FULL_ALTIA_WAKEUP_MMI.png,toCheck_100008_00796s_FULL_ALTIA_WAKEUP_MMI.png,NA,NA,NA,NA,NA,NA,Faulty
FULL_ALTIA_WAKEUP_MMI.png,toCheck_100008_00796s_FULL_ALTIA_WAKEUP_MMI.png,NA,NA,NA,NA,NA,NA,Faulty
FULL_ALTIA_WAKEUP_MMI.png,toCheck_100008_00796s_FULL_ALTIA_WAKEUP_MMI.png,NA,NA,NA,NA,NA,NA,Faulty
