Ref Image,Check Image,Image Size,Size Group,CLIP Mismatch %,Max Segment Mismatch %,All Segment Mismatch %,Scale Mismatch %,Status
FULL_ALTIA_WAKEUP_10702_1.png,toCheck_100000_00279s_FULL_ALTIA_WAKEUP_10702_1.png,1376640,Big,0.0,0.1,"[0.02, 0.0, -0.05, 0.0, 0.02, 0.0, 0.0, 0.0, 0.1, 0.02, 0.0, 0.0, 0.0, 0.0, 0.0, -0.05, 0.0, 0.0, 0.0, 0.02, -0.05, 0.0, 0.0, 0.0, 0.0, -0.05, 0.0, 0.02, 0.0, 0.02, -0.05, -0.05, -0.05, 0.0, 0.02, 0.0]",0.0,OK
FULL_ALTIA_WAKEUP_10702_1.png,toCheck_100001_00220s_FULL_ALTIA_WAKEUP_10702_1.png,1376640,Big,0.0,0.1,"[0.02, 0.0, -0.05, 0.0, 0.02, 0.0, 0.0, 0.0, 0.1, 0.02, 0.0, 0.0, 0.0, 0.0, 0.0, -0.05, 0.0, 0.0, 0.0, 0.02, -0.05, 0.0, 0.0, 0.0, 0.0, -0.05, 0.0, 0.02, 0.0, 0.02, -0.05, -0.05, -0.05, 0.0, 0.02, 0.0]",0.0,OK
FULL_ALTIA_WAKEUP_10702_1.png,toCheck_100002_00394s_FULL_ALTIA_WAKEUP_10702_1.png,1376640,Big,0.0,0.1,"[0.02, 0.0, -0.05, 0.0, 0.02, 0.0, 0.0, 0.0, 0.1, 0.02, 0.0, 0.0, 0.0, 0.0, 0.0, -0.05, 0.0, 0.0, 0.0, 0.02, -0.05, 0.0, 0.0, 0.0, 0.0, -0.05, 0.0, 0.02, 0.0, 0.02, -0.05, -0.05, -0.05, 0.0, 0.02, 0.0]",0.0,OK
FULL_ALTIA_WAKEUP_10702_1.png,toCheck_100003_00394s_FULL_ALTIA_WAKEUP_10702_1.png,1376640,Big,0.0,0.1,"[0.02, 0.0, -0.05, 0.0, 0.02, 0.0, 0.0, 0.0, 0.1, 0.02, 0.0, 0.0, 0.0, 0.0, 0.0, -0.05, 0.0, 0.0, 0.0, 0.02, -0.05, 0.0, 0.0, 0.0, 0.0, -0.05, 0.0, 0.02, 0.0, 0.02, -0.05, -0.05, -0.05, 0.0, 0.02, 0.0]",0.0,OK
TLT_ABS_ON.png,toCheck_100004_00163s_TLT_ABS_ON.png,NA,NA,NA,0.1,"[0.02, 0.0, -0.05, 0.0, 0.02, 0.0, 0.0, 0.0, 0.1, 0.02, 0.0, 0.0, 0.0, 0.0, 0.0, -0.05, 0.0, 0.0, 0.0, 0.02, -0.05, 0.0, 0.0, 0.0, 0.0, -0.05, 0.0, 0.02, 0.0, 0.02, -0.05, -0.05, -0.05, 0.0, 0.02, 0.0]",12.55,Faulty
TLT_ABS_OFF.png,toCheck_100004_00164s_TLT_ABS_OFF.png,NA,NA,NA,0.1,"[0.02, 0.0, -0.05, 0.0, 0.02, 0.0, 0.0, 0.0, 0.1, 0.02, 0.0, 0.0, 0.0, 0.0, 0.0, -0.05, 0.0, 0.0, 0.0, 0.02, -0.05, 0.0, 0.0, 0.0, 0.0, -0.05, 0.0, 0.02, 0.0, 0.02, -0.05, -0.05, -0.05, 0.0, 0.02, 0.0]",12.55,Faulty
TLT_ABS_ON.png,toCheck_100004_00165s_TLT_ABS_ON.png,NA,NA,NA,0.1,"[0.02, 0.0, -0.05, 0.0, 0.02, 0.0, 0.0, 0.0, 0.1, 0.02, 0.0, 0.0, 0.0, 0.0, 0.0, -0.05, 0.0, 0.0, 0.0, 0.02, -0.05, 0.0, 0.0, 0.0, 0.0, -0.05, 0.0, 0.02, 0.0, 0.02, -0.05, -0.05, -0.05, 0.0, 0.02, 0.0]",12.55,Faulty
TLT_ABS_OFF.png,toCheck_100004_00166s_TLT_ABS_OFF.png,NA,NA,NA,0.1,"[0.02, 0.0, -0.05, 0.0, 0.02, 0.0, 0.0, 0.0, 0.1, 0.02, 0.0, 0.0, 0.0, 0.0, 0.0, -0.05, 0.0, 0.0, 0.0, 0.02, -0.05, 0.0, 0.0, 0.0, 0.0, -0.05, 0.0, 0.02, 0.0, 0.02, -0.05, -0.05, -0.05, 0.0, 0.02, 0.0]",12.55,Faulty
TLT_ABS_ON.png,toCheck_100005_00163s_TLT_ABS_ON.png,NA,NA,NA,0.1,"[0.02, 0.0, -0.05, 0.0, 0.02, 0.0, 0.0, 0.0, 0.1, 0.02, 0.0, 0.0, 0.0, 0.0, 0.0, -0.05, 0.0, 0.0, 0.0, 0.02, -0.05, 0.0, 0.0, 0.0, 0.0, -0.05, 0.0, 0.02, 0.0, 0.02, -0.05, -0.05, -0.05, 0.0, 0.02, 0.0]",12.55,Faulty
TLT_ABS_OFF.png,toCheck_100005_00165s_TLT_ABS_OFF.png,NA,NA,NA,0.1,"[0.02, 0.0, -0.05, 0.0, 0.02, 0.0, 0.0, 0.0, 0.1, 0.02, 0.0, 0.0, 0.0, 0.0, 0.0, -0.05, 0.0, 0.0, 0.0, 0.02, -0.05, 0.0, 0.0, 0.0, 0.0, -0.05, 0.0, 0.02, 0.0, 0.02, -0.05, -0.05, -0.05, 0.0, 0.02, 0.0]",12.55,Faulty
TLT_ABS_ON.png,toCheck_100005_00168s_TLT_ABS_ON.png,NA,NA,NA,0.1,"[0.02, 0.0, -0.05, 0.0, 0.02, 0.0, 0.0, 0.0, 0.1, 0.02, 0.0, 0.0, 0.0, 0.0, 0.0, -0.05, 0.0, 0.0, 0.0, 0.02, -0.05, 0.0, 0.0, 0.0, 0.0, -0.05, 0.0, 0.02, 0.0, 0.02, -0.05, -0.05, -0.05, 0.0, 0.02, 0.0]",12.55,Faulty
TLT_ABS_OFF.png,toCheck_100005_00170s_TLT_ABS_OFF.png,NA,NA,NA,0.1,"[0.02, 0.0, -0.05, 0.0, 0.02, 0.0, 0.0, 0.0, 0.1, 0.02, 0.0, 0.0, 0.0, 0.0, 0.0, -0.05, 0.0, 0.0, 0.0, 0.02, -0.05, 0.0, 0.0, 0.0, 0.0, -0.05, 0.0, 0.02, 0.0, 0.02, -0.05, -0.05, -0.05, 0.0, 0.02, 0.0]",12.55,Faulty
TLT_SERV_OFF.png,toCheck_100005_00173s_TLT_SERV_OFF.png,30736,Big,0.02,4.39,"[0.0, -0.05, 0.02, 4.39, 0.02, 0.0, 0.0, 3.71, 0.0, 0.0, 0.0, 0.0]",0.0,Investigate
ALT_SERVICE_PAGE.png,toCheck_100014_00978s_ALT_SERVICE_PAGE.png,267388,Big,0.37,4.03,"[-0.05, 0.0, 4.03, 0.0, 0.0, 0.34]",0.0,Investigate
AUDIO_PAGE.png,toCheck_100003_00971s_AUDIO_PAGE.png,254449,Big,0.39,3.44,"[-0.05, 0.0, 3.44, -0.05, 0.0, 2.42, 0.0, 0.0, 0.0]",0.0,Investigate
AUDIO_RADIO_L1TXT_L2NUM_FM.png,toCheck_100005_00475s_AUDIO_RADIO_L1TXT_L2NUM_FM.png,254449,Big,0.15,3.44,"[-0.05, 0.0, 3.44, -0.05, 0.02, 2.42, 0.0, 0.0, 0.0]",0.0,Investigate
AUDIO_RADIO_L1TXT_L2NUM_FM_UPLIST_ADAS.png,toCheck_100005_00558s_AUDIO_RADIO_L1TXT_L2NUM_FM_UPLIST_ADAS.png,1376640,Big,0.0,0.02,"[-0.05, 0.02, 0.02, 0.0, 0.0, 0.0, 0.0, -0.05, 0.0, 0.0, 0.0, -0.05, 0.0, 0.0, 0.0, -0.05, -0.05, 0.0, -0.05, 0.0, 0.0, 0.0, 0.0, 0.0, -0.05, 0.0, -0.05, -0.05, 0.0, 0.0, 0.0, -0.05, 0.0, 0.02, 0.0, 0.02]",0.0,OK
AUDIO_CARPLAY_L1L2TXT_UPLIST_ADAS.png,toCheck_100005_00588s_AUDIO_CARPLAY_L1L2TXT_UPLIST_ADAS.png,1376640,Big,0.0,0.02,"[-0.05, 0.02, 0.02, 0.0, 0.0, 0.0, 0.02, -0.05, 0.0, 0.0, 0.0, -0.05, 0.0, 0.0, 0.0, 0.0, -0.05, 0.0, -0.05, 0.0, 0.0, 0.0, 0.0, 0.0, 0.0, 0.0, -0.05, -0.05, 0.0, 0.0, 0.0, -0.05, 0.0, 0.02, 0.0, 0.02]",0.0,OK
PHONE_INCCALL.png,toCheck_100008_00515s_PHONE_INCCALL.png,254449,Big,0.46,3.44,"[0.0, -0.05, 3.44, -0.05, 0.0, 2.42, 0.0, 0.0, 0.0]",0.0,Investigate
PHONE_CALLONG_L1TXT_L2NUM_ADAS.png,toCheck_100008_00673s_PHONE_CALLONG_L1TXT_L2NUM_ADAS.png,1376640,Big,0.0,0.02,"[-0.05, 0.02, 0.02, 0.0, 0.0, 0.0, 0.0, -0.05, 0.0, 0.0, 0.0, -0.05, 0.0, 0.0, 0.0, -0.05, -0.05, 0.0, -0.05, 0.0, 0.0, 0.0, 0.0, 0.0, 0.0, 0.0, -0.05, -0.05, 0.0, 0.0, 0.0, -0.05, 0.0, 0.02, 0.0, 0.02]",0.0,OK
TLT_SERV_ON.png,toCheck_100000_00163s_TLT_SERV_ON.png,30736,Big,0.0,0.02,"[0.0, 0.0, 0.0, 0.0, 0.02, 0.0, 0.0, 0.0, 0.0, 0.0, 0.0, 0.0]",0.0,OK
TLT_SERV_ON.png,toCheck_100001_00198s_TLT_SERV_ON.png,30736,Big,0.0,0.02,"[0.0, 0.0, 0.0, 0.0, 0.02, 0.0, 0.0, 0.0, 0.0, 0.0, 0.0, 0.0]",0.0,OK
TLT_SERV_ON.png,toCheck_100002_00163s_TLT_SERV_ON.png,30736,Big,0.0,0.02,"[0.0, 0.0, 0.0, 0.0, 0.02, 0.0, 0.0, 0.0, 0.0, 0.0, 0.0, 0.0]",0.0,OK
TLT_STOP_ON.png,toCheck_100004_00163s_TLT_STOP_ON.png,22176,Big,0.0,0.0,"[0.0, 0.0, 0.0, 0.0, 0.0, 0.0, 0.0, 0.0]",0.0,OK
TLT_STOP_ON.png,toCheck_100005_00163s_TLT_STOP_ON.png,22176,Big,0.0,0.0,"[0.0, 0.0, 0.0, 0.0, 0.0, 0.0, 0.0, 0.0]",0.0,OK
NO_ALERT.png,toCheck_100006_00361s_NO_ALERT.png,267388,Big,9.64,9.25,"[2.44, 9.25, 2.88, 1.42, 9.03, 1.54]",0.0,NOK
TLT_STOP_ON.png,toCheck_100007_00163s_TLT_STOP_ON.png,22176,Big,0.0,0.0,"[0.0, 0.0, 0.0, 0.0, 0.0, 0.0, 0.0, 0.0]",0.0,OK
TLT_SERV_ON.png,toCheck_100008_00198s_TLT_SERV_ON.png,30736,Big,0.0,0.02,"[0.0, 0.0, 0.0, 0.0, 0.02, 0.0, 0.0, 0.0, 0.0, 0.0, 0.0, 0.0]",0.0,OK
TLT_SERV_ON.png,toCheck_100009_00198s_TLT_SERV_ON.png,30736,Big,0.0,0.02,"[0.0, 0.0, 0.0, 0.0, 0.02, 0.0, 0.0, 0.0, 0.0, 0.0, 0.0, 0.0]",0.0,OK
TLT_SERV_ON.png,toCheck_100010_00198s_TLT_SERV_ON.png,30736,Big,0.0,0.02,"[0.0, 0.0, 0.0, 0.0, 0.02, 0.0, 0.0, 0.0, 0.0, 0.0, 0.0, 0.0]",0.0,OK
TLT_CTGRAPH_ON.png,toCheck_100014_00163s_TLT_CTGRAPH_ON.png,19456,Big,0.49,0.78,"[0.78, 0.54, 0.37, 0.44, 0.0, 0.0]",0.0,OK
NO_ALERT.png,toCheck_100016_00328s_NO_ALERT.png,267388,Big,10.4,8.3,"[1.22, 8.15, 2.88, 6.25, 8.3, 5.4]",0.0,NOK
NO_ALERT.png,toCheck_100017_00333s_NO_ALERT.png,267388,Big,10.4,8.3,"[1.22, 8.15, 2.88, 6.25, 8.3, 5.4]",0.0,NOK
TLT_BATT_TRACTWARN_ON_EV.png,toCheck_100018_00298s_TLT_BATT_TRACTWARN_ON_EV.png,20160,Big,0.15,0.27,"[0.2, 0.27, 0.22, 0.1, 0.24, 0.07]",0.0,OK
NO_ALERT.png,toCheck_100018_00343s_NO_ALERT.png,267388,Big,10.4,8.3,"[1.22, 8.15, 2.88, 6.25, 8.3, 5.4]",0.0,NOK
NO_ALERT.png,toCheck_100019_00328s_NO_ALERT.png,267388,Big,9.64,9.25,"[2.44, 9.25, 2.88, 1.42, 9.03, 1.54]",0.0,NOK
NO_ALERT.png,toCheck_100019_00383s_NO_ALERT.png,267388,Big,9.64,9.25,"[2.44, 9.25, 2.88, 1.42, 9.03, 1.54]",0.0,NOK
NO_ALERT.png,toCheck_100020_00328s_NO_ALERT.png,267388,Big,9.64,9.25,"[2.44, 9.25, 2.88, 1.42, 9.03, 1.54]",0.0,NOK
NO_ALERT.png,toCheck_100020_00383s_NO_ALERT.png,267388,Big,9.64,9.25,"[2.44, 9.25, 2.88, 1.42, 9.03, 1.54]",0.0,NOK
NO_ALERT.png,toCheck_100021_00328s_NO_ALERT.png,267388,Big,9.64,9.25,"[2.44, 9.25, 2.88, 1.42, 9.03, 1.54]",0.0,NOK
NO_ALERT.png,toCheck_100021_00383s_NO_ALERT.png,267388,Big,9.64,9.25,"[2.44, 9.25, 2.88, 1.42, 9.03, 1.54]",0.0,NOK
NO_ALERT.png,toCheck_100022_00341s_NO_ALERT.png,267388,Big,0.44,5.2,"[0.54, -0.05, 0.0, 5.2, 0.02, 2.42]",0.0,Investigate
TLT_SERV_ON.png,toCheck_100024_00163s_TLT_SERV_ON.png,30736,Big,0.0,0.02,"[0.0, 0.0, 0.0, 0.0, 0.02, 0.0, 0.0, 0.0, 0.0, 0.0, 0.0, 0.0]",0.0,OK
TLT_SERV_ON.png,toCheck_100025_00163s_TLT_SERV_ON.png,30736,Big,0.0,0.02,"[0.0, 0.0, 0.0, 0.0, 0.02, 0.0, 0.0, 0.0, 0.0, 0.0, 0.0, 0.0]",0.0,OK
NO_ALERT.png,toCheck_100027_00298s_NO_ALERT.png,267388,Big,9.64,9.25,"[2.44, 9.25, 2.88, 1.42, 9.03, 1.54]",0.0,NOK
NO_ALERT.png,toCheck_100027_00468s_NO_ALERT.png,267388,Big,9.64,9.25,"[2.44, 9.25, 2.88, 1.42, 9.03, 1.54]",0.0,NOK
TLT_HFP_ON.png,toCheck_100029_00163s_TLT_HFP_ON.png,19456,Big,0.78,0.56,"[0.27, 0.56, 0.2, 0.56, 0.0, 0.0]",0.0,OK
TLT_SERV_OFF.png,toCheck_100029_00163s_TLT_SERV_OFF.png,30736,Big,0.02,2.66,"[0.0, -0.05, 0.02, 2.66, 0.02, 0.0, 0.0, 2.32, 0.0, 0.0, 0.0, 0.0]",0.0,OK
TLT_SERV_OFF.png,toCheck_100030_00190s_TLT_SERV_OFF.png,30736,Big,0.02,2.66,"[0.0, -0.05, 0.02, 2.66, 0.02, 0.0, 0.0, 2.32, 0.0, 0.0, 0.0, 0.0]",0.0,OK
TLT_STOP_ON.png,toCheck_100031_00195s_TLT_STOP_ON.png,22176,Big,0.0,0.0,"[0.0, 0.0, 0.0, 0.0, 0.0, 0.0, 0.0, 0.0]",0.0,OK
TLT_STOP_ON.png,toCheck_100032_00195s_TLT_STOP_ON.png,22176,Big,0.0,0.0,"[0.0, 0.0, 0.0, 0.0, 0.0, 0.0, 0.0, 0.0]",0.0,OK
TLT_STOP_ON.png,toCheck_100033_00163s_TLT_STOP_ON.png,22176,Big,0.0,0.0,"[0.0, 0.0, 0.0, 0.0, 0.0, 0.0, 0.0, 0.0]",0.0,OK
TLT_SERV_OFF.png,toCheck_100034_00163s_TLT_SERV_OFF.png,30736,Big,0.02,3.54,"[0.0, -0.05, 0.02, 2.27, 0.02, 0.0, 0.0, 3.54, 0.0, 0.0, 0.0, 0.0]",0.0,Investigate
TLT_SERV_ON.png,toCheck_100044_00218s_TLT_SERV_ON.png,30736,Big,0.0,0.02,"[0.0, 0.0, 0.0, 0.0, 0.02, 0.0, 0.0, 0.0, 0.0, 0.0, 0.0, 0.0]",0.0,OK
TLT_SERV_ON.png,toCheck_100045_00223s_TLT_SERV_ON.png,30736,Big,0.0,0.02,"[0.0, 0.0, 0.0, 0.0, 0.02, 0.0, 0.0, 0.0, 0.0, 0.0, 0.0, 0.0]",0.0,OK
TLT_SERV_ON.png,toCheck_100051_00163s_TLT_SERV_ON.png,30736,Big,0.0,0.02,"[0.0, 0.0, 0.0, 0.0, 0.02, 0.0, 0.0, 0.0, 0.0, 0.0, 0.0, 0.0]",0.0,OK
TLT_SERV_ON.png,toCheck_100053_00195s_TLT_SERV_ON.png,30736,Big,0.0,0.02,"[0.0, 0.0, 0.0, 0.0, 0.02, 0.0, 0.0, 0.0, 0.0, 0.0, 0.0, 0.0]",0.0,OK
TLT_SERV_ON.png,toCheck_100054_00163s_TLT_SERV_ON.png,30736,Big,0.0,0.02,"[0.0, 0.0, 0.0, 0.0, 0.02, 0.0, 0.0, 0.0, 0.0, 0.0, 0.0, 0.0]",0.0,OK
TLT_SERV_ON.png,toCheck_100055_00233s_TLT_SERV_ON.png,30736,Big,0.0,0.02,"[0.0, 0.0, 0.0, 0.0, 0.02, 0.0, 0.0, 0.0, 0.0, 0.0, 0.0, 0.0]",0.0,OK
TLT_STOP_ON.png,toCheck_100055_00233s_TLT_STOP_ON.png,22176,Big,0.0,0.0,"[0.0, 0.0, 0.0, 0.0, 0.0, 0.0, 0.0, 0.0]",0.0,OK
TLT_SERV_ON.png,toCheck_100056_00163s_TLT_SERV_ON.png,30736,Big,0.0,0.02,"[0.0, 0.0, 0.0, 0.0, 0.02, 0.0, 0.0, 0.0, 0.0, 0.0, 0.0, 0.0]",0.0,OK
TLT_STOP_ON.png,toCheck_100056_00163s_TLT_STOP_ON.png,22176,Big,0.0,0.0,"[0.0, 0.0, 0.0, 0.0, 0.0, 0.0, 0.0, 0.0]",0.0,OK
TLT_SERV_ON.png,toCheck_100057_00195s_TLT_SERV_ON.png,30736,Big,0.0,0.02,"[0.0, 0.0, 0.0, 0.0, 0.02, 0.0, 0.0, 0.0, 0.0, 0.0, 0.0, 0.0]",0.0,OK
TLT_SERV_ON.png,toCheck_100058_00195s_TLT_SERV_ON.png,30736,Big,0.0,0.02,"[0.0, 0.0, 0.0, 0.0, 0.02, 0.0, 0.0, 0.0, 0.0, 0.0, 0.0, 0.0]",0.0,OK
TLT_SERV_ON.png,toCheck_100059_00163s_TLT_SERV_ON.png,30736,Big,0.0,0.02,"[0.0, 0.0, 0.0, 0.0, 0.02, 0.0, 0.0, 0.0, 0.0, 0.0, 0.0, 0.0]",0.0,OK
TLT_SERV_ON.png,toCheck_100060_00163s_TLT_SERV_ON.png,30736,Big,0.0,0.02,"[0.0, 0.0, 0.0, 0.0, 0.02, 0.0, 0.0, 0.0, 0.0, 0.0, 0.0, 0.0]",0.0,OK
TLT_SERV_ON.png,toCheck_100061_00163s_TLT_SERV_ON.png,30736,Big,0.0,0.02,"[0.0, 0.0, 0.0, 0.0, 0.02, 0.0, 0.0, 0.0, 0.0, 0.0, 0.0, 0.0]",0.0,OK
TLT_SERV_ON.png,toCheck_100074_00163s_TLT_SERV_ON.png,30736,Big,0.0,0.02,"[0.0, 0.0, 0.0, 0.0, 0.02, 0.0, 0.0, 0.0, 0.0, 0.0, 0.0, 0.0]",0.0,OK
TLT_SERV_ON.png,toCheck_100075_00163s_TLT_SERV_ON.png,30736,Big,0.0,0.02,"[0.0, 0.0, 0.0, 0.0, 0.02, 0.0, 0.0, 0.0, 0.0, 0.0, 0.0, 0.0]",0.0,OK
TLT_SERV_ON.png,toCheck_100076_00163s_TLT_SERV_ON.png,30736,Big,0.0,0.02,"[0.0, 0.0, 0.0, 0.0, 0.02, 0.0, 0.0, 0.0, 0.0, 0.0, 0.0, 0.0]",0.0,OK
TLT_SERV_ON.png,toCheck_100077_00163s_TLT_SERV_ON.png,30736,Big,0.0,0.02,"[0.0, 0.0, 0.0, 0.0, 0.02, 0.0, 0.0, 0.0, 0.0, 0.0, 0.0, 0.0]",0.0,OK
TLT_READY_ON.png,toCheck_100096_00163s_TLT_READY_ON.png,44880,Big,1.54,4.47,"[0.27, 0.2, 0.54, 3.74, 2.05, 4.47]",0.0,Investigate
TLT_LDW_ON.png,toCheck_100105_00163s_TLT_LDW_ON.png,19456,Big,0.81,1.34,"[0.22, 0.42, 1.34, 0.63, 0.0, 0.0]",0.0,OK
TLT_SERV_OFF.png,toCheck_100107_00168s_TLT_SERV_OFF.png,30736,Big,0.02,4.2,"[0.0, -0.05, 0.02, 1.66, 0.02, 0.0, 0.0, 4.2, 0.0, 0.0, 0.0, 0.0]",0.0,Investigate
TLT_LKAOFF_ON.png,toCheck_100107_00168s_TLT_LKAOFF_ON.png,19456,Big,0.22,0.12,"[0.07, 0.12, 0.07, 0.02, 0.0, 0.0]",0.0,OK
ADAS_TXTALT_10913_11_FR.png,toCheck_100109_00163s_ADAS_TXTALT_10913_11_FR.png,267388,Big,2.25,11.35,"[4.69, 8.74, 11.35, 7.23, 4.08, 5.15]",0.0,Investigate
TXTALT_10913_19_FR.png,toCheck_100111_00323s_TXTALT_10913_19_FR.png,267388,Big,2.25,11.35,"[4.69, 8.74, 11.35, 7.23, 4.08, 5.15]",0.0,Investigate
TLT_SERV_OFF.png,toCheck_100112_00163s_TLT_SERV_OFF.png,30736,Big,0.02,3.64,"[0.0, -0.05, 0.02, 1.51, 0.02, 0.0, 0.0, 3.64, 0.0, 0.0, 0.0, 0.0]",0.0,Investigate
TXTALT_10925_3_FR.png,toCheck_100113_00163s_TXTALT_10925_3_FR.png,202806,Big,8.57,7.35,"[4.96, 7.35, 6.62, 7.08, 7.28, 3.83]",0.0,NOK
TLT_SS_ON.png,toCheck_100115_00163s_TLT_SS_ON.png,16240,Big,0.63,0.88,"[0.39, 0.51, 0.88, 0.76, 0.68, 0.78]",0.0,OK
TLT_SAILINGOP_ON.png,toCheck_100124_00163s_TLT_SAILINGOP_ON.png,11520,Big,0.78,1.9,"[0.81, 1.17, 1.9, 1.9, 1.32, 1.15]",0.0,OK
TLT_ODB_OFF.png,toCheck_100126_00163s_TLT_ODB_OFF.png,19456,Big,0.68,2.34,"[0.42, 0.29, 0.68, 2.34, 0.0, 0.0]",0.0,OK
TLT_SERV_ON.png,toCheck_100127_00163s_TLT_SERV_ON.png,30736,Big,0.0,0.02,"[0.0, 0.0, 0.0, 0.0, 0.02, 0.0, 0.0, 0.0, 0.0, 0.0, 0.0, 0.0]",0.0,OK
TLT_SERV_ON.png,toCheck_100128_00163s_TLT_SERV_ON.png,30736,Big,0.0,0.93,"[0.0, 0.0, 0.0, 0.56, 0.02, 0.0, 0.0, 0.93, 0.0, 0.0, 0.0, 0.0]",0.0,OK
TLT_SERV_ON.png,toCheck_100129_00163s_TLT_SERV_ON.png,30736,Big,0.0,0.93,"[0.0, 0.0, 0.0, 0.56, 0.02, 0.0, 0.0, 0.93, 0.0, 0.0, 0.0, 0.0]",0.0,OK
TLT_STOP_ON.png,toCheck_100130_00163s_TLT_STOP_ON.png,22176,Big,0.0,0.0,"[0.0, 0.0, 0.0, 0.0, 0.0, 0.0, 0.0, 0.0]",0.0,OK
TLT_STOP_ON.png,toCheck_100131_00163s_TLT_STOP_ON.png,22176,Big,0.0,0.0,"[0.0, 0.0, 0.0, 0.0, 0.0, 0.0, 0.0, 0.0]",0.0,OK
TLT_ODB_OFF.png,toCheck_100132_00163s_TLT_ODB_OFF.png,19456,Big,0.68,2.34,"[0.42, 0.29, 0.68, 2.34, 0.0, 0.0]",0.0,OK
TLT_ODB_OFF.png,toCheck_100133_00163s_TLT_ODB_OFF.png,19456,Big,0.68,2.34,"[0.42, 0.29, 0.68, 2.34, 0.0, 0.0]",0.0,OK
TLT_SERV_OFF.png,toCheck_100134_00163s_TLT_SERV_OFF.png,30736,Big,0.02,4.86,"[0.0, -0.05, 0.02, 1.95, 0.02, 0.0, 0.0, 4.86, 0.0, 0.0, 0.0, 0.0]",0.0,Investigate
TLT_SERV_OFF.png,toCheck_100135_00163s_TLT_SERV_OFF.png,30736,Big,0.02,4.86,"[0.0, -0.05, 0.02, 1.95, 0.02, 0.0, 0.0, 4.86, 0.0, 0.0, 0.0, 0.0]",0.0,Investigate
TLT_ODB_OFF.png,toCheck_100136_00163s_TLT_ODB_OFF.png,19456,Big,0.68,2.34,"[0.42, 0.29, 0.68, 2.34, 0.0, 0.0]",0.0,OK
TLT_ODB_OFF.png,toCheck_100137_00163s_TLT_ODB_OFF.png,19456,Big,0.68,2.34,"[0.42, 0.29, 0.68, 2.34, 0.0, 0.0]",0.0,OK
TLT_ODB_OFF.png,toCheck_100138_00163s_TLT_ODB_OFF.png,19456,Big,0.68,2.34,"[0.42, 0.29, 0.68, 2.34, 0.0, 0.0]",0.0,OK
TLT_ODB_OFF.png,toCheck_100139_00163s_TLT_ODB_OFF.png,19456,Big,0.68,2.34,"[0.42, 0.29, 0.68, 2.34, 0.0, 0.0]",0.0,OK
TLT_SERV_ON.png,toCheck_100140_00163s_TLT_SERV_ON.png,30736,Big,0.0,0.02,"[0.0, 0.0, 0.0, 0.0, 0.02, 0.0, 0.0, 0.0, 0.0, 0.0, 0.0, 0.0]",0.0,OK
TLT_STOP_ON.png,toCheck_100140_00163s_TLT_STOP_ON.png,22176,Big,0.0,0.0,"[0.0, 0.0, 0.0, 0.0, 0.0, 0.0, 0.0, 0.0]",0.0,OK
TLT_PRE_HEAT_ON.png,toCheck_100142_00163s_TLT_PRE_HEAT_ON.png,19456,Big,0.83,1.05,"[0.37, 0.37, 0.61, 1.05, 0.0, 0.0]",0.0,OK
TLT_SERV_OFF.png,toCheck_100142_00163s_TLT_SERV_OFF.png,30736,Big,0.02,2.17,"[0.0, -0.05, 0.02, 2.17, 0.02, 0.0, 0.0, 0.0, 0.0, 0.0, 0.0, 0.0]",0.0,OK
TLT_SERV_OFF.png,toCheck_100143_00163s_TLT_SERV_OFF.png,30736,Big,0.02,4.35,"[0.0, -0.05, 0.02, 1.42, 0.02, 0.0, 0.0, 4.35, 0.0, 0.0, 0.0, 0.0]",0.0,Investigate
TLT_SERV_OFF.png,toCheck_100146_00163s_TLT_SERV_OFF.png,30736,Big,0.02,4.35,"[0.0, -0.05, 0.02, 1.42, 0.02, 0.0, 0.0, 4.35, 0.0, 0.0, 0.0, 0.0]",0.0,Investigate
TLT_SERV_ON.png,toCheck_100147_00163s_TLT_SERV_ON.png,30736,Big,0.0,0.17,"[0.0, 0.0, 0.0, 0.0, 0.02, 0.0, 0.0, 0.17, 0.0, 0.0, 0.0, 0.0]",0.0,OK
TLT_STOP_ON.png,toCheck_100148_00163s_TLT_STOP_ON.png,22176,Big,0.0,0.0,"[0.0, 0.0, 0.0, 0.0, 0.0, 0.0, 0.0, 0.0]",0.0,OK
TLT_STOP_ON.png,toCheck_100151_00198s_TLT_STOP_ON.png,22176,Big,0.0,0.0,"[0.0, 0.0, 0.0, 0.0, 0.0, 0.0, 0.0, 0.0]",0.0,OK
NO_ALERT.png,toCheck_100152_00298s_NO_ALERT.png,267388,Big,10.4,8.3,"[1.22, 8.15, 2.88, 6.25, 8.3, 5.4]",0.0,NOK
NO_ALERT.png,toCheck_100152_00333s_NO_ALERT.png,267388,Big,10.4,8.3,"[1.22, 8.15, 2.88, 6.25, 8.3, 5.4]",0.0,NOK
TLT_SERV_ON.png,toCheck_100154_00195s_TLT_SERV_ON.png,30736,Big,0.0,0.02,"[0.0, 0.0, 0.0, 0.0, 0.02, 0.0, 0.0, 0.0, 0.0, 0.0, 0.0, 0.0]",0.0,OK
TLT_STOP_ON.png,toCheck_100155_00163s_TLT_STOP_ON.png,22176,Big,0.0,0.0,"[0.0, 0.0, 0.0, 0.0, 0.0, 0.0, 0.0, 0.0]",0.0,OK
TLT_SERV_ON.png,toCheck_100160_00163s_TLT_SERV_ON.png,30736,Big,0.0,0.02,"[0.0, 0.0, 0.0, 0.0, 0.02, 0.0, 0.0, 0.0, 0.0, 0.0, 0.0, 0.0]",0.0,OK
TLT_PEDAL_PUSH_ON.png,toCheck_100161_00293s_TLT_PEDAL_PUSH_ON.png,57792,Big,0.39,0.71,"[0.54, 0.68, 0.02, 0.71, 0.59, 0.02]",0.0,OK
TLT_SERV_ON.png,toCheck_100165_00163s_TLT_SERV_ON.png,30736,Big,0.0,0.02,"[0.0, 0.0, 0.0, 0.0, 0.02, 0.0, 0.0, 0.0, 0.0, 0.0, 0.0, 0.0]",0.0,OK
TLT_FSHT_UP_ON.png,toCheck_100167_00165s_TLT_FSHT_UP_ON.png,NA,NA,NA,0.02,"[0.0, 0.0, 0.0, 0.0, 0.02, 0.0, 0.0, 0.0, 0.0, 0.0, 0.0, 0.0]",50.87,Faulty
TLT_FSHT_UP_OFF.png,toCheck_100167_00167s_TLT_FSHT_UP_OFF.png,NA,NA,NA,0.02,"[0.0, 0.0, 0.0, 0.0, 0.02, 0.0, 0.0, 0.0, 0.0, 0.0, 0.0, 0.0]",50.87,Faulty
TLT_FSHT_UP_ON.png,toCheck_100167_00170s_TLT_FSHT_UP_ON.png,NA,NA,NA,0.02,"[0.0, 0.0, 0.0, 0.0, 0.02, 0.0, 0.0, 0.0, 0.0, 0.0, 0.0, 0.0]",50.87,Faulty
TLT_FSHT_UP_OFF.png,toCheck_100167_00172s_TLT_FSHT_UP_OFF.png,NA,NA,NA,0.02,"[0.0, 0.0, 0.0, 0.0, 0.02, 0.0, 0.0, 0.0, 0.0, 0.0, 0.0, 0.0]",50.87,Faulty
TLT_SERV_ON.png,toCheck_100168_00163s_TLT_SERV_ON.png,30736,Big,0.0,0.02,"[0.0, 0.0, 0.0, 0.0, 0.02, 0.0, 0.0, 0.0, 0.0, 0.0, 0.0, 0.0]",0.0,OK
TLT_ESC_OFF.png,toCheck_100169_00165s_TLT_ESC_OFF.png,19456,Big,0.68,2.34,"[0.42, 0.29, 0.68, 2.34, 0.0, 0.0]",0.0,OK
TLT_AUHO_ON.png,toCheck_100174_00163s_TLT_AUHO_ON.png,15904,Big,0.24,0.61,"[0.07, 0.61, 0.56, 0.29, 0.44, 0.54]",0.0,OK
TLT_HDC_DEACT_ON.png,toCheck_100176_00163s_TLT_HDC_DEACT_ON.png,14040,Big,0.44,1.83,"[1.83, 0.15, 1.22, 0.44, 0.66, 0.88]",0.0,OK
TLT_HILBRAKE_ON.png,toCheck_100177_00163s_TLT_HILBRAKE_ON.png,14040,Big,0.93,1.46,"[1.46, 0.34, 0.54, 0.49, 1.15, 1.2]",0.0,OK
TLT_SERV_ON.png,toCheck_100178_00163s_TLT_SERV_ON.png,30736,Big,0.0,0.02,"[0.0, 0.0, 0.0, 0.0, 0.02, 0.0, 0.0, 0.0, 0.0, 0.0, 0.0, 0.0]",0.0,OK
TLT_SERV_ON.png,toCheck_100181_00163s_TLT_SERV_ON.png,30736,Big,0.0,1.29,"[0.0, 0.0, 0.0, 1.29, 0.02, 0.0, 0.0, 1.0, 0.0, 0.0, 0.0, 0.0]",0.0,OK
TLT_SERV_ON.png,toCheck_100183_00163s_TLT_SERV_ON.png,30736,Big,0.0,0.02,"[0.0, 0.0, 0.0, 0.0, 0.02, 0.0, 0.0, 0.0, 0.0, 0.0, 0.0, 0.0]",0.0,OK
TLT_STOP_ON.png,toCheck_100184_00163s_TLT_STOP_ON.png,22176,Big,0.0,0.0,"[0.0, 0.0, 0.0, 0.0, 0.0, 0.0, 0.0, 0.0]",0.0,OK
TLT_SERV_ON.png,toCheck_100186_00198s_TLT_SERV_ON.png,30736,Big,0.0,1.29,"[0.0, 0.0, 0.0, 1.29, 0.02, 0.0, 0.0, 1.0, 0.0, 0.0, 0.0, 0.0]",0.0,OK
TLT_SERV_ON.png,toCheck_100187_00198s_TLT_SERV_ON.png,30736,Big,0.0,1.29,"[0.0, 0.0, 0.0, 1.29, 0.02, 0.0, 0.0, 1.0, 0.0, 0.0, 0.0, 0.0]",0.0,OK
TXTALT_30103_2_FR.png,toCheck_100187_00198s_TXTALT_30103_2_FR.png,267388,Big,0.12,2.93,"[0.37, 1.37, 2.93, 1.83, 0.68, 0.61]",0.0,OK
TLT_ESC_ON.png,toCheck_100188_00198s_TLT_ESC_ON.png,NA,NA,NA,2.93,"[0.37, 1.37, 2.93, 1.83, 0.68, 0.61]",16.69,Faulty
TLT_SERV_ON.png,toCheck_100188_00198s_TLT_SERV_ON.png,30736,Big,0.0,1.29,"[0.0, 0.0, 0.0, 1.29, 0.02, 0.0, 0.0, 1.0, 0.0, 0.0, 0.0, 0.0]",0.0,OK
TXTALT_30103_2_FR.png,toCheck_100188_00198s_TXTALT_30103_2_FR.png,267388,Big,0.12,2.93,"[0.37, 1.37, 2.93, 1.83, 0.68, 0.61]",0.0,OK
TLT_STOP_ON.png,toCheck_100189_00163s_TLT_STOP_ON.png,22176,Big,0.0,0.0,"[0.0, 0.0, 0.0, 0.0, 0.0, 0.0, 0.0, 0.0]",0.0,OK
TLT_ESC_ON.png,toCheck_100190_00198s_TLT_ESC_ON.png,NA,NA,NA,0.0,"[0.0, 0.0, 0.0, 0.0, 0.0, 0.0, 0.0, 0.0]",16.69,Faulty
TLT_SERV_ON.png,toCheck_100190_00198s_TLT_SERV_ON.png,30736,Big,0.0,1.29,"[0.0, 0.0, 0.0, 1.29, 0.02, 0.0, 0.0, 1.0, 0.0, 0.0, 0.0, 0.0]",0.0,OK
TXTALT_30103_2_FR.png,toCheck_100190_00198s_TXTALT_30103_2_FR.png,267388,Big,0.12,2.93,"[0.37, 1.37, 2.93, 1.83, 0.68, 0.61]",0.0,OK
TLT_SERV_ON.png,toCheck_100191_00163s_TLT_SERV_ON.png,30736,Big,0.0,0.02,"[0.0, 0.0, 0.0, 0.0, 0.02, 0.0, 0.0, 0.0, 0.0, 0.0, 0.0, 0.0]",0.0,OK
TLT_SERV_ON.png,toCheck_100196_00163s_TLT_SERV_ON.png,30736,Big,0.0,0.02,"[0.0, 0.0, 0.0, 0.0, 0.02, 0.0, 0.0, 0.0, 0.0, 0.0, 0.0, 0.0]",0.0,OK
TLT_SERV_ON.png,toCheck_100197_00163s_TLT_SERV_ON.png,30736,Big,0.0,0.02,"[0.0, 0.0, 0.0, 0.0, 0.02, 0.0, 0.0, 0.0, 0.0, 0.0, 0.0, 0.0]",0.0,OK
TLT_SERV_ON.png,toCheck_100198_00163s_TLT_SERV_ON.png,30736,Big,0.0,0.02,"[0.0, 0.0, 0.0, 0.0, 0.02, 0.0, 0.0, 0.0, 0.0, 0.0, 0.0, 0.0]",0.0,OK
TLT_SERV_ON.png,toCheck_100199_00168s_TLT_SERV_ON.png,30736,Big,0.0,0.02,"[0.0, 0.0, 0.0, 0.0, 0.02, 0.0, 0.0, 0.0, 0.0, 0.0, 0.0, 0.0]",0.0,OK
TLT_SERV_ON.png,toCheck_100200_00198s_TLT_SERV_ON.png,30736,Big,0.0,0.02,"[0.0, 0.0, 0.0, 0.0, 0.02, 0.0, 0.0, 0.0, 0.0, 0.0, 0.0, 0.0]",0.0,OK
TLT_SERV_ON.png,toCheck_100201_00273s_TLT_SERV_ON.png,30736,Big,0.0,0.24,"[0.0, 0.0, 0.0, 0.24, 0.02, 0.0, 0.0, 0.24, 0.0, 0.0, 0.0, 0.0]",0.0,OK
TLT_TPW_OFF.png,toCheck_100202_00308s_TLT_TPW_OFF.png,19456,Big,6.59,7.25,"[3.05, 3.39, 5.44, 7.25, 0.0, 0.0]",0.0,Investigate
TLT_TPW_ON.png,toCheck_100202_00310s_TLT_TPW_ON.png,19456,Big,6.59,7.25,"[3.05, 3.39, 5.44, 7.25, 0.0, 0.0]",0.0,Investigate
TLT_TPW_OFF.png,toCheck_100202_00313s_TLT_TPW_OFF.png,19456,Big,6.59,7.25,"[3.05, 3.39, 5.44, 7.25, 0.0, 0.0]",0.0,Investigate
TLT_TPW_ON.png,toCheck_100202_00315s_TLT_TPW_ON.png,19456,Big,6.59,7.25,"[3.05, 3.39, 5.44, 7.25, 0.0, 0.0]",0.0,Investigate
TLT_SERV_ON.png,toCheck_100202_00318s_TLT_SERV_ON.png,30736,Big,0.0,0.24,"[0.0, 0.0, 0.0, 0.24, 0.02, 0.0, 0.0, 0.24, 0.0, 0.0, 0.0, 0.0]",0.0,OK
TLT_SERV_ON.png,toCheck_100203_00168s_TLT_SERV_ON.png,30736,Big,0.0,0.24,"[0.0, 0.0, 0.0, 0.24, 0.02, 0.0, 0.0, 0.24, 0.0, 0.0, 0.0, 0.0]",0.0,OK
TLT_SERV_ON.png,toCheck_100204_00168s_TLT_SERV_ON.png,30736,Big,0.0,0.24,"[0.0, 0.0, 0.0, 0.24, 0.02, 0.0, 0.0, 0.24, 0.0, 0.0, 0.0, 0.0]",0.0,OK
TLT_SERV_ON.png,toCheck_100205_00168s_TLT_SERV_ON.png,30736,Big,0.0,0.24,"[0.0, 0.0, 0.0, 0.24, 0.02, 0.0, 0.0, 0.24, 0.0, 0.0, 0.0, 0.0]",0.0,OK
TLT_SERV_ON.png,toCheck_100206_00168s_TLT_SERV_ON.png,30736,Big,0.0,0.24,"[0.0, 0.0, 0.0, 0.24, 0.02, 0.0, 0.0, 0.24, 0.0, 0.0, 0.0, 0.0]",0.0,OK
TLT_TPW_OFF.png,toCheck_100207_00163s_TLT_TPW_OFF.png,19456,Big,6.59,7.25,"[3.05, 3.39, 5.44, 7.25, 0.0, 0.0]",0.0,Investigate
TLT_TPW_ON.png,toCheck_100207_00165s_TLT_TPW_ON.png,19456,Big,6.59,7.25,"[3.05, 3.39, 5.44, 7.25, 0.0, 0.0]",0.0,Investigate
TLT_TPW_OFF.png,toCheck_100207_00168s_TLT_TPW_OFF.png,19456,Big,6.59,7.25,"[3.05, 3.39, 5.44, 7.25, 0.0, 0.0]",0.0,Investigate
TLT_TPW_ON.png,toCheck_100207_00170s_TLT_TPW_ON.png,19456,Big,6.59,7.25,"[3.05, 3.39, 5.44, 7.25, 0.0, 0.0]",0.0,Investigate
TLT_SERV_ON.png,toCheck_100207_00173s_TLT_SERV_ON.png,30736,Big,0.0,0.24,"[0.0, 0.0, 0.0, 0.24, 0.02, 0.0, 0.0, 0.24, 0.0, 0.0, 0.0, 0.0]",0.0,OK
TLT_TPW_OFF.png,toCheck_100208_00163s_TLT_TPW_OFF.png,19456,Big,6.59,7.25,"[3.05, 3.39, 5.44, 7.25, 0.0, 0.0]",0.0,Investigate
TLT_TPW_ON.png,toCheck_100208_00165s_TLT_TPW_ON.png,19456,Big,6.59,7.25,"[3.05, 3.39, 5.44, 7.25, 0.0, 0.0]",0.0,Investigate
TLT_TPW_OFF.png,toCheck_100208_00168s_TLT_TPW_OFF.png,19456,Big,6.59,7.25,"[3.05, 3.39, 5.44, 7.25, 0.0, 0.0]",0.0,Investigate
TLT_TPW_ON.png,toCheck_100208_00170s_TLT_TPW_ON.png,19456,Big,6.59,7.25,"[3.05, 3.39, 5.44, 7.25, 0.0, 0.0]",0.0,Investigate
TLT_SERV_ON.png,toCheck_100208_00173s_TLT_SERV_ON.png,30736,Big,0.0,0.24,"[0.0, 0.0, 0.0, 0.24, 0.02, 0.0, 0.0, 0.24, 0.0, 0.0, 0.0, 0.0]",0.0,OK
TLT_TPW_OFF.png,toCheck_100209_00163s_TLT_TPW_OFF.png,19456,Big,6.59,7.25,"[3.05, 3.39, 5.44, 7.25, 0.0, 0.0]",0.0,Investigate
TLT_TPW_ON.png,toCheck_100209_00165s_TLT_TPW_ON.png,19456,Big,6.59,7.25,"[3.05, 3.39, 5.44, 7.25, 0.0, 0.0]",0.0,Investigate
TLT_TPW_OFF.png,toCheck_100209_00168s_TLT_TPW_OFF.png,19456,Big,6.59,7.25,"[3.05, 3.39, 5.44, 7.25, 0.0, 0.0]",0.0,Investigate
TLT_TPW_ON.png,toCheck_100209_00170s_TLT_TPW_ON.png,19456,Big,6.59,7.25,"[3.05, 3.39, 5.44, 7.25, 0.0, 0.0]",0.0,Investigate
TLT_SERV_ON.png,toCheck_100209_00173s_TLT_SERV_ON.png,30736,Big,0.0,0.24,"[0.0, 0.0, 0.0, 0.24, 0.02, 0.0, 0.0, 0.24, 0.0, 0.0, 0.0, 0.0]",0.0,OK
TLT_TPW_OFF.png,toCheck_100210_00163s_TLT_TPW_OFF.png,19456,Big,6.59,7.25,"[3.05, 3.39, 5.44, 7.25, 0.0, 0.0]",0.0,Investigate
TLT_TPW_ON.png,toCheck_100210_00165s_TLT_TPW_ON.png,19456,Big,6.59,7.25,"[3.05, 3.39, 5.44, 7.25, 0.0, 0.0]",0.0,Investigate
TLT_TPW_OFF.png,toCheck_100210_00168s_TLT_TPW_OFF.png,19456,Big,6.59,7.25,"[3.05, 3.39, 5.44, 7.25, 0.0, 0.0]",0.0,Investigate
TLT_TPW_ON.png,toCheck_100210_00170s_TLT_TPW_ON.png,19456,Big,6.59,7.25,"[3.05, 3.39, 5.44, 7.25, 0.0, 0.0]",0.0,Investigate
TLT_SERV_ON.png,toCheck_100210_00173s_TLT_SERV_ON.png,30736,Big,0.0,0.24,"[0.0, 0.0, 0.0, 0.24, 0.02, 0.0, 0.0, 0.24, 0.0, 0.0, 0.0, 0.0]",0.0,OK
TLT_SERV_OFF.png,toCheck_100211_00163s_TLT_SERV_OFF.png,30736,Big,0.02,3.81,"[0.0, -0.05, 0.02, 1.2, 0.02, 0.0, 0.0, 3.81, 0.0, 0.0, 0.0, 0.0]",0.0,Investigate
TLT_SERV_OFF.png,toCheck_100212_00163s_TLT_SERV_OFF.png,30736,Big,0.02,3.81,"[0.0, -0.05, 0.02, 1.2, 0.02, 0.0, 0.0, 3.81, 0.0, 0.0, 0.0, 0.0]",0.0,Investigate
TLT_SERV_OFF.png,toCheck_100213_00163s_TLT_SERV_OFF.png,30736,Big,0.02,3.81,"[0.0, -0.05, 0.02, 1.2, 0.02, 0.0, 0.0, 3.81, 0.0, 0.0, 0.0, 0.0]",0.0,Investigate
TLT_SERV_OFF.png,toCheck_100214_00163s_TLT_SERV_OFF.png,30736,Big,0.02,3.81,"[0.0, -0.05, 0.02, 1.2, 0.02, 0.0, 0.0, 3.81, 0.0, 0.0, 0.0, 0.0]",0.0,Investigate
TLT_SERV_OFF.png,toCheck_100215_00163s_TLT_SERV_OFF.png,30736,Big,0.02,3.81,"[0.0, -0.05, 0.02, 1.2, 0.02, 0.0, 0.0, 3.81, 0.0, 0.0, 0.0, 0.0]",0.0,Investigate
TLT_STOP_ON.png,toCheck_100215_00163s_TLT_STOP_ON.png,22176,Big,0.0,0.0,"[0.0, 0.0, 0.0, 0.0, 0.0, 0.0, 0.0, 0.0]",0.0,OK
TLT_SERV_OFF.png,toCheck_100216_00163s_TLT_SERV_OFF.png,30736,Big,0.02,3.81,"[0.0, -0.05, 0.02, 1.2, 0.02, 0.0, 0.0, 3.81, 0.0, 0.0, 0.0, 0.0]",0.0,Investigate
TLT_STOP_ON.png,toCheck_100216_00163s_TLT_STOP_ON.png,22176,Big,0.0,0.0,"[0.0, 0.0, 0.0, 0.0, 0.0, 0.0, 0.0, 0.0]",0.0,OK
TLT_SERV_OFF.png,toCheck_100217_00163s_TLT_SERV_OFF.png,30736,Big,0.02,3.81,"[0.0, -0.05, 0.02, 1.2, 0.02, 0.0, 0.0, 3.81, 0.0, 0.0, 0.0, 0.0]",0.0,Investigate
TLT_STOP_ON.png,toCheck_100217_00163s_TLT_STOP_ON.png,22176,Big,0.0,0.0,"[0.0, 0.0, 0.0, 0.0, 0.0, 0.0, 0.0, 0.0]",0.0,OK
TLT_SERV_OFF.png,toCheck_100218_00163s_TLT_SERV_OFF.png,30736,Big,0.02,3.81,"[0.0, -0.05, 0.02, 1.2, 0.02, 0.0, 0.0, 3.81, 0.0, 0.0, 0.0, 0.0]",0.0,Investigate
TLT_STOP_ON.png,toCheck_100218_00163s_TLT_STOP_ON.png,22176,Big,0.0,0.0,"[0.0, 0.0, 0.0, 0.0, 0.0, 0.0, 0.0, 0.0]",0.0,OK
TLT_SERV_OFF.png,toCheck_100219_00163s_TLT_SERV_OFF.png,30736,Big,0.02,3.81,"[0.0, -0.05, 0.02, 1.2, 0.02, 0.0, 0.0, 3.81, 0.0, 0.0, 0.0, 0.0]",0.0,Investigate
TLT_SERV_OFF.png,toCheck_100220_00163s_TLT_SERV_OFF.png,30736,Big,0.02,3.81,"[0.0, -0.05, 0.02, 1.2, 0.02, 0.0, 0.0, 3.81, 0.0, 0.0, 0.0, 0.0]",0.0,Investigate
TLT_SERV_OFF.png,toCheck_100221_00163s_TLT_SERV_OFF.png,30736,Big,0.02,3.81,"[0.0, -0.05, 0.02, 1.2, 0.02, 0.0, 0.0, 3.81, 0.0, 0.0, 0.0, 0.0]",0.0,Investigate
TLT_SERV_ON.png,toCheck_100222_00163s_TLT_SERV_ON.png,30736,Big,0.0,0.24,"[0.0, 0.0, 0.0, 0.24, 0.02, 0.0, 0.0, 0.24, 0.0, 0.0, 0.0, 0.0]",0.0,OK
TLT_TPW_OFF.png,toCheck_100223_00163s_TLT_TPW_OFF.png,19456,Big,6.59,7.25,"[3.05, 3.39, 5.44, 7.25, 0.0, 0.0]",0.0,Investigate
TLT_TPW_ON.png,toCheck_100223_00165s_TLT_TPW_ON.png,19456,Big,6.59,7.25,"[3.05, 3.39, 5.44, 7.25, 0.0, 0.0]",0.0,Investigate
TLT_TPW_OFF.png,toCheck_100223_00168s_TLT_TPW_OFF.png,19456,Big,6.59,7.25,"[3.05, 3.39, 5.44, 7.25, 0.0, 0.0]",0.0,Investigate
TLT_TPW_ON.png,toCheck_100223_00170s_TLT_TPW_ON.png,19456,Big,6.59,7.25,"[3.05, 3.39, 5.44, 7.25, 0.0, 0.0]",0.0,Investigate
TLT_SERV_ON.png,toCheck_100223_00173s_TLT_SERV_ON.png,30736,Big,0.0,0.24,"[0.0, 0.0, 0.0, 0.24, 0.02, 0.0, 0.0, 0.24, 0.0, 0.0, 0.0, 0.0]",0.0,OK
TLT_TPW_ON.png,toCheck_100224_00513s_TLT_TPW_ON.png,NA,NA,NA,0.24,"[0.0, 0.0, 0.0, 0.24, 0.02, 0.0, 0.0, 0.24, 0.0, 0.0, 0.0, 0.0]",8.8,Faulty
TLT_TPW_OFF.png,toCheck_100224_00515s_TLT_TPW_OFF.png,NA,NA,NA,0.24,"[0.0, 0.0, 0.0, 0.24, 0.02, 0.0, 0.0, 0.24, 0.0, 0.0, 0.0, 0.0]",8.8,Faulty
TLT_TPW_ON.png,toCheck_100224_00518s_TLT_TPW_ON.png,NA,NA,NA,0.24,"[0.0, 0.0, 0.0, 0.24, 0.02, 0.0, 0.0, 0.24, 0.0, 0.0, 0.0, 0.0]",8.8,Faulty
TLT_TPW_OFF.png,toCheck_100224_00520s_TLT_TPW_OFF.png,NA,NA,NA,0.24,"[0.0, 0.0, 0.0, 0.24, 0.02, 0.0, 0.0, 0.24, 0.0, 0.0, 0.0, 0.0]",8.8,Faulty
TLT_SERV_ON.png,toCheck_100224_00523s_TLT_SERV_ON.png,30736,Big,0.0,1.29,"[0.0, 0.0, 0.0, 1.29, 0.02, 0.0, 0.0, 1.0, 0.0, 0.0, 0.0, 0.0]",0.0,OK
TLT_TPW_OFF.png,toCheck_100225_00523s_TLT_TPW_OFF.png,NA,NA,NA,1.29,"[0.0, 0.0, 0.0, 1.29, 0.02, 0.0, 0.0, 1.0, 0.0, 0.0, 0.0, 0.0]",8.8,Faulty
TLT_TPW_ON.png,toCheck_100225_00525s_TLT_TPW_ON.png,NA,NA,NA,1.29,"[0.0, 0.0, 0.0, 1.29, 0.02, 0.0, 0.0, 1.0, 0.0, 0.0, 0.0, 0.0]",8.8,Faulty
TLT_TPW_OFF.png,toCheck_100225_00528s_TLT_TPW_OFF.png,NA,NA,NA,1.29,"[0.0, 0.0, 0.0, 1.29, 0.02, 0.0, 0.0, 1.0, 0.0, 0.0, 0.0, 0.0]",8.8,Faulty
TLT_TPW_ON.png,toCheck_100225_00530s_TLT_TPW_ON.png,NA,NA,NA,1.29,"[0.0, 0.0, 0.0, 1.29, 0.02, 0.0, 0.0, 1.0, 0.0, 0.0, 0.0, 0.0]",8.8,Faulty
TLT_SERV_ON.png,toCheck_100225_00533s_TLT_SERV_ON.png,30736,Big,0.0,1.29,"[0.0, 0.0, 0.0, 1.29, 0.02, 0.0, 0.0, 1.0, 0.0, 0.0, 0.0, 0.0]",0.0,OK
TLT_SERV_OFF.png,toCheck_100226_00163s_TLT_SERV_OFF.png,30736,Big,0.02,3.81,"[0.0, -0.05, 0.02, 1.2, 0.02, 0.0, 0.0, 3.81, 0.0, 0.0, 0.0, 0.0]",0.0,Investigate
TLT_TPW_OFF.png,toCheck_100227_00163s_TLT_TPW_OFF.png,19456,Big,6.59,7.25,"[3.05, 3.39, 5.44, 7.25, 0.0, 0.0]",0.0,Investigate
TLT_TPW_ON.png,toCheck_100227_00165s_TLT_TPW_ON.png,19456,Big,6.59,7.25,"[3.05, 3.39, 5.44, 7.25, 0.0, 0.0]",0.0,Investigate
TLT_TPW_OFF.png,toCheck_100227_00168s_TLT_TPW_OFF.png,19456,Big,6.59,7.25,"[3.05, 3.39, 5.44, 7.25, 0.0, 0.0]",0.0,Investigate
TLT_TPW_ON.png,toCheck_100227_00170s_TLT_TPW_ON.png,19456,Big,6.59,7.25,"[3.05, 3.39, 5.44, 7.25, 0.0, 0.0]",0.0,Investigate
TLT_SERV_OFF.png,toCheck_100227_00173s_TLT_SERV_OFF.png,30736,Big,0.02,3.81,"[0.0, -0.05, 0.02, 1.2, 0.02, 0.0, 0.0, 3.81, 0.0, 0.0, 0.0, 0.0]",0.0,Investigate
TLT_SERV_ON.png,toCheck_100230_00163s_TLT_SERV_ON.png,30736,Big,0.0,0.02,"[0.0, 0.0, 0.0, 0.0, 0.02, 0.0, 0.0, 0.0, 0.0, 0.0, 0.0, 0.0]",0.0,OK
TLT_STOP_ON.png,toCheck_100231_00163s_TLT_STOP_ON.png,22176,Big,0.0,0.0,"[0.0, 0.0, 0.0, 0.0, 0.0, 0.0, 0.0, 0.0]",0.0,OK
TXTALT_30304_2_FR.png,toCheck_100231_00163s_TXTALT_30304_2_FR.png,267388,Big,0.29,2.69,"[0.12, 2.69, 0.07, 0.49, 1.59, 0.37]",0.0,OK
TLT_STOP_ON.png,toCheck_100232_00303s_TLT_STOP_ON.png,22176,Big,0.0,0.0,"[0.0, 0.0, 0.0, 0.0, 0.0, 0.0, 0.0, 0.0]",0.0,OK
TLT_SLGT_ON.png,toCheck_100236_00163s_TLT_SLGT_ON.png,13800,Big,1.59,5.37,"[1.49, 1.86, 0.0, 4.98, 5.37, 0.0]",0.0,Investigate
TLT_SERV_ON.png,toCheck_100238_00163s_TLT_SERV_ON.png,30736,Big,0.0,0.02,"[0.0, 0.0, 0.0, 0.0, 0.02, 0.0, 0.0, 0.0, 0.0, 0.0, 0.0, 0.0]",0.0,OK
TLT_FFOG_ON.png,toCheck_100239_00163s_TLT_FFOG_ON.png,14640,Big,0.39,3.34,"[0.0, 1.12, 1.12, 0.0, 0.51, 0.66, 0.54, 0.71, 0.46, 0.59, 0.46, 0.71, 3.34, 3.08, 2.61, 0.1]",0.0,Investigate
TLT_LBEAM_OFF.png,toCheck_100240_00163s_TLT_LBEAM_OFF.png,13800,Big,8.25,8.06,"[7.67, 6.59, 0.0, 8.06, 7.52, 0.0]",0.0,NOK
TLT_LBEAM_ON.png,toCheck_100240_00165s_TLT_LBEAM_ON.png,13800,Big,8.25,8.06,"[7.67, 6.59, 0.0, 8.06, 7.52, 0.0]",0.0,NOK
TLT_LBEAM_OFF.png,toCheck_100240_00168s_TLT_LBEAM_OFF.png,13800,Big,8.25,8.06,"[7.67, 6.59, 0.0, 8.06, 7.52, 0.0]",0.0,NOK
TLT_LBEAM_ON.png,toCheck_100240_00170s_TLT_LBEAM_ON.png,13800,Big,8.25,8.06,"[7.67, 6.59, 0.0, 8.06, 7.52, 0.0]",0.0,NOK
TLT_LBEAM_OFF.png,toCheck_100241_00198s_TLT_LBEAM_OFF.png,13800,Big,8.25,8.06,"[7.67, 6.59, 0.0, 8.06, 7.52, 0.0]",0.0,NOK
TLT_LBEAM_ON.png,toCheck_100241_00200s_TLT_LBEAM_ON.png,13800,Big,8.25,8.06,"[7.67, 6.59, 0.0, 8.06, 7.52, 0.0]",0.0,NOK
TLT_LBEAM_OFF.png,toCheck_100241_00203s_TLT_LBEAM_OFF.png,13800,Big,8.25,8.06,"[7.67, 6.59, 0.0, 8.06, 7.52, 0.0]",0.0,NOK
TLT_LBEAM_ON.png,toCheck_100241_00205s_TLT_LBEAM_ON.png,13800,Big,8.25,8.06,"[7.67, 6.59, 0.0, 8.06, 7.52, 0.0]",0.0,NOK
TLT_SERV_OFF.png,toCheck_100242_00163s_TLT_SERV_OFF.png,30736,Big,0.02,3.86,"[0.0, -0.05, 0.02, 2.08, 0.02, 0.0, 0.0, 3.86, 0.0, 0.0, 0.0, 0.0]",0.0,Investigate
TLT_LED_PAHL_ON.png,toCheck_100244_00163s_TLT_LED_PAHL_ON.png,18172,Big,0.56,1.44,"[0.63, 0.29, 1.0, 1.44, 0.54, 0.0]",0.0,OK
TLT_LBEAM_OFF.png,toCheck_100245_00163s_TLT_LBEAM_OFF.png,13800,Big,8.25,8.06,"[7.67, 6.59, 0.0, 8.06, 7.52, 0.0]",0.0,NOK
TLT_LBEAM_ON.png,toCheck_100245_00165s_TLT_LBEAM_ON.png,13800,Big,8.25,8.06,"[7.67, 6.59, 0.0, 8.06, 7.52, 0.0]",0.0,NOK
TLT_LBEAM_OFF.png,toCheck_100245_00168s_TLT_LBEAM_OFF.png,13800,Big,8.25,8.06,"[7.67, 6.59, 0.0, 8.06, 7.52, 0.0]",0.0,NOK
TLT_LBEAM_ON.png,toCheck_100245_00170s_TLT_LBEAM_ON.png,13800,Big,8.25,8.06,"[7.67, 6.59, 0.0, 8.06, 7.52, 0.0]",0.0,NOK
TLT_LBEAM_OFF.png,toCheck_100246_00163s_TLT_LBEAM_OFF.png,13800,Big,8.25,8.06,"[7.67, 6.59, 0.0, 8.06, 7.52, 0.0]",0.0,NOK
TLT_LBEAM_ON.png,toCheck_100246_00165s_TLT_LBEAM_ON.png,13800,Big,8.25,8.06,"[7.67, 6.59, 0.0, 8.06, 7.52, 0.0]",0.0,NOK
TLT_LBEAM_OFF.png,toCheck_100246_00168s_TLT_LBEAM_OFF.png,13800,Big,8.25,8.06,"[7.67, 6.59, 0.0, 8.06, 7.52, 0.0]",0.0,NOK
TLT_LBEAM_ON.png,toCheck_100246_00170s_TLT_LBEAM_ON.png,13800,Big,8.25,8.06,"[7.67, 6.59, 0.0, 8.06, 7.52, 0.0]",0.0,NOK
TLT_SERV_OFF.png,toCheck_100247_00163s_TLT_SERV_OFF.png,30736,Big,0.02,3.86,"[0.0, -0.05, 0.02, 2.08, 0.02, 0.0, 0.0, 3.86, 0.0, 0.0, 0.0, 0.0]",0.0,Investigate
TLT_LED_PAHL_ON.png,toCheck_100248_00163s_TLT_LED_PAHL_ON.png,18172,Big,0.56,1.44,"[0.63, 0.29, 1.0, 1.44, 0.54, 0.0]",0.0,OK
TLT_SERV_ON.png,toCheck_100249_00163s_TLT_SERV_ON.png,30736,Big,0.0,0.02,"[0.0, 0.0, 0.0, 0.0, 0.02, 0.0, 0.0, 0.0, 0.0, 0.0, 0.0, 0.0]",0.0,OK
TLT_RFOG_ON.png,toCheck_100254_00163s_TLT_RFOG_ON.png,14640,Big,0.39,4.52,"[4.52, 1.86, 0.98, 0.0, 0.42, 0.61, 0.88, 0.0, 0.17, 0.63, 0.63, 0.12, 1.42, 1.51, 1.05, 0.1]",0.0,Investigate
TLT_SERV_ON.png,toCheck_100255_00163s_TLT_SERV_ON.png,30736,Big,0.0,1.95,"[0.0, 0.0, 0.0, 0.0, 0.02, 0.0, 0.0, 1.95, 0.0, 0.0, 0.0, 0.0]",0.0,OK
TLT_SERV_OFF.png,toCheck_100256_00563s_TLT_SERV_OFF.png,30736,Big,0.02,2.56,"[0.0, -0.05, 0.02, 1.03, 0.02, 0.0, 0.0, 2.56, 0.0, 0.0, 0.0, 0.0]",0.0,OK
TLT_SERV_ON.png,toCheck_100257_00163s_TLT_SERV_ON.png,30736,Big,0.0,0.02,"[0.0, 0.0, 0.0, 0.0, 0.02, 0.0, 0.0, 0.0, 0.0, 0.0, 0.0, 0.0]",0.0,OK
TLT_SERV_ON.png,toCheck_100258_00198s_TLT_SERV_ON.png,30736,Big,0.0,0.02,"[0.0, 0.0, 0.0, 0.0, 0.02, 0.0, 0.0, 0.0, 0.0, 0.0, 0.0, 0.0]",0.0,OK
TLT_SERV_ON.png,toCheck_100260_00193s_TLT_SERV_ON.png,30736,Big,0.0,0.02,"[0.0, 0.0, 0.0, 0.0, 0.02, 0.0, 0.0, 0.0, 0.0, 0.0, 0.0, 0.0]",0.0,OK
TXTALT_50204_7_FR.png,toCheck_100270_00163s_TXTALT_50204_7_FR.png,267388,Big,0.56,2.73,"[0.15, 2.73, 0.59, 1.49, 1.37, 0.37]",0.0,OK
TLT_SERV_ON.png,toCheck_100274_00163s_TLT_SERV_ON.png,30736,Big,0.0,0.02,"[0.0, 0.0, 0.0, 0.0, 0.02, 0.0, 0.0, 0.0, 0.0, 0.0, 0.0, 0.0]",0.0,OK
TLT_SERV_ON.png,toCheck_100275_00328s_TLT_SERV_ON.png,30736,Big,0.0,0.02,"[0.0, 0.0, 0.0, 0.0, 0.02, 0.0, 0.0, 0.0, 0.0, 0.0, 0.0, 0.0]",0.0,OK
TXTALT_70107_1_FR.png,toCheck_100281_00328s_TXTALT_70107_1_FR.png,267388,Big,3.42,6.25,"[-0.05, 1.66, 0.0, 2.12, 6.25, 2.66]",0.0,Investigate
TLT_SERV_ON.png,toCheck_100307_00163s_TLT_SERV_ON.png,30736,Big,0.0,0.02,"[0.0, 0.0, 0.0, 0.0, 0.02, 0.0, 0.0, 0.0, 0.0, 0.0, 0.0, 0.0]",0.0,OK
TLT_STOP_ON.png,toCheck_100308_00163s_TLT_STOP_ON.png,22176,Big,0.0,0.0,"[0.0, 0.0, 0.0, 0.0, 0.0, 0.0, 0.0, 0.0]",0.0,OK
TLT_SERV_ON.png,toCheck_100313_00163s_TLT_SERV_ON.png,30736,Big,0.0,0.02,"[0.0, 0.0, 0.0, 0.0, 0.02, 0.0, 0.0, 0.0, 0.0, 0.0, 0.0, 0.0]",0.0,OK
TLT_SERV_ON.png,toCheck_100314_00163s_TLT_SERV_ON.png,30736,Big,0.0,0.02,"[0.0, 0.0, 0.0, 0.0, 0.02, 0.0, 0.0, 0.0, 0.0, 0.0, 0.0, 0.0]",0.0,OK
TLT_SERV_ON.png,toCheck_100317_00163s_TLT_SERV_ON.png,30736,Big,0.0,0.02,"[0.0, 0.0, 0.0, 0.0, 0.02, 0.0, 0.0, 0.0, 0.0, 0.0, 0.0, 0.0]",0.0,OK
TLT_STOP_ON.png,toCheck_100318_00163s_TLT_STOP_ON.png,22176,Big,0.0,0.0,"[0.0, 0.0, 0.0, 0.0, 0.0, 0.0, 0.0, 0.0]",0.0,OK
TLT_STOP_ON.png,toCheck_100319_00163s_TLT_STOP_ON.png,22176,Big,0.0,0.0,"[0.0, 0.0, 0.0, 0.0, 0.0, 0.0, 0.0, 0.0]",0.0,OK
TLT_SERV_ON.png,toCheck_100320_00163s_TLT_SERV_ON.png,30736,Big,0.0,0.02,"[0.0, 0.0, 0.0, 0.0, 0.02, 0.0, 0.0, 0.0, 0.0, 0.0, 0.0, 0.0]",0.0,OK
TLT_STOP_ON.png,toCheck_100323_00163s_TLT_STOP_ON.png,22176,Big,0.0,0.0,"[0.0, 0.0, 0.0, 0.0, 0.0, 0.0, 0.0, 0.0]",0.0,OK
TLT_STOP_ON.png,toCheck_100324_00163s_TLT_STOP_ON.png,22176,Big,0.0,0.0,"[0.0, 0.0, 0.0, 0.0, 0.0, 0.0, 0.0, 0.0]",0.0,OK
TLT_SERV_ON.png,toCheck_100330_00163s_TLT_SERV_ON.png,30736,Big,0.0,0.02,"[0.0, 0.0, 0.0, 0.0, 0.02, 0.0, 0.0, 0.0, 0.0, 0.0, 0.0, 0.0]",0.0,OK
HMGT_ODO_0_TRIP_INV_KM.png,toCheck_100000_00393s_HMGT_ODO_0_TRIP_INV_KM.png,254449,Big,0.42,6.01,"[-0.05, -0.05, 0.0, 5.57, 0.02, 5.96, 6.01, 0.0, 2.15]",0.0,Investigate
HMGT_EMPTY_PAGE.png,toCheck_100000_00410s_HMGT_EMPTY_PAGE.png,254449,Big,13.6,13.4,"[4.42, 4.0, 8.25, 10.52, 13.4, 11.38, 4.59, 3.25, 2.25]",0.0,NOK
HMGT_ODO_0_TRIP_INV_KM.png,toCheck_100001_00393s_HMGT_ODO_0_TRIP_INV_KM.png,254449,Big,0.42,6.01,"[-0.05, -0.05, 0.0, 5.57, 0.02, 5.96, 6.01, 0.0, 2.15]",0.0,Investigate
HMGT_EMPTY_PAGE.png,toCheck_100001_00410s_HMGT_EMPTY_PAGE.png,254449,Big,13.6,13.4,"[4.42, 4.0, 8.25, 10.52, 13.4, 11.38, 4.59, 3.25, 2.25]",0.0,NOK
HMGT_EMPTY_PAGE.png,toCheck_100002_00410s_HMGT_EMPTY_PAGE.png,254449,Big,11.96,13.21,"[3.78, 5.3, 8.37, 10.33, 13.21, 8.79, 9.23, 3.27, 3.91]",0.0,NOK
HMGT_ODO_0_TRIP_INV_KM.png,toCheck_100003_00393s_HMGT_ODO_0_TRIP_INV_KM.png,254449,Big,0.39,6.03,"[-0.05, -0.05, 0.0, 5.57, 0.02, 5.96, 6.03, 0.0, 2.12]",0.0,Investigate
HMGT_EMPTY_PAGE.png,toCheck_100003_00410s_HMGT_EMPTY_PAGE.png,254449,Big,13.57,13.4,"[4.42, 4.0, 8.25, 10.52, 13.4, 11.38, 4.59, 3.25, 2.22]",0.0,NOK
ECODSI_GRN_100.png,toCheck_100004_00755s_ECODSI_GRN_100.png,254449,Big,3.74,9.25,"[7.15, 5.69, 6.2, 5.57, 4.47, 5.93, 9.25, 3.0, 3.81]",0.0,Investigate
SOC_BAT_0PER.png,toCheck_100004_00793s_SOC_BAT_0PER.png,254449,Big,5.44,9.47,"[6.45, 6.15, 6.23, 9.47, 2.69, 9.08, 4.61, 3.0, 1.86]",0.0,Investigate
TXTALT_30204_1_FR_2p4FW_2p5RW.png,toCheck_100004_00908s_TXTALT_30204_1_FR_2p4FW_2p5RW.png,254449,Big,4.49,9.89,"[3.44, 6.79, 9.89, 6.67, 5.22, 6.67, 9.25, 3.0, 3.27]",0.0,Investigate
HMGT_ODO_0_KM_RTips.png,toCheck_100004_00945s_HMGT_ODO_0_KM_RTips.png,254449,Big,2.34,9.08,"[7.01, 4.49, 9.08, 3.93, 6.59, 6.52, 4.32, 8.94, 3.81]",0.0,Investigate
FULL_ALTIA_WAKEUP_EV.png,toCheck_100004_00388s_FULL_ALTIA_WAKEUP_EV.png,1376640,Big,0.0,11.23,"[0.02, 0.0, -0.05, 0.0, 0.0, -0.05, 0.0, 0.0, 0.0, 0.0, -0.05, 0.0, 0.0, 0.0, 0.02, 0.02, -0.05, 0.0, 11.23, 0.0, 0.0, -0.05, 0.0, -0.05, -0.05, 0.0, 0.0, 0.0, -0.05, -0.05, 0.0, -0.05, -0.05, 0.02, -0.05, -0.05]",0.0,NOK
CONSOEV_AVG_0_INST_0_KWH_RTips.png,toCheck_100004_00493s_CONSOEV_AVG_0_INST_0_KWH_RTips.png,254449,Big,4.49,14.06,"[5.25, 8.13, 7.86, 14.06, 2.56, 7.37, 4.49, 8.94, 1.9]",0.0,Investigate
EV_ENGINEINFO_0_V.png,toCheck_100004_00530s_EV_ENGINEINFO_0_V.png,254449,Big,8.64,10.16,"[3.69, 2.61, 8.4, 10.16, 1.34, 9.79, 4.61, 3.0, 1.86]",0.0,NOK
MSC_SERV_30000KM_13MS.png,toCheck_100004_00568s_MSC_SERV_30000KM_13MS.png,254449,Big,3.49,11.6,"[3.66, 2.03, 8.52, 7.06, 5.79, 11.6, 9.25, 3.0, 3.81]",0.0,Investigate
HMGT_EMPTY_PAGE.png,toCheck_100004_00605s_HMGT_EMPTY_PAGE.png,254449,Big,-0.05,0.39,"[-0.05, -0.05, 0.39, 0.0, -0.05, 0.07, -0.05, 0.0, 0.02]",0.0,OK
HMGT_AUDIO_MUTE.png,toCheck_100004_00643s_HMGT_AUDIO_MUTE.png,254449,Big,3.98,9.4,"[3.66, 4.3, 6.71, 9.4, 2.25, 5.74, 9.25, 3.0, 3.81]",0.0,Investigate
ECODSI_GRN_100.png,toCheck_100005_00768s_ECODSI_GRN_100.png,254449,Big,3.05,9.55,"[4.2, 6.74, 8.84, 3.22, 1.93, 7.89, 9.55, 3.69, 4.05]",0.0,Investigate
SOC_BAT_0PER.png,toCheck_100005_00805s_SOC_BAT_0PER.png,254449,Big,4.69,10.35,"[5.22, 6.86, 8.81, 7.06, 6.57, 10.35, 4.88, 3.69, 2.88]",0.0,Investigate
TXTALT_30204_1_FR_2p4FW_2p5RW.png,toCheck_100005_00920s_TXTALT_30204_1_FR_2p4FW_2p5RW.png,254449,Big,4.83,9.55,"[4.15, 4.93, 9.11, 6.32, 6.18, 7.96, 9.55, 3.69, 3.37]",0.0,Investigate
HMGT_ODO_0_KM_RTips.png,toCheck_100005_00958s_HMGT_ODO_0_KM_RTips.png,254449,Big,1.83,9.35,"[7.64, 4.49, 9.35, 3.52, 4.49, 7.84, 4.47, 8.42, 4.05]",0.0,Investigate
FULL_ALTIA_WAKEUP_EV.png,toCheck_100005_00388s_FULL_ALTIA_WAKEUP_EV.png,1376640,Big,0.0,11.23,"[0.02, 0.0, -0.05, 0.0, 0.0, -0.05, 0.0, 0.0, 0.0, 0.0, -0.05, 0.0, 0.0, 0.0, 0.02, 0.02, -0.05, 0.0, 11.23, 0.0, 0.0, -0.05, 0.0, -0.05, -0.05, 0.0, 0.0, 0.0, -0.05, -0.05, 0.0, -0.05, -0.05, 0.02, -0.05, -0.05]",0.0,NOK
CONSOEV_AVG_0_INST_0_KWH_RTips.png,toCheck_100005_00505s_CONSOEV_AVG_0_INST_0_KWH_RTips.png,254449,Big,4.35,9.77,"[3.64, 5.79, 9.69, 3.69, 5.05, 9.77, 4.69, 8.42, 2.44]",0.0,Investigate
EV_ENGINEINFO_0_V.png,toCheck_100005_00543s_EV_ENGINEINFO_0_V.png,254449,Big,4.47,11.21,"[4.1, 4.83, 6.98, 8.54, 4.32, 11.21, 4.88, 3.69, 2.88]",0.0,Investigate
MSC_SERV_30000KM_13MS.png,toCheck_100005_00580s_MSC_SERV_30000KM_13MS.png,254449,Big,2.73,9.55,"[3.74, 4.81, 7.06, 8.03, 9.06, 7.74, 9.55, 3.69, 4.05]",0.0,Investigate
HMGT_EMPTY_PAGE.png,toCheck_100005_00618s_HMGT_EMPTY_PAGE.png,254449,Big,1.34,6.4,"[0.0, 2.95, 6.4, 0.0, 2.91, 3.76, 0.1, 0.15, 0.39]",0.0,Investigate
HMGT_AUDIO_MUTE.png,toCheck_100005_00655s_HMGT_AUDIO_MUTE.png,254449,Big,3.76,9.55,"[3.81, 5.1, 8.86, 8.57, 3.83, 7.91, 9.55, 3.69, 4.05]",0.0,Investigate
ECODSI_GRN_100.png,toCheck_100006_00743s_ECODSI_GRN_100.png,254449,Big,6.32,9.4,"[9.4, 6.62, 9.23, 8.25, 5.86, 6.76, 8.2, 2.78, 5.4]",0.0,Investigate
SOC_BAT_0PER.png,toCheck_100006_00780s_SOC_BAT_0PER.png,254449,Big,9.2,12.7,"[8.45, 7.5, 9.94, 12.7, 6.93, 10.06, 3.86, 2.76, 4.69]",0.0,NOK
TXTALT_30204_1_FR_2p4FW_2p5RW.png,toCheck_100006_00895s_TXTALT_30204_1_FR_2p4FW_2p5RW.png,254449,Big,6.64,11.72,"[9.55, 7.37, 10.45, 11.72, 5.37, 7.67, 8.2, 2.76, 5.98]",0.0,Investigate
HMGT_ODO_0_KM_RTips.png,toCheck_100006_00933s_HMGT_ODO_0_KM_RTips.png,254449,Big,6.67,13.7,"[7.54, 5.71, 13.7, 9.13, 7.74, 5.81, 4.47, 7.96, 5.4]",0.0,Investigate
FULL_ALTIA_WAKEUP_EV.png,toCheck_100006_00388s_FULL_ALTIA_WAKEUP_EV.png,1376640,Big,0.0,11.23,"[0.02, 0.0, -0.05, 0.0, 0.0, -0.05, 0.0, 0.0, 0.0, 0.0, -0.05, 0.0, 0.0, 0.0, 0.02, 0.02, -0.05, 0.0, 11.23, 0.0, 0.0, -0.05, 0.0, -0.05, -0.05, 0.0, 0.0, 0.0, -0.05, -0.05, 0.0, -0.05, -0.05, 0.02, -0.05, -0.05]",0.0,NOK
CONSOEV_AVG_0_INST_0_KWH_RTips.png,toCheck_100006_00480s_CONSOEV_AVG_0_INST_0_KWH_RTips.png,254449,Big,8.15,15.67,"[8.45, 7.62, 13.04, 15.67, 3.88, 6.47, 4.86, 7.93, 5.44]",0.0,NOK
EV_ENGINEINFO_0_V.png,toCheck_100006_00518s_EV_ENGINEINFO_0_V.png,254449,Big,13.45,14.33,"[6.01, 4.71, 12.7, 14.33, 5.08, 10.72, 3.86, 2.76, 4.69]",0.0,NOK
MSC_SERV_30000KM_13MS.png,toCheck_100006_00555s_MSC_SERV_30000KM_13MS.png,254449,Big,5.22,14.06,"[5.98, 3.71, 12.82, 14.06, 5.91, 12.77, 8.2, 2.78, 5.4]",0.0,Investigate
HMGT_EMPTY_PAGE.png,toCheck_100006_00593s_HMGT_EMPTY_PAGE.png,254449,Big,9.74,13.18,"[5.71, 5.91, 4.71, 13.18, 8.28, 7.25, 4.54, 3.78, 3.49]",0.0,NOK
HMGT_AUDIO_MUTE.png,toCheck_100006_00630s_HMGT_AUDIO_MUTE.png,254449,Big,6.91,13.99,"[5.98, 6.13, 9.94, 13.99, 5.32, 6.49, 8.2, 2.78, 5.4]",0.0,Investigate
MSC_SERV_30000KM_13MS.png,toCheck_100007_00648s_MSC_SERV_30000KM_13MS.png,254449,Big,3.47,12.06,"[3.66, 2.03, 8.25, 7.06, 5.79, 12.06, 9.25, 3.0, 3.81]",0.0,Investigate
HMGT_AUDIO_MUTE.png,toCheck_100007_00723s_HMGT_AUDIO_MUTE.png,254449,Big,3.96,9.4,"[3.66, 4.3, 6.88, 9.4, 2.25, 5.98, 9.25, 3.0, 3.81]",0.0,Investigate
ECODSI_GRN_100.png,toCheck_100007_00835s_ECODSI_GRN_100.png,254449,Big,3.74,9.25,"[7.15, 5.69, 6.08, 5.57, 4.47, 6.18, 9.25, 3.0, 3.81]",0.0,Investigate
TXTALT_30204_1_FR_2p4FW_2p5RW.png,toCheck_100007_00950s_TXTALT_30204_1_FR_2p4FW_2p5RW.png,254449,Big,4.47,9.35,"[3.44, 6.79, 9.35, 6.67, 5.22, 6.84, 9.25, 3.0, 3.27]",0.0,Investigate
HMGT_ENERGYFLOW.png,toCheck_100007_00988s_HMGT_ENERGYFLOW.png,254449,Big,3.98,8.57,"[6.45, 8.25, 8.13, 5.66, 4.44, 8.57, 4.61, 3.0, 1.86]",0.0,Investigate
HMGT_ODO_0_KM_RTips.png,toCheck_100007_01025s_HMGT_ODO_0_KM_RTips.png,254449,Big,2.34,9.08,"[7.01, 4.49, 9.08, 3.93, 6.59, 5.86, 4.32, 8.94, 3.81]",0.0,Investigate
CONSOEV_AVG_INV_INST_0_KWH_RTips.png,toCheck_100007_00460s_CONSOEV_AVG_INV_INST_0_KWH_RTips.png,254449,Big,4.59,10.06,"[5.66, 5.76, 8.01, 10.06, 2.66, 9.11, 4.49, 8.94, 1.9]",0.0,Investigate
EV_ENGINEINFO_0_V.png,toCheck_100007_00498s_EV_ENGINEINFO_0_V.png,254449,Big,8.64,10.16,"[3.69, 2.61, 8.13, 10.16, 1.34, 9.72, 4.61, 3.0, 1.86]",0.0,NOK
HMGT_WTP_90_PER.png,toCheck_100007_00535s_HMGT_WTP_90_PER.png,254449,Big,4.98,11.3,"[7.08, 8.62, 9.5, 6.79, 1.37, 11.3, 4.61, 3.0, 2.05]",0.0,Investigate
DPF_ALTTXT_20204_9.png,toCheck_100007_00573s_DPF_ALTTXT_20204_9.png,254449,Big,4.52,11.52,"[3.66, 2.54, 7.18, 8.64, 11.52, 11.4, 9.25, 3.0, 3.81]",0.0,Investigate
MSC_OIL_5000KM_13MS.png,toCheck_100007_00610s_MSC_OIL_5000KM_13MS.png,254449,Big,2.22,9.94,"[3.66, 2.44, 7.28, 7.28, 9.94, 8.18, 9.25, 3.0, 3.27]",0.0,Investigate
MSC_SERV_30000KM_13MS.png,toCheck_100008_00660s_MSC_SERV_30000KM_13MS.png,254449,Big,2.78,9.55,"[3.74, 4.76, 7.06, 8.03, 8.86, 7.74, 9.55, 3.69, 4.05]",0.0,Investigate
HMGT_EMPTY_PAGE.png,toCheck_100008_00698s_HMGT_EMPTY_PAGE.png,254449,Big,1.34,6.4,"[0.0, 3.17, 6.4, 0.0, 3.08, 3.76, 0.1, 0.15, 0.39]",0.0,Investigate
HMGT_AUDIO_MUTE.png,toCheck_100008_00735s_HMGT_AUDIO_MUTE.png,254449,Big,3.69,9.55,"[3.81, 5.37, 8.86, 8.57, 3.81, 7.91, 9.55, 3.69, 4.05]",0.0,Investigate
ECODSI_GRN_100.png,toCheck_100008_00848s_ECODSI_GRN_100.png,254449,Big,3.03,9.55,"[4.2, 6.91, 8.84, 3.22, 2.1, 7.89, 9.55, 3.69, 4.05]",0.0,Investigate
TXTALT_30204_1_FR_2p4FW_2p5RW.png,toCheck_100008_00963s_TXTALT_30204_1_FR_2p4FW_2p5RW.png,254449,Big,4.96,9.55,"[4.15, 4.64, 9.11, 6.32, 5.93, 7.96, 9.55, 3.69, 3.37]",0.0,Investigate
HMGT_ENERGYFLOW.png,toCheck_100008_01000s_HMGT_ENERGYFLOW.png,254449,Big,3.54,11.04,"[2.81, 6.62, 6.98, 5.4, 4.15, 11.04, 4.88, 3.69, 2.88]",0.0,Investigate
HMGT_ODO_0_KM_RTips.png,toCheck_100008_01038s_HMGT_ODO_0_KM_RTips.png,254449,Big,1.86,9.35,"[7.64, 4.44, 9.35, 3.52, 4.39, 7.84, 4.47, 8.42, 4.05]",0.0,Investigate
CONSOEV_AVG_INV_INST_0_KWH_RTips.png,toCheck_100008_00473s_CONSOEV_AVG_INV_INST_0_KWH_RTips.png,254449,Big,3.49,10.35,"[5.3, 4.13, 9.69, 5.98, 6.37, 10.35, 4.69, 8.42, 2.44]",0.0,Investigate
EV_ENGINEINFO_0_V.png,toCheck_100008_00510s_EV_ENGINEINFO_0_V.png,254449,Big,4.35,11.21,"[4.1, 4.76, 6.98, 8.54, 4.69, 11.21, 4.88, 3.69, 2.88]",0.0,Investigate
HMGT_WTP_90_PER.png,toCheck_100008_00548s_HMGT_WTP_90_PER.png,254449,Big,4.57,11.4,"[2.69, 4.61, 9.11, 6.96, 3.47, 11.4, 4.88, 3.69, 2.37]",0.0,Investigate
DPF_ALTTXT_20204_9.png,toCheck_100008_00585s_DPF_ALTTXT_20204_9.png,254449,Big,3.76,9.55,"[4.0, 6.71, 9.35, 7.4, 6.32, 7.5, 9.55, 3.69, 4.05]",0.0,Investigate
MSC_OIL_5000KM_13MS.png,toCheck_100008_00623s_MSC_OIL_5000KM_13MS.png,254449,Big,1.66,9.55,"[4.35, 6.59, 9.11, 8.5, 6.13, 7.69, 9.55, 3.69, 3.37]",0.0,Investigate
MSC_SERV_30000KM_13MS.png,toCheck_100009_00635s_MSC_SERV_30000KM_13MS.png,254449,Big,5.22,14.06,"[5.98, 3.71, 12.77, 14.06, 5.91, 13.13, 8.2, 2.78, 5.4]",0.0,Investigate
HMGT_EMPTY_PAGE.png,toCheck_100009_00673s_HMGT_EMPTY_PAGE.png,254449,Big,9.77,13.18,"[5.71, 5.91, 5.05, 13.18, 8.28, 6.81, 4.54, 3.78, 3.49]",0.0,NOK
HMGT_AUDIO_MUTE.png,toCheck_100009_00710s_HMGT_AUDIO_MUTE.png,254449,Big,6.88,13.99,"[5.98, 6.13, 10.64, 13.99, 5.32, 6.62, 8.2, 2.78, 5.4]",0.0,Investigate
ECODSI_GRN_100.png,toCheck_100009_00823s_ECODSI_GRN_100.png,254449,Big,6.32,9.4,"[9.4, 6.62, 9.11, 8.25, 5.86, 7.42, 8.2, 2.78, 5.4]",0.0,Investigate
TXTALT_30204_1_FR_2p4FW_2p5RW.png,toCheck_100009_00938s_TXTALT_30204_1_FR_2p4FW_2p5RW.png,254449,Big,6.64,11.72,"[9.55, 7.37, 10.21, 11.72, 5.37, 7.93, 8.2, 2.76, 5.98]",0.0,Investigate
HMGT_ENERGYFLOW.png,toCheck_100009_00975s_HMGT_ENERGYFLOW.png,254449,Big,6.96,12.67,"[8.64, 8.33, 12.67, 7.45, 4.79, 10.33, 3.86, 2.76, 4.69]",0.0,Investigate
HMGT_ODO_0_KM_RTips.png,toCheck_100009_01013s_HMGT_ODO_0_KM_RTips.png,254449,Big,6.67,13.75,"[7.54, 5.71, 13.75, 9.13, 7.74, 6.05, 4.47, 7.96, 5.4]",0.0,Investigate
CONSOEV_AVG_INV_INST_0_KWH_RTips.png,toCheck_100009_00448s_CONSOEV_AVG_INV_INST_0_KWH_RTips.png,254449,Big,7.03,13.16,"[7.67, 6.13, 13.16, 11.23, 7.3, 9.33, 4.86, 7.93, 5.44]",0.0,Investigate
EV_ENGINEINFO_0_V.png,toCheck_100009_00485s_EV_ENGINEINFO_0_V.png,254449,Big,13.45,14.33,"[6.01, 4.71, 12.67, 14.33, 5.08, 11.99, 3.86, 2.76, 4.69]",0.0,NOK
HMGT_WTP_90_PER.png,toCheck_100009_00523s_HMGT_WTP_90_PER.png,254449,Big,6.81,13.04,"[9.96, 10.38, 13.04, 10.79, 4.32, 10.21, 4.03, 2.76, 5.0]",0.0,Investigate
DPF_ALTTXT_20204_9.png,toCheck_100009_00560s_DPF_ALTTXT_20204_9.png,254449,Big,6.05,14.6,"[5.98, 3.78, 11.38, 14.6, 12.57, 12.06, 8.2, 2.78, 5.4]",0.0,Investigate
MSC_OIL_5000KM_13MS.png,toCheck_100009_00598s_MSC_OIL_5000KM_13MS.png,254449,Big,5.42,13.55,"[5.98, 5.32, 11.52, 13.55, 10.3, 7.89, 8.2, 2.76, 5.98]",0.0,Investigate
HMGT_EMPTY_PAGE.png,toCheck_100010_00663s_HMGT_EMPTY_PAGE.png,254449,Big,-0.05,0.39,"[-0.05, -0.05, 0.39, 0.0, -0.05, 0.07, -0.05, 0.0, 0.02]",0.0,OK
HMGT_AUDIO_MUTE.png,toCheck_100010_00700s_HMGT_AUDIO_MUTE.png,254449,Big,3.98,9.4,"[3.66, 4.3, 6.71, 9.4, 2.25, 5.74, 9.25, 3.0, 3.81]",0.0,Investigate
ECODSI_GRN_100.png,toCheck_100010_00813s_ECODSI_GRN_100.png,254449,Big,3.74,9.25,"[7.15, 5.69, 6.2, 5.57, 4.47, 5.93, 9.25, 3.0, 3.81]",0.0,Investigate
TXTALT_30204_1_FR_2p4FW_2p5RW.png,toCheck_100010_00928s_TXTALT_30204_1_FR_2p4FW_2p5RW.png,254449,Big,4.49,9.86,"[3.44, 6.79, 9.86, 6.67, 5.22, 6.57, 9.25, 3.0, 3.27]",0.0,Investigate
HMGT_ODO_0_KM_RTips.png,toCheck_100010_00965s_HMGT_ODO_0_KM_RTips.png,254449,Big,2.34,9.08,"[7.01, 4.49, 9.08, 3.93, 6.59, 5.79, 4.32, 8.94, 3.81]",0.0,Investigate
CONSOEV_AVG_INV_INST_0_KWH_RTips.png,toCheck_100010_00475s_CONSOEV_AVG_INV_INST_0_KWH_RTips.png,254449,Big,4.59,10.06,"[5.66, 5.76, 7.86, 10.06, 2.66, 8.89, 4.49, 8.94, 1.9]",0.0,Investigate
SCR_ALTTXT_20208_18_0KM.png,toCheck_100010_00513s_SCR_ALTTXT_20208_18_0KM.png,254449,Big,3.86,10.08,"[3.66, 4.39, 7.5, 5.79, 9.59, 10.08, 9.25, 3.0, 3.27]",0.0,Investigate
DPF_ALTTXT_20204_9.png,toCheck_100010_00550s_DPF_ALTTXT_20204_9.png,254449,Big,4.54,11.52,"[3.66, 2.54, 7.37, 8.64, 11.52, 11.21, 9.25, 3.0, 3.81]",0.0,Investigate
MSC_OIL_5000KM_13MS.png,toCheck_100010_00588s_MSC_OIL_5000KM_13MS.png,254449,Big,2.25,9.94,"[3.66, 2.44, 7.5, 7.28, 9.94, 7.89, 9.25, 3.0, 3.27]",0.0,Investigate
MSC_SERV_30000KM_13MS.png,toCheck_100010_00625s_MSC_SERV_30000KM_13MS.png,254449,Big,3.49,11.6,"[3.66, 2.03, 8.52, 7.06, 5.79, 11.6, 9.25, 3.0, 3.81]",0.0,Investigate
HMGT_EMPTY_PAGE.png,toCheck_100011_00675s_HMGT_EMPTY_PAGE.png,254449,Big,1.34,6.4,"[0.0, 2.95, 6.4, 0.0, 2.91, 3.76, 0.1, 0.15, 0.39]",0.0,Investigate
HMGT_AUDIO_MUTE.png,toCheck_100011_00713s_HMGT_AUDIO_MUTE.png,254449,Big,3.76,9.55,"[3.81, 5.1, 8.86, 8.57, 3.83, 7.91, 9.55, 3.69, 4.05]",0.0,Investigate
ECODSI_GRN_100.png,toCheck_100011_00825s_ECODSI_GRN_100.png,254449,Big,3.05,9.55,"[4.2, 6.74, 8.84, 3.22, 1.93, 7.89, 9.55, 3.69, 4.05]",0.0,Investigate
TXTALT_30204_1_FR_2p4FW_2p5RW.png,toCheck_100011_00940s_TXTALT_30204_1_FR_2p4FW_2p5RW.png,254449,Big,4.71,9.55,"[4.15, 4.96, 9.11, 6.32, 6.49, 7.96, 9.55, 3.69, 3.37]",0.0,Investigate
HMGT_ODO_0_KM_RTips.png,toCheck_100011_00978s_HMGT_ODO_0_KM_RTips.png,254449,Big,1.88,9.35,"[7.64, 4.49, 9.35, 3.52, 4.44, 7.84, 4.47, 8.42, 4.05]",0.0,Investigate
CONSOEV_AVG_INV_INST_0_KWH_RTips.png,toCheck_100011_00488s_CONSOEV_AVG_INV_INST_0_KWH_RTips.png,254449,Big,3.52,10.35,"[5.3, 4.05, 9.69, 5.98, 5.91, 10.35, 4.69, 8.42, 2.44]",0.0,Investigate
SCR_ALTTXT_20208_18_0KM.png,toCheck_100011_00525s_SCR_ALTTXT_20208_18_0KM.png,254449,Big,3.71,9.55,"[6.74, 6.18, 9.11, 7.13, 9.5, 7.42, 9.55, 3.69, 3.37]",0.0,Investigate
DPF_ALTTXT_20204_9.png,toCheck_100011_00563s_DPF_ALTTXT_20204_9.png,254449,Big,3.81,9.55,"[4.0, 6.86, 9.35, 7.4, 6.18, 7.5, 9.55, 3.69, 4.05]",0.0,Investigate
MSC_OIL_5000KM_13MS.png,toCheck_100011_00600s_MSC_OIL_5000KM_13MS.png,254449,Big,1.68,9.55,"[4.35, 6.76, 9.11, 8.5, 6.01, 7.69, 9.55, 3.69, 3.37]",0.0,Investigate
MSC_SERV_30000KM_13MS.png,toCheck_100011_00638s_MSC_SERV_30000KM_13MS.png,254449,Big,2.73,9.55,"[3.74, 4.81, 7.06, 8.03, 9.06, 7.74, 9.55, 3.69, 4.05]",0.0,Investigate
HMGT_EMPTY_PAGE.png,toCheck_100012_00650s_HMGT_EMPTY_PAGE.png,254449,Big,9.74,13.18,"[5.71, 5.91, 4.71, 13.18, 8.28, 7.25, 4.54, 3.78, 3.49]",0.0,NOK
HMGT_AUDIO_MUTE.png,toCheck_100012_00688s_HMGT_AUDIO_MUTE.png,254449,Big,6.91,13.99,"[5.98, 6.13, 9.94, 13.99, 5.32, 6.49, 8.2, 2.78, 5.4]",0.0,Investigate
ECODSI_GRN_100.png,toCheck_100012_00800s_ECODSI_GRN_100.png,254449,Big,6.32,9.4,"[9.4, 6.62, 9.23, 8.25, 5.86, 6.76, 8.2, 2.78, 5.4]",0.0,Investigate
TXTALT_30204_1_FR_2p4FW_2p5RW.png,toCheck_100012_00915s_TXTALT_30204_1_FR_2p4FW_2p5RW.png,254449,Big,6.67,11.72,"[9.55, 7.37, 10.45, 11.72, 5.37, 7.25, 8.2, 2.76, 5.98]",0.0,Investigate
HMGT_ODO_0_KM_RTips.png,toCheck_100012_00953s_HMGT_ODO_0_KM_RTips.png,254449,Big,6.67,13.7,"[7.54, 5.71, 13.7, 9.13, 7.74, 5.76, 4.47, 7.96, 5.4]",0.0,Investigate
CONSOEV_AVG_INV_INST_0_KWH_RTips.png,toCheck_100012_00463s_CONSOEV_AVG_INV_INST_0_KWH_RTips.png,254449,Big,7.03,13.04,"[7.67, 6.13, 13.04, 11.23, 7.3, 8.79, 4.86, 7.93, 5.44]",0.0,Investigate
SCR_ALTTXT_20208_18_0KM.png,toCheck_100012_00500s_SCR_ALTTXT_20208_18_0KM.png,254449,Big,6.76,11.69,"[5.98, 5.44, 11.62, 11.18, 11.69, 10.62, 8.2, 2.76, 5.98]",0.0,Investigate
DPF_ALTTXT_20204_9.png,toCheck_100012_00538s_DPF_ALTTXT_20204_9.png,254449,Big,6.05,14.6,"[5.98, 3.78, 11.43, 14.6, 12.57, 11.69, 8.2, 2.78, 5.4]",0.0,Investigate
MSC_OIL_5000KM_13MS.png,toCheck_100012_00575s_MSC_OIL_5000KM_13MS.png,254449,Big,5.42,13.55,"[5.98, 5.32, 11.62, 13.55, 10.3, 7.37, 8.2, 2.76, 5.98]",0.0,Investigate
MSC_SERV_30000KM_13MS.png,toCheck_100012_00613s_MSC_SERV_30000KM_13MS.png,254449,Big,5.22,14.06,"[5.98, 3.71, 12.82, 14.06, 5.91, 12.77, 8.2, 2.78, 5.4]",0.0,Investigate
HMGT_EMPTY_PAGE.png,toCheck_100013_00445s_HMGT_EMPTY_PAGE.png,254449,Big,11.79,13.18,"[3.78, 5.3, 8.37, 10.33, 13.18, 7.47, 9.23, 3.27, 3.91]",0.0,NOK
HMGT_AUDIO_MUTE.png,toCheck_100013_00483s_HMGT_AUDIO_MUTE.png,254449,Big,0.93,3.81,"[-0.05, 0.0, 3.81, -0.05, 0.0, 2.34, 0.0, 0.0, 0.0]",0.0,Investigate
MSC_SERV_30000KM_13MS.png,toCheck_100014_00670s_MSC_SERV_30000KM_13MS.png,254449,Big,0.44,3.83,"[-0.05, -0.05, 3.78, -0.05, -0.05, 3.83, 0.0, 0.0, 0.93]",0.0,Investigate
HMGT_EMPTY_PAGE.png,toCheck_100014_00708s_HMGT_EMPTY_PAGE.png,254449,Big,11.11,13.21,"[3.78, 5.32, 6.62, 10.33, 13.21, 6.45, 9.23, 3.25, 3.32]",0.0,NOK
HMGT_AUDIO_MUTE.png,toCheck_100014_00745s_HMGT_AUDIO_MUTE.png,254449,Big,0.15,0.68,"[-0.05, 0.0, 0.27, -0.05, 0.0, 0.0, 0.0, 0.0, 0.68]",0.0,OK
ECODSI_GRN_100.png,toCheck_100014_00858s_ECODSI_GRN_100.png,254449,Big,0.05,0.68,"[0.0, 0.0, 0.34, 0.0, -0.05, -0.05, 0.0, 0.0, 0.68]",0.0,OK
HMGT_ODO_0_KM_RTips.png,toCheck_100014_01010s_HMGT_ODO_0_KM_RTips.png,254449,Big,0.02,0.68,"[0.0, 0.0, 0.22, 0.0, 0.0, 0.1, -0.05, 0.0, 0.68]",0.0,OK
CONSOEV_AVG_INV_INST_0_KWH_RTips.png,toCheck_100014_00483s_CONSOEV_AVG_INV_INST_0_KWH_RTips.png,254449,Big,0.49,5.54,"[-0.05, 0.0, 0.73, 3.1, 0.0, 5.54, 2.83, 0.0, 1.46]",0.0,Investigate
HMGT_SEC_GAU_CNG_25_PER.png,toCheck_100014_00520s_HMGT_SEC_GAU_CNG_25_PER.png,254449,Big,7.03,9.94,"[5.49, 9.94, 0.0, 0.12, 0.07, -0.05, 0.0, -0.05, 0.02]",0.0,Investigate
DPF_ALTTXT_20204_9.png,toCheck_100014_00595s_DPF_ALTTXT_20204_9.png,254449,Big,0.12,0.68,"[-0.05, 0.0, 0.22, 0.0, 0.0, 0.05, 0.0, 0.0, 0.68]",0.0,OK
MSC_SERV_30000KM_13MS.png,toCheck_100015_00670s_MSC_SERV_30000KM_13MS.png,254449,Big,0.44,3.83,"[-0.05, -0.05, 3.78, -0.05, -0.05, 3.83, 0.0, 0.0, 0.93]",0.0,Investigate
HMGT_EMPTY_PAGE.png,toCheck_100015_00708s_HMGT_EMPTY_PAGE.png,254449,Big,11.11,13.21,"[3.78, 5.32, 6.62, 10.33, 13.21, 6.45, 9.23, 3.25, 3.32]",0.0,NOK
HMGT_AUDIO_MUTE.png,toCheck_100015_00745s_HMGT_AUDIO_MUTE.png,254449,Big,0.15,0.68,"[-0.05, 0.0, 0.27, -0.05, 0.0, 0.0, 0.0, 0.0, 0.68]",0.0,OK
ECODSI_GRN_100.png,toCheck_100015_00858s_ECODSI_GRN_100.png,254449,Big,0.05,0.68,"[0.0, 0.0, 0.34, 0.0, -0.05, -0.05, 0.0, 0.0, 0.68]",0.0,OK
HMGT_ODO_0_KM_RTips.png,toCheck_100015_01010s_HMGT_ODO_0_KM_RTips.png,254449,Big,0.02,0.68,"[0.0, 0.0, 0.22, 0.0, 0.0, 0.1, -0.05, 0.0, 0.68]",0.0,OK
HMGT_SEC_GAU_ICE_80_PER.png,toCheck_100015_00520s_HMGT_SEC_GAU_ICE_80_PER.png,254449,Big,0.22,0.37,"[0.05, 0.1, 0.0, 0.37, 0.22, -0.05, 0.0, -0.05, 0.02]",0.0,OK
DPF_ALTTXT_20204_9.png,toCheck_100015_00595s_DPF_ALTTXT_20204_9.png,254449,Big,0.12,0.68,"[-0.05, 0.0, 0.22, 0.0, 0.0, 0.05, 0.0, 0.0, 0.68]",0.0,OK
MSC_SERV_30000KM_13MS.png,toCheck_100016_00670s_MSC_SERV_30000KM_13MS.png,254449,Big,0.44,3.83,"[-0.05, -0.05, 3.78, -0.05, -0.05, 3.83, 0.0, 0.0, 0.93]",0.0,Investigate
HMGT_EMPTY_PAGE.png,toCheck_100016_00708s_HMGT_EMPTY_PAGE.png,254449,Big,11.11,13.21,"[3.78, 5.32, 6.62, 10.33, 13.21, 6.45, 9.23, 3.25, 3.32]",0.0,NOK
HMGT_AUDIO_MUTE.png,toCheck_100016_00745s_HMGT_AUDIO_MUTE.png,254449,Big,0.15,0.68,"[-0.05, 0.0, 0.27, -0.05, 0.0, 0.0, 0.0, 0.0, 0.68]",0.0,OK
ECODSI_GRN_100.png,toCheck_100016_00858s_ECODSI_GRN_100.png,254449,Big,0.05,0.68,"[0.0, 0.0, 0.34, 0.0, -0.05, -0.05, 0.0, 0.0, 0.68]",0.0,OK
HMGT_ODO_0_KM_RTips.png,toCheck_100016_01010s_HMGT_ODO_0_KM_RTips.png,254449,Big,0.02,0.68,"[0.0, 0.0, 0.22, 0.0, 0.0, 0.1, -0.05, 0.0, 0.68]",0.0,OK
CONSOEV_AVG_INV_INST_0_KWH_RTips.png,toCheck_100016_00483s_CONSOEV_AVG_INV_INST_0_KWH_RTips.png,254449,Big,0.49,5.54,"[-0.05, 0.0, 0.73, 3.1, 0.0, 5.54, 2.83, 0.0, 1.46]",0.0,Investigate
HMGT_SEC_GAU_LPG_0_PER.png,toCheck_100016_00520s_HMGT_SEC_GAU_LPG_0_PER.png,254449,Big,0.0,0.37,"[0.07, 0.05, 0.0, 0.37, 0.07, -0.05, 0.0, -0.05, 0.02]",0.0,OK
DPF_ALTTXT_20204_9.png,toCheck_100016_00595s_DPF_ALTTXT_20204_9.png,254449,Big,0.12,0.68,"[-0.05, 0.0, 0.22, 0.0, 0.0, 0.05, 0.0, 0.0, 0.68]",0.0,OK
MSC_SERV_30000KM_13MS.png,toCheck_100017_00670s_MSC_SERV_30000KM_13MS.png,254449,Big,0.44,3.83,"[-0.05, -0.05, 3.78, -0.05, -0.05, 3.83, 0.0, 0.0, 0.93]",0.0,Investigate
HMGT_EMPTY_PAGE.png,toCheck_100017_00708s_HMGT_EMPTY_PAGE.png,254449,Big,11.11,13.21,"[3.78, 5.32, 6.62, 10.33, 13.21, 6.45, 9.23, 3.25, 3.32]",0.0,NOK
HMGT_AUDIO_MUTE.png,toCheck_100017_00745s_HMGT_AUDIO_MUTE.png,254449,Big,0.15,0.68,"[-0.05, 0.0, 0.27, -0.05, 0.0, 0.0, 0.0, 0.0, 0.68]",0.0,OK
ECODSI_GRN_100.png,toCheck_100017_00858s_ECODSI_GRN_100.png,254449,Big,0.05,0.68,"[0.0, 0.0, 0.34, 0.0, -0.05, -0.05, 0.0, 0.0, 0.68]",0.0,OK
HMGT_ODO_0_KM_RTips.png,toCheck_100017_01010s_HMGT_ODO_0_KM_RTips.png,254449,Big,0.02,0.68,"[0.0, 0.0, 0.22, 0.0, 0.0, 0.1, -0.05, 0.0, 0.68]",0.0,OK
HMGT_SEC_GAU_ICE_60_PER.png,toCheck_100017_00520s_HMGT_SEC_GAU_ICE_60_PER.png,254449,Big,0.22,0.37,"[0.05, 0.1, 0.0, 0.37, 0.22, -0.05, 0.0, -0.05, 0.02]",0.0,OK
DPF_ALTTXT_20204_9.png,toCheck_100017_00595s_DPF_ALTTXT_20204_9.png,254449,Big,0.12,0.68,"[-0.05, 0.0, 0.22, 0.0, 0.0, 0.05, 0.0, 0.0, 0.68]",0.0,OK
ADAS_LAYOUT_MMI_EV.png,toCheck_100018_00572s_ADAS_LAYOUT_MMI_EV.png,1376640,Big,0.0,0.02,"[-0.05, 0.02, 0.02, 0.0, 0.0, 0.0, 0.0, 0.0, 0.0, -0.05, 0.0, -0.05, 0.0, 0.0, 0.0, -0.05, 0.0, 0.0, 0.0, 0.0, 0.0, 0.0, 0.0, 0.0, 0.0, 0.0, -0.05, -0.05, 0.0, 0.02, 0.0, -0.05, 0.0, -0.05, 0.0, 0.02]",0.0,OK
CHARGE_LAYOUT.png,toCheck_100018_00666s_CHARGE_LAYOUT.png,1376640,Big,0.02,0.2,"[0.0, 0.0, 0.02, 0.02, 0.0, 0.0, 0.0, 0.0, 0.0, 0.0, 0.0, 0.0, 0.0, 0.0, 0.0, -0.05, 0.02, 0.02, 0.0, 0.0, 0.0, 0.2, 0.0, 0.05, -0.05, 0.02, 0.0, -0.05, -0.05, -0.05, 0.02, 0.02, 0.0, -0.05, 0.0, 0.02]",0.0,OK
CHARGE_LAYOUT.png,toCheck_100018_00790s_CHARGE_LAYOUT.png,1376640,Big,0.02,0.2,"[0.0, 0.0, 0.02, 0.02, 0.0, 0.0, 0.0, 0.0, 0.0, 0.0, 0.0, 0.0, 0.0, 0.0, 0.0, -0.05, 0.02, 0.02, 0.0, 0.0, 0.0, 0.2, 0.0, 0.05, -0.05, 0.02, 0.0, -0.05, -0.05, -0.05, 0.02, 0.02, 0.0, -0.05, 0.0, 0.02]",0.0,OK
CHARGE_LAYOUT.png,toCheck_100018_00290s_CHARGE_LAYOUT.png,1376640,Big,0.02,0.2,"[0.0, 0.0, 0.02, 0.02, 0.0, 0.0, 0.0, 0.0, 0.0, 0.0, 0.0, 0.0, 0.0, 0.0, 0.0, -0.05, 0.02, 0.02, 0.0, 0.0, 0.0, 0.2, 0.0, 0.05, -0.05, 0.02, 0.0, -0.05, -0.05, -0.05, 0.02, 0.02, 0.0, -0.05, 0.0, 0.02]",0.0,OK
CHARGE_LAYOUT.png,toCheck_100018_00414s_CHARGE_LAYOUT.png,1376640,Big,0.02,0.2,"[0.0, 0.0, 0.02, 0.02, 0.0, 0.0, 0.0, 0.0, 0.0, 0.0, 0.0, 0.0, 0.0, 0.0, 0.0, -0.05, 0.02, 0.02, 0.0, 0.0, 0.0, 0.2, 0.0, 0.05, -0.05, 0.02, 0.0, -0.05, -0.05, -0.05, 0.02, 0.02, 0.0, -0.05, 0.0, 0.02]",0.0,OK
ADAS_LAYOUT_MMI_EV.png,toCheck_100018_00472s_ADAS_LAYOUT_MMI_EV.png,1376640,Big,0.0,0.02,"[-0.05, 0.02, 0.02, 0.0, 0.0, 0.0, 0.0, 0.0, 0.0, -0.05, 0.0, -0.05, 0.0, 0.0, 0.0, -0.05, 0.0, 0.0, 0.0, 0.0, 0.0, 0.0, 0.0, 0.0, 0.0, 0.0, -0.05, -0.05, 0.0, 0.02, 0.0, -0.05, 0.0, -0.05, 0.0, 0.02]",0.0,OK
CHARGE_LAYOUT.png,toCheck_100018_00542s_CHARGE_LAYOUT.png,1376640,Big,0.02,0.2,"[0.0, 0.0, 0.02, 0.02, 0.0, 0.0, 0.0, 0.0, 0.0, 0.0, 0.0, 0.0, 0.0, 0.0, 0.0, -0.05, 0.02, 0.02, 0.0, 0.0, 0.0, 0.2, 0.0, 0.05, -0.05, 0.02, 0.0, -0.05, -0.05, -0.05, 0.02, 0.02, 0.0, -0.05, 0.0, 0.02]",0.0,OK
HMGT_EMPTY_PAGE.png,toCheck_100019_00445s_HMGT_EMPTY_PAGE.png,254449,Big,11.79,13.18,"[3.78, 5.3, 8.37, 10.33, 13.18, 7.47, 9.23, 3.27, 3.91]",0.0,NOK
DPF_ALTTXT_20204_9.png,toCheck_100020_00445s_DPF_ALTTXT_20204_9.png,254449,Big,0.66,3.96,"[-0.05, -0.05, 3.96, 0.0, 0.0, 1.9, 0.0, 0.0, 0.0]",0.0,Investigate
HMGT_EMPTY_PAGE.png,toCheck_100020_00483s_HMGT_EMPTY_PAGE.png,254449,Big,11.79,13.18,"[3.78, 5.3, 8.37, 10.33, 13.18, 7.47, 9.23, 3.27, 3.91]",0.0,NOK
HMGT_EMPTY_PAGE.png,toCheck_100021_00445s_HMGT_EMPTY_PAGE.png,254449,Big,11.79,13.18,"[3.78, 5.3, 8.37, 10.33, 13.18, 7.47, 9.23, 3.27, 3.91]",0.0,NOK
ECODSI_GRN_100.png,toCheck_100021_00483s_ECODSI_GRN_100.png,254449,Big,0.34,3.86,"[0.0, 0.02, 3.86, 0.0, 0.0, 2.32, 0.0, 0.0, 0.0]",0.0,Investigate
HMGT_ODO_0_TRIP_INV_KM.png,toCheck_100022_00393s_HMGT_ODO_0_TRIP_INV_KM.png,254449,Big,0.42,6.01,"[-0.05, -0.05, 0.0, 5.57, 0.02, 5.96, 6.01, 0.0, 2.15]",0.0,Investigate
HMGT_EMPTY_PAGE.png,toCheck_100022_00468s_HMGT_EMPTY_PAGE.png,254449,Big,13.55,13.4,"[4.42, 4.0, 8.25, 10.52, 13.4, 10.18, 4.59, 3.25, 2.25]",0.0,NOK
ECODSI_GRN_100.png,toCheck_100023_00730s_ECODSI_GRN_100.png,254449,Big,0.66,6.01,"[0.0, 0.0, 0.0, 5.05, -0.05, 5.57, 6.01, 0.0, 2.15]",0.0,Investigate
SOC_BAT_0PER.png,toCheck_100023_00768s_SOC_BAT_0PER.png,254449,Big,0.12,1.76,"[0.0, 0.0, 1.76, 0.0, -0.05, 1.64, 0.0, -0.05, 0.02]",0.0,OK
TXTALT_30204_1_FR_2p4FW_2p5RW.png,toCheck_100023_00883s_TXTALT_30204_1_FR_2p4FW_2p5RW.png,254449,Big,1.03,6.4,"[0.0, -0.05, 0.2, 5.62, -0.05, 6.4, 6.01, -0.05, 2.05]",0.0,Investigate
HMGT_ODO_0_KM_RTips.png,toCheck_100023_00920s_HMGT_ODO_0_KM_RTips.png,254449,Big,0.22,5.66,"[0.0, 0.0, 0.0, 5.2, 0.02, 5.66, 2.71, 0.0, 2.15]",0.0,Investigate
FULL_ALTIA_WAKEUP_EV.png,toCheck_100023_00388s_FULL_ALTIA_WAKEUP_EV.png,1376640,Big,0.0,11.23,"[0.02, 0.0, -0.05, 0.0, 0.0, -0.05, 0.0, 0.0, 0.0, 0.0, -0.05, 0.0, 0.0, 0.0, 0.02, 0.02, -0.05, 0.0, 11.23, 0.0, 0.0, -0.05, 0.0, -0.05, -0.05, 0.0, 0.0, 0.0, -0.05, -0.05, 0.0, -0.05, -0.05, 0.02, -0.05, -0.05]",0.0,NOK
HMGT_ODO_0_KM.png,toCheck_100023_00393s_HMGT_ODO_0_KM.png,254449,Big,0.34,6.01,"[-0.05, -0.05, 0.0, 5.57, 0.0, 5.96, 6.01, 0.0, 2.15]",0.0,Investigate
CONSOEV_AVG_0_INST_0_KWH_RTips.png,toCheck_100023_00468s_CONSOEV_AVG_0_INST_0_KWH_RTips.png,254449,Big,0.15,1.07,"[0.0, -0.05, 1.07, 0.02, 0.0, 0.81, 0.02, 0.0, 0.56]",0.0,OK
EV_ENGINEINFO_0_V.png,toCheck_100023_00505s_EV_ENGINEINFO_0_V.png,254449,Big,0.81,3.86,"[-0.05, 0.02, 3.86, -0.05, 0.02, 2.98, 0.0, -0.05, 0.02]",0.0,Investigate
MSC_SERV_30000KM_13MS.png,toCheck_100023_00543s_MSC_SERV_30000KM_13MS.png,254449,Big,0.85,8.18,"[-0.05, 0.0, 3.93, 3.74, 0.0, 8.18, 6.01, 0.0, 2.15]",0.0,Investigate
HMGT_EMPTY_PAGE.png,toCheck_100023_00580s_HMGT_EMPTY_PAGE.png,254449,Big,13.5,13.43,"[4.42, 4.0, 6.25, 10.52, 13.43, 9.01, 4.59, 3.25, 2.25]",0.0,NOK
HMGT_AUDIO_MUTE.png,toCheck_100023_00618s_HMGT_AUDIO_MUTE.png,254449,Big,3.05,6.01,"[-0.05, -0.05, 0.0, 4.91, 0.0, 5.59, 6.01, 0.0, 2.15]",0.0,Investigate
HMGT_ODO_0_TRIP_INV_KM.png,toCheck_100024_00393s_HMGT_ODO_0_TRIP_INV_KM.png,254449,Big,0.42,6.01,"[-0.05, -0.05, 0.0, 5.57, 0.02, 5.96, 6.01, 0.0, 2.15]",0.0,Investigate
HMGT_EMPTY_PAGE.png,toCheck_100024_00430s_HMGT_EMPTY_PAGE.png,254449,Big,13.55,13.4,"[4.42, 4.0, 8.25, 10.52, 13.4, 10.18, 4.59, 3.25, 2.25]",0.0,NOK
MSC_SERV_30000KM_13MS.png,toCheck_100025_00618s_MSC_SERV_30000KM_13MS.png,254449,Big,1.05,7.76,"[-0.05, -0.05, 3.76, 3.74, 0.0, 7.76, 6.01, 0.0, 2.25]",0.0,Investigate
HMGT_EMPTY_PAGE.png,toCheck_100025_00655s_HMGT_EMPTY_PAGE.png,254449,Big,13.82,13.43,"[4.42, 4.0, 6.59, 10.52, 13.43, 9.03, 4.59, 3.22, 2.12]",0.0,NOK
HMGT_AUDIO_MUTE.png,toCheck_100025_00693s_HMGT_AUDIO_MUTE.png,254449,Big,3.32,6.01,"[-0.05, -0.05, 0.29, 4.91, 0.0, 5.62, 6.01, 0.0, 1.68]",0.0,Investigate
ECODSI_GRN_100.png,toCheck_100025_00805s_ECODSI_GRN_100.png,254449,Big,0.85,6.01,"[0.0, 0.0, 0.34, 5.05, -0.05, 5.59, 6.01, 0.0, 1.68]",0.0,Investigate
TXTALT_30204_1_FR_2p4FW_2p5RW.png,toCheck_100025_00920s_TXTALT_30204_1_FR_2p4FW_2p5RW.png,254449,Big,0.93,6.01,"[0.0, 0.0, 0.0, 5.62, 0.0, 5.05, 6.01, -0.05, 1.05]",0.0,Investigate
HMGT_ENERGYFLOW.png,toCheck_100025_00958s_HMGT_ENERGYFLOW.png,254449,Big,0.24,3.69,"[-0.05, 0.0, 3.69, 0.0, -0.05, 2.47, 0.0, -0.05, 0.71]",0.0,Investigate
HMGT_ODO_0_KM_RTips.png,toCheck_100025_00995s_HMGT_ODO_0_KM_RTips.png,254449,Big,0.22,5.62,"[0.0, 0.0, 0.22, 5.2, 0.0, 5.62, 2.71, 0.0, 1.68]",0.0,Investigate
HMGT_ODO_0_KM.png,toCheck_100025_00393s_HMGT_ODO_0_KM.png,254449,Big,0.34,6.01,"[-0.05, -0.05, 0.0, 5.57, 0.0, 5.96, 6.01, 0.0, 2.15]",0.0,Investigate
CONSOEV_AVG_INV_INST_0_KWH_RTips.png,toCheck_100025_00430s_CONSOEV_AVG_INV_INST_0_KWH_RTips.png,254449,Big,0.1,0.93,"[-0.05, 0.0, 0.73, 0.0, 0.0, 0.93, 0.02, -0.05, 0.17]",0.0,OK
EV_ENGINEINFO_0_V.png,toCheck_100025_00468s_EV_ENGINEINFO_0_V.png,254449,Big,0.93,3.69,"[-0.05, 0.02, 3.69, -0.05, 0.02, 2.73, 0.0, -0.05, 0.71]",0.0,Investigate
HMGT_WTP_90_PER.png,toCheck_100025_00505s_HMGT_WTP_90_PER.png,254449,Big,0.02,0.12,"[0.0, -0.05, 0.02, -0.05, 0.0, 0.12, 0.02, -0.05, 0.0]",0.0,OK
DPF_ALTTXT_20204_9.png,toCheck_100025_00543s_DPF_ALTTXT_20204_9.png,254449,Big,1.34,6.01,"[-0.05, -0.05, 0.22, 3.2, 0.02, 6.01, 6.01, 0.0, 1.68]",0.0,Investigate
MSC_OIL_5000KM_13MS.png,toCheck_100025_00580s_MSC_OIL_5000KM_13MS.png,254449,Big,1.03,6.01,"[-0.05, -0.05, 0.02, 3.37, -0.05, 5.4, 6.01, -0.05, 1.05]",0.0,Investigate
HMGT_EMPTY_PAGE.png,toCheck_100026_00633s_HMGT_EMPTY_PAGE.png,254449,Big,11.04,13.18,"[3.78, 5.32, 6.25, 10.33, 13.18, 6.49, 9.23, 3.27, 3.91]",0.0,NOK
TXTALT_30204_1_FR_2p4FW_2p5RW.png,toCheck_100026_00898s_TXTALT_30204_1_FR_2p4FW_2p5RW.png,254449,Big,0.05,0.68,"[0.0, 0.0, 0.22, -0.05, -0.05, 0.07, 0.0, 0.0, 0.68]",0.0,OK
TXTALT_30204_1_FR_2p4FW_2p5RW.png,toCheck_100026_00973s_TXTALT_30204_1_FR_2p4FW_2p5RW.png,254449,Big,0.05,0.68,"[0.0, 0.0, 0.22, -0.05, -0.05, 0.07, 0.0, 0.0, 0.68]",0.0,OK
HMGT_EMPTY_PAGE.png,toCheck_100026_01198s_HMGT_EMPTY_PAGE.png,254449,Big,11.04,13.18,"[3.78, 5.32, 6.25, 10.33, 13.18, 6.49, 9.23, 3.27, 3.91]",0.0,NOK
MSC_SERV_30000KM_13MS.png,toCheck_100026_01235s_MSC_SERV_30000KM_13MS.png,254449,Big,0.39,3.96,"[-0.05, -0.05, 3.96, -0.05, 0.0, 3.96, 0.0, 0.0, 0.0]",0.0,Investigate
MSC_OIL_5000KM_13MS.png,toCheck_100026_01273s_MSC_OIL_5000KM_13MS.png,254449,Big,0.22,0.68,"[-0.05, -0.05, 0.22, -0.05, -0.05, 0.05, 0.0, 0.0, 0.68]",0.0,OK
SCR_ALTTXT_20208_18_0KM.png,toCheck_100026_01348s_SCR_ALTTXT_20208_18_0KM.png,254449,Big,0.1,0.68,"[-0.05, 0.0, 0.22, 0.0, 0.02, 0.05, 0.0, 0.0, 0.68]",0.0,OK
CONSOEV_AVG_INV_INST_0_KWH_RTips.png,toCheck_100026_01385s_CONSOEV_AVG_INV_INST_0_KWH_RTips.png,254449,Big,0.46,5.57,"[-0.05, 0.0, 1.12, 3.1, -0.05, 5.57, 2.83, -0.05, 2.17]",0.0,Investigate
CONSOEV_AVG_INV_INST_0_KWH_RTips.png,toCheck_100026_00445s_CONSOEV_AVG_INV_INST_0_KWH_RTips.png,254449,Big,0.46,5.57,"[-0.05, 0.0, 1.12, 3.1, -0.05, 5.57, 2.83, -0.05, 2.17]",0.0,Investigate
SCR_ALTTXT_20208_18_0KM.png,toCheck_100026_00483s_SCR_ALTTXT_20208_18_0KM.png,254449,Big,0.1,0.68,"[-0.05, 0.0, 0.22, 0.0, 0.02, 0.05, 0.0, 0.0, 0.68]",0.0,OK
MSC_OIL_5000KM_13MS.png,toCheck_100026_00558s_MSC_OIL_5000KM_13MS.png,254449,Big,0.22,0.68,"[-0.05, -0.05, 0.22, -0.05, -0.05, 0.05, 0.0, 0.0, 0.68]",0.0,OK
MSC_SERV_30000KM_13MS.png,toCheck_100026_00595s_MSC_SERV_30000KM_13MS.png,254449,Big,0.39,3.96,"[-0.05, -0.05, 3.96, -0.05, 0.0, 3.96, 0.0, 0.0, 0.0]",0.0,Investigate
HMGT_EMPTY_PAGE.png,toCheck_100027_00633s_HMGT_EMPTY_PAGE.png,254449,Big,11.04,13.18,"[3.78, 5.32, 6.25, 10.33, 13.18, 6.49, 9.23, 3.27, 3.91]",0.0,NOK
TXTALT_30204_1_FR_2p4FW_2p5RW.png,toCheck_100027_00898s_TXTALT_30204_1_FR_2p4FW_2p5RW.png,254449,Big,0.05,0.68,"[0.0, 0.0, 0.22, -0.05, -0.05, 0.07, 0.0, 0.0, 0.68]",0.0,OK
TXTALT_30204_1_FR_2p4FW_2p5RW.png,toCheck_100027_01454s_TXTALT_30204_1_FR_2p4FW_2p5RW.png,254449,Big,5.98,6.79,"[2.81, 6.79, 3.78, -0.05, -0.05, 4.35, 0.0, 0.0, 0.68]",0.0,Investigate
CONSOEV_AVG_INV_INST_0_KWH_RTips.png,toCheck_100027_00445s_CONSOEV_AVG_INV_INST_0_KWH_RTips.png,254449,Big,0.46,5.57,"[-0.05, 0.0, 1.12, 3.1, -0.05, 5.57, 2.83, -0.05, 2.17]",0.0,Investigate
SCR_ALTTXT_20208_18_0KM.png,toCheck_100027_00483s_SCR_ALTTXT_20208_18_0KM.png,254449,Big,0.1,0.68,"[-0.05, 0.0, 0.22, 0.0, 0.02, 0.05, 0.0, 0.0, 0.68]",0.0,OK
MSC_OIL_5000KM_13MS.png,toCheck_100027_00558s_MSC_OIL_5000KM_13MS.png,254449,Big,0.22,0.68,"[-0.05, -0.05, 0.22, -0.05, -0.05, 0.05, 0.0, 0.0, 0.68]",0.0,OK
MSC_SERV_30000KM_13MS.png,toCheck_100027_00595s_MSC_SERV_30000KM_13MS.png,254449,Big,0.39,3.96,"[-0.05, -0.05, 3.96, -0.05, 0.0, 3.96, 0.0, 0.0, 0.0]",0.0,Investigate
CHARGE_LAYOUT.png,toCheck_100028_00430s_CHARGE_LAYOUT.png,1376640,Big,0.02,0.2,"[0.0, 0.0, 0.02, 0.02, 0.0, 0.0, 0.0, 0.0, 0.0, 0.0, 0.0, 0.0, 0.0, 0.0, 0.0, -0.05, 0.02, 0.02, 0.0, 0.0, 0.0, 0.2, 0.0, 0.05, -0.05, 0.02, 0.0, -0.05, -0.05, -0.05, 0.02, 0.02, 0.0, -0.05, 0.0, 0.02]",0.0,OK
CHARGE_LAYOUT.png,toCheck_100028_00690s_CHARGE_LAYOUT.png,1376640,Big,0.02,0.2,"[0.0, 0.0, 0.02, 0.02, 0.0, 0.0, 0.0, 0.0, 0.0, 0.0, 0.0, 0.0, 0.0, 0.0, 0.0, -0.05, 0.02, 0.02, 0.0, 0.0, 0.0, 0.2, 0.0, 0.05, -0.05, 0.02, 0.0, -0.05, -0.05, -0.05, 0.02, 0.02, 0.0, -0.05, 0.0, 0.02]",0.0,OK
MSC_OIL_5000KM_13MS.png,toCheck_100029_00445s_MSC_OIL_5000KM_13MS.png,254449,Big,0.59,3.2,"[-0.05, 0.0, 3.2, -0.05, 0.0, 2.03, 0.0, 0.0, 0.68]",0.0,Investigate
MSC_SERV_30000KM_13MS.png,toCheck_100029_00483s_MSC_SERV_30000KM_13MS.png,254449,Big,0.22,2.86,"[-0.05, 0.0, 1.34, -0.05, 0.0, 2.86, 0.0, 0.0, 0.0]",0.0,OK
HMGT_EMPTY_PAGE.png,toCheck_100029_00520s_HMGT_EMPTY_PAGE.png,254449,Big,11.84,13.18,"[3.78, 5.3, 7.2, 10.33, 13.18, 7.98, 9.23, 3.27, 3.91]",0.0,NOK
MSC_SERV_30000KM_13MS.png,toCheck_100030_00618s_MSC_SERV_30000KM_13MS.png,254449,Big,1.2,7.52,"[-0.05, 0.0, 4.59, 3.74, 0.0, 7.52, 6.03, 0.0, 2.51]",0.0,Investigate
HMGT_EMPTY_PAGE.png,toCheck_100030_00655s_HMGT_EMPTY_PAGE.png,254449,Big,13.48,13.43,"[4.42, 4.0, 6.47, 10.52, 13.43, 8.33, 4.59, 3.25, 2.1]",0.0,NOK
HMGT_AUDIO_MUTE.png,toCheck_100030_00693s_HMGT_AUDIO_MUTE.png,254449,Big,3.15,6.03,"[-0.05, 0.0, 1.39, 4.91, 0.0, 5.13, 6.03, 0.0, 2.17]",0.0,Investigate
ECODSI_GRN_100.png,toCheck_100030_00805s_ECODSI_GRN_100.png,254449,Big,0.78,6.03,"[0.0, 0.0, 0.93, 5.05, 0.0, 5.1, 6.03, 0.0, 2.17]",0.0,Investigate
SOC_BAT_0PER.png,toCheck_100030_00843s_SOC_BAT_0PER.png,254449,Big,0.22,2.15,"[0.0, 0.0, 2.15, 0.0, -0.05, 1.51, 0.02, -0.05, 0.56]",0.0,OK
TXTALT_30204_1_FR_2p4FW_2p5RW.png,toCheck_100030_00958s_TXTALT_30204_1_FR_2p4FW_2p5RW.png,254449,Big,0.78,6.03,"[0.0, 0.0, 0.73, 5.62, -0.05, 5.37, 6.03, -0.05, 1.46]",0.0,Investigate
HMGT_ENERGYFLOW.png,toCheck_100030_00995s_HMGT_ENERGYFLOW.png,254449,Big,0.51,4.49,"[-0.05, 0.0, 4.49, 0.0, -0.05, 2.32, 0.02, -0.05, 0.56]",0.0,Investigate
HMGT_ODO_0_KM_RTips.png,toCheck_100030_01033s_HMGT_ODO_0_KM_RTips.png,254449,Big,0.22,5.49,"[0.0, 0.0, 1.12, 5.2, 0.02, 5.49, 2.83, -0.05, 2.17]",0.0,Investigate
HMGT_ODO_0_KM.png,toCheck_100030_00393s_HMGT_ODO_0_KM.png,254449,Big,0.34,6.03,"[-0.05, -0.05, 0.0, 5.57, 0.0, 5.96, 6.03, 0.0, 2.12]",0.0,Investigate
EV_ENGINEINFO_0_V.png,toCheck_100030_00505s_EV_ENGINEINFO_0_V.png,254449,Big,1.15,4.49,"[-0.05, 0.0, 4.49, -0.05, 0.02, 2.76, 0.02, -0.05, 0.56]",0.0,Investigate
HMGT_WTP_90_PER.png,toCheck_100030_00543s_HMGT_WTP_90_PER.png,254449,Big,0.1,0.73,"[0.0, -0.05, 0.73, -0.05, 0.0, 0.54, -0.05, -0.05, 0.17]",0.0,OK
MSC_OIL_5000KM_13MS.png,toCheck_100030_00580s_MSC_OIL_5000KM_13MS.png,254449,Big,1.12,6.03,"[-0.05, 0.0, 0.73, 3.37, 0.0, 5.47, 6.03, -0.05, 1.46]",0.0,Investigate
HMGT_EMPTY_PAGE.png,toCheck_100031_00445s_HMGT_EMPTY_PAGE.png,254449,Big,11.79,13.18,"[3.78, 5.3, 8.37, 10.33, 13.18, 7.47, 9.23, 3.27, 3.91]",0.0,NOK
ALL_TLTS_ADAS_2D_LAYOUT.png,toCheck_100032_01475s_ALL_TLTS_ADAS_2D_LAYOUT.png,1376640,Big,5.2,21.39,"[0.02, 0.0, 0.02, 3.74, 21.39, 12.33, 0.0, 0.0, 0.0, 0.0, 0.02, 0.02, 0.0, 0.12, -0.05, -0.05, 0.02, -0.05, 1.39, 0.12, 0.0, 0.0, 0.05, 0.05, 0.0, 0.02, 0.15, 0.0, 0.0, 0.02, 0.02, 0.0, 0.0, -0.05, 0.0, 0.02]",0.0,Investigate
ALL_TLTS_MINIMAL_LAYOUT.png,toCheck_100032_01812s_ALL_TLTS_MINIMAL_LAYOUT.png,1376640,Big,6.57,21.39,"[0.0, 0.0, 0.02, 3.83, 21.39, 12.43, -0.05, 0.02, 0.0, -0.05, 0.02, 0.0, 0.02, 0.0, 0.0, 0.0, -0.05, 0.0, 0.02, -0.05, -0.05, 0.0, 0.0, 0.0, 0.0, 0.0, 0.02, 0.0, 0.0, -0.05, 0.0, -0.05, -0.05, -0.05, -0.05, -0.05]",0.0,Investigate
FULL_ALTIA_WAKEUP_EV.png,toCheck_100032_00388s_FULL_ALTIA_WAKEUP_EV.png,1376640,Big,0.0,11.23,"[0.02, 0.0, -0.05, 0.0, 0.0, -0.05, 0.0, 0.0, 0.0, 0.0, -0.05, 0.0, 0.0, 0.0, 0.02, 0.02, -0.05, 0.0, 11.23, 0.0, 0.0, -0.05, 0.0, -0.05, -0.05, 0.0, 0.0, 0.0, -0.05, -0.05, 0.0, -0.05, -0.05, 0.02, -0.05, -0.05]",0.0,NOK
ALL_TLTS_POWER_LAYOUT.png,toCheck_100032_00761s_ALL_TLTS_POWER_LAYOUT.png,1376640,Big,7.57,21.39,"[0.0, 0.0, -0.05, 3.88, 21.39, 12.33, 0.0, 0.0, 0.0, 0.0, 0.0, -0.05, 0.0, 0.0, 0.02, 0.02, -0.05, 0.0, -0.05, -0.05, -0.05, -0.05, 0.0, 0.0, -0.05, -0.05, 0.0, 0.0, -0.05, -0.05, 0.0, -0.05, -0.05, 0.02, -0.05, -0.05]",0.0,Investigate
ALL_TLTS_NAV_LAYOUT.png,toCheck_100032_01118s_ALL_TLTS_NAV_LAYOUT.png,1376640,Big,8.13,16.04,"[0.0, 0.02, 0.02, 7.28, 16.04, 1.86, 0.02, 0.0, 0.1, 0.0, 0.0, 0.0, 0.02, 0.0, 0.0, -0.05, 0.0, 0.0, 1.34, 0.1, 0.0, 0.0, 0.02, 0.0, 0.0, 0.0, 0.2, 0.02, 0.0, -0.05, -0.05, -0.05, -0.05, -0.05, 0.0, 0.0]",0.0,NOK
HMGT_EMPTY_PAGE.png,toCheck_100033_00445s_HMGT_EMPTY_PAGE.png,254449,Big,11.79,13.18,"[3.78, 5.3, 8.37, 10.33, 13.18, 7.47, 9.23, 3.27, 3.91]",0.0,NOK
TXTALT_30204_1_FR_2p4FW_2p5RW.png,toCheck_100033_00503s_TXTALT_30204_1_FR_2p4FW_2p5RW.png,254449,Big,0.27,3.78,"[0.0, -0.05, 3.78, -0.05, -0.05, 2.27, 0.0, 0.0, 0.68]",0.0,Investigate
ADAS_2DLAYOUT_WO_WIDGET.png,toCheck_100034_00583s_ADAS_2DLAYOUT_WO_WIDGET.png,1376640,Big,0.0,0.02,"[0.0, 0.0, 0.02, 0.0, 0.02, 0.0, 0.0, 0.02, 0.0, -0.05, 0.0, 0.02, -0.05, 0.0, -0.05, -0.05, -0.05, 0.0, 0.0, -0.05, 0.0, -0.05, -0.05, 0.0, -0.05, 0.02, 0.02, -0.05, 0.0, 0.0, -0.05, -0.05, 0.0, 0.02, 0.0, 0.0]",0.0,OK
ADAS_2DLAYOUT_TXTALT_70207_2_FR.png,toCheck_100034_00588s_ADAS_2DLAYOUT_TXTALT_70207_2_FR.png,1376640,Big,0.0,0.02,"[0.0, 0.0, 0.02, 0.0, 0.02, -0.05, 0.0, -0.05, 0.0, -0.05, 0.0, 0.02, -0.05, 0.0, -0.05, 0.0, 0.02, -0.05, 0.0, -0.05, 0.0, -0.05, -0.05, 0.0, -0.05, 0.02, 0.02, -0.05, 0.0, 0.0, -0.05, -0.05, 0.0, 0.02, 0.0, 0.0]",0.0,OK
ADAS_2DLAYOUT_WO_Widget.png,toCheck_100034_00613s_ADAS_2DLAYOUT_WO_Widget.png,1376640,Big,0.0,0.02,"[0.0, 0.0, 0.02, 0.0, 0.02, 0.0, 0.0, 0.02, 0.0, -0.05, 0.0, 0.02, -0.05, 0.0, -0.05, -0.05, -0.05, 0.0, 0.0, -0.05, 0.0, -0.05, -0.05, 0.0, -0.05, 0.02, 0.02, -0.05, 0.0, 0.0, -0.05, -0.05, 0.0, 0.02, 0.0, 0.0]",0.0,OK
FULL_ALTIA_WAKEUP_EV.png,toCheck_100034_00388s_FULL_ALTIA_WAKEUP_EV.png,1376640,Big,0.0,11.23,"[0.02, 0.0, -0.05, 0.0, 0.0, -0.05, 0.0, 0.0, 0.0, 0.0, -0.05, 0.0, 0.0, 0.0, 0.02, 0.02, -0.05, 0.0, 11.23, 0.0, 0.0, -0.05, 0.0, -0.05, -0.05, 0.0, 0.0, 0.0, -0.05, -0.05, 0.0, -0.05, -0.05, 0.02, -0.05, -0.05]",0.0,NOK
HMGT_EMPTY_PAGE.png,toCheck_100034_00405s_HMGT_EMPTY_PAGE.png,254449,Big,13.67,13.43,"[4.42, 4.0, 6.15, 10.52, 13.43, 9.74, 4.59, 3.25, 2.25]",0.0,NOK
HMGT_EMPTY_PAGE.png,toCheck_100034_00455s_HMGT_EMPTY_PAGE.png,254449,Big,14.06,14.48,"[4.42, 4.0, 8.25, 10.52, 13.43, 14.48, 4.59, 3.25, 2.25]",0.0,NOK
SCR_ALTTXT_20208_18_0KM.png,toCheck_100035_00445s_SCR_ALTTXT_20208_18_0KM.png,254449,Big,0.66,3.78,"[-0.05, -0.05, 3.78, 0.0, 0.02, 2.05, 0.0, 0.0, 0.68]",0.0,Investigate
HMGT_EMPTY_PAGE.png,toCheck_100035_00483s_HMGT_EMPTY_PAGE.png,254449,Big,11.79,13.18,"[3.78, 5.3, 8.37, 10.33, 13.18, 7.47, 9.23, 3.27, 3.91]",0.0,NOK
HMGT_ODO_0_TRIP_INV_KM.png,toCheck_100036_00393s_HMGT_ODO_0_TRIP_INV_KM.png,254449,Big,0.42,6.01,"[-0.05, -0.05, 0.0, 5.57, 0.02, 5.96, 6.01, 0.0, 2.15]",0.0,Investigate
HMGT_WTP_90_PER.png,toCheck_100036_00430s_HMGT_WTP_90_PER.png,254449,Big,0.37,3.69,"[0.0, -0.05, 3.69, -0.05, -0.05, 2.98, 0.02, -0.05, 0.73]",0.0,Investigate
HMGT_EMPTY_PAGE.png,toCheck_100036_00468s_HMGT_EMPTY_PAGE.png,254449,Big,13.55,13.4,"[4.42, 4.0, 8.25, 10.52, 13.4, 10.18, 4.59, 3.25, 2.25]",0.0,NOK
HMGT_ODO_0_TRIP_INV_KM.png,toCheck_100037_00393s_HMGT_ODO_0_TRIP_INV_KM.png,254449,Big,0.42,6.01,"[-0.05, -0.05, 0.0, 5.57, 0.02, 5.96, 6.01, 0.0, 2.15]",0.0,Investigate
ADAS_2DLAYOUT_WO_WIDGET_EV_INV.png,toCheck_100037_00546s_ADAS_2DLAYOUT_WO_WIDGET_EV_INV.png,1376640,Big,0.0,0.02,"[0.0, 0.0, 0.02, 0.0, 0.02, 0.0, 0.0, 0.02, 0.0, -0.05, 0.0, 0.02, -0.05, 0.0, -0.05, -0.05, -0.05, 0.0, 0.0, -0.05, 0.0, -0.05, -0.05, 0.0, 0.02, 0.0, 0.02, -0.05, 0.0, 0.0, -0.05, -0.05, 0.0, 0.0, 0.02, 0.0]",0.0,OK
NAVLy_WO_WIDGET.png,toCheck_100038_00605s_NAVLy_WO_WIDGET.png,1376640,Big,1.03,16.33,"[-0.05, 0.0, 0.0, 0.0, -0.05, 0.0, 0.0, 0.0, 0.0, 0.02, 0.0, 0.02, 0.0, 0.0, -0.05, 0.0, 0.0, 0.0, 1.25, 1.56, 6.45, 0.0, 0.0, 0.0, 4.54, 1.86, 0.02, 6.35, 2.29, 16.33, 0.0, 0.0, 0.0, 12.26, 15.36, 0.0]",0.0,Investigate
ADAS_2DLAYOUT_WO_WIDGET.png,toCheck_100038_00669s_ADAS_2DLAYOUT_WO_WIDGET.png,1376640,Big,0.0,16.04,"[0.0, 0.0, 0.02, 0.0, 0.02, 0.0, 0.0, 0.02, 0.0, -0.05, 0.0, 0.02, -0.05, 0.0, -0.05, -0.05, -0.05, 0.0, 1.15, -0.05, 5.76, -0.05, -0.05, 0.0, 4.52, 2.69, 0.02, 8.13, 3.42, 16.04, -0.05, -0.05, 0.0, 12.62, 9.62, 0.0]",0.0,Investigate
MINLy_WO_WIDGET.png,toCheck_100038_00542s_MINLy_WO_WIDGET.png,1376640,Big,11.11,14.38,"[0.0, 0.0, 0.02, 0.02, 0.0, 0.02, 0.0, 0.0, 0.0, -0.05, 0.0, 11.79, 0.0, 12.82, 0.0, 0.0, 4.59, 0.0, 1.46, 2.34, 5.05, -0.05, 0.0, 2.93, 4.27, 2.03, 0.0, 8.42, 7.45, 14.38, 2.69, -0.05, 4.69, 12.65, 2.64, -0.05]",0.0,NOK
MSC_SERV_30000KM_13MS.png,toCheck_100039_00643s_MSC_SERV_30000KM_13MS.png,254449,Big,3.49,11.99,"[3.66, 2.03, 8.52, 7.06, 5.79, 11.99, 9.25, 3.0, 3.69]",0.0,Investigate
HMGT_EMPTY_PAGE.png,toCheck_100039_00680s_HMGT_EMPTY_PAGE.png,254449,Big,0.0,0.56,"[-0.05, -0.05, 0.56, 0.0, -0.05, 0.49, -0.05, 0.0, 0.02]",0.0,OK
HMGT_AUDIO_MUTE.png,toCheck_100039_00718s_HMGT_AUDIO_MUTE.png,254449,Big,3.98,9.4,"[3.66, 4.3, 6.91, 9.4, 2.25, 5.57, 9.25, 3.0, 3.76]",0.0,Investigate
ECODSI_GRN_100.png,toCheck_100039_00830s_ECODSI_GRN_100.png,254449,Big,3.74,9.25,"[7.15, 5.69, 6.54, 5.57, 4.47, 6.03, 9.25, 3.0, 3.76]",0.0,Investigate
SOC_BAT_0PER.png,toCheck_100039_00868s_SOC_BAT_0PER.png,254449,Big,5.47,9.47,"[6.45, 6.15, 6.91, 9.47, 2.69, 8.98, 4.61, 3.0, 1.83]",0.0,Investigate
TXTALT_30204_1_FR_2p4FW_2p5RW.png,toCheck_100039_00983s_TXTALT_30204_1_FR_2p4FW_2p5RW.png,254449,Big,4.47,9.52,"[3.44, 6.79, 9.52, 6.67, 5.22, 6.64, 9.25, 3.0, 3.25]",0.0,Investigate
HMGT_ENERGYFLOW.png,toCheck_100039_01020s_HMGT_ENERGYFLOW.png,254449,Big,3.96,8.4,"[6.45, 8.25, 8.4, 5.66, 4.44, 8.3, 4.61, 3.0, 1.83]",0.0,Investigate
HMGT_ODO_0_KM_RTips.png,toCheck_100039_01058s_HMGT_ODO_0_KM_RTips.png,254449,Big,2.34,9.5,"[7.01, 4.49, 9.5, 3.93, 6.59, 6.86, 4.32, 8.94, 3.76]",0.0,Investigate
CONSOEV_AVG_INV_INST_0_KWH_RTips.png,toCheck_100039_00455s_CONSOEV_AVG_INV_INST_0_KWH_RTips.png,254449,Big,4.59,10.06,"[5.66, 5.76, 7.76, 10.06, 2.66, 8.2, 4.49, 8.94, 1.9]",0.0,Investigate
CONSOEV_AVG_0_INST_0_KWH_RTips.png,toCheck_100039_00493s_CONSOEV_AVG_0_INST_0_KWH_RTips.png,254449,Big,4.49,14.06,"[5.25, 8.13, 7.76, 14.06, 2.56, 7.1, 4.49, 8.94, 1.9]",0.0,Investigate
EV_ENGINEINFO_0_V.png,toCheck_100039_00530s_EV_ENGINEINFO_0_V.png,254449,Big,8.67,10.16,"[3.69, 2.61, 8.4, 10.16, 1.34, 9.74, 4.61, 3.0, 1.83]",0.0,NOK
HMGT_WTP_90_PER.png,toCheck_100039_00568s_HMGT_WTP_90_PER.png,254449,Big,4.98,11.33,"[7.08, 8.62, 9.42, 6.79, 1.37, 11.33, 4.61, 3.0, 2.03]",0.0,Investigate
MSC_OIL_5000KM_13MS.png,toCheck_100039_00605s_MSC_OIL_5000KM_13MS.png,254449,Big,2.25,9.94,"[3.66, 2.44, 7.52, 7.28, 9.94, 8.35, 9.25, 3.0, 3.25]",0.0,Investigate
MSC_SERV_30000KM_13MS.png,toCheck_100040_00655s_MSC_SERV_30000KM_13MS.png,254449,Big,2.81,9.55,"[3.74, 4.54, 7.06, 8.03, 9.18, 7.74, 9.55, 3.71, 4.05]",0.0,Investigate
HMGT_EMPTY_PAGE.png,toCheck_100040_00693s_HMGT_EMPTY_PAGE.png,254449,Big,1.29,6.4,"[0.0, 2.83, 6.4, 0.0, 2.27, 3.76, 0.1, 0.15, 0.39]",0.0,Investigate
HMGT_AUDIO_MUTE.png,toCheck_100040_00730s_HMGT_AUDIO_MUTE.png,254449,Big,3.93,9.55,"[3.81, 5.22, 8.86, 8.57, 3.39, 7.91, 9.55, 3.71, 4.05]",0.0,Investigate
ECODSI_GRN_100.png,toCheck_100040_00843s_ECODSI_GRN_100.png,254449,Big,3.08,9.55,"[4.2, 6.76, 8.84, 3.22, 1.86, 7.89, 9.55, 3.71, 4.05]",0.0,Investigate
SOC_BAT_0PER.png,toCheck_100040_00880s_SOC_BAT_0PER.png,254449,Big,4.71,10.35,"[5.22, 6.42, 8.81, 7.06, 5.59, 10.35, 4.88, 3.69, 2.88]",0.0,Investigate
TXTALT_30204_1_FR_2p4FW_2p5RW.png,toCheck_100040_00995s_TXTALT_30204_1_FR_2p4FW_2p5RW.png,254449,Big,5.1,9.55,"[4.15, 5.64, 9.11, 6.32, 6.59, 7.96, 9.55, 3.69, 3.37]",0.0,Investigate
HMGT_ENERGYFLOW.png,toCheck_100040_01033s_HMGT_ENERGYFLOW.png,254449,Big,3.59,11.04,"[2.81, 6.52, 6.98, 5.4, 3.83, 11.04, 4.88, 3.69, 2.88]",0.0,Investigate
HMGT_ODO_0_KM_RTips.png,toCheck_100040_01070s_HMGT_ODO_0_KM_RTips.png,254449,Big,1.98,9.35,"[7.64, 5.03, 9.35, 3.52, 4.66, 7.84, 4.47, 8.42, 4.05]",0.0,Investigate
CONSOEV_AVG_INV_INST_0_KWH_RTips.png,toCheck_100040_00468s_CONSOEV_AVG_INV_INST_0_KWH_RTips.png,254449,Big,3.59,10.35,"[5.3, 4.03, 9.69, 5.98, 4.57, 10.35, 4.69, 8.45, 2.44]",0.0,Investigate
CONSOEV_AVG_0_INST_0_KWH_RTips.png,toCheck_100040_00505s_CONSOEV_AVG_0_INST_0_KWH_RTips.png,254449,Big,4.13,9.77,"[3.64, 5.81, 9.69, 3.69, 4.08, 9.77, 4.69, 8.45, 2.44]",0.0,Investigate
EV_ENGINEINFO_0_V.png,toCheck_100040_00543s_EV_ENGINEINFO_0_V.png,254449,Big,4.57,11.21,"[4.1, 4.52, 6.98, 8.54, 4.57, 11.21, 4.88, 3.69, 2.88]",0.0,Investigate
HMGT_WTP_90_PER.png,toCheck_100040_00580s_HMGT_WTP_90_PER.png,254449,Big,4.59,11.4,"[2.69, 4.79, 9.11, 6.96, 3.22, 11.4, 4.88, 3.69, 2.37]",0.0,Investigate
MSC_OIL_5000KM_13MS.png,toCheck_100040_00618s_MSC_OIL_5000KM_13MS.png,254449,Big,1.73,9.55,"[4.35, 6.98, 9.11, 8.5, 6.01, 7.69, 9.55, 3.69, 3.37]",0.0,Investigate
MSC_SERV_30000KM_13MS.png,toCheck_100041_00630s_MSC_SERV_30000KM_13MS.png,254449,Big,5.22,14.06,"[5.98, 3.71, 13.11, 14.06, 5.91, 13.31, 8.2, 2.78, 4.57]",0.0,Investigate
HMGT_EMPTY_PAGE.png,toCheck_100041_00668s_HMGT_EMPTY_PAGE.png,254449,Big,9.86,13.18,"[5.71, 5.91, 5.08, 13.18, 8.28, 6.86, 4.54, 3.78, 3.96]",0.0,NOK
HMGT_AUDIO_MUTE.png,toCheck_100041_00705s_HMGT_AUDIO_MUTE.png,254449,Big,6.91,13.99,"[5.98, 6.13, 9.89, 13.99, 5.32, 6.03, 8.2, 2.78, 4.64]",0.0,Investigate
ECODSI_GRN_100.png,toCheck_100041_00818s_ECODSI_GRN_100.png,254449,Big,6.35,10.21,"[9.4, 6.62, 10.21, 8.25, 5.86, 6.93, 8.2, 2.78, 4.64]",0.0,Investigate
SOC_BAT_0PER.png,toCheck_100041_00855s_SOC_BAT_0PER.png,254449,Big,9.2,12.7,"[8.45, 7.5, 10.28, 12.7, 6.93, 10.06, 3.86, 2.76, 3.93]",0.0,NOK
TXTALT_30204_1_FR_2p4FW_2p5RW.png,toCheck_100041_00970s_TXTALT_30204_1_FR_2p4FW_2p5RW.png,254449,Big,6.64,11.72,"[9.55, 7.37, 11.5, 11.72, 5.37, 7.71, 8.2, 2.76, 5.22]",0.0,Investigate
HMGT_ENERGYFLOW.png,toCheck_100041_01008s_HMGT_ENERGYFLOW.png,254449,Big,6.96,12.99,"[8.64, 8.33, 12.99, 7.45, 4.79, 8.81, 3.86, 2.76, 3.93]",0.0,Investigate
HMGT_ODO_0_KM_RTips.png,toCheck_100041_01045s_HMGT_ODO_0_KM_RTips.png,254449,Big,6.67,13.79,"[7.54, 5.71, 13.79, 9.13, 7.74, 5.88, 4.47, 7.96, 4.64]",0.0,Investigate
CONSOEV_AVG_INV_INST_0_KWH_RTips.png,toCheck_100041_00443s_CONSOEV_AVG_INV_INST_0_KWH_RTips.png,254449,Big,7.01,13.01,"[7.67, 6.13, 13.01, 11.23, 7.3, 8.59, 4.86, 7.93, 4.79]",0.0,Investigate
CONSOEV_AVG_0_INST_0_KWH_RTips.png,toCheck_100041_00480s_CONSOEV_AVG_0_INST_0_KWH_RTips.png,254449,Big,8.15,15.67,"[8.45, 7.62, 13.01, 15.67, 3.88, 6.57, 4.86, 7.93, 4.79]",0.0,NOK
EV_ENGINEINFO_0_V.png,toCheck_100041_00518s_EV_ENGINEINFO_0_V.png,254449,Big,13.45,14.33,"[6.01, 4.71, 12.99, 14.33, 5.08, 10.79, 3.86, 2.76, 3.93]",0.0,NOK
HMGT_WTP_90_PER.png,toCheck_100041_00555s_HMGT_WTP_90_PER.png,254449,Big,6.84,12.92,"[9.96, 10.38, 12.92, 10.79, 4.32, 11.01, 4.03, 2.76, 4.39]",0.0,Investigate
MSC_OIL_5000KM_13MS.png,toCheck_100041_00593s_MSC_OIL_5000KM_13MS.png,254449,Big,5.4,13.55,"[5.98, 5.32, 11.5, 13.55, 10.3, 8.57, 8.2, 2.76, 5.22]",0.0,Investigate
MEX_COMFORT_LIMEGREEN_SKIN2.png,toCheck_100000_00468s_MEX_COMFORT_LIMEGREEN_SKIN2.png,1376640,Big,2.95,8.47,"[0.02, 0.0, -0.05, 0.0, 0.0, 0.0, 0.0, -0.05, 0.0, 7.35, -0.05, 0.0, 0.0, 0.0, 0.0, 0.02, 0.02, 0.0, -0.05, 0.02, -0.05, 1.27, 4.57, 0.02, -0.05, 0.0, 0.0, 0.0, 0.0, 0.02, 3.03, 8.47, -0.05, -0.05, 0.02, -0.05]",0.0,Investigate
MEX_BLUE_COMFORT_SKIN2.png,toCheck_100000_00473s_MEX_BLUE_COMFORT_SKIN2.png,1376640,Big,2.83,8.64,"[0.02, 0.0, -0.05, 0.0, 0.0, 0.0, 0.0, -0.05, 0.0, 7.35, -0.05, 0.0, 0.0, 0.0, 0.0, 0.02, 0.02, 0.0, -0.05, 0.02, -0.05, 1.59, 5.22, 0.02, -0.05, 0.0, 0.0, 0.0, 0.0, 0.02, 3.52, 8.64, -0.05, -0.05, 0.02, -0.05]",0.0,Investigate
MEX_COMFORT_ARTICWHITE_SKIN2.png,toCheck_100000_00488s_MEX_COMFORT_ARTICWHITE_SKIN2.png,1376640,Big,2.76,8.79,"[0.02, 0.0, -0.05, 0.0, 0.0, 0.0, 0.0, -0.05, 0.0, 7.35, -0.05, 0.0, 0.0, 0.0, 0.0, 0.02, 0.02, 0.0, -0.05, 0.02, -0.05, 1.66, 4.49, 0.02, -0.05, 0.0, 0.0, 0.0, 0.0, 0.02, 3.91, 8.79, -0.05, -0.05, 0.02, -0.05]",0.0,Investigate
MEX_COMFORT_LIMEGREEN_SKIN2.png,toCheck_100001_00468s_MEX_COMFORT_LIMEGREEN_SKIN2.png,1376640,Big,2.95,8.47,"[0.02, 0.0, -0.05, 0.0, 0.0, 0.0, 0.0, -0.05, 0.0, 7.35, -0.05, 0.0, 0.0, 0.0, 0.0, 0.02, 0.02, 0.0, -0.05, 0.02, -0.05, 1.27, 4.57, 0.02, -0.05, 0.0, 0.0, 0.0, 0.0, 0.02, 3.03, 8.47, -0.05, -0.05, 0.02, -0.05]",0.0,Investigate
MEX_COMFORT_ARTICWHITE_SKIN2.png,toCheck_100001_00493s_MEX_COMFORT_ARTICWHITE_SKIN2.png,1376640,Big,2.76,8.79,"[0.02, 0.0, -0.05, 0.0, 0.0, 0.0, 0.0, -0.05, 0.0, 7.35, -0.05, 0.0, 0.0, 0.0, 0.0, 0.02, 0.02, 0.0, -0.05, 0.02, -0.05, 1.66, 4.49, 0.02, -0.05, 0.0, 0.0, 0.0, 0.0, 0.02, 3.91, 8.79, -0.05, -0.05, 0.02, -0.05]",0.0,Investigate
MEX_BLUE_COMFORT_SKIN2.png,toCheck_100001_00518s_MEX_BLUE_COMFORT_SKIN2.png,1376640,Big,2.83,8.64,"[0.02, 0.0, -0.05, 0.0, 0.0, 0.0, 0.0, -0.05, 0.0, 7.35, -0.05, 0.0, 0.0, 0.0, 0.0, 0.02, 0.02, 0.0, -0.05, 0.02, -0.05, 1.59, 5.22, 0.02, -0.05, 0.0, 0.0, 0.0, 0.0, 0.02, 3.52, 8.64, -0.05, -0.05, 0.02, -0.05]",0.0,Investigate
MEX_CORAL_COMFORT_SKIN2.png,toCheck_100001_00543s_MEX_CORAL_COMFORT_SKIN2.png,1376640,Big,2.61,8.18,"[0.02, 0.0, -0.05, 0.0, 0.0, 0.0, 0.0, -0.05, 0.0, 7.35, -0.05, 0.0, 0.0, 0.0, 0.0, 0.02, 0.02, 0.0, -0.05, 0.02, -0.05, 1.37, 5.52, 0.0, -0.05, 0.0, 0.0, 0.0, 0.0, 0.02, 2.91, 8.18, -0.05, -0.05, 0.02, -0.05]",0.0,Investigate
MEX_ROSE_COMFORT_SKIN2.png,toCheck_100001_00568s_MEX_ROSE_COMFORT_SKIN2.png,1376640,Big,2.54,7.93,"[0.02, 0.0, -0.05, 0.0, 0.0, 0.0, 0.0, -0.05, 0.0, 7.35, -0.05, 0.0, 0.0, 0.0, 0.0, 0.02, 0.02, 0.0, -0.05, 0.02, -0.05, 1.0, 5.74, 0.02, -0.05, 0.0, 0.0, 0.0, 0.0, 0.02, 2.05, 7.93, -0.05, -0.05, 0.02, -0.05]",0.0,Investigate
MEX_INDIGOBLUE_COMFORT_SKIN2.png,toCheck_100001_00593s_MEX_INDIGOBLUE_COMFORT_SKIN2.png,1376640,Big,2.76,7.79,"[0.02, 0.0, -0.05, 0.0, 0.0, 0.0, 0.0, -0.05, 0.0, 7.35, -0.05, 0.0, 0.0, 0.0, 0.0, 0.02, 0.02, 0.0, -0.05, 0.02, -0.05, 1.34, 4.52, 0.02, -0.05, 0.0, 0.0, 0.0, 0.0, 0.02, 2.91, 7.79, -0.05, -0.05, 0.02, -0.05]",0.0,Investigate
MEX_YELLOW_COMFORT_SKIN2.png,toCheck_100001_00618s_MEX_YELLOW_COMFORT_SKIN2.png,1376640,Big,2.98,8.57,"[0.02, 0.0, -0.05, 0.0, 0.0, 0.0, 0.0, -0.05, 0.0, 7.35, -0.05, 0.0, 0.0, 0.0, 0.0, 0.02, 0.02, 0.0, 0.02, 0.02, -0.05, 1.1, 4.59, 0.02, -0.05, 0.0, 0.0, 0.0, 0.0, 0.02, 3.1, 8.57, -0.05, -0.05, 0.02, -0.05]",0.0,Investigate
MEX_ORANGE_COMFORT_SKIN2.png,toCheck_100001_00643s_MEX_ORANGE_COMFORT_SKIN2.png,1376640,Big,2.66,8.57,"[0.02, 0.0, -0.05, 0.0, 0.0, 0.0, 0.0, -0.05, 0.0, 7.35, -0.05, 0.0, 0.0, 0.0, 0.0, 0.02, 0.02, 0.0, 0.02, 0.02, -0.05, 1.39, 4.86, 0.02, -0.05, 0.0, 0.0, 0.0, 0.0, 0.02, 4.74, 8.57, -0.05, -0.05, 0.02, -0.05]",0.0,Investigate
MEX_COMFORT_LIMEGREEN_SKIN2.png,toCheck_100002_00468s_MEX_COMFORT_LIMEGREEN_SKIN2.png,1376640,Big,2.95,8.47,"[0.02, 0.0, -0.05, 0.0, 0.0, 0.0, 0.0, -0.05, 0.0, 7.35, -0.05, 0.0, 0.0, 0.0, 0.0, 0.02, 0.02, 0.0, -0.05, 0.02, -0.05, 1.27, 4.57, 0.02, -0.05, 0.0, 0.0, 0.0, 0.0, 0.02, 3.03, 8.47, -0.05, -0.05, 0.02, -0.05]",0.0,Investigate
MEX_BLUE_COMFORT_SKIN2.png,toCheck_100002_00473s_MEX_BLUE_COMFORT_SKIN2.png,1376640,Big,2.83,8.64,"[0.02, 0.0, -0.05, 0.0, 0.0, 0.0, 0.0, -0.05, 0.0, 7.35, -0.05, 0.0, 0.0, 0.0, 0.0, 0.02, 0.02, 0.0, -0.05, 0.02, -0.05, 1.59, 5.22, 0.02, -0.05, 0.0, 0.0, 0.0, 0.0, 0.02, 3.52, 8.64, -0.05, -0.05, 0.02, -0.05]",0.0,Investigate
MEX_COMFORT_LIMEGREEN_SKIN2.png,toCheck_100002_00488s_MEX_COMFORT_LIMEGREEN_SKIN2.png,1376640,Big,2.95,8.47,"[0.02, 0.0, -0.05, 0.0, 0.0, 0.0, 0.0, -0.05, 0.0, 7.35, -0.05, 0.0, 0.0, 0.0, 0.0, 0.02, 0.02, 0.0, -0.05, 0.02, -0.05, 1.27, 4.57, 0.02, -0.05, 0.0, 0.0, 0.0, 0.0, 0.02, 3.03, 8.47, -0.05, -0.05, 0.02, -0.05]",0.0,Investigate
MEX_CORAL_COMFORT_SKIN1.png,toCheck_100002_00498s_MEX_CORAL_COMFORT_SKIN1.png,1376640,Big,2.69,8.18,"[-0.05, -0.05, 0.02, -0.05, 0.0, 0.0, 0.0, 0.0, 0.0, 5.91, 0.0, -0.05, 0.02, 0.0, 0.0, 0.02, 0.02, -0.05, 0.0, -0.05, 0.0, 1.37, 5.52, 0.0, 0.0, -0.05, 0.0, 0.0, 0.0, 0.02, 2.91, 8.18, -0.05, -0.05, 0.02, -0.05]",0.0,Investigate
MEX_ARTICWHITE_COMFORT_SKIN3.png,toCheck_100002_00508s_MEX_ARTICWHITE_COMFORT_SKIN3.png,1376640,Big,2.81,8.79,"[0.02, 0.0, -0.05, 0.0, 0.0, -0.05, 0.0, -0.05, 0.0, 7.35, -0.05, 0.0, 0.0, 0.0, 0.0, 0.02, 0.02, 0.0, -0.05, 0.02, -0.05, 1.66, 4.49, 0.02, -0.05, 0.0, 0.0, 0.0, 0.0, 0.02, 3.91, 8.79, -0.05, -0.05, 0.02, -0.05]",0.0,Investigate
MEX_YELLOW_COMFORT_SKIN4.png,toCheck_100002_00518s_MEX_YELLOW_COMFORT_SKIN4.png,1376640,Big,3.03,8.57,"[0.02, 0.0, -0.05, 0.0, 0.0, -0.05, 0.0, -0.05, 0.0, 7.35, -0.05, 0.0, 0.0, 0.0, 0.0, 0.02, 0.02, 0.0, 0.0, 0.02, -0.05, 1.1, 4.59, 0.0, -0.05, 0.0, 0.0, 0.0, 0.0, 0.02, 3.1, 8.57, -0.05, -0.05, 0.02, -0.05]",0.0,Investigate
MEX_BLUE_COMFORT_SKIN5.png,toCheck_100002_00528s_MEX_BLUE_COMFORT_SKIN5.png,1376640,Big,2.98,8.64,"[0.02, 0.0, -0.05, 0.0, 0.0, -0.05, 0.0, -0.05, 0.0, 7.35, -0.05, 0.0, 0.0, 0.0, 0.0, 0.02, 0.02, 0.0, 0.02, 0.02, -0.05, 1.59, 5.22, 0.02, -0.05, 0.0, 0.0, 0.0, 0.0, 0.02, 3.52, 8.64, -0.05, -0.05, 0.02, -0.05]",0.0,Investigate
MEX_SPORT_BLUE_SKIN1.png,toCheck_100024_00468s_MEX_SPORT_BLUE_SKIN1.png,22750,Big,8.11,12.48,"[6.08, 12.48, 0.0]",0.0,NOK
APC_ON_MISSIONENG_RUNNING.png,toCheck_100029_00458s_APC_ON_MISSIONENG_RUNNING.png,1376640,Big,-0.05,7.35,"[0.02, 0.0, -0.05, 0.0, 0.0, -0.05, 0.0, -0.05, 0.0, 7.35, -0.05, 0.0, 0.0, 0.0, 0.0, 0.02, 0.02, 0.0, -0.05, 0.02, -0.05, -0.05, 0.0, 0.02, -0.05, 0.0, 0.0, 0.0, 0.0, 0.02, -0.05, -0.05, -0.05, -0.05, 0.02, -0.05]",0.0,Investigate
APC_ON_MISSIONENG_RUNNING.png,toCheck_100031_00458s_APC_ON_MISSIONENG_RUNNING.png,1376640,Big,-0.05,7.35,"[0.02, 0.0, -0.05, 0.0, 0.0, -0.05, 0.0, -0.05, 0.0, 7.35, -0.05, 0.0, 0.0, 0.0, 0.0, 0.02, 0.02, 0.0, -0.05, 0.02, -0.05, -0.05, 0.0, 0.02, -0.05, 0.0, 0.0, 0.0, 0.0, 0.02, -0.05, -0.05, -0.05, -0.05, 0.02, -0.05]",0.0,Investigate
NODISP_TFT.png,toCheck_100033_00335s_NODISP_TFT.png,1376640,Big,16.75,16.21,"[8.45, 11.84, 12.01, 9.2, 8.42, 11.91, 10.16, 9.18, 1.12, 7.84, 6.4, 10.4, 13.28, 13.43, 12.28, 15.28, 16.21, 1.46, 9.35, 8.03, 4.61, 10.11, 8.47, 10.45, 3.15, 9.23, 5.96, 1.76, 8.57, 8.67, 3.15, 1.56, 3.08, 7.64, 4.74, 1.17]",0.0,NOK
ADAS_EGOCARTYPE_BJF.png,toCheck_100000_03588s_ADAS_EGOCARTYPE_BJF.png,1376640,Big,0.0,0.02,"[-0.05, 0.02, 0.02, 0.0, 0.0, 0.0, 0.0, 0.0, 0.0, -0.05, 0.0, -0.05, 0.0, 0.0, 0.0, -0.05, 0.0, 0.0, 0.0, 0.0, 0.0, 0.0, 0.0, 0.0, -0.05, 0.0, -0.05, -0.05, 0.0, 0.0, 0.0, -0.05, 0.0, 0.02, 0.0, 0.02]",0.0,OK
ADAS_EGOCARTYPE_LJF.png,toCheck_100000_04395s_ADAS_EGOCARTYPE_LJF.png,1376640,Big,0.0,0.02,"[-0.05, 0.02, 0.02, 0.0, 0.0, 0.0, 0.0, 0.0, 0.0, -0.05, 0.0, -0.05, 0.0, 0.0, 0.0, -0.05, 0.02, 0.0, 0.0, 0.0, 0.0, -0.05, 0.0, 0.0, -0.05, 0.0, -0.05, -0.05, 0.0, 0.0, 0.0, -0.05, 0.0, 0.02, 0.0, 0.02]",0.0,OK
ADAS_EGOCARTYPE_LJF_Cross.png,toCheck_100000_05203s_ADAS_EGOCARTYPE_LJF_Cross.png,1376640,Big,0.0,0.02,"[-0.05, 0.02, 0.02, 0.0, 0.0, 0.0, 0.0, 0.0, 0.0, -0.05, 0.0, -0.05, 0.0, 0.0, 0.0, 0.0, 0.0, 0.0, 0.0, 0.0, 0.0, 0.0, 0.0, 0.0, -0.05, 0.0, -0.05, -0.05, 0.0, 0.0, 0.0, -0.05, 0.0, 0.02, 0.0, 0.02]",0.0,OK
ADAS_EGOCARTYPE_HJF.png,toCheck_100000_06010s_ADAS_EGOCARTYPE_HJF.png,1376640,Big,0.0,0.02,"[-0.05, 0.02, 0.02, 0.0, 0.0, 0.0, 0.0, 0.0, 0.0, -0.05, 0.0, -0.05, 0.0, 0.0, 0.0, -0.05, 0.02, 0.0, 0.0, 0.0, 0.0, 0.0, 0.0, 0.0, -0.05, 0.0, -0.05, -0.05, 0.0, 0.0, 0.0, -0.05, 0.0, 0.02, 0.0, 0.02]",0.0,OK
ADAS_EGOCARTYPE_LFFph2.png,toCheck_100000_06818s_ADAS_EGOCARTYPE_LFFph2.png,1376640,Big,0.0,0.02,"[-0.05, 0.02, 0.02, 0.0, 0.0, 0.0, 0.0, 0.0, 0.0, -0.05, 0.0, -0.05, 0.0, 0.0, 0.0, -0.05, 0.02, 0.0, 0.0, 0.0, 0.0, 0.0, -0.05, 0.0, -0.05, 0.0, -0.05, -0.05, 0.0, 0.0, 0.0, -0.05, 0.0, 0.02, 0.0, 0.02]",0.0,OK
ADAS_EGOCARTYPE_LJLph2.png,toCheck_100000_07625s_ADAS_EGOCARTYPE_LJLph2.png,1376640,Big,-0.05,0.02,"[-0.05, 0.02, 0.02, 0.0, 0.0, 0.0, 0.0, 0.0, 0.0, -0.05, 0.0, -0.05, 0.0, 0.0, 0.0, 0.0, -0.05, 0.0, 0.0, 0.0, 0.0, 0.0, 0.0, 0.0, -0.05, 0.0, -0.05, -0.05, 0.0, 0.0, 0.0, -0.05, 0.0, 0.02, 0.0, 0.02]",0.0,OK
ADAS_EGOCARTYPE_LJL.png,toCheck_100000_08433s_ADAS_EGOCARTYPE_LJL.png,1376640,Big,-0.05,0.02,"[-0.05, 0.02, 0.02, 0.0, 0.0, 0.0, 0.0, 0.0, 0.0, -0.05, 0.0, -0.05, 0.0, 0.0, 0.0, 0.0, -0.05, 0.0, 0.0, 0.0, 0.0, 0.0, 0.0, 0.0, -0.05, 0.0, -0.05, -0.05, 0.0, 0.0, 0.0, -0.05, 0.0, 0.02, 0.0, 0.02]",0.0,OK
ADAS_EGOCARTYPE_BFBph2.png,toCheck_100000_09240s_ADAS_EGOCARTYPE_BFBph2.png,1376640,Big,0.0,0.02,"[-0.05, 0.02, 0.02, 0.0, 0.0, 0.0, 0.0, 0.0, 0.0, -0.05, 0.0, -0.05, 0.0, 0.0, 0.0, -0.05, 0.0, 0.0, 0.0, 0.0, 0.0, 0.0, -0.05, 0.0, -0.05, 0.0, -0.05, -0.05, 0.0, 0.0, 0.0, -0.05, 0.0, 0.02, 0.0, 0.02]",0.0,OK
ADAS_EGOCARTYPE_KFBph2.png,toCheck_100000_10048s_ADAS_EGOCARTYPE_KFBph2.png,1376640,Big,0.0,0.02,"[-0.05, 0.02, 0.02, 0.0, 0.0, 0.0, 0.0, 0.0, 0.0, -0.05, 0.0, -0.05, 0.0, 0.0, 0.0, 0.0, 0.0, 0.0, 0.0, 0.0, 0.0, 0.0, 0.0, 0.0, -0.05, 0.0, -0.05, -0.05, 0.0, 0.0, 0.0, -0.05, 0.0, 0.02, 0.0, 0.02]",0.0,OK
ADAS_EGOCARTYPE_B10ph2.png,toCheck_100000_10855s_ADAS_EGOCARTYPE_B10ph2.png,1376640,Big,0.0,0.02,"[-0.05, 0.02, 0.02, 0.0, 0.0, 0.0, 0.0, 0.0, 0.0, -0.05, 0.0, -0.05, 0.0, 0.0, 0.0, -0.05, 0.02, 0.0, 0.0, 0.0, 0.0, 0.0, 0.0, 0.0, -0.05, 0.0, -0.05, -0.05, 0.0, 0.0, 0.0, -0.05, 0.0, 0.02, 0.0, 0.02]",0.0,OK
ADAS_EGOCARTYPE_BJAph2_Mitsubishi.png,toCheck_100000_11663s_ADAS_EGOCARTYPE_BJAph2_Mitsubishi.png,1376640,Big,0.0,0.02,"[-0.05, 0.02, 0.02, 0.0, 0.0, 0.0, 0.0, 0.0, 0.0, -0.05, 0.0, -0.05, 0.0, 0.0, 0.0, -0.05, 0.02, 0.0, 0.0, 0.0, 0.0, 0.0, 0.0, 0.0, -0.05, 0.0, -0.05, -0.05, 0.0, 0.0, 0.0, -0.05, 0.0, 0.02, 0.0, 0.02]",0.0,OK
ADAS_EGOCARTYPE_HJBph2_Mitsubishi.png,toCheck_100000_12470s_ADAS_EGOCARTYPE_HJBph2_Mitsubishi.png,1376640,Big,-0.05,0.02,"[-0.05, 0.02, 0.02, 0.0, 0.0, 0.0, 0.0, 0.0, 0.0, -0.05, 0.0, -0.05, 0.0, 0.0, 0.0, -0.05, -0.05, 0.0, 0.0, 0.0, 0.0, 0.0, -0.05, 0.0, -0.05, 0.0, -0.05, -0.05, 0.0, 0.0, 0.0, -0.05, 0.0, 0.02, 0.0, 0.02]",0.0,OK
ADAS_EGOCARTYPE_DJB_Mitsubishi.png,toCheck_100000_13278s_ADAS_EGOCARTYPE_DJB_Mitsubishi.png,1376640,Big,0.0,0.02,"[-0.05, 0.02, 0.02, 0.0, 0.0, 0.0, 0.0, 0.0, 0.0, -0.05, 0.0, -0.05, 0.0, 0.0, 0.0, -0.05, -0.05, 0.0, 0.0, 0.0, 0.0, 0.0, 0.0, 0.0, -0.05, 0.0, -0.05, -0.05, 0.0, 0.0, 0.0, -0.05, 0.0, 0.02, 0.0, 0.02]",0.0,OK
ADAS_EGOCARTYPE_BJAph2.png,toCheck_100000_01165s_ADAS_EGOCARTYPE_BJAph2.png,1376640,Big,-0.05,0.02,"[-0.05, 0.02, 0.02, 0.0, 0.0, 0.0, 0.0, 0.0, 0.0, -0.05, 0.0, -0.05, 0.0, 0.0, 0.0, -0.05, 0.02, 0.0, 0.0, 0.0, 0.0, 0.0, -0.05, 0.0, -0.05, 0.0, -0.05, -0.05, 0.0, 0.0, 0.0, -0.05, 0.0, 0.02, 0.0, 0.02]",0.0,OK
ADAS_EGOCARTYPE_HJBph2.png,toCheck_100000_01973s_ADAS_EGOCARTYPE_HJBph2.png,1376640,Big,0.0,0.02,"[-0.05, 0.02, 0.02, 0.0, 0.0, 0.0, 0.0, 0.0, 0.0, -0.05, 0.0, -0.05, 0.0, 0.0, 0.0, 0.0, 0.0, 0.0, 0.0, 0.0, 0.0, -0.05, 0.0, 0.0, -0.05, 0.0, -0.05, -0.05, 0.0, 0.0, 0.0, -0.05, 0.0, 0.02, 0.0, 0.02]",0.0,OK
ADAS_EGOCARTYPE_XFK.png,toCheck_100000_02780s_ADAS_EGOCARTYPE_XFK.png,1376640,Big,0.0,0.02,"[-0.05, 0.02, 0.02, 0.0, 0.0, 0.0, 0.0, 0.0, 0.0, -0.05, 0.0, -0.05, 0.0, 0.0, 0.0, 0.02, 0.02, 0.0, 0.0, 0.0, 0.0, 0.0, 0.0, 0.0, -0.05, 0.0, -0.05, -0.05, 0.0, 0.0, 0.0, -0.05, 0.0, 0.02, 0.0, 0.02]",0.0,OK
CHARGE_EGOCARTYPE_LFFph2.png,toCheck_100001_02190s_CHARGE_EGOCARTYPE_LFFph2.png,1376640,Big,0.05,0.2,"[0.0, 0.0, 0.02, -0.05, -0.05, 0.0, 0.0, 0.0, 0.0, 0.0, 0.0, -0.05, -0.05, 0.0, 0.0, -0.05, 0.0, 0.02, 0.0, 0.0, 0.0, 0.2, 0.0, 0.05, -0.05, 0.02, 0.0, -0.05, -0.05, -0.05, 0.02, 0.02, 0.0, -0.05, 0.0, 0.02]",0.0,OK
CHARGE_EGOCARTYPE_LJLph2.png,toCheck_100001_02385s_CHARGE_EGOCARTYPE_LJLph2.png,1376640,Big,0.05,0.2,"[0.0, 0.0, 0.02, 0.02, 0.0, 0.0, 0.0, 0.0, 0.0, 0.0, 0.0, -0.05, -0.05, 0.0, -0.05, -0.05, -0.05, 0.02, 0.0, 0.0, 0.0, 0.2, 0.0, 0.05, -0.05, 0.02, 0.0, -0.05, -0.05, -0.05, 0.02, 0.02, 0.0, -0.05, 0.0, 0.02]",0.0,OK
CHARGE_EGOCARTYPE_LJL.png,toCheck_100001_02580s_CHARGE_EGOCARTYPE_LJL.png,1376640,Big,0.05,0.2,"[0.0, 0.0, 0.02, 0.02, 0.0, 0.0, 0.0, 0.0, 0.0, 0.0, 0.0, -0.05, -0.05, 0.0, -0.05, -0.05, -0.05, 0.02, 0.0, 0.0, 0.0, 0.2, 0.0, 0.05, -0.05, 0.02, 0.0, -0.05, -0.05, -0.05, 0.02, 0.02, 0.0, -0.05, 0.0, 0.02]",0.0,OK
CHARGE_EGOCARTYPE_BFBph2.png,toCheck_100001_02775s_CHARGE_EGOCARTYPE_BFBph2.png,1376640,Big,0.07,0.2,"[0.0, 0.0, 0.02, 0.0, 0.0, 0.0, 0.0, 0.0, 0.0, 0.0, 0.0, 0.0, 0.0, 0.0, 0.0, -0.05, 0.0, 0.02, 0.0, 0.0, 0.0, 0.2, 0.0, 0.05, -0.05, 0.02, 0.0, -0.05, -0.05, -0.05, 0.02, 0.02, 0.0, -0.05, 0.0, 0.02]",0.0,OK
CHARGE_EGOCARTYPE_KFBph2.png,toCheck_100001_02970s_CHARGE_EGOCARTYPE_KFBph2.png,1376640,Big,0.07,0.2,"[0.0, 0.0, 0.02, 0.0, 0.0, 0.02, 0.0, 0.0, 0.0, 0.0, 0.0, -0.05, 0.0, -0.05, -0.05, -0.05, 0.02, 0.02, 0.0, 0.0, 0.0, 0.2, 0.0, 0.05, -0.05, 0.02, 0.0, -0.05, -0.05, -0.05, 0.02, 0.02, 0.0, -0.05, 0.0, 0.02]",0.0,OK
CHARGE_EGOCARTYPE_B10ph2.png,toCheck_100001_03165s_CHARGE_EGOCARTYPE_B10ph2.png,1376640,Big,0.05,0.2,"[0.0, 0.0, 0.02, 0.0, 0.02, 0.02, 0.0, 0.0, 0.0, 0.0, 0.0, -0.05, 0.0, -0.05, 0.0, -0.05, 0.02, 0.02, 0.0, 0.0, 0.0, 0.2, 0.0, 0.05, -0.05, 0.02, 0.0, -0.05, -0.05, -0.05, 0.02, 0.02, 0.0, -0.05, 0.0, 0.02]",0.0,OK
CHARGE_EGOCARTYPE_BJAph2_Mitsubishi.png,toCheck_100001_03360s_CHARGE_EGOCARTYPE_BJAph2_Mitsubishi.png,1376640,Big,0.02,0.2,"[0.0, 0.0, 0.02, -0.05, -0.05, -0.05, 0.0, 0.0, 0.0, 0.0, 0.0, -0.05, 0.0, 0.02, 0.0, -0.05, 0.0, 0.02, 0.0, 0.0, 0.0, 0.2, 0.0, 0.05, -0.05, 0.02, 0.0, -0.05, -0.05, -0.05, 0.02, 0.02, 0.0, -0.05, 0.0, 0.02]",0.0,OK
CHARGE_EGOCARTYPE_HJBph2_Mitsubishi.png,toCheck_100001_03555s_CHARGE_EGOCARTYPE_HJBph2_Mitsubishi.png,1376640,Big,0.0,0.2,"[0.0, 0.0, 0.02, 0.0, 0.0, 0.02, 0.0, 0.0, 0.0, 0.0, 0.0, 0.0, 0.0, -0.05, 0.0, -0.05, -0.05, 0.02, 0.0, 0.0, 0.0, 0.2, 0.0, 0.05, -0.05, 0.02, 0.0, -0.05, -0.05, -0.05, 0.02, 0.02, 0.0, -0.05, 0.0, 0.02]",0.0,OK
CHARGE_EGOCARTYPE_DJB_Mitsubishi.png,toCheck_100001_03750s_CHARGE_EGOCARTYPE_DJB_Mitsubishi.png,1376640,Big,0.05,0.2,"[0.0, 0.0, 0.02, -0.05, 0.02, 0.0, 0.0, 0.0, 0.0, 0.0, 0.0, -0.05, 0.0, -0.05, -0.05, -0.05, -0.05, 0.02, 0.0, 0.0, 0.0, 0.2, 0.0, 0.05, -0.05, 0.02, 0.0, -0.05, -0.05, -0.05, 0.02, 0.02, 0.0, -0.05, 0.0, 0.02]",0.0,OK
CHARGE_LAYOUT.png,toCheck_100001_00630s_CHARGE_LAYOUT.png,1376640,Big,0.02,0.2,"[0.0, 0.0, 0.02, 0.02, 0.0, 0.0, 0.0, 0.0, 0.0, 0.0, 0.0, 0.0, 0.0, 0.0, 0.0, -0.05, 0.02, 0.02, 0.0, 0.0, 0.0, 0.2, 0.0, 0.05, -0.05, 0.02, 0.0, -0.05, -0.05, -0.05, 0.02, 0.02, 0.0, -0.05, 0.0, 0.02]",0.0,OK
CHARGE_EGOCARTYPE_BJAph2.png,toCheck_100001_00825s_CHARGE_EGOCARTYPE_BJAph2.png,1376640,Big,0.05,0.2,"[0.0, 0.0, 0.02, -0.05, -0.05, -0.05, 0.0, 0.0, 0.0, 0.0, 0.0, -0.05, 0.0, 0.0, -0.05, -0.05, -0.05, 0.02, 0.0, 0.0, 0.0, 0.2, 0.0, 0.05, -0.05, 0.02, 0.0, -0.05, -0.05, -0.05, 0.02, 0.02, 0.0, -0.05, 0.0, 0.02]",0.0,OK
CHARGE_EGOCARTYPE_HJBph2.png,toCheck_100001_01020s_CHARGE_EGOCARTYPE_HJBph2.png,1376640,Big,0.0,0.2,"[0.0, 0.0, 0.02, -0.05, 0.0, 0.0, 0.0, 0.0, 0.0, 0.0, 0.0, 0.0, 0.0, 0.02, 0.0, -0.05, -0.05, 0.02, 0.0, 0.0, 0.0, 0.2, 0.0, 0.05, -0.05, 0.02, 0.0, -0.05, -0.05, -0.05, 0.02, 0.02, 0.0, -0.05, 0.0, 0.02]",0.0,OK
CHARGE_EGOCARTYPE_XFK.png,toCheck_100001_01215s_CHARGE_EGOCARTYPE_XFK.png,1376640,Big,0.02,0.2,"[0.0, 0.0, 0.02, 0.02, 0.0, -0.05, 0.0, 0.0, 0.0, 0.0, 0.0, 0.0, 0.0, 0.0, 0.0, -0.05, 0.0, 0.02, 0.0, 0.0, 0.0, 0.2, 0.0, 0.05, -0.05, 0.02, 0.0, -0.05, -0.05, -0.05, 0.02, 0.02, 0.0, -0.05, 0.0, 0.02]",0.0,OK
CHARGE_EGOCARTYPE_BFJ.png,toCheck_100001_01410s_CHARGE_EGOCARTYPE_BFJ.png,1376640,Big,0.02,0.2,"[0.0, 0.0, 0.02, 0.0, 0.0, 0.0, 0.0, 0.0, 0.0, 0.0, 0.0, -0.05, -0.05, -0.05, -0.05, -0.05, -0.05, 0.02, 0.0, 0.0, 0.0, 0.2, 0.0, 0.05, -0.05, 0.02, 0.0, -0.05, -0.05, -0.05, 0.02, 0.02, 0.0, -0.05, 0.0, 0.02]",0.0,OK
CHARGE_EGOCARTYPE_LFJ.png,toCheck_100001_01605s_CHARGE_EGOCARTYPE_LFJ.png,1376640,Big,0.02,0.2,"[0.0, 0.0, 0.02, 0.02, 0.0, 0.02, 0.0, 0.0, 0.0, 0.0, 0.0, -0.05, 0.02, 0.0, 0.0, -0.05, -0.05, 0.02, 0.0, 0.0, 0.0, 0.2, 0.0, 0.05, -0.05, 0.02, 0.0, -0.05, -0.05, -0.05, 0.02, 0.02, 0.0, -0.05, 0.0, 0.02]",0.0,OK
CHARGE_EGOCARTYPE_LFJ_Cross.png,toCheck_100001_01800s_CHARGE_EGOCARTYPE_LFJ_Cross.png,1376640,Big,0.05,0.2,"[0.0, 0.0, 0.02, 0.0, -0.05, 0.0, 0.0, 0.0, 0.0, 0.0, 0.0, -0.05, 0.0, 0.0, 0.0, -0.05, -0.05, 0.02, 0.0, 0.0, 0.0, 0.2, 0.0, 0.05, -0.05, 0.02, 0.0, -0.05, -0.05, -0.05, 0.02, 0.02, 0.0, -0.05, 0.0, 0.02]",0.0,OK
CHARGE_EGOCARTYPE_HFJ.png,toCheck_100001_01995s_CHARGE_EGOCARTYPE_HFJ.png,1376640,Big,0.05,0.2,"[0.0, 0.0, 0.02, 0.02, 0.0, 0.02, 0.0, 0.0, 0.0, 0.0, 0.0, -0.05, -0.05, 0.02, 0.02, -0.05, -0.05, 0.02, 0.0, 0.0, 0.0, 0.2, 0.0, 0.05, -0.05, 0.02, 0.0, -0.05, -0.05, -0.05, 0.02, 0.02, 0.0, -0.05, 0.0, 0.02]",0.0,OK
ADAS_EGOCARTYPE_PV_MITSUBISHI.png,toCheck_100002_03588s_ADAS_EGOCARTYPE_PV_MITSUBISHI.png,1376640,Big,0.0,0.02,"[-0.05, 0.02, 0.02, 0.0, 0.0, 0.0, 0.0, 0.0, 0.0, -0.05, 0.0, -0.05, 0.0, 0.0, 0.0, 0.0, 0.02, 0.0, 0.0, 0.0, 0.0, 0.0, 0.0, 0.0, -0.05, 0.0, -0.05, -0.05, 0.0, 0.0, 0.0, -0.05, 0.0, 0.02, 0.0, 0.02]",0.0,OK
ADAS_EGOCARTYPE_PV_NISSAN.png,toCheck_100002_04395s_ADAS_EGOCARTYPE_PV_NISSAN.png,1376640,Big,0.0,0.02,"[-0.05, 0.02, 0.02, 0.0, 0.0, 0.0, 0.0, 0.0, 0.0, -0.05, 0.0, -0.05, 0.0, 0.0, 0.0, 0.0, 0.02, 0.0, 0.0, 0.0, 0.0, 0.0, 0.0, 0.0, -0.05, 0.0, -0.05, -0.05, 0.0, 0.0, 0.0, -0.05, 0.0, 0.02, 0.0, 0.02]",0.0,OK
ADAS_EGOCARTYPE_PV_ALPINE.png,toCheck_100002_05203s_ADAS_EGOCARTYPE_PV_ALPINE.png,1376640,Big,0.0,0.02,"[-0.05, 0.02, 0.02, 0.0, 0.0, 0.0, 0.0, 0.0, 0.0, -0.05, 0.0, -0.05, 0.0, 0.0, 0.0, 0.0, 0.02, 0.0, 0.0, 0.0, 0.0, 0.0, 0.0, 0.0, -0.05, 0.0, -0.05, -0.05, 0.0, 0.0, 0.0, -0.05, 0.0, 0.02, 0.0, 0.02]",0.0,OK
ADAS_EGOCARTYPE_LCV_WO_BADGING.png,toCheck_100002_06010s_ADAS_EGOCARTYPE_LCV_WO_BADGING.png,1376640,Big,-0.05,0.02,"[-0.05, 0.02, 0.02, 0.0, 0.0, 0.0, 0.0, 0.0, 0.0, -0.05, 0.0, -0.05, 0.0, 0.0, 0.0, -0.05, 0.0, 0.0, 0.0, 0.0, 0.0, 0.0, 0.0, 0.0, -0.05, 0.0, -0.05, -0.05, 0.0, 0.0, 0.0, -0.05, 0.0, 0.02, 0.0, 0.02]",0.0,OK
ADAS_EGOCARTYPE_LCV_DACIA.png,toCheck_100002_07625s_ADAS_EGOCARTYPE_LCV_DACIA.png,1376640,Big,-0.05,0.02,"[-0.05, 0.02, 0.02, 0.0, 0.0, 0.0, 0.0, 0.0, 0.0, -0.05, 0.0, -0.05, 0.0, 0.0, 0.0, -0.05, 0.0, 0.0, 0.0, 0.0, 0.0, 0.0, 0.0, 0.0, -0.05, 0.0, -0.05, -0.05, 0.0, 0.0, 0.0, -0.05, 0.0, 0.02, 0.0, 0.02]",0.0,OK
ADAS_EGOCARTYPE_LCV_MITSUBISHI.png,toCheck_100002_08433s_ADAS_EGOCARTYPE_LCV_MITSUBISHI.png,1376640,Big,-0.05,0.02,"[-0.05, 0.02, 0.02, 0.0, 0.0, 0.0, 0.0, 0.0, 0.0, -0.05, 0.0, -0.05, 0.0, 0.0, 0.0, -0.05, 0.0, 0.0, 0.0, 0.0, 0.0, 0.0, 0.0, 0.0, -0.05, 0.0, -0.05, -0.05, 0.0, 0.0, 0.0, -0.05, 0.0, 0.02, 0.0, 0.02]",0.0,OK
ADAS_EGOCARTYPE_LCV_NISSAN.png,toCheck_100002_09240s_ADAS_EGOCARTYPE_LCV_NISSAN.png,1376640,Big,-0.05,0.02,"[-0.05, 0.02, 0.02, 0.0, 0.0, 0.0, 0.0, 0.0, 0.0, -0.05, 0.0, -0.05, 0.0, 0.0, 0.0, -0.05, 0.0, 0.0, 0.0, 0.0, 0.0, 0.0, 0.0, 0.0, -0.05, 0.0, -0.05, -0.05, 0.0, 0.0, 0.0, -0.05, 0.0, 0.02, 0.0, 0.02]",0.0,OK
ADAS_EGOCARTYPE_PV_WO_BADGING.png,toCheck_100002_01165s_ADAS_EGOCARTYPE_PV_WO_BADGING.png,1376640,Big,0.0,0.02,"[-0.05, 0.02, 0.02, 0.0, 0.0, 0.0, 0.0, 0.0, 0.0, -0.05, 0.0, -0.05, 0.0, 0.0, 0.0, -0.05, 0.0, 0.0, 0.0, 0.0, 0.0, 0.0, 0.0, 0.0, -0.05, 0.0, -0.05, -0.05, 0.0, 0.0, 0.0, -0.05, 0.0, 0.02, 0.0, 0.02]",0.0,OK
ADAS_EGOCARTYPE_PV_RENAULT.png,toCheck_100002_01973s_ADAS_EGOCARTYPE_PV_RENAULT.png,1376640,Big,0.0,0.02,"[-0.05, 0.02, 0.02, 0.0, 0.0, 0.0, 0.0, 0.0, 0.0, -0.05, 0.0, -0.05, 0.0, 0.0, 0.0, 0.0, 0.02, 0.0, 0.0, 0.0, 0.0, 0.0, 0.0, 0.0, -0.05, 0.0, -0.05, -0.05, 0.0, 0.0, 0.0, -0.05, 0.0, 0.02, 0.0, 0.02]",0.0,OK
ADAS_EGOCARTYPE_PV_DACIA.png,toCheck_100002_02780s_ADAS_EGOCARTYPE_PV_DACIA.png,1376640,Big,0.0,0.02,"[-0.05, 0.02, 0.02, 0.0, 0.0, 0.0, 0.0, 0.0, 0.0, -0.05, 0.0, -0.05, 0.0, 0.0, 0.0, 0.0, 0.02, 0.0, 0.0, 0.0, 0.0, 0.0, 0.0, 0.0, -0.05, 0.0, -0.05, -0.05, 0.0, 0.0, 0.0, -0.05, 0.0, 0.02, 0.0, 0.02]",0.0,OK
CHARGE_EGOCARTYPE_LCV_RENAULT.png,toCheck_100003_02190s_CHARGE_EGOCARTYPE_LCV_RENAULT.png,1376640,Big,0.05,0.2,"[0.0, 0.0, 0.02, 0.0, -0.05, 0.02, 0.0, 0.0, 0.0, 0.0, 0.0, 0.0, 0.02, 0.0, 0.0, -0.05, 0.0, 0.02, 0.0, 0.0, 0.0, 0.2, 0.0, 0.05, -0.05, 0.02, 0.0, -0.05, -0.05, -0.05, 0.02, 0.02, 0.0, -0.05, 0.0, 0.02]",0.0,OK
CHARGE_EGOCARTYPE_LCV_DACIA.png,toCheck_100003_02385s_CHARGE_EGOCARTYPE_LCV_DACIA.png,1376640,Big,0.05,0.2,"[0.0, 0.0, 0.02, 0.0, -0.05, 0.02, 0.0, 0.0, 0.0, 0.0, 0.0, 0.0, 0.02, 0.0, 0.0, -0.05, 0.0, 0.02, 0.0, 0.0, 0.0, 0.2, 0.0, 0.05, -0.05, 0.02, 0.0, -0.05, -0.05, -0.05, 0.02, 0.02, 0.0, -0.05, 0.0, 0.02]",0.0,OK
CHARGE_EGOCARTYPE_LCV_MITSUBISHI.png,toCheck_100003_02580s_CHARGE_EGOCARTYPE_LCV_MITSUBISHI.png,1376640,Big,0.05,0.2,"[0.0, 0.0, 0.02, 0.0, -0.05, 0.02, 0.0, 0.0, 0.0, 0.0, 0.0, 0.0, 0.02, 0.0, 0.0, -0.05, 0.0, 0.02, 0.0, 0.0, 0.0, 0.2, 0.0, 0.05, -0.05, 0.02, 0.0, -0.05, -0.05, -0.05, 0.02, 0.02, 0.0, -0.05, 0.0, 0.02]",0.0,OK
CHARGE_EGOCARTYPE_LCV_NISSAN.png,toCheck_100003_02775s_CHARGE_EGOCARTYPE_LCV_NISSAN.png,1376640,Big,0.05,0.2,"[0.0, 0.0, 0.02, 0.0, -0.05, 0.02, 0.0, 0.0, 0.0, 0.0, 0.0, 0.0, 0.02, 0.0, 0.0, -0.05, 0.0, 0.02, 0.0, 0.0, 0.0, 0.2, 0.0, 0.05, -0.05, 0.02, 0.0, -0.05, -0.05, -0.05, 0.02, 0.02, 0.0, -0.05, 0.0, 0.02]",0.0,OK
CHARGE_LAYOUT.png,toCheck_100003_00630s_CHARGE_LAYOUT.png,1376640,Big,0.02,0.2,"[0.0, 0.0, 0.02, 0.02, 0.0, 0.0, 0.0, 0.0, 0.0, 0.0, 0.0, 0.0, 0.0, 0.0, 0.0, -0.05, 0.02, 0.02, 0.0, 0.0, 0.0, 0.2, 0.0, 0.05, -0.05, 0.02, 0.0, -0.05, -0.05, -0.05, 0.02, 0.02, 0.0, -0.05, 0.0, 0.02]",0.0,OK
CHARGE_EGOCARTYPE_PV_WO_BADGING.png,toCheck_100003_00825s_CHARGE_EGOCARTYPE_PV_WO_BADGING.png,1376640,Big,0.02,0.2,"[0.0, 0.0, 0.02, 0.02, 0.0, 0.0, 0.0, 0.0, 0.0, 0.0, 0.0, 0.0, 0.0, 0.0, 0.0, -0.05, 0.02, 0.02, 0.0, 0.0, 0.0, 0.2, 0.0, 0.05, -0.05, 0.02, 0.0, -0.05, -0.05, -0.05, 0.02, 0.02, 0.0, -0.05, 0.0, 0.02]",0.0,OK
CHARGE_EGOCARTYPE_PV_RENAULT.png,toCheck_100003_01020s_CHARGE_EGOCARTYPE_PV_RENAULT.png,1376640,Big,0.02,0.2,"[0.0, 0.0, 0.02, 0.02, 0.0, 0.0, 0.0, 0.0, 0.0, 0.0, 0.0, 0.0, 0.0, 0.0, 0.0, -0.05, 0.0, 0.02, 0.0, 0.0, 0.0, 0.2, 0.0, 0.05, -0.05, 0.02, 0.0, -0.05, -0.05, -0.05, 0.02, 0.02, 0.0, -0.05, 0.0, 0.02]",0.0,OK
CHARGE_EGOCARTYPE_PV_DACIA.png,toCheck_100003_01215s_CHARGE_EGOCARTYPE_PV_DACIA.png,1376640,Big,0.02,0.2,"[0.0, 0.0, 0.02, 0.02, 0.0, 0.0, 0.0, 0.0, 0.0, 0.0, 0.0, 0.0, 0.0, 0.0, 0.0, -0.05, 0.0, 0.02, 0.0, 0.0, 0.0, 0.2, 0.0, 0.05, -0.05, 0.02, 0.0, -0.05, -0.05, -0.05, 0.02, 0.02, 0.0, -0.05, 0.0, 0.02]",0.0,OK
CHARGE_EGOCARTYPE_PV_MITSUBISHI.png,toCheck_100003_01410s_CHARGE_EGOCARTYPE_PV_MITSUBISHI.png,1376640,Big,0.02,0.2,"[0.0, 0.0, 0.02, 0.02, 0.0, 0.0, 0.0, 0.0, 0.0, 0.0, 0.0, 0.0, 0.0, 0.0, 0.0, -0.05, 0.0, 0.02, 0.0, 0.0, 0.0, 0.2, 0.0, 0.05, -0.05, 0.02, 0.0, -0.05, -0.05, -0.05, 0.02, 0.02, 0.0, -0.05, 0.0, 0.02]",0.0,OK
CHARGE_EGOCARTYPE_PV_NISSAN.png,toCheck_100003_01605s_CHARGE_EGOCARTYPE_PV_NISSAN.png,1376640,Big,0.02,0.2,"[0.0, 0.0, 0.02, 0.02, 0.0, 0.0, 0.0, 0.0, 0.0, 0.0, 0.0, 0.0, 0.0, 0.0, 0.0, -0.05, 0.0, 0.02, 0.0, 0.0, 0.0, 0.2, 0.0, 0.05, -0.05, 0.02, 0.0, -0.05, -0.05, -0.05, 0.02, 0.02, 0.0, -0.05, 0.0, 0.02]",0.0,OK
CHARGE_EGOCARTYPE_PV_ALPINE.png,toCheck_100003_01800s_CHARGE_EGOCARTYPE_PV_ALPINE.png,1376640,Big,0.02,0.2,"[0.0, 0.0, 0.02, 0.02, 0.0, 0.0, 0.0, 0.0, 0.0, 0.0, 0.0, 0.0, 0.0, 0.0, 0.0, -0.05, 0.0, 0.02, 0.0, 0.0, 0.0, 0.2, 0.0, 0.05, -0.05, 0.02, 0.0, -0.05, -0.05, -0.05, 0.02, 0.02, 0.0, -0.05, 0.0, 0.02]",0.0,OK
CHARGE_EGOCARTYPE_LCV_WO_BADGING.png,toCheck_100003_01995s_CHARGE_EGOCARTYPE_LCV_WO_BADGING.png,1376640,Big,0.05,0.2,"[0.0, 0.0, 0.02, 0.0, -0.05, 0.02, 0.0, 0.0, 0.0, 0.0, 0.0, 0.0, 0.02, 0.0, 0.0, -0.05, 0.0, 0.02, 0.0, 0.0, 0.0, 0.2, 0.0, 0.05, -0.05, 0.02, 0.0, -0.05, -0.05, -0.05, 0.02, 0.02, 0.0, -0.05, 0.0, 0.02]",0.0,OK
TLT_SERV_ON.png,toCheck_100000_00374s_TLT_SERV_ON.png,30736,Big,0.0,0.02,"[0.0, 0.0, 0.0, 0.0, 0.02, 0.0, 0.0, 0.0, 0.0, 0.0, 0.0, 0.0]",0.0,OK
TLT_STOP_ON.png,toCheck_100000_00374s_TLT_STOP_ON.png,22176,Big,0.0,0.0,"[0.0, 0.0, 0.0, 0.0, 0.0, 0.0, 0.0, 0.0]",0.0,OK
TLT_SERV_ON.png,toCheck_100000_00434s_TLT_SERV_ON.png,30736,Big,0.0,0.02,"[0.0, 0.0, 0.0, 0.0, 0.02, 0.0, 0.0, 0.0, 0.0, 0.0, 0.0, 0.0]",0.0,OK
FULL_ALTIA_WAKEUP.png,toCheck_100000_00364s_FULL_ALTIA_WAKEUP.png,1376640,Big,-0.05,7.76,"[0.02, 0.0, -0.05, 0.0, 0.0, -0.05, 0.0, -0.05, 0.0, 0.02, -0.05, 0.0, 0.0, 0.0, 0.0, 0.02, 0.02, 0.0, 3.32, 0.02, -0.05, -0.05, 0.0, 0.02, -0.05, 2.66, 7.76, 0.0, 0.0, 0.02, -0.05, -0.05, -0.05, -0.05, 0.02, -0.05]",0.0,Investigate
TLT_SERV_ON.png,toCheck_100001_00374s_TLT_SERV_ON.png,30736,Big,0.0,0.02,"[0.0, 0.0, 0.0, 0.0, 0.02, 0.0, 0.0, 0.0, 0.0, 0.0, 0.0, 0.0]",0.0,OK
TLT_STOP_ON.png,toCheck_100001_00374s_TLT_STOP_ON.png,22176,Big,0.0,0.0,"[0.0, 0.0, 0.0, 0.0, 0.0, 0.0, 0.0, 0.0]",0.0,OK
TLT_STOP_ON.png,toCheck_100001_00434s_TLT_STOP_ON.png,22176,Big,0.0,0.0,"[0.0, 0.0, 0.0, 0.0, 0.0, 0.0, 0.0, 0.0]",0.0,OK
FULL_ALTIA_WAKEUP.png,toCheck_100001_00364s_FULL_ALTIA_WAKEUP.png,1376640,Big,-0.05,7.76,"[0.02, 0.0, -0.05, 0.0, 0.0, -0.05, 0.0, -0.05, 0.0, 0.02, -0.05, 0.0, 0.0, 0.0, 0.0, 0.02, 0.02, 0.0, 3.32, 0.02, -0.05, -0.05, 0.0, 0.02, -0.05, 2.66, 7.76, 0.0, 0.0, 0.02, -0.05, -0.05, -0.05, -0.05, 0.02, -0.05]",0.0,Investigate
TLT_NIVOCOD_ON.png,toCheck_100002_00507s_TLT_NIVOCOD_ON.png,NA,NA,NA,7.76,"[0.02, 0.0, -0.05, 0.0, 0.0, -0.05, 0.0, -0.05, 0.0, 0.02, -0.05, 0.0, 0.0, 0.0, 0.0, 0.02, 0.02, 0.0, 3.32, 0.02, -0.05, -0.05, 0.0, 0.02, -0.05, 2.66, 7.76, 0.0, 0.0, 0.02, -0.05, -0.05, -0.05, -0.05, 0.02, -0.05]",51.84,Faulty
TLT_SERV_ON.png,toCheck_100002_00507s_TLT_SERV_ON.png,30736,Big,0.0,0.02,"[0.0, 0.0, 0.0, 0.0, 0.02, 0.0, 0.0, 0.0, 0.0, 0.0, 0.0, 0.0]",0.0,OK
TLT_STOP_ON.png,toCheck_100002_00507s_TLT_STOP_ON.png,22176,Big,0.0,0.0,"[0.0, 0.0, 0.0, 0.0, 0.0, 0.0, 0.0, 0.0]",0.0,OK
TLT_NIVOCOD_OFF.png,toCheck_100002_00458s_TLT_NIVOCOD_OFF.png,NA,NA,NA,0.0,"[0.0, 0.0, 0.0, 0.0, 0.0, 0.0, 0.0, 0.0]",12.44,Faulty
FULL_ALTIA_WAKEUP.png,toCheck_100002_00497s_FULL_ALTIA_WAKEUP.png,1376640,Big,-0.05,7.76,"[0.02, 0.0, -0.05, 0.0, 0.0, -0.05, 0.0, -0.05, 0.0, 0.02, -0.05, 0.0, 0.0, 0.0, 0.0, 0.02, 0.02, 0.0, 3.32, 0.02, -0.05, -0.05, 0.0, 0.02, -0.05, 2.66, 7.76, 0.0, 0.0, 0.02, -0.05, -0.05, -0.05, -0.05, 0.02, -0.05]",0.0,Investigate
TLT_OILPR_ON.png,toCheck_100003_00374s_TLT_OILPR_ON.png,NA,NA,NA,7.76,"[0.02, 0.0, -0.05, 0.0, 0.0, -0.05, 0.0, -0.05, 0.0, 0.02, -0.05, 0.0, 0.0, 0.0, 0.0, 0.02, 0.02, 0.0, 3.32, 0.02, -0.05, -0.05, 0.0, 0.02, -0.05, 2.66, 7.76, 0.0, 0.0, 0.02, -0.05, -0.05, -0.05, -0.05, 0.02, -0.05]",51.84,Faulty
TLT_SERV_ON.png,toCheck_100003_00374s_TLT_SERV_ON.png,30736,Big,0.0,0.02,"[0.0, 0.0, 0.0, 0.0, 0.02, 0.0, 0.0, 0.0, 0.0, 0.0, 0.0, 0.0]",0.0,OK
TLT_STOP_ON.png,toCheck_100003_00374s_TLT_STOP_ON.png,22176,Big,0.0,0.0,"[0.0, 0.0, 0.0, 0.0, 0.0, 0.0, 0.0, 0.0]",0.0,OK
TLT_STOP_ON.png,toCheck_100003_00434s_TLT_STOP_ON.png,22176,Big,0.0,0.0,"[0.0, 0.0, 0.0, 0.0, 0.0, 0.0, 0.0, 0.0]",0.0,OK
FULL_ALTIA_WAKEUP.png,toCheck_100003_00364s_FULL_ALTIA_WAKEUP.png,1376640,Big,-0.05,7.76,"[0.02, 0.0, -0.05, 0.0, 0.0, -0.05, 0.0, -0.05, 0.0, 0.02, -0.05, 0.0, 0.0, 0.0, 0.0, 0.02, 0.02, 0.0, 3.32, 0.02, -0.05, -0.05, 0.0, 0.02, -0.05, 3.76, 7.76, 0.0, 0.0, 0.02, -0.05, -0.05, -0.05, -0.05, 0.02, -0.05]",0.0,Investigate
NO_ALERT.png,toCheck_100003_00374s_NO_ALERT.png,267388,Big,0.0,1.03,"[0.02, -0.05, 0.0, 0.0, 0.02, 1.03]",0.0,OK
TLT_SERV_ON.png,toCheck_100004_00409s_TLT_SERV_ON.png,30736,Big,0.0,0.02,"[0.0, 0.0, 0.0, 0.0, 0.02, 0.0, 0.0, 0.0, 0.0, 0.0, 0.0, 0.0]",0.0,OK
TLT_STOP_ON.png,toCheck_100004_00409s_TLT_STOP_ON.png,22176,Big,0.0,0.0,"[0.0, 0.0, 0.0, 0.0, 0.0, 0.0, 0.0, 0.0]",0.0,OK
TLT_SERV_ON.png,toCheck_100004_00469s_TLT_SERV_ON.png,30736,Big,0.0,0.02,"[0.0, 0.0, 0.0, 0.0, 0.02, 0.0, 0.0, 0.0, 0.0, 0.0, 0.0, 0.0]",0.0,OK
FULL_ALTIA_WAKEUP.png,toCheck_100004_00399s_FULL_ALTIA_WAKEUP.png,1376640,Big,-0.05,7.76,"[0.02, 0.0, -0.05, 0.0, 0.0, -0.05, 0.0, -0.05, 0.0, 0.02, 5.62, 5.27, 0.0, 0.0, 0.0, 0.02, 0.02, 0.0, 3.32, 0.02, -0.05, -0.05, 0.0, 0.02, -0.05, 2.66, 7.76, 0.0, 0.0, 0.02, -0.05, -0.05, -0.05, -0.05, 0.02, -0.05]",0.0,Investigate
TLT_SERV_ON.png,toCheck_100005_00374s_TLT_SERV_ON.png,30736,Big,0.0,0.02,"[0.0, 0.0, 0.0, 0.0, 0.02, 0.0, 0.0, 0.0, 0.0, 0.0, 0.0, 0.0]",0.0,OK
TLT_STOP_ON.png,toCheck_100005_00374s_TLT_STOP_ON.png,22176,Big,0.0,0.0,"[0.0, 0.0, 0.0, 0.0, 0.0, 0.0, 0.0, 0.0]",0.0,OK
FULL_ALTIA_WAKEUP.png,toCheck_100005_00364s_FULL_ALTIA_WAKEUP.png,1376640,Big,-0.05,7.76,"[0.02, 0.0, -0.05, 0.0, 0.0, -0.05, 0.0, -0.05, 0.0, 0.02, -0.05, 0.0, 0.0, 0.0, 0.0, 0.02, 0.02, 0.0, 3.32, 0.02, -0.05, -0.05, 0.0, 0.02, -0.05, 2.66, 7.76, 0.0, 0.0, 0.02, -0.05, -0.05, -0.05, -0.05, 0.02, -0.05]",0.0,Investigate
TLT_SERV_ON.png,toCheck_100006_00374s_TLT_SERV_ON.png,30736,Big,0.0,0.02,"[0.0, 0.0, 0.0, 0.0, 0.02, 0.0, 0.0, 0.0, 0.0, 0.0, 0.0, 0.0]",0.0,OK
TLT_STOP_ON.png,toCheck_100006_00374s_TLT_STOP_ON.png,22176,Big,0.0,0.0,"[0.0, 0.0, 0.0, 0.0, 0.0, 0.0, 0.0, 0.0]",0.0,OK
FULL_ALTIA_WAKEUP.png,toCheck_100006_00364s_FULL_ALTIA_WAKEUP.png,1376640,Big,-0.05,7.76,"[0.02, 0.0, -0.05, 0.0, 0.0, -0.05, 0.0, -0.05, 0.0, 0.02, -0.05, 0.0, 0.0, 0.0, 0.0, 0.02, 0.02, 0.0, 3.32, 0.02, -0.05, -0.05, 0.0, 0.02, -0.05, 2.66, 7.76, 0.0, 0.0, 0.02, -0.05, -0.05, -0.05, -0.05, 0.02, -0.05]",0.0,Investigate
TLT_SERV_ON.png,toCheck_100007_00374s_TLT_SERV_ON.png,30736,Big,0.0,0.02,"[0.0, 0.0, 0.0, 0.0, 0.02, 0.0, 0.0, 0.0, 0.0, 0.0, 0.0, 0.0]",0.0,OK
TLT_STOP_ON.png,toCheck_100007_00374s_TLT_STOP_ON.png,22176,Big,0.0,0.0,"[0.0, 0.0, 0.0, 0.0, 0.0, 0.0, 0.0, 0.0]",0.0,OK
TLT_SERV_ON.png,toCheck_100007_00434s_TLT_SERV_ON.png,30736,Big,0.0,0.02,"[0.0, 0.0, 0.0, 0.0, 0.02, 0.0, 0.0, 0.0, 0.0, 0.0, 0.0, 0.0]",0.0,OK
FULL_ALTIA_WAKEUP.png,toCheck_100007_00364s_FULL_ALTIA_WAKEUP.png,1376640,Big,-0.05,7.76,"[0.02, 0.0, -0.05, 0.0, 0.0, -0.05, 0.0, -0.05, 0.0, 0.02, -0.05, 0.0, 0.0, 0.0, 0.0, 0.02, 0.02, 0.0, 3.32, 0.02, -0.05, -0.05, 0.0, 0.02, -0.05, 2.66, 7.76, 0.0, 0.0, 0.02, -0.05, -0.05, -0.05, -0.05, 0.02, -0.05]",0.0,Investigate
TLT_SERV_ON.png,toCheck_100008_00374s_TLT_SERV_ON.png,30736,Big,0.0,0.02,"[0.0, 0.0, 0.0, 0.0, 0.02, 0.0, 0.0, 0.0, 0.0, 0.0, 0.0, 0.0]",0.0,OK
TLT_STOP_ON.png,toCheck_100008_00374s_TLT_STOP_ON.png,22176,Big,0.0,0.0,"[0.0, 0.0, 0.0, 0.0, 0.0, 0.0, 0.0, 0.0]",0.0,OK
TLT_SERV_ON.png,toCheck_100008_00434s_TLT_SERV_ON.png,30736,Big,0.0,0.02,"[0.0, 0.0, 0.0, 0.0, 0.02, 0.0, 0.0, 0.0, 0.0, 0.0, 0.0, 0.0]",0.0,OK
FULL_ALTIA_WAKEUP.png,toCheck_100008_00364s_FULL_ALTIA_WAKEUP.png,1376640,Big,-0.05,7.76,"[0.02, 0.0, -0.05, 0.0, 0.0, -0.05, 0.0, -0.05, 0.0, 0.02, -0.05, 0.0, 0.0, 0.0, 0.0, 0.02, 0.02, 0.0, 3.32, 0.02, -0.05, -0.05, 0.0, 0.02, -0.05, 2.66, 7.76, 0.0, 0.0, 0.02, -0.05, -0.05, -0.05, -0.05, 0.02, -0.05]",0.0,Investigate
TLT_DAE_ON.png,toCheck_100009_00406s_TLT_DAE_ON.png,NA,NA,NA,7.76,"[0.02, 0.0, -0.05, 0.0, 0.0, -0.05, 0.0, -0.05, 0.0, 0.02, -0.05, 0.0, 0.0, 0.0, 0.0, 0.02, 0.02, 0.0, 3.32, 0.02, -0.05, -0.05, 0.0, 0.02, -0.05, 2.66, 7.76, 0.0, 0.0, 0.02, -0.05, -0.05, -0.05, -0.05, 0.02, -0.05]",51.84,Faulty
TLT_SERV_ON.png,toCheck_100009_00406s_TLT_SERV_ON.png,30736,Big,0.0,0.02,"[0.0, 0.0, 0.0, 0.0, 0.02, 0.0, 0.0, 0.0, 0.0, 0.0, 0.0, 0.0]",0.0,OK
TLT_STOP_ON.png,toCheck_100009_00406s_TLT_STOP_ON.png,22176,Big,0.0,0.0,"[0.0, 0.0, 0.0, 0.0, 0.0, 0.0, 0.0, 0.0]",0.0,OK
TLT_STOP_ON.png,toCheck_100009_00466s_TLT_STOP_ON.png,22176,Big,0.0,0.0,"[0.0, 0.0, 0.0, 0.0, 0.0, 0.0, 0.0, 0.0]",0.0,OK
FULL_ALTIA_WAKEUP.png,toCheck_100009_00396s_FULL_ALTIA_WAKEUP.png,1376640,Big,-0.05,7.76,"[0.02, 0.0, -0.05, 0.0, 0.0, -0.05, 0.0, -0.05, 0.0, 0.02, -0.05, 0.0, 0.0, 0.0, 0.0, 0.02, 0.02, 0.0, 3.32, 0.02, -0.05, -0.05, 0.0, 0.02, -0.05, 3.64, 7.76, 0.0, 0.0, 0.02, -0.05, -0.05, -0.05, -0.05, 0.02, -0.05]",0.0,Investigate
NO_ALERT.png,toCheck_100009_00406s_NO_ALERT.png,267388,Big,0.0,1.44,"[0.02, -0.05, 0.0, 0.0, 0.02, 1.44]",0.0,OK
TLT_DAE_ON.png,toCheck_100010_00406s_TLT_DAE_ON.png,NA,NA,NA,1.44,"[0.02, -0.05, 0.0, 0.0, 0.02, 1.44]",51.84,Faulty
TLT_SERV_ON.png,toCheck_100010_00406s_TLT_SERV_ON.png,30736,Big,0.0,0.02,"[0.0, 0.0, 0.0, 0.0, 0.02, 0.0, 0.0, 0.0, 0.0, 0.0, 0.0, 0.0]",0.0,OK
TLT_STOP_ON.png,toCheck_100010_00406s_TLT_STOP_ON.png,22176,Big,0.0,0.0,"[0.0, 0.0, 0.0, 0.0, 0.0, 0.0, 0.0, 0.0]",0.0,OK
TLT_STOP_ON.png,toCheck_100010_00466s_TLT_STOP_ON.png,22176,Big,0.0,0.0,"[0.0, 0.0, 0.0, 0.0, 0.0, 0.0, 0.0, 0.0]",0.0,OK
FULL_ALTIA_WAKEUP.png,toCheck_100010_00396s_FULL_ALTIA_WAKEUP.png,1376640,Big,-0.05,7.76,"[0.02, 0.0, -0.05, 0.0, 0.0, -0.05, 0.0, -0.05, 0.0, 0.02, -0.05, 0.0, 0.0, 0.0, 0.0, 0.02, 0.02, 0.0, 3.32, 0.02, -0.05, -0.05, 0.0, 0.02, -0.05, 3.64, 7.76, 0.0, 0.0, 0.02, -0.05, -0.05, -0.05, -0.05, 0.02, -0.05]",0.0,Investigate
NO_ALERT.png,toCheck_100010_00406s_NO_ALERT.png,267388,Big,0.0,1.44,"[0.02, -0.05, 0.0, 0.0, 0.02, 1.44]",0.0,OK
TLT_DAE_ON.png,toCheck_100011_00374s_TLT_DAE_ON.png,NA,NA,NA,1.44,"[0.02, -0.05, 0.0, 0.0, 0.02, 1.44]",51.84,Faulty
TLT_SERV_ON.png,toCheck_100011_00374s_TLT_SERV_ON.png,30736,Big,0.0,0.02,"[0.0, 0.0, 0.0, 0.0, 0.02, 0.0, 0.0, 0.0, 0.0, 0.0, 0.0, 0.0]",0.0,OK
TLT_STOP_ON.png,toCheck_100011_00374s_TLT_STOP_ON.png,22176,Big,0.0,0.0,"[0.0, 0.0, 0.0, 0.0, 0.0, 0.0, 0.0, 0.0]",0.0,OK
TLT_STOP_ON.png,toCheck_100011_00434s_TLT_STOP_ON.png,22176,Big,0.0,0.0,"[0.0, 0.0, 0.0, 0.0, 0.0, 0.0, 0.0, 0.0]",0.0,OK
FULL_ALTIA_WAKEUP.png,toCheck_100011_00364s_FULL_ALTIA_WAKEUP.png,1376640,Big,-0.05,7.76,"[0.02, 0.0, -0.05, 0.0, 0.0, -0.05, 0.0, -0.05, 0.0, 0.02, -0.05, 0.0, 0.0, 0.0, 0.0, 0.02, 0.02, 0.0, 3.32, 0.02, -0.05, -0.05, 0.0, 0.02, -0.05, 3.64, 7.76, 0.0, 0.0, 0.02, -0.05, -0.05, -0.05, -0.05, 0.02, -0.05]",0.0,Investigate
NO_ALERT.png,toCheck_100011_00374s_NO_ALERT.png,267388,Big,0.0,1.44,"[0.02, -0.05, 0.0, 0.0, 0.02, 1.44]",0.0,OK
TLT_SERV_ON.png,toCheck_100012_00374s_TLT_SERV_ON.png,30736,Big,0.0,1.0,"[0.0, 0.0, 0.0, 0.39, 0.02, 0.0, 0.0, 1.0, 0.0, 0.0, 0.0, 0.0]",0.0,OK
TLT_STOP_ON.png,toCheck_100012_00374s_TLT_STOP_ON.png,22176,Big,0.0,0.0,"[0.0, 0.0, 0.0, 0.0, 0.0, 0.0, 0.0, 0.0]",0.0,OK
TLT_SERV_OFF.png,toCheck_100012_00434s_TLT_SERV_OFF.png,30736,Big,0.02,3.54,"[0.0, -0.05, 0.02, 2.27, 0.02, 0.0, 0.0, 3.54, 0.0, 0.0, 0.0, 0.0]",0.0,Investigate
FULL_ALTIA_WAKEUP.png,toCheck_100012_00364s_FULL_ALTIA_WAKEUP.png,1376640,Big,-0.05,7.76,"[0.02, 0.0, -0.05, 0.0, 0.0, -0.05, 0.0, -0.05, 0.0, 0.02, -0.05, 0.0, 0.0, 0.0, 0.0, 0.02, 0.02, 0.0, 4.42, 0.02, -0.05, -0.05, 0.0, 0.02, -0.05, 2.66, 7.76, 0.0, 0.0, 0.02, -0.05, -0.05, -0.05, -0.05, 0.02, -0.05]",0.0,Investigate
TLT_PB_ON.png,toCheck_100013_00394s_TLT_PB_ON.png,7728,Big,0.34,0.68,"[0.0, 0.0, -0.05, -0.05, 0.0, 0.02, 0.68, 0.02, 0.02]",0.0,OK
TLT_SERV_ON.png,toCheck_100013_00394s_TLT_SERV_ON.png,30736,Big,0.0,0.02,"[0.0, 0.0, 0.0, 0.0, 0.02, 0.0, 0.0, 0.0, 0.0, 0.0, 0.0, 0.0]",0.0,OK
TLT_STOP_ON.png,toCheck_100013_00394s_TLT_STOP_ON.png,22176,Big,0.0,0.0,"[0.0, 0.0, 0.0, 0.0, 0.0, 0.0, 0.0, 0.0]",0.0,OK
FULL_ALTIA_WAKEUP_MMI.png,toCheck_100013_00345s_FULL_ALTIA_WAKEUP_MMI.png,1376640,Big,-0.05,3.96,"[0.02, 0.0, -0.05, 0.0, 0.0, -0.05, 0.0, -0.05, 0.0, 2.25, 1.29, 0.0, 0.0, 0.0, 0.0, 0.02, 0.02, 0.0, 3.96, 2.51, -0.05, -0.05, 0.0, 0.02, -0.05, 0.0, 0.0, 0.0, 0.0, 0.0, -0.05, -0.05, -0.05, -0.05, 0.02, -0.05]",0.0,Investigate
FULL_ALTIA_WAKEUP.png,toCheck_100013_00384s_FULL_ALTIA_WAKEUP.png,1376640,Big,-0.05,7.76,"[0.02, 0.0, -0.05, 0.0, 0.0, -0.05, 0.0, -0.05, 0.0, 2.32, 4.83, 1.44, 0.0, 0.0, 0.0, 0.02, 0.02, 0.0, 4.3, 2.51, -0.05, -0.05, 0.0, 0.02, -0.05, 2.66, 7.76, 0.0, 0.0, 0.02, -0.05, -0.05, -0.05, -0.05, 0.02, -0.05]",0.0,Investigate
TLT_SERV_ON.png,toCheck_100014_00374s_TLT_SERV_ON.png,30736,Big,0.0,0.02,"[0.0, 0.0, 0.0, 0.0, 0.02, 0.0, 0.0, 0.0, 0.0, 0.0, 0.0, 0.0]",0.0,OK
TLT_STOP_ON.png,toCheck_100014_00374s_TLT_STOP_ON.png,22176,Big,0.0,0.0,"[0.0, 0.0, 0.0, 0.0, 0.0, 0.0, 0.0, 0.0]",0.0,OK
TLT_SERV_ON.png,toCheck_100014_00434s_TLT_SERV_ON.png,30736,Big,0.0,0.02,"[0.0, 0.0, 0.0, 0.0, 0.02, 0.0, 0.0, 0.0, 0.0, 0.0, 0.0, 0.0]",0.0,OK
FULL_ALTIA_WAKEUP.png,toCheck_100014_00364s_FULL_ALTIA_WAKEUP.png,1376640,Big,-0.05,7.76,"[0.02, 0.0, -0.05, 0.0, 0.0, -0.05, 0.0, -0.05, 0.0, 0.02, -0.05, 0.0, 0.0, 0.0, 0.0, 0.02, 0.02, 0.0, 3.32, 0.02, -0.05, -0.05, 0.0, 0.02, -0.05, 2.66, 7.76, 0.0, 0.0, 0.02, -0.05, -0.05, -0.05, -0.05, 0.02, -0.05]",0.0,Investigate
TLT_SERV_ON.png,toCheck_100015_00374s_TLT_SERV_ON.png,30736,Big,0.0,0.02,"[0.0, 0.0, 0.0, 0.0, 0.02, 0.0, 0.0, 0.0, 0.0, 0.0, 0.0, 0.0]",0.0,OK
TLT_STOP_ON.png,toCheck_100015_00374s_TLT_STOP_ON.png,22176,Big,0.0,0.0,"[0.0, 0.0, 0.0, 0.0, 0.0, 0.0, 0.0, 0.0]",0.0,OK
TLT_SERV_ON.png,toCheck_100015_00434s_TLT_SERV_ON.png,30736,Big,0.0,0.02,"[0.0, 0.0, 0.0, 0.0, 0.02, 0.0, 0.0, 0.0, 0.0, 0.0, 0.0, 0.0]",0.0,OK
FULL_ALTIA_WAKEUP.png,toCheck_100015_00364s_FULL_ALTIA_WAKEUP.png,1376640,Big,-0.05,7.76,"[0.02, 0.0, -0.05, 0.0, 0.0, -0.05, 0.0, -0.05, 0.0, 0.02, -0.05, 0.0, 0.0, 0.0, 0.0, 0.02, 0.02, 0.0, 3.32, 0.02, -0.05, -0.05, 0.0, 0.02, -0.05, 2.66, 7.76, 0.0, 0.0, 0.02, -0.05, -0.05, -0.05, -0.05, 0.02, -0.05]",0.0,Investigate
TLT_SERV_ON.png,toCheck_100016_00374s_TLT_SERV_ON.png,30736,Big,0.0,0.02,"[0.0, 0.0, 0.0, 0.0, 0.02, 0.0, 0.0, 0.0, 0.0, 0.0, 0.0, 0.0]",0.0,OK
TLT_STOP_ON.png,toCheck_100016_00374s_TLT_STOP_ON.png,22176,Big,0.0,0.0,"[0.0, 0.0, 0.0, 0.0, 0.0, 0.0, 0.0, 0.0]",0.0,OK
TLT_SERV_ON.png,toCheck_100016_00434s_TLT_SERV_ON.png,30736,Big,0.0,0.02,"[0.0, 0.0, 0.0, 0.0, 0.02, 0.0, 0.0, 0.0, 0.0, 0.0, 0.0, 0.0]",0.0,OK
FULL_ALTIA_WAKEUP.png,toCheck_100016_00364s_FULL_ALTIA_WAKEUP.png,1376640,Big,-0.05,7.76,"[0.02, 0.0, -0.05, 0.0, 0.0, -0.05, 0.0, -0.05, 0.0, 0.02, -0.05, 0.0, 0.0, 0.0, 0.0, 0.02, 0.02, 0.0, 3.32, 0.02, -0.05, -0.05, 0.0, 0.02, -0.05, 2.66, 7.76, 0.0, 0.0, 0.02, -0.05, -0.05, -0.05, -0.05, 0.02, -0.05]",0.0,Investigate
TLT_SERV_ON.png,toCheck_100017_00374s_TLT_SERV_ON.png,30736,Big,0.0,0.02,"[0.0, 0.0, 0.0, 0.0, 0.02, 0.0, 0.0, 0.0, 0.0, 0.0, 0.0, 0.0]",0.0,OK
TLT_STOP_ON.png,toCheck_100017_00374s_TLT_STOP_ON.png,22176,Big,0.0,0.0,"[0.0, 0.0, 0.0, 0.0, 0.0, 0.0, 0.0, 0.0]",0.0,OK
TLT_SERV_ON.png,toCheck_100017_00434s_TLT_SERV_ON.png,30736,Big,0.0,0.02,"[0.0, 0.0, 0.0, 0.0, 0.02, 0.0, 0.0, 0.0, 0.0, 0.0, 0.0, 0.0]",0.0,OK
FULL_ALTIA_WAKEUP.png,toCheck_100017_00364s_FULL_ALTIA_WAKEUP.png,1376640,Big,-0.05,7.76,"[0.02, 0.0, -0.05, 0.0, 0.0, -0.05, 0.0, -0.05, 0.0, 0.02, -0.05, 0.0, 0.0, 0.0, 0.0, 0.02, 0.02, 0.0, 3.32, 0.02, -0.05, -0.05, 0.0, 0.02, -0.05, 2.66, 7.76, 0.0, 0.0, 0.02, -0.05, -0.05, -0.05, -0.05, 0.02, -0.05]",0.0,Investigate
TLT_SERV_ON.png,toCheck_100018_00374s_TLT_SERV_ON.png,30736,Big,0.0,0.02,"[0.0, 0.0, 0.0, 0.0, 0.02, 0.0, 0.0, 0.0, 0.0, 0.0, 0.0, 0.0]",0.0,OK
TLT_STOP_ON.png,toCheck_100018_00374s_TLT_STOP_ON.png,22176,Big,0.0,0.0,"[0.0, 0.0, 0.0, 0.0, 0.0, 0.0, 0.0, 0.0]",0.0,OK
FULL_ALTIA_WAKEUP.png,toCheck_100018_00364s_FULL_ALTIA_WAKEUP.png,1376640,Big,-0.05,7.76,"[0.02, 0.0, -0.05, 0.0, 0.0, -0.05, 0.0, -0.05, 0.0, 0.02, -0.05, 0.0, 0.0, 0.0, 0.0, 0.02, 0.02, 0.0, 3.32, 0.02, -0.05, -0.05, 0.0, 0.02, -0.05, 2.66, 7.76, 0.0, 0.0, 0.02, -0.05, -0.05, -0.05, -0.05, 0.02, -0.05]",0.0,Investigate
TLT_SERV_ON.png,toCheck_100019_00374s_TLT_SERV_ON.png,30736,Big,0.0,0.02,"[0.0, 0.0, 0.0, 0.0, 0.02, 0.0, 0.0, 0.0, 0.0, 0.0, 0.0, 0.0]",0.0,OK
TLT_STOP_ON.png,toCheck_100019_00374s_TLT_STOP_ON.png,22176,Big,0.0,0.0,"[0.0, 0.0, 0.0, 0.0, 0.0, 0.0, 0.0, 0.0]",0.0,OK
FULL_ALTIA_WAKEUP.png,toCheck_100019_00364s_FULL_ALTIA_WAKEUP.png,1376640,Big,-0.05,7.76,"[0.02, 0.0, -0.05, 0.0, 0.0, -0.05, 0.0, -0.05, 0.0, 0.02, -0.05, 0.0, 0.0, 0.0, 0.0, 0.02, 0.02, 0.0, 3.32, 0.02, -0.05, -0.05, 0.0, 0.02, -0.05, 2.66, 7.76, 0.0, 0.0, 0.02, -0.05, -0.05, -0.05, -0.05, 0.02, -0.05]",0.0,Investigate
TLT_SERV_ON.png,toCheck_100020_00374s_TLT_SERV_ON.png,30736,Big,0.0,0.02,"[0.0, 0.0, 0.0, 0.0, 0.02, 0.0, 0.0, 0.0, 0.0, 0.0, 0.0, 0.0]",0.0,OK
TLT_STOP_ON.png,toCheck_100020_00374s_TLT_STOP_ON.png,22176,Big,0.0,0.0,"[0.0, 0.0, 0.0, 0.0, 0.0, 0.0, 0.0, 0.0]",0.0,OK
FULL_ALTIA_WAKEUP.png,toCheck_100020_00364s_FULL_ALTIA_WAKEUP.png,1376640,Big,-0.05,7.76,"[0.02, 0.0, -0.05, 0.0, 0.0, -0.05, 0.0, -0.05, 0.0, 0.02, -0.05, 0.0, 0.0, 0.0, 0.0, 0.02, 0.02, 0.0, 3.32, 0.02, -0.05, -0.05, 0.0, 0.02, -0.05, 2.66, 7.76, 0.0, 0.0, 0.02, -0.05, -0.05, -0.05, -0.05, 0.02, -0.05]",0.0,Investigate
TLT_SERV_ON.png,toCheck_100021_00374s_TLT_SERV_ON.png,30736,Big,0.0,0.02,"[0.0, 0.0, 0.0, 0.0, 0.02, 0.0, 0.0, 0.0, 0.0, 0.0, 0.0, 0.0]",0.0,OK
TLT_STOP_ON.png,toCheck_100021_00374s_TLT_STOP_ON.png,22176,Big,0.0,0.0,"[0.0, 0.0, 0.0, 0.0, 0.0, 0.0, 0.0, 0.0]",0.0,OK
FULL_ALTIA_WAKEUP.png,toCheck_100021_00364s_FULL_ALTIA_WAKEUP.png,1376640,Big,-0.05,7.76,"[0.02, 0.0, -0.05, 0.0, 0.0, -0.05, 0.0, -0.05, 0.0, 0.02, -0.05, 0.0, 0.0, 0.0, 0.0, 0.02, 0.02, 0.0, 3.32, 0.02, -0.05, -0.05, 0.0, 0.02, -0.05, 2.66, 7.76, 0.0, 0.0, 0.02, -0.05, -0.05, -0.05, -0.05, 0.02, -0.05]",0.0,Investigate
TLT_SERV_ON.png,toCheck_100022_00374s_TLT_SERV_ON.png,30736,Big,0.0,0.02,"[0.0, 0.0, 0.0, 0.0, 0.02, 0.0, 0.0, 0.0, 0.0, 0.0, 0.0, 0.0]",0.0,OK
TLT_STOP_ON.png,toCheck_100022_00374s_TLT_STOP_ON.png,22176,Big,0.0,0.0,"[0.0, 0.0, 0.0, 0.0, 0.0, 0.0, 0.0, 0.0]",0.0,OK
FULL_ALTIA_WAKEUP.png,toCheck_100022_00364s_FULL_ALTIA_WAKEUP.png,1376640,Big,-0.05,7.76,"[0.02, 0.0, -0.05, 0.0, 0.0, -0.05, 0.0, -0.05, 0.0, 0.02, -0.05, 0.0, 0.0, 0.0, 0.0, 0.02, 0.02, 0.0, 3.32, 0.02, -0.05, -0.05, 0.0, 0.02, -0.05, 2.66, 7.76, 0.0, 0.0, 0.02, -0.05, -0.05, -0.05, -0.05, 0.02, -0.05]",0.0,Investigate
TLT_SERV_ON.png,toCheck_100023_00374s_TLT_SERV_ON.png,30736,Big,0.0,0.02,"[0.0, 0.0, 0.0, 0.0, 0.02, 0.0, 0.0, 0.0, 0.0, 0.0, 0.0, 0.0]",0.0,OK
TLT_STOP_ON.png,toCheck_100023_00374s_TLT_STOP_ON.png,22176,Big,0.0,0.0,"[0.0, 0.0, 0.0, 0.0, 0.0, 0.0, 0.0, 0.0]",0.0,OK
TLT_SERV_ON.png,toCheck_100023_00434s_TLT_SERV_ON.png,30736,Big,0.0,0.02,"[0.0, 0.0, 0.0, 0.0, 0.02, 0.0, 0.0, 0.0, 0.0, 0.0, 0.0, 0.0]",0.0,OK
FULL_ALTIA_WAKEUP.png,toCheck_100023_00364s_FULL_ALTIA_WAKEUP.png,1376640,Big,-0.05,7.76,"[0.02, 0.0, -0.05, 0.0, 0.0, -0.05, 0.0, -0.05, 0.0, 0.02, -0.05, 0.0, 0.0, 0.0, 0.0, 0.02, 0.02, 0.0, 3.32, 0.02, -0.05, -0.05, 0.0, 0.02, -0.05, 2.66, 7.76, 0.0, 0.0, 0.02, -0.05, -0.05, -0.05, -0.05, 0.02, -0.05]",0.0,Investigate
TLT_SERV_ON.png,toCheck_100024_00374s_TLT_SERV_ON.png,30736,Big,0.0,0.93,"[0.0, 0.0, 0.0, 0.56, 0.02, 0.0, 0.0, 0.93, 0.0, 0.0, 0.0, 0.0]",0.0,OK
TLT_STOP_ON.png,toCheck_100024_00374s_TLT_STOP_ON.png,22176,Big,0.0,0.0,"[0.0, 0.0, 0.0, 0.0, 0.0, 0.0, 0.0, 0.0]",0.0,OK
TLT_SERV_ON.png,toCheck_100024_00434s_TLT_SERV_ON.png,30736,Big,0.0,0.93,"[0.0, 0.0, 0.0, 0.56, 0.02, 0.0, 0.0, 0.93, 0.0, 0.0, 0.0, 0.0]",0.0,OK
TLT_ODB_OFF.png,toCheck_100024_00325s_TLT_ODB_OFF.png,19456,Big,0.68,2.34,"[0.42, 0.29, 0.68, 2.34, 0.0, 0.0]",0.0,OK
FULL_ALTIA_WAKEUP.png,toCheck_100024_00364s_FULL_ALTIA_WAKEUP.png,1376640,Big,-0.05,7.76,"[0.02, 0.0, -0.05, 0.0, 0.0, -0.05, 0.0, -0.05, 0.0, 0.02, -0.05, 0.0, 0.0, 0.0, 0.0, 0.02, 0.02, 0.0, 5.03, 0.02, -0.05, -0.05, 0.0, 0.02, -0.05, 2.66, 7.76, 0.0, 0.0, 0.02, -0.05, -0.05, -0.05, -0.05, 0.02, -0.05]",0.0,Investigate
TLT_SERV_ON.png,toCheck_100025_00374s_TLT_SERV_ON.png,30736,Big,0.0,0.02,"[0.0, 0.0, 0.0, 0.0, 0.02, 0.0, 0.0, 0.0, 0.0, 0.0, 0.0, 0.0]",0.0,OK
TLT_STOP_ON.png,toCheck_100025_00374s_TLT_STOP_ON.png,22176,Big,0.0,0.0,"[0.0, 0.0, 0.0, 0.0, 0.0, 0.0, 0.0, 0.0]",0.0,OK
TLT_STOP_ON.png,toCheck_100025_00434s_TLT_STOP_ON.png,22176,Big,0.0,0.0,"[0.0, 0.0, 0.0, 0.0, 0.0, 0.0, 0.0, 0.0]",0.0,OK
FULL_ALTIA_WAKEUP.png,toCheck_100025_00364s_FULL_ALTIA_WAKEUP.png,1376640,Big,-0.05,7.76,"[0.02, 0.0, -0.05, 0.0, 0.0, -0.05, 0.0, -0.05, 0.0, 0.02, -0.05, 0.0, 0.0, 0.0, 0.0, 0.02, 0.02, 0.0, 3.32, 0.02, -0.05, -0.05, 0.0, 0.02, -0.05, 2.66, 7.76, 0.0, 0.0, 0.02, -0.05, -0.05, -0.05, -0.05, 0.02, -0.05]",0.0,Investigate
TLT_SERV_ON.png,toCheck_100026_00374s_TLT_SERV_ON.png,30736,Big,0.0,0.02,"[0.0, 0.0, 0.0, 0.0, 0.02, 0.0, 0.0, 0.0, 0.0, 0.0, 0.0, 0.0]",0.0,OK
TLT_STOP_ON.png,toCheck_100026_00374s_TLT_STOP_ON.png,22176,Big,0.0,0.0,"[0.0, 0.0, 0.0, 0.0, 0.0, 0.0, 0.0, 0.0]",0.0,OK
TLT_STOP_ON.png,toCheck_100026_00434s_TLT_STOP_ON.png,22176,Big,0.0,0.0,"[0.0, 0.0, 0.0, 0.0, 0.0, 0.0, 0.0, 0.0]",0.0,OK
FULL_ALTIA_WAKEUP.png,toCheck_100026_00364s_FULL_ALTIA_WAKEUP.png,1376640,Big,-0.05,7.76,"[0.02, 0.0, -0.05, 0.0, 0.0, -0.05, 0.0, -0.05, 0.0, 0.02, -0.05, 0.0, 0.0, 0.0, 0.0, 0.02, 0.02, 0.0, 3.32, 0.02, -0.05, -0.05, 0.0, 0.02, 2.32, 2.66, 7.76, 0.0, 0.0, 0.02, -0.05, -0.05, 2.76, 5.15, 0.02, -0.05]",0.0,Investigate
TLT_SERV_ON.png,toCheck_100027_00406s_TLT_SERV_ON.png,30736,Big,0.0,0.02,"[0.0, 0.0, 0.0, 0.0, 0.02, 0.0, 0.0, 0.0, 0.0, 0.0, 0.0, 0.0]",0.0,OK
TLT_STOP_ON.png,toCheck_100027_00406s_TLT_STOP_ON.png,22176,Big,0.0,0.0,"[0.0, 0.0, 0.0, 0.0, 0.0, 0.0, 0.0, 0.0]",0.0,OK
TLT_SERV_ON.png,toCheck_100027_00466s_TLT_SERV_ON.png,30736,Big,0.0,0.02,"[0.0, 0.0, 0.0, 0.0, 0.02, 0.0, 0.0, 0.0, 0.0, 0.0, 0.0, 0.0]",0.0,OK
FULL_ALTIA_WAKEUP.png,toCheck_100027_00396s_FULL_ALTIA_WAKEUP.png,1376640,Big,-0.05,7.76,"[0.02, 0.0, -0.05, 0.0, 0.0, -0.05, 0.0, -0.05, 0.0, 0.02, -0.05, 0.0, 0.0, 0.0, 0.0, 0.02, 0.02, 0.0, 3.32, 0.02, -0.05, -0.05, 0.0, 0.02, -0.05, 2.66, 7.76, 0.0, 0.0, 0.02, -0.05, -0.05, -0.05, -0.05, 0.02, -0.05]",0.0,Investigate
TLT_SERV_ON.png,toCheck_100028_00374s_TLT_SERV_ON.png,30736,Big,0.0,0.02,"[0.0, 0.0, 0.0, 0.0, 0.02, 0.0, 0.0, 0.0, 0.0, 0.0, 0.0, 0.0]",0.0,OK
TLT_STOP_ON.png,toCheck_100028_00374s_TLT_STOP_ON.png,22176,Big,0.0,0.0,"[0.0, 0.0, 0.0, 0.0, 0.0, 0.0, 0.0, 0.0]",0.0,OK
TLT_STOP_ON.png,toCheck_100028_00434s_TLT_STOP_ON.png,22176,Big,0.0,0.0,"[0.0, 0.0, 0.0, 0.0, 0.0, 0.0, 0.0, 0.0]",0.0,OK
FULL_ALTIA_WAKEUP.png,toCheck_100028_00364s_FULL_ALTIA_WAKEUP.png,1376640,Big,-0.05,7.76,"[0.02, 0.0, -0.05, 0.0, 0.0, -0.05, 0.0, -0.05, 0.0, 0.02, -0.05, 0.0, 0.0, 0.0, 0.0, 0.02, 0.02, 0.0, 3.32, 0.02, -0.05, -0.05, 0.0, 0.02, -0.05, 2.66, 7.76, 0.0, 0.0, 0.02, -0.05, -0.05, -0.05, -0.05, 0.02, -0.05]",0.0,Investigate
TLT_SERV_ON.png,toCheck_100029_00374s_TLT_SERV_ON.png,30736,Big,0.0,0.02,"[0.0, 0.0, 0.0, 0.0, 0.02, 0.0, 0.0, 0.0, 0.0, 0.0, 0.0, 0.0]",0.0,OK
TLT_STOP_ON.png,toCheck_100029_00374s_TLT_STOP_ON.png,22176,Big,0.0,0.0,"[0.0, 0.0, 0.0, 0.0, 0.0, 0.0, 0.0, 0.0]",0.0,OK
FULL_ALTIA_WAKEUP.png,toCheck_100029_00364s_FULL_ALTIA_WAKEUP.png,1376640,Big,-0.05,7.76,"[0.02, 0.0, -0.05, 0.0, 0.0, -0.05, 0.0, -0.05, 0.0, 0.02, -0.05, 0.0, 0.0, 0.0, 0.0, 0.02, 0.02, 0.0, 3.32, 0.02, -0.05, -0.05, 0.0, 0.02, -0.05, 2.66, 7.76, 0.0, 0.0, 0.02, -0.05, -0.05, -0.05, -0.05, 0.02, -0.05]",0.0,Investigate
TLT_SERV_ON.png,toCheck_100030_00374s_TLT_SERV_ON.png,30736,Big,0.0,0.02,"[0.0, 0.0, 0.0, 0.0, 0.02, 0.0, 0.0, 0.0, 0.0, 0.0, 0.0, 0.0]",0.0,OK
TLT_STOP_ON.png,toCheck_100030_00374s_TLT_STOP_ON.png,22176,Big,0.0,0.0,"[0.0, 0.0, 0.0, 0.0, 0.0, 0.0, 0.0, 0.0]",0.0,OK
TLT_SERV_ON.png,toCheck_100030_00434s_TLT_SERV_ON.png,30736,Big,0.0,0.02,"[0.0, 0.0, 0.0, 0.0, 0.02, 0.0, 0.0, 0.0, 0.0, 0.0, 0.0, 0.0]",0.0,OK
FULL_ALTIA_WAKEUP.png,toCheck_100030_00364s_FULL_ALTIA_WAKEUP.png,1376640,Big,-0.05,7.76,"[0.02, 0.0, -0.05, 0.0, 0.0, -0.05, 0.0, -0.05, 0.0, 0.02, -0.05, 0.0, 0.0, 0.0, 0.0, 0.02, 0.02, 0.0, 3.32, 0.02, -0.05, -0.05, 0.0, 0.02, -0.05, 2.66, 7.76, 0.0, 0.0, 0.02, -0.05, -0.05, -0.05, -0.05, 0.02, -0.05]",0.0,Investigate
TLT_SERV_ON.png,toCheck_100031_00374s_TLT_SERV_ON.png,30736,Big,0.0,0.02,"[0.0, 0.0, 0.0, 0.0, 0.02, 0.0, 0.0, 0.0, 0.0, 0.0, 0.0, 0.0]",0.0,OK
TLT_STOP_ON.png,toCheck_100031_00374s_TLT_STOP_ON.png,22176,Big,0.0,0.0,"[0.0, 0.0, 0.0, 0.0, 0.0, 0.0, 0.0, 0.0]",0.0,OK
FULL_ALTIA_WAKEUP.png,toCheck_100031_00364s_FULL_ALTIA_WAKEUP.png,1376640,Big,-0.05,7.76,"[0.02, 0.0, -0.05, 0.0, 0.0, -0.05, 0.0, -0.05, 0.0, 0.02, -0.05, 0.0, 0.0, 0.0, 0.0, 0.02, 0.02, 0.0, 3.32, 0.02, -0.05, -0.05, 0.0, 0.02, -0.05, 2.66, 7.76, 0.0, 0.0, 0.02, -0.05, -0.05, -0.05, -0.05, 0.02, -0.05]",0.0,Investigate
TLT_SERV_ON.png,toCheck_100032_00374s_TLT_SERV_ON.png,30736,Big,0.0,0.02,"[0.0, 0.0, 0.0, 0.0, 0.02, 0.0, 0.0, 0.0, 0.0, 0.0, 0.0, 0.0]",0.0,OK
TLT_STOP_ON.png,toCheck_100032_00374s_TLT_STOP_ON.png,22176,Big,0.0,0.0,"[0.0, 0.0, 0.0, 0.0, 0.0, 0.0, 0.0, 0.0]",0.0,OK
FULL_ALTIA_WAKEUP.png,toCheck_100032_00364s_FULL_ALTIA_WAKEUP.png,1376640,Big,-0.05,7.76,"[0.02, 0.0, -0.05, 0.0, 0.0, -0.05, 0.0, -0.05, 0.0, 0.02, -0.05, 0.0, 0.0, 0.0, 0.0, 0.02, 0.02, 0.0, 3.32, 0.02, -0.05, -0.05, 0.0, 0.02, -0.05, 2.66, 7.76, 0.0, 0.0, 0.02, -0.05, -0.05, -0.05, -0.05, 0.02, -0.05]",0.0,Investigate
TLT_SERV_ON.png,toCheck_100033_00374s_TLT_SERV_ON.png,30736,Big,0.0,0.02,"[0.0, 0.0, 0.0, 0.0, 0.02, 0.0, 0.0, 0.0, 0.0, 0.0, 0.0, 0.0]",0.0,OK
TLT_STOP_ON.png,toCheck_100033_00374s_TLT_STOP_ON.png,22176,Big,0.0,0.0,"[0.0, 0.0, 0.0, 0.0, 0.0, 0.0, 0.0, 0.0]",0.0,OK
TLT_SERV_ON.png,toCheck_100033_00434s_TLT_SERV_ON.png,30736,Big,0.0,0.02,"[0.0, 0.0, 0.0, 0.0, 0.02, 0.0, 0.0, 0.0, 0.0, 0.0, 0.0, 0.0]",0.0,OK
TLT_ESC_OFF.png,toCheck_100033_00325s_TLT_ESC_OFF.png,NA,NA,NA,0.02,"[0.0, 0.0, 0.0, 0.0, 0.02, 0.0, 0.0, 0.0, 0.0, 0.0, 0.0, 0.0]",12.83,Faulty
FULL_ALTIA_WAKEUP.png,toCheck_100033_00364s_FULL_ALTIA_WAKEUP.png,1376640,Big,-0.05,7.76,"[0.02, 0.0, -0.05, 0.0, 0.0, -0.05, 0.0, -0.05, 0.0, 0.02, -0.05, 0.0, 0.0, 0.0, 0.0, 0.02, 0.02, 0.0, 4.44, 0.02, -0.05, -0.05, 0.0, 0.02, -0.05, 2.66, 7.76, 0.0, 0.0, 0.02, -0.05, -0.05, -0.05, -0.05, 0.02, -0.05]",0.0,Investigate
TLT_SERV_ON.png,toCheck_100034_00374s_TLT_SERV_ON.png,30736,Big,0.0,0.02,"[0.0, 0.0, 0.0, 0.0, 0.02, 0.0, 0.0, 0.0, 0.0, 0.0, 0.0, 0.0]",0.0,OK
TLT_STOP_ON.png,toCheck_100034_00374s_TLT_STOP_ON.png,22176,Big,0.0,0.0,"[0.0, 0.0, 0.0, 0.0, 0.0, 0.0, 0.0, 0.0]",0.0,OK
FULL_ALTIA_WAKEUP.png,toCheck_100034_00364s_FULL_ALTIA_WAKEUP.png,1376640,Big,-0.05,7.76,"[0.02, 0.0, -0.05, 0.0, 0.0, -0.05, 0.0, -0.05, 0.0, 0.02, -0.05, 0.0, 0.0, 0.0, 0.0, 0.02, 0.02, 0.0, 4.93, 0.02, -0.05, -0.05, 0.0, 0.02, -0.05, 2.66, 7.76, 0.0, 0.0, 0.02, -0.05, -0.05, -0.05, -0.05, 0.02, -0.05]",0.0,Investigate
TLT_SERV_ON.png,toCheck_100035_00449s_TLT_SERV_ON.png,30736,Big,0.0,0.02,"[0.0, 0.0, 0.0, 0.0, 0.02, 0.0, 0.0, 0.0, 0.0, 0.0, 0.0, 0.0]",0.0,OK
TLT_STOP_ON.png,toCheck_100035_00449s_TLT_STOP_ON.png,22176,Big,0.0,0.0,"[0.0, 0.0, 0.0, 0.0, 0.0, 0.0, 0.0, 0.0]",0.0,OK
NO_ALERT.png,toCheck_100035_00614s_NO_ALERT.png,267388,Big,9.64,9.25,"[2.44, 9.25, 2.88, 1.42, 9.03, 1.54]",0.0,NOK
FULL_ALTIA_WAKEUP.png,toCheck_100035_00439s_FULL_ALTIA_WAKEUP.png,1376640,Big,-0.05,7.76,"[0.02, 0.0, -0.05, 0.0, 0.0, -0.05, 0.0, -0.05, 0.0, 0.02, -0.05, 0.0, 0.0, 0.0, 0.0, 0.02, 0.02, 0.0, 3.32, 0.02, -0.05, -0.05, 0.0, 0.02, -0.05, 2.66, 7.76, 0.0, 0.0, 0.02, -0.05, -0.05, -0.05, -0.05, 0.02, -0.05]",0.0,Investigate
TLT_SERV_ON.png,toCheck_100036_00374s_TLT_SERV_ON.png,30736,Big,0.0,0.02,"[0.0, 0.0, 0.0, 0.0, 0.02, 0.0, 0.0, 0.0, 0.0, 0.0, 0.0, 0.0]",0.0,OK
TLT_STOP_ON.png,toCheck_100036_00374s_TLT_STOP_ON.png,22176,Big,0.0,0.0,"[0.0, 0.0, 0.0, 0.0, 0.0, 0.0, 0.0, 0.0]",0.0,OK
TLT_SERV_ON.png,toCheck_100036_00434s_TLT_SERV_ON.png,30736,Big,0.0,0.02,"[0.0, 0.0, 0.0, 0.0, 0.02, 0.0, 0.0, 0.0, 0.0, 0.0, 0.0, 0.0]",0.0,OK
FULL_ALTIA_WAKEUP.png,toCheck_100036_00364s_FULL_ALTIA_WAKEUP.png,1376640,Big,-0.05,7.76,"[0.02, 0.0, -0.05, 0.0, 0.0, -0.05, 0.0, -0.05, 0.0, 0.02, -0.05, 0.0, 0.0, 0.0, 0.0, 0.02, 0.02, 0.0, 3.32, 0.02, -0.05, -0.05, 0.0, 0.02, -0.05, 2.66, 7.76, 0.0, 0.0, 0.02, -0.05, -0.05, -0.05, -0.05, 0.02, -0.05]",0.0,Investigate
TLT_NIVOCOD_ON.png,toCheck_100037_00374s_TLT_NIVOCOD_ON.png,NA,NA,NA,7.76,"[0.02, 0.0, -0.05, 0.0, 0.0, -0.05, 0.0, -0.05, 0.0, 0.02, -0.05, 0.0, 0.0, 0.0, 0.0, 0.02, 0.02, 0.0, 3.32, 0.02, -0.05, -0.05, 0.0, 0.02, -0.05, 2.66, 7.76, 0.0, 0.0, 0.02, -0.05, -0.05, -0.05, -0.05, 0.02, -0.05]",51.84,Faulty
TLT_SERV_ON.png,toCheck_100037_00374s_TLT_SERV_ON.png,30736,Big,0.0,0.02,"[0.0, 0.0, 0.0, 0.0, 0.02, 0.0, 0.0, 0.0, 0.0, 0.0, 0.0, 0.0]",0.0,OK
TLT_STOP_ON.png,toCheck_100037_00374s_TLT_STOP_ON.png,22176,Big,0.0,0.0,"[0.0, 0.0, 0.0, 0.0, 0.0, 0.0, 0.0, 0.0]",0.0,OK
TLT_NIVOCOD_OFF.png,toCheck_100037_00325s_TLT_NIVOCOD_OFF.png,NA,NA,NA,0.0,"[0.0, 0.0, 0.0, 0.0, 0.0, 0.0, 0.0, 0.0]",12.44,Faulty
FULL_ALTIA_WAKEUP.png,toCheck_100037_00364s_FULL_ALTIA_WAKEUP.png,1376640,Big,-0.05,7.76,"[0.02, 0.0, -0.05, 0.0, 0.0, -0.05, 0.0, -0.05, 0.0, 0.02, -0.05, 0.0, 0.0, 0.0, 0.0, 0.02, 0.02, 0.0, 3.32, 0.02, -0.05, -0.05, 0.0, 0.02, -0.05, 2.66, 7.76, 0.0, 0.0, 0.02, -0.05, -0.05, -0.05, -0.05, 0.02, -0.05]",0.0,Investigate
TLT_NIVOCOD_ON.png,toCheck_100038_00409s_TLT_NIVOCOD_ON.png,NA,NA,NA,7.76,"[0.02, 0.0, -0.05, 0.0, 0.0, -0.05, 0.0, -0.05, 0.0, 0.02, -0.05, 0.0, 0.0, 0.0, 0.0, 0.02, 0.02, 0.0, 3.32, 0.02, -0.05, -0.05, 0.0, 0.02, -0.05, 2.66, 7.76, 0.0, 0.0, 0.02, -0.05, -0.05, -0.05, -0.05, 0.02, -0.05]",51.84,Faulty
TLT_SERV_ON.png,toCheck_100038_00409s_TLT_SERV_ON.png,30736,Big,0.0,1.29,"[0.0, 0.0, 0.0, 1.29, 0.02, 0.0, 0.0, 1.0, 0.0, 0.0, 0.0, 0.0]",0.0,OK
TLT_STOP_ON.png,toCheck_100038_00409s_TLT_STOP_ON.png,22176,Big,0.0,0.0,"[0.0, 0.0, 0.0, 0.0, 0.0, 0.0, 0.0, 0.0]",0.0,OK
TLT_SERV_ON.png,toCheck_100038_00469s_TLT_SERV_ON.png,30736,Big,0.0,1.29,"[0.0, 0.0, 0.0, 1.29, 0.02, 0.0, 0.0, 1.0, 0.0, 0.0, 0.0, 0.0]",0.0,OK
TLT_NIVOCOD_OFF.png,toCheck_100038_00360s_TLT_NIVOCOD_OFF.png,NA,NA,NA,1.29,"[0.0, 0.0, 0.0, 1.29, 0.02, 0.0, 0.0, 1.0, 0.0, 0.0, 0.0, 0.0]",12.44,Faulty
FULL_ALTIA_WAKEUP.png,toCheck_100038_00399s_FULL_ALTIA_WAKEUP.png,1376640,Big,-0.05,7.91,"[0.02, 0.0, -0.05, 0.0, 0.0, -0.05, 0.0, -0.05, 0.0, 0.02, -0.05, 0.0, 0.0, 0.0, 0.0, 0.02, 0.02, 0.0, 7.91, 3.49, -0.05, -0.05, 0.0, 0.02, -0.05, 2.66, 7.76, 0.0, 0.0, 0.02, -0.05, -0.05, -0.05, -0.05, 0.02, -0.05]",0.0,Investigate
TLT_SERV_ON.png,toCheck_100039_00374s_TLT_SERV_ON.png,30736,Big,0.0,0.02,"[0.0, 0.0, 0.0, 0.0, 0.02, 0.0, 0.0, 0.0, 0.0, 0.0, 0.0, 0.0]",0.0,OK
TLT_STOP_ON.png,toCheck_100039_00374s_TLT_STOP_ON.png,22176,Big,0.0,0.0,"[0.0, 0.0, 0.0, 0.0, 0.0, 0.0, 0.0, 0.0]",0.0,OK
TLT_SERV_ON.png,toCheck_100039_00434s_TLT_SERV_ON.png,30736,Big,0.0,0.02,"[0.0, 0.0, 0.0, 0.0, 0.02, 0.0, 0.0, 0.0, 0.0, 0.0, 0.0, 0.0]",0.0,OK
FULL_ALTIA_WAKEUP.png,toCheck_100039_00364s_FULL_ALTIA_WAKEUP.png,1376640,Big,-0.05,7.76,"[0.02, 0.0, -0.05, 0.0, 0.0, -0.05, 0.0, -0.05, 0.0, 0.02, -0.05, 0.0, 0.0, 0.0, 0.0, 0.02, 0.02, 0.0, 3.32, 0.02, -0.05, -0.05, 0.0, 0.02, -0.05, 2.66, 7.76, 0.0, 0.0, 0.02, -0.05, -0.05, -0.05, -0.05, 0.02, -0.05]",0.0,Investigate
TLT_TPW_ON.png,toCheck_100040_00379s_TLT_TPW_ON.png,19456,Big,6.59,7.25,"[3.05, 3.39, 5.44, 7.25, 0.0, 0.0]",0.0,Investigate
TLT_TPW_OFF.png,toCheck_100040_00381s_TLT_TPW_OFF.png,19456,Big,6.59,7.25,"[3.05, 3.39, 5.44, 7.25, 0.0, 0.0]",0.0,Investigate
TLT_TPW_ON.png,toCheck_100040_00384s_TLT_TPW_ON.png,19456,Big,6.59,7.25,"[3.05, 3.39, 5.44, 7.25, 0.0, 0.0]",0.0,Investigate
TLT_TPW_OFF.png,toCheck_100040_00386s_TLT_TPW_OFF.png,19456,Big,6.59,7.25,"[3.05, 3.39, 5.44, 7.25, 0.0, 0.0]",0.0,Investigate
TLT_SERV_ON.png,toCheck_100040_00386s_TLT_SERV_ON.png,30736,Big,0.0,0.24,"[0.0, 0.0, 0.0, 0.24, 0.02, 0.0, 0.0, 0.24, 0.0, 0.0, 0.0, 0.0]",0.0,OK
TLT_STOP_ON.png,toCheck_100040_00386s_TLT_STOP_ON.png,22176,Big,0.0,0.0,"[0.0, 0.0, 0.0, 0.0, 0.0, 0.0, 0.0, 0.0]",0.0,OK
TLT_TPW_OFF.png,toCheck_100040_00446s_TLT_TPW_OFF.png,19456,Big,6.59,7.25,"[3.05, 3.39, 5.44, 7.25, 0.0, 0.0]",0.0,Investigate
TLT_TPW_ON.png,toCheck_100040_00449s_TLT_TPW_ON.png,19456,Big,6.59,7.25,"[3.05, 3.39, 5.44, 7.25, 0.0, 0.0]",0.0,Investigate
TLT_TPW_OFF.png,toCheck_100040_00451s_TLT_TPW_OFF.png,19456,Big,6.59,7.25,"[3.05, 3.39, 5.44, 7.25, 0.0, 0.0]",0.0,Investigate
TLT_TPW_ON.png,toCheck_100040_00454s_TLT_TPW_ON.png,19456,Big,6.59,7.25,"[3.05, 3.39, 5.44, 7.25, 0.0, 0.0]",0.0,Investigate
TLT_SERV_ON.png,toCheck_100040_00456s_TLT_SERV_ON.png,30736,Big,0.0,0.24,"[0.0, 0.0, 0.0, 0.24, 0.02, 0.0, 0.0, 0.24, 0.0, 0.0, 0.0, 0.0]",0.0,OK
TLT_TPW_OFF.png,toCheck_100040_00325s_TLT_TPW_OFF.png,NA,NA,NA,0.24,"[0.0, 0.0, 0.0, 0.24, 0.02, 0.0, 0.0, 0.24, 0.0, 0.0, 0.0, 0.0]",14.06,Faulty
TLT_TPW_OFF.png,toCheck_100040_00327s_TLT_TPW_OFF.png,NA,NA,NA,0.24,"[0.0, 0.0, 0.0, 0.24, 0.02, 0.0, 0.0, 0.24, 0.0, 0.0, 0.0, 0.0]",14.06,Faulty
FULL_ALTIA_WAKEUP.png,toCheck_100040_00369s_FULL_ALTIA_WAKEUP.png,1376640,Big,0.42,7.76,"[0.02, 0.0, -0.05, 0.0, 0.0, -0.05, 0.0, -0.05, 0.0, 0.02, -0.05, 0.0, 0.0, 0.0, 0.0, 0.02, 0.02, 0.0, 3.32, 0.02, 4.74, -0.05, 0.0, 0.02, -0.05, 2.66, 7.76, 0.0, 1.0, 6.35, -0.05, -0.05, -0.05, -0.05, 0.02, -0.05]",0.0,Investigate
TLT_SERV_ON.png,toCheck_100041_00374s_TLT_SERV_ON.png,30736,Big,0.0,0.24,"[0.0, 0.0, 0.0, 0.24, 0.02, 0.0, 0.0, 0.24, 0.0, 0.0, 0.0, 0.0]",0.0,OK
TLT_STOP_ON.png,toCheck_100041_00374s_TLT_STOP_ON.png,22176,Big,0.0,0.0,"[0.0, 0.0, 0.0, 0.0, 0.0, 0.0, 0.0, 0.0]",0.0,OK
TLT_SERV_OFF.png,toCheck_100041_00434s_TLT_SERV_OFF.png,30736,Big,0.02,3.81,"[0.0, -0.05, 0.02, 1.2, 0.02, 0.0, 0.0, 3.81, 0.0, 0.0, 0.0, 0.0]",0.0,Investigate
TLT_TPW_OFF.png,toCheck_100041_00325s_TLT_TPW_OFF.png,NA,NA,NA,3.81,"[0.0, -0.05, 0.02, 1.2, 0.02, 0.0, 0.0, 3.81, 0.0, 0.0, 0.0, 0.0]",14.06,Faulty
FULL_ALTIA_WAKEUP.png,toCheck_100041_00364s_FULL_ALTIA_WAKEUP.png,1376640,Big,-0.05,7.76,"[0.02, 0.0, -0.05, 0.0, 0.0, -0.05, 0.0, -0.05, 0.0, 0.02, -0.05, 0.0, 0.0, 0.0, 0.0, 0.02, 0.02, 0.0, 5.27, 0.02, -0.05, -0.05, 0.0, 0.02, -0.05, 2.66, 7.76, 0.0, 0.0, 0.02, -0.05, -0.05, -0.05, -0.05, 0.02, -0.05]",0.0,Investigate
TLT_SERV_ON.png,toCheck_100042_00374s_TLT_SERV_ON.png,30736,Big,0.0,0.24,"[0.0, 0.0, 0.0, 0.24, 0.02, 0.0, 0.0, 0.24, 0.0, 0.0, 0.0, 0.0]",0.0,OK
TLT_STOP_ON.png,toCheck_100042_00374s_TLT_STOP_ON.png,22176,Big,0.0,0.0,"[0.0, 0.0, 0.0, 0.0, 0.0, 0.0, 0.0, 0.0]",0.0,OK
TLT_SERV_OFF.png,toCheck_100042_00434s_TLT_SERV_OFF.png,30736,Big,0.02,3.81,"[0.0, -0.05, 0.02, 1.2, 0.02, 0.0, 0.0, 3.81, 0.0, 0.0, 0.0, 0.0]",0.0,Investigate
TLT_STOP_ON.png,toCheck_100042_00434s_TLT_STOP_ON.png,22176,Big,0.0,0.0,"[0.0, 0.0, 0.0, 0.0, 0.0, 0.0, 0.0, 0.0]",0.0,OK
TLT_TPW_OFF.png,toCheck_100042_00325s_TLT_TPW_OFF.png,NA,NA,NA,0.0,"[0.0, 0.0, 0.0, 0.0, 0.0, 0.0, 0.0, 0.0]",14.06,Faulty
FULL_ALTIA_WAKEUP.png,toCheck_100042_00364s_FULL_ALTIA_WAKEUP.png,1376640,Big,-0.05,7.76,"[0.02, 0.0, -0.05, 0.0, 0.0, -0.05, 0.0, -0.05, 0.0, 0.02, -0.05, 0.0, 0.0, 0.0, 0.0, 0.02, 0.02, 0.0, 5.27, 0.02, -0.05, -0.05, 0.0, 0.02, -0.05, 2.66, 7.76, 0.0, 0.0, 0.02, -0.05, -0.05, -0.05, -0.05, 0.02, -0.05]",0.0,Investigate
TLT_TPW_ON.png,toCheck_100043_00374s_TLT_TPW_ON.png,19456,Big,6.59,7.25,"[3.05, 3.39, 5.44, 7.25, 0.0, 0.0]",0.0,Investigate
TLT_TPW_OFF.png,toCheck_100043_00376s_TLT_TPW_OFF.png,19456,Big,6.59,7.25,"[3.05, 3.39, 5.44, 7.25, 0.0, 0.0]",0.0,Investigate
TLT_TPW_ON.png,toCheck_100043_00379s_TLT_TPW_ON.png,19456,Big,6.59,7.25,"[3.05, 3.39, 5.44, 7.25, 0.0, 0.0]",0.0,Investigate
TLT_TPW_OFF.png,toCheck_100043_00381s_TLT_TPW_OFF.png,19456,Big,6.59,7.25,"[3.05, 3.39, 5.44, 7.25, 0.0, 0.0]",0.0,Investigate
TLT_SERV_ON.png,toCheck_100043_00381s_TLT_SERV_ON.png,30736,Big,0.0,0.24,"[0.0, 0.0, 0.0, 0.24, 0.02, 0.0, 0.0, 0.24, 0.0, 0.0, 0.0, 0.0]",0.0,OK
TLT_STOP_ON.png,toCheck_100043_00381s_TLT_STOP_ON.png,22176,Big,0.0,0.0,"[0.0, 0.0, 0.0, 0.0, 0.0, 0.0, 0.0, 0.0]",0.0,OK
TLT_SERV_OFF.png,toCheck_100043_00441s_TLT_SERV_OFF.png,30736,Big,0.02,3.81,"[0.0, -0.05, 0.02, 1.2, 0.02, 0.0, 0.0, 3.81, 0.0, 0.0, 0.0, 0.0]",0.0,Investigate
TLT_TPW_OFF.png,toCheck_100043_00325s_TLT_TPW_OFF.png,NA,NA,NA,3.81,"[0.0, -0.05, 0.02, 1.2, 0.02, 0.0, 0.0, 3.81, 0.0, 0.0, 0.0, 0.0]",14.06,Faulty
FULL_ALTIA_WAKEUP.png,toCheck_100043_00364s_FULL_ALTIA_WAKEUP.png,1376640,Big,-0.05,7.76,"[0.02, 0.0, -0.05, 0.0, 0.0, -0.05, 0.0, -0.05, 0.0, 0.02, -0.05, 0.0, 0.0, 0.0, 0.0, 0.02, 0.02, 0.0, 3.32, 0.02, -0.05, -0.05, 0.0, 0.02, -0.05, 2.66, 7.76, 0.0, 0.0, 0.02, -0.05, -0.05, -0.05, -0.05, 0.02, -0.05]",0.0,Investigate
TLT_SERV_ON.png,toCheck_100044_00374s_TLT_SERV_ON.png,30736,Big,0.0,0.24,"[0.0, 0.0, 0.0, 0.24, 0.02, 0.0, 0.0, 0.24, 0.0, 0.0, 0.0, 0.0]",0.0,OK
TLT_STOP_ON.png,toCheck_100044_00374s_TLT_STOP_ON.png,22176,Big,0.0,0.0,"[0.0, 0.0, 0.0, 0.0, 0.0, 0.0, 0.0, 0.0]",0.0,OK
TLT_SERV_OFF.png,toCheck_100044_00434s_TLT_SERV_OFF.png,30736,Big,0.02,3.81,"[0.0, -0.05, 0.02, 1.2, 0.02, 0.0, 0.0, 3.81, 0.0, 0.0, 0.0, 0.0]",0.0,Investigate
TLT_TPW_OFF.png,toCheck_100044_00325s_TLT_TPW_OFF.png,NA,NA,NA,3.81,"[0.0, -0.05, 0.02, 1.2, 0.02, 0.0, 0.0, 3.81, 0.0, 0.0, 0.0, 0.0]",14.06,Faulty
FULL_ALTIA_WAKEUP.png,toCheck_100044_00364s_FULL_ALTIA_WAKEUP.png,1376640,Big,-0.05,7.76,"[0.02, 0.0, -0.05, 0.0, 0.0, -0.05, 0.0, -0.05, 0.0, 0.02, -0.05, 0.0, 0.0, 0.0, 0.0, 0.02, 0.02, 0.0, 5.27, 0.02, -0.05, -0.05, 0.0, 0.02, -0.05, 2.66, 7.76, 0.0, 0.0, 0.02, -0.05, -0.05, -0.05, -0.05, 0.02, -0.05]",0.0,Investigate
TLT_TPW_ON.png,toCheck_100045_00379s_TLT_TPW_ON.png,19456,Big,6.59,7.25,"[3.05, 3.39, 5.44, 7.25, 0.0, 0.0]",0.0,Investigate
TLT_TPW_OFF.png,toCheck_100045_00381s_TLT_TPW_OFF.png,19456,Big,6.59,7.25,"[3.05, 3.39, 5.44, 7.25, 0.0, 0.0]",0.0,Investigate
TLT_TPW_ON.png,toCheck_100045_00384s_TLT_TPW_ON.png,19456,Big,6.59,7.25,"[3.05, 3.39, 5.44, 7.25, 0.0, 0.0]",0.0,Investigate
TLT_TPW_OFF.png,toCheck_100045_00386s_TLT_TPW_OFF.png,19456,Big,6.59,7.25,"[3.05, 3.39, 5.44, 7.25, 0.0, 0.0]",0.0,Investigate
TLT_SERV_ON.png,toCheck_100045_00386s_TLT_SERV_ON.png,30736,Big,0.0,0.24,"[0.0, 0.0, 0.0, 0.24, 0.02, 0.0, 0.0, 0.24, 0.0, 0.0, 0.0, 0.0]",0.0,OK
TLT_STOP_ON.png,toCheck_100045_00386s_TLT_STOP_ON.png,22176,Big,0.0,0.0,"[0.0, 0.0, 0.0, 0.0, 0.0, 0.0, 0.0, 0.0]",0.0,OK
TLT_TPW_OFF.png,toCheck_100045_00446s_TLT_TPW_OFF.png,19456,Big,6.59,7.25,"[3.05, 3.39, 5.44, 7.25, 0.0, 0.0]",0.0,Investigate
TLT_TPW_ON.png,toCheck_100045_00449s_TLT_TPW_ON.png,19456,Big,6.59,7.25,"[3.05, 3.39, 5.44, 7.25, 0.0, 0.0]",0.0,Investigate
TLT_TPW_OFF.png,toCheck_100045_00451s_TLT_TPW_OFF.png,19456,Big,6.59,7.25,"[3.05, 3.39, 5.44, 7.25, 0.0, 0.0]",0.0,Investigate
TLT_TPW_ON.png,toCheck_100045_00454s_TLT_TPW_ON.png,19456,Big,6.59,7.25,"[3.05, 3.39, 5.44, 7.25, 0.0, 0.0]",0.0,Investigate
TLT_SERV_ON.png,toCheck_100045_00456s_TLT_SERV_ON.png,30736,Big,0.0,0.24,"[0.0, 0.0, 0.0, 0.24, 0.02, 0.0, 0.0, 0.24, 0.0, 0.0, 0.0, 0.0]",0.0,OK
TLT_TPW_OFF.png,toCheck_100045_00325s_TLT_TPW_OFF.png,NA,NA,NA,0.24,"[0.0, 0.0, 0.0, 0.24, 0.02, 0.0, 0.0, 0.24, 0.0, 0.0, 0.0, 0.0]",14.06,Faulty
TLT_TPW_OFF.png,toCheck_100045_00327s_TLT_TPW_OFF.png,NA,NA,NA,0.24,"[0.0, 0.0, 0.0, 0.24, 0.02, 0.0, 0.0, 0.24, 0.0, 0.0, 0.0, 0.0]",14.06,Faulty
FULL_ALTIA_WAKEUP.png,toCheck_100045_00369s_FULL_ALTIA_WAKEUP.png,1376640,Big,0.42,7.76,"[0.02, 0.0, -0.05, 0.0, 0.0, -0.05, 0.0, -0.05, 0.0, 0.02, -0.05, 0.0, 0.0, 0.0, 0.0, 0.02, 0.02, 0.0, 3.32, 0.02, 4.74, -0.05, 0.0, 0.02, -0.05, 2.66, 7.76, 0.0, 1.0, 6.35, -0.05, -0.05, -0.05, -0.05, 0.02, -0.05]",0.0,Investigate
TLT_TPW_ON.png,toCheck_100046_00374s_TLT_TPW_ON.png,19456,Big,6.59,7.25,"[3.05, 3.39, 5.44, 7.25, 0.0, 0.0]",0.0,Investigate
TLT_TPW_OFF.png,toCheck_100046_00376s_TLT_TPW_OFF.png,19456,Big,6.59,7.25,"[3.05, 3.39, 5.44, 7.25, 0.0, 0.0]",0.0,Investigate
TLT_TPW_ON.png,toCheck_100046_00379s_TLT_TPW_ON.png,19456,Big,6.59,7.25,"[3.05, 3.39, 5.44, 7.25, 0.0, 0.0]",0.0,Investigate
TLT_TPW_OFF.png,toCheck_100046_00381s_TLT_TPW_OFF.png,19456,Big,6.59,7.25,"[3.05, 3.39, 5.44, 7.25, 0.0, 0.0]",0.0,Investigate
TLT_SERV_ON.png,toCheck_100046_00381s_TLT_SERV_ON.png,30736,Big,0.0,0.24,"[0.0, 0.0, 0.0, 0.24, 0.02, 0.0, 0.0, 0.24, 0.0, 0.0, 0.0, 0.0]",0.0,OK
TLT_STOP_ON.png,toCheck_100046_00381s_TLT_STOP_ON.png,22176,Big,0.0,0.0,"[0.0, 0.0, 0.0, 0.0, 0.0, 0.0, 0.0, 0.0]",0.0,OK
TLT_TPW_OFF.png,toCheck_100046_00441s_TLT_TPW_OFF.png,19456,Big,6.59,7.25,"[3.05, 3.39, 5.44, 7.25, 0.0, 0.0]",0.0,Investigate
TLT_TPW_ON.png,toCheck_100046_00444s_TLT_TPW_ON.png,19456,Big,6.59,7.25,"[3.05, 3.39, 5.44, 7.25, 0.0, 0.0]",0.0,Investigate
TLT_TPW_OFF.png,toCheck_100046_00446s_TLT_TPW_OFF.png,19456,Big,6.59,7.25,"[3.05, 3.39, 5.44, 7.25, 0.0, 0.0]",0.0,Investigate
TLT_TPW_ON.png,toCheck_100046_00449s_TLT_TPW_ON.png,19456,Big,6.59,7.25,"[3.05, 3.39, 5.44, 7.25, 0.0, 0.0]",0.0,Investigate
TLT_SERV_OFF.png,toCheck_100046_00451s_TLT_SERV_OFF.png,30736,Big,0.02,3.81,"[0.0, -0.05, 0.02, 1.2, 0.02, 0.0, 0.0, 3.81, 0.0, 0.0, 0.0, 0.0]",0.0,Investigate
TLT_TPW_OFF.png,toCheck_100046_00325s_TLT_TPW_OFF.png,NA,NA,NA,3.81,"[0.0, -0.05, 0.02, 1.2, 0.02, 0.0, 0.0, 3.81, 0.0, 0.0, 0.0, 0.0]",14.06,Faulty
FULL_ALTIA_WAKEUP.png,toCheck_100046_00364s_FULL_ALTIA_WAKEUP.png,1376640,Big,-0.05,7.76,"[0.02, 0.0, -0.05, 0.0, 0.0, -0.05, 0.0, -0.05, 0.0, 0.02, -0.05, 0.0, 0.0, 0.0, 0.0, 0.02, 0.02, 0.0, 3.32, 0.02, -0.05, -0.05, 0.0, 0.02, -0.05, 2.66, 7.76, 0.0, 0.0, 0.02, -0.05, -0.05, -0.05, -0.05, 0.02, -0.05]",0.0,Investigate
TLT_SERV_ON.png,toCheck_100047_00374s_TLT_SERV_ON.png,30736,Big,0.0,0.02,"[0.0, 0.0, 0.0, 0.0, 0.02, 0.0, 0.0, 0.0, 0.0, 0.0, 0.0, 0.0]",0.0,OK
TLT_STOP_ON.png,toCheck_100047_00374s_TLT_STOP_ON.png,22176,Big,0.0,0.0,"[0.0, 0.0, 0.0, 0.0, 0.0, 0.0, 0.0, 0.0]",0.0,OK
TLT_SERV_ON.png,toCheck_100047_00434s_TLT_SERV_ON.png,30736,Big,0.0,0.02,"[0.0, 0.0, 0.0, 0.0, 0.02, 0.0, 0.0, 0.0, 0.0, 0.0, 0.0, 0.0]",0.0,OK
FULL_ALTIA_WAKEUP.png,toCheck_100047_00364s_FULL_ALTIA_WAKEUP.png,1376640,Big,-0.05,7.76,"[0.02, 0.0, -0.05, 0.0, 0.0, -0.05, 0.0, -0.05, 0.0, 0.02, -0.05, 0.0, 0.0, 0.0, 0.0, 0.02, 0.02, 0.0, 3.32, 0.02, -0.05, -0.05, 0.0, 0.02, -0.05, 2.66, 7.76, 0.0, 0.0, 0.02, -0.05, -0.05, -0.05, -0.05, 0.02, -0.05]",0.0,Investigate
TLT_SERV_ON.png,toCheck_100049_00514s_TLT_SERV_ON.png,30736,Big,0.0,0.02,"[0.0, 0.0, 0.0, 0.0, 0.02, 0.0, 0.0, 0.0, 0.0, 0.0, 0.0, 0.0]",0.0,OK
TLT_STOP_ON.png,toCheck_100049_00514s_TLT_STOP_ON.png,22176,Big,0.0,0.0,"[0.0, 0.0, 0.0, 0.0, 0.0, 0.0, 0.0, 0.0]",0.0,OK
TLT_STOP_ON.png,toCheck_100049_00574s_TLT_STOP_ON.png,22176,Big,0.0,0.0,"[0.0, 0.0, 0.0, 0.0, 0.0, 0.0, 0.0, 0.0]",0.0,OK
FULL_ALTIA_WAKEUP.png,toCheck_100049_00504s_FULL_ALTIA_WAKEUP.png,1376640,Big,-0.05,7.76,"[0.02, 0.0, -0.05, 0.0, 0.0, -0.05, 0.0, -0.05, 0.0, 0.02, -0.05, 0.0, 0.0, 0.0, 0.0, 0.02, 0.02, 0.0, 3.32, 0.02, -0.05, -0.05, 0.0, 0.02, -0.05, 2.66, 7.76, 0.0, 0.0, 0.02, -0.05, -0.05, -0.05, -0.05, 0.02, -0.05]",0.0,Investigate
TLT_SERV_ON.png,toCheck_100050_00374s_TLT_SERV_ON.png,30736,Big,0.0,0.02,"[0.0, 0.0, 0.0, 0.0, 0.02, 0.0, 0.0, 0.0, 0.0, 0.0, 0.0, 0.0]",0.0,OK
TLT_STOP_ON.png,toCheck_100050_00374s_TLT_STOP_ON.png,22176,Big,0.0,0.0,"[0.0, 0.0, 0.0, 0.0, 0.0, 0.0, 0.0, 0.0]",0.0,OK
FULL_ALTIA_WAKEUP.png,toCheck_100050_00364s_FULL_ALTIA_WAKEUP.png,1376640,Big,-0.05,7.76,"[0.02, 0.0, -0.05, 0.0, 0.0, -0.05, 0.0, -0.05, 0.0, 0.02, -0.05, 0.0, 0.0, 0.0, 0.0, 0.02, 0.02, 0.0, 3.32, 0.02, -0.05, -0.05, 0.0, 0.02, -0.05, 2.66, 7.76, 0.0, 0.0, 0.02, -0.05, -0.05, -0.05, -0.05, 0.02, -0.05]",0.0,Investigate
TLT_WASHER_ON.png,toCheck_100051_00774s_TLT_WASHER_ON.png,NA,NA,NA,7.76,"[0.02, 0.0, -0.05, 0.0, 0.0, -0.05, 0.0, -0.05, 0.0, 0.02, -0.05, 0.0, 0.0, 0.0, 0.0, 0.02, 0.02, 0.0, 3.32, 0.02, -0.05, -0.05, 0.0, 0.02, -0.05, 2.66, 7.76, 0.0, 0.0, 0.02, -0.05, -0.05, -0.05, -0.05, 0.02, -0.05]",15.75,Faulty
TLT_SERV_ON.png,toCheck_100051_00774s_TLT_SERV_ON.png,30736,Big,0.0,0.56,"[0.0, 0.0, 0.0, 0.15, 0.02, 0.0, 0.0, 0.56, 0.0, 0.0, 0.0, 0.0]",0.0,OK
TLT_STOP_ON.png,toCheck_100051_00774s_TLT_STOP_ON.png,22176,Big,0.0,0.0,"[0.0, 0.0, 0.0, 0.0, 0.0, 0.0, 0.0, 0.0]",0.0,OK
TLT_SERV_OFF.png,toCheck_100051_00834s_TLT_SERV_OFF.png,30736,Big,0.02,2.56,"[0.0, -0.05, 0.02, 1.03, 0.02, 0.0, 0.0, 2.56, 0.0, 0.0, 0.0, 0.0]",0.0,OK
FULL_ALTIA_WAKEUP.png,toCheck_100051_00764s_FULL_ALTIA_WAKEUP.png,1376640,Big,-0.05,7.76,"[0.02, 0.0, -0.05, 0.0, 0.0, -0.05, 0.0, -0.05, 0.0, 0.02, -0.05, 0.0, 0.0, 0.0, 0.0, 0.02, 0.02, 0.0, 4.86, 0.02, -0.05, -0.05, 0.0, 0.02, -0.05, 2.66, 7.76, 0.0, 0.0, 0.02, -0.05, -0.05, -0.05, -0.05, 0.02, -0.05]",0.0,Investigate
TLT_SERV_ON.png,toCheck_100052_00374s_TLT_SERV_ON.png,30736,Big,0.0,0.02,"[0.0, 0.0, 0.0, 0.0, 0.02, 0.0, 0.0, 0.0, 0.0, 0.0, 0.0, 0.0]",0.0,OK
TLT_STOP_ON.png,toCheck_100052_00374s_TLT_STOP_ON.png,22176,Big,0.0,0.0,"[0.0, 0.0, 0.0, 0.0, 0.0, 0.0, 0.0, 0.0]",0.0,OK
TLT_SERV_ON.png,toCheck_100052_00434s_TLT_SERV_ON.png,30736,Big,0.0,0.02,"[0.0, 0.0, 0.0, 0.0, 0.02, 0.0, 0.0, 0.0, 0.0, 0.0, 0.0, 0.0]",0.0,OK
FULL_ALTIA_WAKEUP.png,toCheck_100052_00364s_FULL_ALTIA_WAKEUP.png,1376640,Big,-0.05,7.76,"[0.02, 0.0, -0.05, 0.0, 0.0, -0.05, 0.0, -0.05, 0.0, 0.02, -0.05, 0.0, 0.0, 0.0, 0.0, 0.02, 0.02, 0.0, 3.32, 0.02, -0.05, -0.05, 0.0, 0.02, -0.05, 2.66, 7.76, 0.0, 0.0, 0.02, -0.05, -0.05, -0.05, -0.05, 0.02, -0.05]",0.0,Investigate
TLT_SERV_ON.png,toCheck_100053_00409s_TLT_SERV_ON.png,30736,Big,0.0,0.02,"[0.0, 0.0, 0.0, 0.0, 0.02, 0.0, 0.0, 0.0, 0.0, 0.0, 0.0, 0.0]",0.0,OK
TLT_STOP_ON.png,toCheck_100053_00409s_TLT_STOP_ON.png,22176,Big,0.0,0.0,"[0.0, 0.0, 0.0, 0.0, 0.0, 0.0, 0.0, 0.0]",0.0,OK
TLT_SERV_ON.png,toCheck_100053_00469s_TLT_SERV_ON.png,30736,Big,0.0,0.02,"[0.0, 0.0, 0.0, 0.0, 0.02, 0.0, 0.0, 0.0, 0.0, 0.0, 0.0, 0.0]",0.0,OK
FULL_ALTIA_WAKEUP.png,toCheck_100053_00399s_FULL_ALTIA_WAKEUP.png,1376640,Big,-0.05,7.76,"[0.02, 0.0, -0.05, 0.0, 0.0, -0.05, 0.0, -0.05, 0.0, 0.02, -0.05, 0.0, 0.0, 0.0, 0.0, 0.02, 0.02, 0.0, 4.66, 0.02, -0.05, -0.05, 0.0, 0.02, -0.05, 2.66, 7.76, 0.0, 0.0, 0.02, -0.05, -0.05, -0.05, -0.05, 0.02, -0.05]",0.0,Investigate
TLT_SERV_ON.png,toCheck_100054_00374s_TLT_SERV_ON.png,30736,Big,0.0,0.02,"[0.0, 0.0, 0.0, 0.0, 0.02, 0.0, 0.0, 0.0, 0.0, 0.0, 0.0, 0.0]",0.0,OK
TLT_STOP_ON.png,toCheck_100054_00374s_TLT_STOP_ON.png,22176,Big,0.0,0.0,"[0.0, 0.0, 0.0, 0.0, 0.0, 0.0, 0.0, 0.0]",0.0,OK
FULL_ALTIA_WAKEUP.png,toCheck_100054_00364s_FULL_ALTIA_WAKEUP.png,1376640,Big,-0.05,7.76,"[0.02, 0.0, -0.05, 0.0, 0.0, -0.05, 0.0, -0.05, 0.0, 0.02, -0.05, 0.0, 0.0, 0.0, 0.0, 0.02, 0.02, 0.0, 3.32, 0.02, -0.05, -0.05, 0.0, 0.02, -0.05, 2.66, 7.76, 0.0, 0.0, 0.02, -0.05, -0.05, -0.05, -0.05, 0.02, -0.05]",0.0,Investigate
TLT_SERV_ON.png,toCheck_100055_00374s_TLT_SERV_ON.png,30736,Big,0.0,0.02,"[0.0, 0.0, 0.0, 0.0, 0.02, 0.0, 0.0, 0.0, 0.0, 0.0, 0.0, 0.0]",0.0,OK
TLT_STOP_ON.png,toCheck_100055_00374s_TLT_STOP_ON.png,22176,Big,0.0,0.0,"[0.0, 0.0, 0.0, 0.0, 0.0, 0.0, 0.0, 0.0]",0.0,OK
FULL_ALTIA_WAKEUP.png,toCheck_100055_00364s_FULL_ALTIA_WAKEUP.png,1376640,Big,-0.05,7.76,"[0.02, 0.0, -0.05, 0.0, 0.0, -0.05, 0.0, -0.05, 0.0, 0.02, -0.05, 0.0, 0.0, 0.0, 0.0, 0.02, 0.02, 0.0, 3.32, 0.02, -0.05, -0.05, 0.0, 0.02, -0.05, 2.66, 7.76, 0.0, 0.0, 0.02, -0.05, -0.05, -0.05, -0.05, 0.02, -0.05]",0.0,Investigate
TLT_SERV_ON.png,toCheck_100056_00374s_TLT_SERV_ON.png,30736,Big,0.0,0.02,"[0.0, 0.0, 0.0, 0.0, 0.02, 0.0, 0.0, 0.0, 0.0, 0.0, 0.0, 0.0]",0.0,OK
TLT_STOP_ON.png,toCheck_100056_00374s_TLT_STOP_ON.png,22176,Big,0.0,0.0,"[0.0, 0.0, 0.0, 0.0, 0.0, 0.0, 0.0, 0.0]",0.0,OK
FULL_ALTIA_WAKEUP.png,toCheck_100056_00364s_FULL_ALTIA_WAKEUP.png,1376640,Big,-0.05,7.76,"[0.02, 0.0, -0.05, 0.0, 0.0, -0.05, 0.0, -0.05, 0.0, 0.02, -0.05, 0.0, 0.0, 0.0, 0.0, 0.02, 0.02, 0.0, 3.32, 0.02, -0.05, -0.05, 0.0, 0.02, -0.05, 2.66, 7.76, 0.0, 0.0, 0.02, -0.05, -0.05, -0.05, -0.05, 0.02, -0.05]",0.0,Investigate
TLT_SERV_ON.png,toCheck_100057_00374s_TLT_SERV_ON.png,30736,Big,0.0,0.02,"[0.0, 0.0, 0.0, 0.0, 0.02, 0.0, 0.0, 0.0, 0.0, 0.0, 0.0, 0.0]",0.0,OK
TLT_STOP_ON.png,toCheck_100057_00374s_TLT_STOP_ON.png,22176,Big,0.0,0.0,"[0.0, 0.0, 0.0, 0.0, 0.0, 0.0, 0.0, 0.0]",0.0,OK
FULL_ALTIA_WAKEUP.png,toCheck_100057_00364s_FULL_ALTIA_WAKEUP.png,1376640,Big,-0.05,7.76,"[0.02, 0.0, -0.05, 0.0, 0.0, -0.05, 0.0, -0.05, 0.0, 0.02, -0.05, 0.0, 0.0, 0.0, 0.0, 0.02, 0.02, 0.0, 3.32, 0.02, -0.05, -0.05, 0.0, 0.02, -0.05, 2.66, 7.76, 0.0, 0.0, 0.02, -0.05, -0.05, -0.05, -0.05, 0.02, -0.05]",0.0,Investigate
TLT_SERV_ON.png,toCheck_100058_00374s_TLT_SERV_ON.png,30736,Big,0.0,0.02,"[0.0, 0.0, 0.0, 0.0, 0.02, 0.0, 0.0, 0.0, 0.0, 0.0, 0.0, 0.0]",0.0,OK
TLT_STOP_ON.png,toCheck_100058_00374s_TLT_STOP_ON.png,22176,Big,0.0,0.0,"[0.0, 0.0, 0.0, 0.0, 0.0, 0.0, 0.0, 0.0]",0.0,OK
FULL_ALTIA_WAKEUP.png,toCheck_100058_00364s_FULL_ALTIA_WAKEUP.png,1376640,Big,-0.05,7.76,"[0.02, 0.0, -0.05, 0.0, 0.0, -0.05, 0.0, -0.05, 0.0, 0.02, -0.05, 0.0, 0.0, 0.0, 0.0, 0.02, 0.02, 0.0, 3.32, 0.02, -0.05, -0.05, 0.0, 0.02, -0.05, 2.66, 7.76, 0.0, 0.0, 0.02, -0.05, -0.05, -0.05, -0.05, 0.02, -0.05]",0.0,Investigate
TLT_SERV_ON.png,toCheck_100059_00374s_TLT_SERV_ON.png,30736,Big,0.0,0.02,"[0.0, 0.0, 0.0, 0.0, 0.02, 0.0, 0.0, 0.0, 0.0, 0.0, 0.0, 0.0]",0.0,OK
TLT_STOP_ON.png,toCheck_100059_00374s_TLT_STOP_ON.png,22176,Big,0.0,0.0,"[0.0, 0.0, 0.0, 0.0, 0.0, 0.0, 0.0, 0.0]",0.0,OK
TLT_SERV_ON.png,toCheck_100059_00434s_TLT_SERV_ON.png,30736,Big,0.0,0.02,"[0.0, 0.0, 0.0, 0.0, 0.02, 0.0, 0.0, 0.0, 0.0, 0.0, 0.0, 0.0]",0.0,OK
FULL_ALTIA_WAKEUP.png,toCheck_100059_00364s_FULL_ALTIA_WAKEUP.png,1376640,Big,-0.05,7.76,"[0.02, 0.0, -0.05, 0.0, 0.0, -0.05, 0.0, -0.05, 0.0, 0.02, -0.05, 0.0, 0.0, 0.0, 0.0, 0.02, 0.02, 0.0, 3.32, 0.02, -0.05, -0.05, 0.0, 0.02, -0.05, 2.66, 7.76, 0.0, 0.0, 0.02, -0.05, -0.05, -0.05, -0.05, 0.02, -0.05]",0.0,Investigate
TXTALT_20204_4_FR.png,toCheck_100000_00638s_TXTALT_20204_4_FR.png,267388,Big,0.12,1.34,"[0.1, 0.88, 0.34, 1.34, 0.81, 0.27]",0.0,OK
DPF_TXTMSG_20204_9_FR.png,toCheck_100000_00683s_DPF_TXTMSG_20204_9_FR.png,267388,Big,0.76,3.1,"[0.0, 0.0, 3.1, -0.05, 0.0, 0.61]",0.0,Investigate
TXTALT_20204_4_FR.png,toCheck_100000_00693s_TXTALT_20204_4_FR.png,267388,Big,0.27,1.78,"[0.12, 0.93, 0.42, 1.64, 1.78, 1.51]",0.0,OK
TLT_DPF_OFF.png,toCheck_100000_00693s_TLT_DPF_OFF.png,19456,Big,5.05,5.76,"[3.34, 2.25, 5.57, 5.76, 0.0, 0.0]",0.0,Investigate
TLT_DPF_ON.png,toCheck_100000_00698s_TLT_DPF_ON.png,19456,Big,5.05,5.76,"[3.34, 2.25, 5.57, 5.76, 0.0, 0.0]",0.0,Investigate
TXTALT_20204_4_FR.png,toCheck_100001_00643s_TXTALT_20204_4_FR.png,267388,Big,0.17,1.34,"[0.1, 0.88, 0.46, 1.34, 0.81, 0.22]",0.0,OK
TLT_DPF_OFF.png,toCheck_100001_00643s_TLT_DPF_OFF.png,19456,Big,5.05,5.76,"[3.34, 2.25, 5.57, 5.76, 0.0, 0.0]",0.0,Investigate
TLT_DPF_ON.png,toCheck_100001_00648s_TLT_DPF_ON.png,19456,Big,5.05,5.76,"[3.34, 2.25, 5.57, 5.76, 0.0, 0.0]",0.0,Investigate
TXTALT_20204_4_FR.png,toCheck_100002_00638s_TXTALT_20204_4_FR.png,267388,Big,0.12,1.34,"[0.1, 0.88, 0.34, 1.34, 0.81, 0.27]",0.0,OK
TXTALT_20204_4_FR.png,toCheck_100003_00643s_TXTALT_20204_4_FR.png,267388,Big,0.17,1.34,"[0.1, 0.88, 0.46, 1.34, 0.81, 0.22]",0.0,OK
TLT_DPF_OFF.png,toCheck_100003_00643s_TLT_DPF_OFF.png,19456,Big,5.05,5.76,"[3.34, 2.25, 5.57, 5.76, 0.0, 0.0]",0.0,Investigate
TLT_DPF_ON.png,toCheck_100003_00648s_TLT_DPF_ON.png,19456,Big,5.05,5.76,"[3.34, 2.25, 5.57, 5.76, 0.0, 0.0]",0.0,Investigate
TLT_TPWDYN_OFF.png,toCheck_100000_00507s_TLT_TPWDYN_OFF.png,16120,Big,6.01,6.35,"[5.66, 4.61, 6.35, 4.96, 4.93, 1.68]",0.0,Investigate
TLT_TPWDYN_ON.png,toCheck_100000_01220s_TLT_TPWDYN_ON.png,NA,NA,NA,6.35,"[5.66, 4.61, 6.35, 4.96, 4.93, 1.68]",15.82,Faulty
TLT_TPWDYN_ON.png,toCheck_100000_01225s_TLT_TPWDYN_ON.png,NA,NA,NA,6.35,"[5.66, 4.61, 6.35, 4.96, 4.93, 1.68]",15.82,Faulty
TLT_TPWDYN_ON.png,toCheck_100000_01230s_TLT_TPWDYN_ON.png,NA,NA,NA,6.35,"[5.66, 4.61, 6.35, 4.96, 4.93, 1.68]",15.82,Faulty
TLT_TPW_OFF.png,toCheck_100000_00478s_TLT_TPW_OFF.png,NA,NA,NA,6.35,"[5.66, 4.61, 6.35, 4.96, 4.93, 1.68]",14.06,Faulty
TLT_TPWDYN_ON.png,toCheck_100000_00500s_TLT_TPWDYN_ON.png,NA,NA,NA,6.35,"[5.66, 4.61, 6.35, 4.96, 4.93, 1.68]",15.82,Faulty
TLT_TPWDYN_OFF.png,toCheck_100000_00502s_TLT_TPWDYN_OFF.png,16120,Big,6.01,6.35,"[5.66, 4.61, 6.35, 4.96, 4.93, 1.68]",0.0,Investigate
TLT_TPWDYN_ON.png,toCheck_100000_00505s_TLT_TPWDYN_ON.png,NA,NA,NA,6.35,"[5.66, 4.61, 6.35, 4.96, 4.93, 1.68]",15.82,Faulty
TLT_TPW_ON.png,toCheck_100001_00493s_TLT_TPW_ON.png,NA,NA,NA,6.35,"[5.66, 4.61, 6.35, 4.96, 4.93, 1.68]",14.06,Faulty
TLT_TPW_ON.png,toCheck_100001_01195s_TLT_TPW_ON.png,NA,NA,NA,6.35,"[5.66, 4.61, 6.35, 4.96, 4.93, 1.68]",14.06,Faulty
TLT_TPW_ON.png,toCheck_100001_01200s_TLT_TPW_ON.png,NA,NA,NA,6.35,"[5.66, 4.61, 6.35, 4.96, 4.93, 1.68]",14.06,Faulty
TLT_TPW_ON.png,toCheck_100001_01205s_TLT_TPW_ON.png,NA,NA,NA,6.35,"[5.66, 4.61, 6.35, 4.96, 4.93, 1.68]",14.06,Faulty
TLT_TPW_OFF.png,toCheck_100001_00478s_TLT_TPW_OFF.png,NA,NA,NA,6.35,"[5.66, 4.61, 6.35, 4.96, 4.93, 1.68]",14.06,Faulty
TLT_TPW_OFF.png,toCheck_100001_00485s_TLT_TPW_OFF.png,NA,NA,NA,6.35,"[5.66, 4.61, 6.35, 4.96, 4.93, 1.68]",14.06,Faulty
TLT_TPW_ON.png,toCheck_100001_00488s_TLT_TPW_ON.png,NA,NA,NA,6.35,"[5.66, 4.61, 6.35, 4.96, 4.93, 1.68]",14.06,Faulty
TLT_TPW_OFF.png,toCheck_100001_00490s_TLT_TPW_OFF.png,NA,NA,NA,6.35,"[5.66, 4.61, 6.35, 4.96, 4.93, 1.68]",14.06,Faulty
TLT_TPW_ON.png,toCheck_100002_00493s_TLT_TPW_ON.png,NA,NA,NA,6.35,"[5.66, 4.61, 6.35, 4.96, 4.93, 1.68]",14.06,Faulty
TLT_TPW_ON.png,toCheck_100002_01195s_TLT_TPW_ON.png,NA,NA,NA,6.35,"[5.66, 4.61, 6.35, 4.96, 4.93, 1.68]",14.06,Faulty
TLT_TPW_ON.png,toCheck_100002_01200s_TLT_TPW_ON.png,NA,NA,NA,6.35,"[5.66, 4.61, 6.35, 4.96, 4.93, 1.68]",14.06,Faulty
TLT_TPW_ON.png,toCheck_100002_01205s_TLT_TPW_ON.png,NA,NA,NA,6.35,"[5.66, 4.61, 6.35, 4.96, 4.93, 1.68]",14.06,Faulty
TLT_TPW_OFF.png,toCheck_100002_00478s_TLT_TPW_OFF.png,NA,NA,NA,6.35,"[5.66, 4.61, 6.35, 4.96, 4.93, 1.68]",14.06,Faulty
TLT_TPW_OFF.png,toCheck_100002_00485s_TLT_TPW_OFF.png,NA,NA,NA,6.35,"[5.66, 4.61, 6.35, 4.96, 4.93, 1.68]",14.06,Faulty
TLT_TPW_ON.png,toCheck_100002_00488s_TLT_TPW_ON.png,NA,NA,NA,6.35,"[5.66, 4.61, 6.35, 4.96, 4.93, 1.68]",14.06,Faulty
TLT_TPW_OFF.png,toCheck_100002_00490s_TLT_TPW_OFF.png,NA,NA,NA,6.35,"[5.66, 4.61, 6.35, 4.96, 4.93, 1.68]",14.06,Faulty
TLT_TPW_OFF.png,toCheck_100003_00478s_TLT_TPW_OFF.png,NA,NA,NA,6.35,"[5.66, 4.61, 6.35, 4.96, 4.93, 1.68]",14.06,Faulty
TLT_TPW_OFF.png,toCheck_100004_00478s_TLT_TPW_OFF.png,NA,NA,NA,6.35,"[5.66, 4.61, 6.35, 4.96, 4.93, 1.68]",14.06,Faulty
TLT_TPW_ON.png,toCheck_100004_00483s_TLT_TPW_ON.png,NA,NA,NA,6.35,"[5.66, 4.61, 6.35, 4.96, 4.93, 1.68]",14.06,Faulty
TLT_SERV_OFF.png,toCheck_100004_00483s_TLT_SERV_OFF.png,30736,Big,0.02,3.81,"[0.0, -0.05, 0.02, 1.2, 0.02, 0.0, 0.0, 3.81, 0.0, 0.0, 0.0, 0.0]",0.0,Investigate
TPW_TXTMessage_30202_9_FR.png,toCheck_100005_00500s_TPW_TXTMessage_30202_9_FR.png,254449,Big,0.37,3.44,"[-0.05, 0.0, 3.44, -0.05, 0.0, 2.42, 0.0, 0.0, 0.0]",0.0,Investigate
TLT_TPW_OFF.png,toCheck_100005_00505s_TLT_TPW_OFF.png,NA,NA,NA,3.44,"[-0.05, 0.0, 3.44, -0.05, 0.0, 2.42, 0.0, 0.0, 0.0]",14.06,Faulty
TLT_TPW_ON.png,toCheck_100005_00508s_TLT_TPW_ON.png,NA,NA,NA,3.44,"[-0.05, 0.0, 3.44, -0.05, 0.0, 2.42, 0.0, 0.0, 0.0]",14.06,Faulty
TLT_TPW_OFF.png,toCheck_100005_00510s_TLT_TPW_OFF.png,NA,NA,NA,3.44,"[-0.05, 0.0, 3.44, -0.05, 0.0, 2.42, 0.0, 0.0, 0.0]",14.06,Faulty
TLT_TPW_ON.png,toCheck_100005_00513s_TLT_TPW_ON.png,NA,NA,NA,3.44,"[-0.05, 0.0, 3.44, -0.05, 0.0, 2.42, 0.0, 0.0, 0.0]",14.06,Faulty
TLT_TPW_OFF.png,toCheck_100005_00478s_TLT_TPW_OFF.png,NA,NA,NA,3.44,"[-0.05, 0.0, 3.44, -0.05, 0.0, 2.42, 0.0, 0.0, 0.0]",14.06,Faulty
TPW_TXTMessage_30202_9_FR.png,toCheck_100005_00495s_TPW_TXTMessage_30202_9_FR.png,254449,Big,0.37,3.44,"[-0.05, 0.0, 3.44, -0.05, 0.0, 2.42, 0.0, 0.0, 0.0]",0.0,Investigate
TLT_TPW_OFF.png,toCheck_100005_00500s_TLT_TPW_OFF.png,NA,NA,NA,3.44,"[-0.05, 0.0, 3.44, -0.05, 0.0, 2.42, 0.0, 0.0, 0.0]",14.06,Faulty
TLT_TPW_OFF.png,toCheck_100006_00550s_TLT_TPW_OFF.png,NA,NA,NA,3.44,"[-0.05, 0.0, 3.44, -0.05, 0.0, 2.42, 0.0, 0.0, 0.0]",14.06,Faulty
TLT_TPW_OFF.png,toCheck_100006_00478s_TLT_TPW_OFF.png,NA,NA,NA,3.44,"[-0.05, 0.0, 3.44, -0.05, 0.0, 2.42, 0.0, 0.0, 0.0]",14.06,Faulty
TPW_TXTMessage_30202_9_FR.png,toCheck_100006_00495s_TPW_TXTMessage_30202_9_FR.png,254449,Big,0.37,3.44,"[-0.05, 0.0, 3.44, -0.05, 0.0, 2.42, 0.0, 0.0, 0.0]",0.0,Investigate
TLT_TPW_OFF.png,toCheck_100006_00545s_TLT_TPW_OFF.png,NA,NA,NA,3.44,"[-0.05, 0.0, 3.44, -0.05, 0.0, 2.42, 0.0, 0.0, 0.0]",14.06,Faulty
TLT_TPW_OFF.png,toCheck_100007_00478s_TLT_TPW_OFF.png,NA,NA,NA,3.44,"[-0.05, 0.0, 3.44, -0.05, 0.0, 2.42, 0.0, 0.0, 0.0]",14.06,Faulty
TLT_TPW_OFF.png,toCheck_100008_00478s_TLT_TPW_OFF.png,NA,NA,NA,3.44,"[-0.05, 0.0, 3.44, -0.05, 0.0, 2.42, 0.0, 0.0, 0.0]",14.06,Faulty
TPW_TXTMessage_30202_9_FR.png,toCheck_100008_00495s_TPW_TXTMessage_30202_9_FR.png,254449,Big,0.37,3.44,"[-0.05, 0.0, 3.44, -0.05, 0.0, 2.42, 0.0, 0.0, 0.0]",0.0,Investigate
SOC_Bat_Empty_TT_061_BLK_ON_AUT_0_KM_FFL_EV.png,toCheck_100000_00491s_SOC_Bat_Empty_TT_061_BLK_ON_AUT_0_KM_FFL_EV.png,47523,Big,0.0,5.59,"[5.59, -0.05, 0.0]",0.0,Investigate
SOC_Bat_Empty_TT_061_BLK_OFF_AUT_0_KM_FFL_EV.png,toCheck_100000_00496s_SOC_Bat_Empty_TT_061_BLK_OFF_AUT_0_KM_FFL_EV.png,47523,Big,0.0,5.59,"[5.59, -0.05, 0.0]",0.0,Investigate
SOC_Bat_Empty_TT_061_BLK_ON_AUT_0_KM_FFL_EV.png,toCheck_100000_00501s_SOC_Bat_Empty_TT_061_BLK_ON_AUT_0_KM_FFL_EV.png,47523,Big,0.0,5.59,"[5.59, -0.05, 0.0]",0.0,Investigate
SOC_Bat_Empty_TT_061_BLK_ON_AUT_0_KM_FFR_EV.png,toCheck_100001_00491s_SOC_Bat_Empty_TT_061_BLK_ON_AUT_0_KM_FFR_EV.png,47523,Big,0.0,5.08,"[5.08, -0.05, 0.0]",0.0,Investigate
SOC_Bat_Empty_TT_061_BLK_OFF_AUT_0_KM_FFR_EV.png,toCheck_100001_00496s_SOC_Bat_Empty_TT_061_BLK_OFF_AUT_0_KM_FFR_EV.png,47523,Big,0.0,5.08,"[5.08, -0.05, 0.0]",0.0,Investigate
SOC_Bat_Empty_TT_061_BLK_ON_AUT_0_KM_FFR_EV.png,toCheck_100001_00501s_SOC_Bat_Empty_TT_061_BLK_ON_AUT_0_KM_FFR_EV.png,47523,Big,0.0,5.08,"[5.08, -0.05, 0.0]",0.0,Investigate
FULL_ALTIA_WAKEUP_EV.png,toCheck_100002_00358s_FULL_ALTIA_WAKEUP_EV.png,1376640,Big,0.0,11.23,"[0.02, 0.0, -0.05, 0.0, 0.0, -0.05, 0.0, 0.0, 0.0, 0.0, -0.05, 0.0, 0.0, 0.0, 0.02, 0.02, -0.05, 0.0, 11.23, 0.0, 0.0, -0.05, 0.0, -0.05, -0.05, 0.0, 0.0, 0.0, -0.05, -0.05, 0.0, -0.05, -0.05, 0.02, -0.05, -0.05]",0.0,NOK
FULL_ALTIA_WAKEUP_EV.png,toCheck_100005_00358s_FULL_ALTIA_WAKEUP_EV.png,1376640,Big,0.0,11.23,"[0.02, 0.0, -0.05, 0.0, 0.0, -0.05, 0.0, 0.0, 0.0, 0.0, -0.05, 0.0, 0.0, 0.0, 0.02, 0.02, -0.05, 0.0, 11.23, 0.0, 0.0, -0.05, 0.0, -0.05, -0.05, 0.0, 0.0, 0.0, -0.05, -0.05, 0.0, -0.05, -0.05, 0.02, -0.05, -0.05]",0.0,NOK
FULL_ALTIA_WAKEUP_EV.png,toCheck_100006_00358s_FULL_ALTIA_WAKEUP_EV.png,1376640,Big,0.0,11.23,"[0.02, 0.0, -0.05, 0.0, 0.0, -0.05, 0.0, 0.0, 0.0, 0.0, -0.05, 0.0, 0.0, 0.0, 0.02, 0.02, -0.05, 0.0, 11.23, 0.0, 0.0, -0.05, 0.0, -0.05, -0.05, 0.0, 0.0, 0.0, -0.05, -0.05, 0.0, -0.05, -0.05, 0.02, -0.05, -0.05]",0.0,NOK
SOC_BAT_5_AUT_15_KM_ADAS_EV.png,toCheck_100007_00682s_SOC_BAT_5_AUT_15_KM_ADAS_EV.png,1376640,Big,0.0,0.02,"[-0.05, 0.02, 0.02, 0.0, 0.0, 0.0, 0.0, -0.05, 0.0, 0.0, 0.0, -0.05, 0.0, 0.0, 0.0, -0.05, -0.05, 0.0, -0.05, 0.0, -0.05, 0.0, 0.0, 0.0, -0.05, 0.0, -0.05, 0.0, 0.0, 0.0, 0.0, -0.05, 0.0, 0.02, -0.05, 0.02]",0.0,OK
FULL_ALTIA_WAKEUP_EV.png,toCheck_100007_00358s_FULL_ALTIA_WAKEUP_EV.png,1376640,Big,0.0,11.23,"[0.02, 0.0, -0.05, 0.0, 0.0, -0.05, 0.0, 0.0, 0.0, 0.0, -0.05, 0.0, 0.0, 0.0, 0.02, 0.02, -0.05, 0.0, 11.23, 0.0, 0.0, -0.05, 0.0, -0.05, -0.05, 0.0, 0.0, 0.0, -0.05, -0.05, 0.0, -0.05, -0.05, 0.02, -0.05, -0.05]",0.0,NOK
SOC_BAT_100_AUT_999_KM_ADAS_EV.png,toCheck_100007_00436s_SOC_BAT_100_AUT_999_KM_ADAS_EV.png,1376640,Big,-0.05,0.02,"[-0.05, 0.02, 0.02, 0.0, 0.0, 0.0, 0.0, 0.0, 0.0, 0.0, 0.0, -0.05, 0.0, 0.0, 0.0, -0.05, 0.0, 0.0, 0.0, 0.0, -0.05, 0.0, 0.0, 0.0, 0.0, 0.0, -0.05, -0.05, 0.0, 0.0, 0.0, -0.05, 0.0, 0.0, 0.02, 0.02]",0.0,OK
TLT_BATT_TRACTWARN_ON_EV.png,toCheck_100008_00591s_TLT_BATT_TRACTWARN_ON_EV.png,NA,NA,NA,0.02,"[-0.05, 0.02, 0.02, 0.0, 0.0, 0.0, 0.0, 0.0, 0.0, 0.0, 0.0, -0.05, 0.0, 0.0, 0.0, -0.05, 0.0, 0.0, 0.0, 0.0, -0.05, 0.0, 0.0, 0.0, 0.0, 0.0, -0.05, -0.05, 0.0, 0.0, 0.0, -0.05, 0.0, 0.0, 0.02, 0.02]",59.52,Faulty
TLT_BATT_TRACTWARN_OFF_EV.png,toCheck_100008_00596s_TLT_BATT_TRACTWARN_OFF_EV.png,NA,NA,NA,0.02,"[-0.05, 0.02, 0.02, 0.0, 0.0, 0.0, 0.0, 0.0, 0.0, 0.0, 0.0, -0.05, 0.0, 0.0, 0.0, -0.05, 0.0, 0.0, 0.0, 0.0, -0.05, 0.0, 0.0, 0.0, 0.0, 0.0, -0.05, -0.05, 0.0, 0.0, 0.0, -0.05, 0.0, 0.0, 0.02, 0.02]",59.52,Faulty
TLT_BATT_TRACTWARN_ON_EV.png,toCheck_100008_00601s_TLT_BATT_TRACTWARN_ON_EV.png,NA,NA,NA,0.02,"[-0.05, 0.02, 0.02, 0.0, 0.0, 0.0, 0.0, 0.0, 0.0, 0.0, 0.0, -0.05, 0.0, 0.0, 0.0, -0.05, 0.0, 0.0, 0.0, 0.0, -0.05, 0.0, 0.0, 0.0, 0.0, 0.0, -0.05, -0.05, 0.0, 0.0, 0.0, -0.05, 0.0, 0.0, 0.02, 0.02]",59.52,Faulty
TLT_BATT_TRACTWARN_ON_EV.png,toCheck_100008_00626s_TLT_BATT_TRACTWARN_ON_EV.png,NA,NA,NA,0.02,"[-0.05, 0.02, 0.02, 0.0, 0.0, 0.0, 0.0, 0.0, 0.0, 0.0, 0.0, -0.05, 0.0, 0.0, 0.0, -0.05, 0.0, 0.0, 0.0, 0.0, -0.05, 0.0, 0.0, 0.0, 0.0, 0.0, -0.05, -0.05, 0.0, 0.0, 0.0, -0.05, 0.0, 0.0, 0.02, 0.02]",59.52,Faulty
TLT_BATT_TRACTWARN_OFF_EV.png,toCheck_100008_00631s_TLT_BATT_TRACTWARN_OFF_EV.png,NA,NA,NA,0.02,"[-0.05, 0.02, 0.02, 0.0, 0.0, 0.0, 0.0, 0.0, 0.0, 0.0, 0.0, -0.05, 0.0, 0.0, 0.0, -0.05, 0.0, 0.0, 0.0, 0.0, -0.05, 0.0, 0.0, 0.0, 0.0, 0.0, -0.05, -0.05, 0.0, 0.0, 0.0, -0.05, 0.0, 0.0, 0.02, 0.02]",59.52,Faulty
TLT_BATT_TRACTWARN_ON_EV.png,toCheck_100008_00636s_TLT_BATT_TRACTWARN_ON_EV.png,NA,NA,NA,0.02,"[-0.05, 0.02, 0.02, 0.0, 0.0, 0.0, 0.0, 0.0, 0.0, 0.0, 0.0, -0.05, 0.0, 0.0, 0.0, -0.05, 0.0, 0.0, 0.0, 0.0, -0.05, 0.0, 0.0, 0.0, 0.0, 0.0, -0.05, -0.05, 0.0, 0.0, 0.0, -0.05, 0.0, 0.0, 0.02, 0.02]",59.52,Faulty
FULL_ALTIA_WAKEUP_EV.png,toCheck_100008_00358s_FULL_ALTIA_WAKEUP_EV.png,1376640,Big,0.0,11.23,"[0.02, 0.0, -0.05, 0.0, 0.0, -0.05, 0.0, 0.0, 0.0, 0.0, -0.05, 0.0, 0.0, 0.0, 0.02, 0.02, -0.05, 0.0, 11.23, 0.0, 0.0, -0.05, 0.0, -0.05, -0.05, 0.0, 0.0, 0.0, -0.05, -0.05, 0.0, -0.05, -0.05, 0.02, -0.05, -0.05]",0.0,NOK
FULL_ALTIA_WAKEUP_EV.png,toCheck_100011_00358s_FULL_ALTIA_WAKEUP_EV.png,1376640,Big,0.0,11.23,"[0.02, 0.0, -0.05, 0.0, 0.0, -0.05, 0.0, 0.0, 0.0, 0.0, -0.05, 0.0, 0.0, 0.0, 0.02, 0.02, -0.05, 0.0, 11.23, 0.0, 0.0, -0.05, 0.0, -0.05, -0.05, 0.0, 0.0, 0.0, -0.05, -0.05, 0.0, -0.05, -0.05, 0.02, -0.05, -0.05]",0.0,NOK
SOC_BAT_0PER.png,toCheck_100012_00405s_SOC_BAT_0PER.png,254449,Big,0.05,0.85,"[0.0, 0.0, 0.85, 0.0, -0.05, 0.27, 0.02, -0.05, 0.0]",0.0,OK
SOC_BAT_5PER.png,toCheck_100012_00440s_SOC_BAT_5PER.png,254449,Big,0.1,0.85,"[0.0, 0.0, 0.85, 0.0, -0.05, 0.27, 0.02, -0.05, 0.0]",0.0,OK
SOC_BAT_20PER.png,toCheck_100012_00475s_SOC_BAT_20PER.png,254449,Big,0.0,0.02,"[0.02, -0.05, -0.05, 0.0, 0.0, 0.02, 0.02, -0.05, 0.0]",0.0,OK
SOC_BAT_50PER.png,toCheck_100012_00510s_SOC_BAT_50PER.png,254449,Big,0.0,0.02,"[0.02, -0.05, -0.05, 0.0, 0.02, 0.02, 0.02, -0.05, 0.0]",0.0,OK
SOC_BAT_98PER.png,toCheck_100012_00545s_SOC_BAT_98PER.png,254449,Big,-0.05,0.02,"[0.02, -0.05, -0.05, 0.0, 0.0, 0.02, 0.02, -0.05, 0.0]",0.0,OK
SOC_BAT_100PER.png,toCheck_100012_00580s_SOC_BAT_100PER.png,254449,Big,0.0,0.02,"[0.02, -0.05, -0.05, 0.0, 0.0, 0.02, 0.02, -0.05, 0.0]",0.0,OK
EMPTY_PAGE.png,toCheck_100013_00446s_EMPTY_PAGE.png,254449,Big,5.37,12.62,"[-0.05, 1.88, -0.05, -0.05, 12.62, 0.02, -0.05, -0.05, 0.0]",0.0,Investigate
TLT_SBR_OFF.png,toCheck_100000_00422s_TLT_SBR_OFF.png,21600,Big,7.91,5.62,"[2.78, 3.98, -0.05, 2.08, 5.62, -0.05, 0.0, 0.0, 0.0]",0.0,Investigate
TLT_SBR_ON.png,toCheck_100000_00437s_TLT_SBR_ON.png,21600,Big,7.91,5.62,"[2.78, 3.98, -0.05, 2.08, 5.62, -0.05, 0.0, 0.0, 0.0]",0.0,Investigate
TLT_SBR_OFF.png,toCheck_100000_00442s_TLT_SBR_OFF.png,21600,Big,7.91,5.62,"[2.78, 3.98, -0.05, 2.08, 5.62, -0.05, 0.0, 0.0, 0.0]",0.0,Investigate
TLT_SBR_ON.png,toCheck_100000_00447s_TLT_SBR_ON.png,21600,Big,7.91,5.62,"[2.78, 3.98, -0.05, 2.08, 5.62, -0.05, 0.0, 0.0, 0.0]",0.0,Investigate
TLT_SBR_OFF.png,toCheck_100000_00452s_TLT_SBR_OFF.png,21600,Big,7.91,5.62,"[2.78, 3.98, -0.05, 2.08, 5.62, -0.05, 0.0, 0.0, 0.0]",0.0,Investigate
TLT_SBR_ON.png,toCheck_100000_00407s_TLT_SBR_ON.png,21600,Big,7.91,5.62,"[2.78, 3.98, -0.05, 2.08, 5.62, -0.05, 0.0, 0.0, 0.0]",0.0,Investigate
TLT_SBR_OFF.png,toCheck_100000_00412s_TLT_SBR_OFF.png,21600,Big,7.91,5.62,"[2.78, 3.98, -0.05, 2.08, 5.62, -0.05, 0.0, 0.0, 0.0]",0.0,Investigate
TLT_SBR_ON.png,toCheck_100000_00417s_TLT_SBR_ON.png,21600,Big,7.91,5.62,"[2.78, 3.98, -0.05, 2.08, 5.62, -0.05, 0.0, 0.0, 0.0]",0.0,Investigate
TLT_SBR_OFF.png,toCheck_100001_00422s_TLT_SBR_OFF.png,21600,Big,7.91,5.62,"[2.78, 3.98, -0.05, 2.08, 5.62, -0.05, 0.0, 0.0, 0.0]",0.0,Investigate
TLT_SBR_ON.png,toCheck_100001_00667s_TLT_SBR_ON.png,21600,Big,7.91,5.62,"[2.78, 3.98, -0.05, 2.08, 5.62, -0.05, 0.0, 0.0, 0.0]",0.0,Investigate
TLT_SBR_OFF.png,toCheck_100001_00672s_TLT_SBR_OFF.png,21600,Big,7.91,5.62,"[2.78, 3.98, -0.05, 2.08, 5.62, -0.05, 0.0, 0.0, 0.0]",0.0,Investigate
TLT_SBR_ON.png,toCheck_100001_00677s_TLT_SBR_ON.png,21600,Big,7.91,5.62,"[2.78, 3.98, -0.05, 2.08, 5.62, -0.05, 0.0, 0.0, 0.0]",0.0,Investigate
TLT_SBR_OFF.png,toCheck_100001_00682s_TLT_SBR_OFF.png,21600,Big,7.91,5.62,"[2.78, 3.98, -0.05, 2.08, 5.62, -0.05, 0.0, 0.0, 0.0]",0.0,Investigate
TLT_SBR_ON.png,toCheck_100001_00407s_TLT_SBR_ON.png,21600,Big,7.91,5.62,"[2.78, 3.98, -0.05, 2.08, 5.62, -0.05, 0.0, 0.0, 0.0]",0.0,Investigate
TLT_SBR_OFF.png,toCheck_100001_00412s_TLT_SBR_OFF.png,21600,Big,7.91,5.62,"[2.78, 3.98, -0.05, 2.08, 5.62, -0.05, 0.0, 0.0, 0.0]",0.0,Investigate
TLT_SBR_ON.png,toCheck_100001_00417s_TLT_SBR_ON.png,21600,Big,7.91,5.62,"[2.78, 3.98, -0.05, 2.08, 5.62, -0.05, 0.0, 0.0, 0.0]",0.0,Investigate
TLT_SBR_OFF.png,toCheck_100002_00422s_TLT_SBR_OFF.png,21600,Big,7.91,5.62,"[2.78, 3.98, -0.05, 2.08, 5.62, -0.05, 0.0, 0.0, 0.0]",0.0,Investigate
TLT_SBR_ON.png,toCheck_100002_00667s_TLT_SBR_ON.png,21600,Big,7.91,5.62,"[2.78, 3.98, -0.05, 2.08, 5.62, -0.05, 0.0, 0.0, 0.0]",0.0,Investigate
TLT_SBR_OFF.png,toCheck_100002_00672s_TLT_SBR_OFF.png,21600,Big,7.91,5.62,"[2.78, 3.98, -0.05, 2.08, 5.62, -0.05, 0.0, 0.0, 0.0]",0.0,Investigate
TLT_SBR_ON.png,toCheck_100002_00677s_TLT_SBR_ON.png,21600,Big,7.91,5.62,"[2.78, 3.98, -0.05, 2.08, 5.62, -0.05, 0.0, 0.0, 0.0]",0.0,Investigate
TLT_SBR_OFF.png,toCheck_100002_00682s_TLT_SBR_OFF.png,21600,Big,7.91,5.62,"[2.78, 3.98, -0.05, 2.08, 5.62, -0.05, 0.0, 0.0, 0.0]",0.0,Investigate
TLT_SBR_ON.png,toCheck_100002_00407s_TLT_SBR_ON.png,21600,Big,7.91,5.62,"[2.78, 3.98, -0.05, 2.08, 5.62, -0.05, 0.0, 0.0, 0.0]",0.0,Investigate
TLT_SBR_OFF.png,toCheck_100002_00412s_TLT_SBR_OFF.png,21600,Big,7.91,5.62,"[2.78, 3.98, -0.05, 2.08, 5.62, -0.05, 0.0, 0.0, 0.0]",0.0,Investigate
TLT_SBR_ON.png,toCheck_100002_00417s_TLT_SBR_ON.png,21600,Big,7.91,5.62,"[2.78, 3.98, -0.05, 2.08, 5.62, -0.05, 0.0, 0.0, 0.0]",0.0,Investigate
TLT_SBR_ON.png,toCheck_100003_00717s_TLT_SBR_ON.png,21600,Big,7.91,5.62,"[2.78, 3.98, -0.05, 2.08, 5.62, -0.05, 0.0, 0.0, 0.0]",0.0,Investigate
TLT_SBR_OFF.png,toCheck_100003_00722s_TLT_SBR_OFF.png,21600,Big,7.91,5.62,"[2.78, 3.98, -0.05, 2.08, 5.62, -0.05, 0.0, 0.0, 0.0]",0.0,Investigate
TLT_SBR_ON.png,toCheck_100003_00727s_TLT_SBR_ON.png,21600,Big,7.91,5.62,"[2.78, 3.98, -0.05, 2.08, 5.62, -0.05, 0.0, 0.0, 0.0]",0.0,Investigate
TLT_SBR_OFF.png,toCheck_100003_00732s_TLT_SBR_OFF.png,21600,Big,7.91,5.62,"[2.78, 3.98, -0.05, 2.08, 5.62, -0.05, 0.0, 0.0, 0.0]",0.0,Investigate
TLT_SBR_ON.png,toCheck_100004_00351s_TLT_SBR_ON.png,21600,Big,7.91,5.62,"[2.78, 3.98, -0.05, 2.08, 5.62, -0.05, 0.0, 0.0, 0.0]",0.0,Investigate
TLT_SBR_OFF.png,toCheck_100004_00356s_TLT_SBR_OFF.png,21600,Big,7.91,5.62,"[2.78, 3.98, -0.05, 2.08, 5.62, -0.05, 0.0, 0.0, 0.0]",0.0,Investigate
TLT_SBR_ON.png,toCheck_100004_00361s_TLT_SBR_ON.png,21600,Big,7.91,5.62,"[2.78, 3.98, -0.05, 2.08, 5.62, -0.05, 0.0, 0.0, 0.0]",0.0,Investigate
TLT_SBR_OFF.png,toCheck_100004_00366s_TLT_SBR_OFF.png,21600,Big,7.91,5.62,"[2.78, 3.98, -0.05, 2.08, 5.62, -0.05, 0.0, 0.0, 0.0]",0.0,Investigate
TLT_SBR_ON.png,toCheck_100004_00501s_TLT_SBR_ON.png,21600,Big,7.91,5.62,"[2.78, 3.98, -0.05, 2.08, 5.62, -0.05, 0.0, 0.0, 0.0]",0.0,Investigate
TLT_SBR_OFF.png,toCheck_100004_00506s_TLT_SBR_OFF.png,21600,Big,7.91,5.62,"[2.78, 3.98, -0.05, 2.08, 5.62, -0.05, 0.0, 0.0, 0.0]",0.0,Investigate
TLT_SBR_ON.png,toCheck_100004_00511s_TLT_SBR_ON.png,21600,Big,7.91,5.62,"[2.78, 3.98, -0.05, 2.08, 5.62, -0.05, 0.0, 0.0, 0.0]",0.0,Investigate
TLT_SBR_OFF.png,toCheck_100004_00516s_TLT_SBR_OFF.png,21600,Big,7.91,5.62,"[2.78, 3.98, -0.05, 2.08, 5.62, -0.05, 0.0, 0.0, 0.0]",0.0,Investigate
TLT_SBR_ON.png,toCheck_100004_01101s_TLT_SBR_ON.png,21600,Big,7.91,5.62,"[2.78, 3.98, -0.05, 2.08, 5.62, -0.05, 0.0, 0.0, 0.0]",0.0,Investigate
TLT_SBR_OFF.png,toCheck_100004_01106s_TLT_SBR_OFF.png,21600,Big,7.91,5.62,"[2.78, 3.98, -0.05, 2.08, 5.62, -0.05, 0.0, 0.0, 0.0]",0.0,Investigate
TLT_SBR_ON.png,toCheck_100004_01111s_TLT_SBR_ON.png,21600,Big,7.91,5.62,"[2.78, 3.98, -0.05, 2.08, 5.62, -0.05, 0.0, 0.0, 0.0]",0.0,Investigate
TLT_SBR_OFF.png,toCheck_100004_01116s_TLT_SBR_OFF.png,21600,Big,7.91,5.62,"[2.78, 3.98, -0.05, 2.08, 5.62, -0.05, 0.0, 0.0, 0.0]",0.0,Investigate
SBR_REG_GRR_EEE.png,toCheck_100004_00239s_SBR_REG_GRR_EEE.png,70720,Big,3.2,5.91,"[0.0, -0.05, 0.0, 0.02, 5.91, 3.71, 0.0, 0.0, 0.0]",0.0,Investigate
TLT_SBR_ON.png,toCheck_100005_00339s_TLT_SBR_ON.png,21600,Big,7.91,5.62,"[2.78, 3.98, -0.05, 2.08, 5.62, -0.05, 0.0, 0.0, 0.0]",0.0,Investigate
TLT_SBR_OFF.png,toCheck_100005_00344s_TLT_SBR_OFF.png,21600,Big,7.91,5.62,"[2.78, 3.98, -0.05, 2.08, 5.62, -0.05, 0.0, 0.0, 0.0]",0.0,Investigate
TLT_SBR_ON.png,toCheck_100005_00349s_TLT_SBR_ON.png,21600,Big,7.91,5.62,"[2.78, 3.98, -0.05, 2.08, 5.62, -0.05, 0.0, 0.0, 0.0]",0.0,Investigate
TLT_SBR_OFF.png,toCheck_100005_00354s_TLT_SBR_OFF.png,21600,Big,7.91,5.62,"[2.78, 3.98, -0.05, 2.08, 5.62, -0.05, 0.0, 0.0, 0.0]",0.0,Investigate
TLT_SBR_ON.png,toCheck_100005_00529s_TLT_SBR_ON.png,21600,Big,7.91,5.62,"[2.78, 3.98, -0.05, 2.08, 5.62, -0.05, 0.0, 0.0, 0.0]",0.0,Investigate
TLT_SBR_OFF.png,toCheck_100005_00534s_TLT_SBR_OFF.png,21600,Big,7.91,5.62,"[2.78, 3.98, -0.05, 2.08, 5.62, -0.05, 0.0, 0.0, 0.0]",0.0,Investigate
TLT_SBR_ON.png,toCheck_100005_00539s_TLT_SBR_ON.png,21600,Big,7.91,5.62,"[2.78, 3.98, -0.05, 2.08, 5.62, -0.05, 0.0, 0.0, 0.0]",0.0,Investigate
TLT_SBR_OFF.png,toCheck_100005_00544s_TLT_SBR_OFF.png,21600,Big,7.91,5.62,"[2.78, 3.98, -0.05, 2.08, 5.62, -0.05, 0.0, 0.0, 0.0]",0.0,Investigate
SBR_REG_GRR_EEE.png,toCheck_100005_00679s_SBR_REG_GRR_EEE.png,70720,Big,3.2,5.91,"[0.0, -0.05, 0.0, 0.02, 5.91, 3.71, 0.0, 0.0, 0.0]",0.0,Investigate
TLT_SBR_ON.png,toCheck_100005_00239s_TLT_SBR_ON.png,21600,Big,7.91,5.62,"[2.78, 3.98, -0.05, 2.08, 5.62, -0.05, 0.0, 0.0, 0.0]",0.0,Investigate
TLT_SBR_OFF.png,toCheck_100005_00244s_TLT_SBR_OFF.png,21600,Big,7.91,5.62,"[2.78, 3.98, -0.05, 2.08, 5.62, -0.05, 0.0, 0.0, 0.0]",0.0,Investigate
TLT_SBR_ON.png,toCheck_100005_00249s_TLT_SBR_ON.png,21600,Big,7.91,5.62,"[2.78, 3.98, -0.05, 2.08, 5.62, -0.05, 0.0, 0.0, 0.0]",0.0,Investigate
TLT_SBR_OFF.png,toCheck_100005_00254s_TLT_SBR_OFF.png,21600,Big,7.91,5.62,"[2.78, 3.98, -0.05, 2.08, 5.62, -0.05, 0.0, 0.0, 0.0]",0.0,Investigate
TLT_SBR_ON.png,toCheck_100006_00339s_TLT_SBR_ON.png,21600,Big,7.91,5.62,"[2.78, 3.98, -0.05, 2.08, 5.62, -0.05, 0.0, 0.0, 0.0]",0.0,Investigate
TLT_SBR_OFF.png,toCheck_100006_00344s_TLT_SBR_OFF.png,21600,Big,7.91,5.62,"[2.78, 3.98, -0.05, 2.08, 5.62, -0.05, 0.0, 0.0, 0.0]",0.0,Investigate
TLT_SBR_ON.png,toCheck_100006_00349s_TLT_SBR_ON.png,21600,Big,7.91,5.62,"[2.78, 3.98, -0.05, 2.08, 5.62, -0.05, 0.0, 0.0, 0.0]",0.0,Investigate
TLT_SBR_OFF.png,toCheck_100006_00354s_TLT_SBR_OFF.png,21600,Big,7.91,5.62,"[2.78, 3.98, -0.05, 2.08, 5.62, -0.05, 0.0, 0.0, 0.0]",0.0,Investigate
SBR_REG_RRR_EEE.png,toCheck_100006_00579s_SBR_REG_RRR_EEE.png,70720,Big,3.08,5.91,"[0.0, -0.05, 0.0, 0.0, 5.91, 3.71, 0.0, 0.0, 0.0]",0.0,Investigate
SBR_REG_RRR_EEE.png,toCheck_100006_00629s_SBR_REG_RRR_EEE.png,70720,Big,3.08,5.91,"[0.0, -0.05, 0.0, 0.0, 5.91, 3.71, 0.0, 0.0, 0.0]",0.0,Investigate
TLT_SBR_ON.png,toCheck_100006_00839s_TLT_SBR_ON.png,21600,Big,7.91,5.62,"[2.78, 3.98, -0.05, 2.08, 5.62, -0.05, 0.0, 0.0, 0.0]",0.0,Investigate
TLT_SBR_OFF.png,toCheck_100006_00844s_TLT_SBR_OFF.png,21600,Big,7.91,5.62,"[2.78, 3.98, -0.05, 2.08, 5.62, -0.05, 0.0, 0.0, 0.0]",0.0,Investigate
TLT_SBR_ON.png,toCheck_100006_00849s_TLT_SBR_ON.png,21600,Big,7.91,5.62,"[2.78, 3.98, -0.05, 2.08, 5.62, -0.05, 0.0, 0.0, 0.0]",0.0,Investigate
TLT_SBR_OFF.png,toCheck_100006_00854s_TLT_SBR_OFF.png,21600,Big,7.91,5.62,"[2.78, 3.98, -0.05, 2.08, 5.62, -0.05, 0.0, 0.0, 0.0]",0.0,Investigate
TLT_SBR_ON.png,toCheck_100006_01179s_TLT_SBR_ON.png,21600,Big,7.91,5.62,"[2.78, 3.98, -0.05, 2.08, 5.62, -0.05, 0.0, 0.0, 0.0]",0.0,Investigate
SBR_REG_GRR_EEE.png,toCheck_100006_01179s_SBR_REG_GRR_EEE.png,70720,Big,3.2,5.91,"[0.0, -0.05, 0.0, 0.02, 5.91, 3.71, 0.0, 0.0, 0.0]",0.0,Investigate
TLT_SBR_ON.png,toCheck_100006_00239s_TLT_SBR_ON.png,21600,Big,7.91,5.62,"[2.78, 3.98, -0.05, 2.08, 5.62, -0.05, 0.0, 0.0, 0.0]",0.0,Investigate
TLT_SBR_OFF.png,toCheck_100006_00244s_TLT_SBR_OFF.png,21600,Big,7.91,5.62,"[2.78, 3.98, -0.05, 2.08, 5.62, -0.05, 0.0, 0.0, 0.0]",0.0,Investigate
TLT_SBR_ON.png,toCheck_100006_00249s_TLT_SBR_ON.png,21600,Big,7.91,5.62,"[2.78, 3.98, -0.05, 2.08, 5.62, -0.05, 0.0, 0.0, 0.0]",0.0,Investigate
TLT_SBR_OFF.png,toCheck_100006_00254s_TLT_SBR_OFF.png,21600,Big,7.91,5.62,"[2.78, 3.98, -0.05, 2.08, 5.62, -0.05, 0.0, 0.0, 0.0]",0.0,Investigate
TLT_SBR_ON.png,toCheck_100007_00351s_TLT_SBR_ON.png,21600,Big,7.91,5.62,"[2.78, 3.98, -0.05, 2.08, 5.62, -0.05, 0.0, 0.0, 0.0]",0.0,Investigate
TLT_SBR_OFF.png,toCheck_100007_00356s_TLT_SBR_OFF.png,21600,Big,7.91,5.62,"[2.78, 3.98, -0.05, 2.08, 5.62, -0.05, 0.0, 0.0, 0.0]",0.0,Investigate
TLT_SBR_ON.png,toCheck_100007_00361s_TLT_SBR_ON.png,21600,Big,7.91,5.62,"[2.78, 3.98, -0.05, 2.08, 5.62, -0.05, 0.0, 0.0, 0.0]",0.0,Investigate
TLT_SBR_OFF.png,toCheck_100007_00366s_TLT_SBR_OFF.png,21600,Big,7.91,5.62,"[2.78, 3.98, -0.05, 2.08, 5.62, -0.05, 0.0, 0.0, 0.0]",0.0,Investigate
SBR_REG_RRR_EEE.png,toCheck_100007_00691s_SBR_REG_RRR_EEE.png,70720,Big,3.08,5.91,"[0.0, -0.05, 0.0, 0.0, 5.91, 3.71, 0.0, 0.0, 0.0]",0.0,Investigate
SBR_REG_GRR_EEE.png,toCheck_100007_00239s_SBR_REG_GRR_EEE.png,70720,Big,3.2,5.91,"[0.0, -0.05, 0.0, 0.02, 5.91, 3.71, 0.0, 0.0, 0.0]",0.0,Investigate
TLT_SBR_ON.png,toCheck_100008_00339s_TLT_SBR_ON.png,21600,Big,7.91,5.62,"[2.78, 3.98, -0.05, 2.08, 5.62, -0.05, 0.0, 0.0, 0.0]",0.0,Investigate
TLT_SBR_OFF.png,toCheck_100008_00344s_TLT_SBR_OFF.png,21600,Big,7.91,5.62,"[2.78, 3.98, -0.05, 2.08, 5.62, -0.05, 0.0, 0.0, 0.0]",0.0,Investigate
TLT_SBR_ON.png,toCheck_100008_00349s_TLT_SBR_ON.png,21600,Big,7.91,5.62,"[2.78, 3.98, -0.05, 2.08, 5.62, -0.05, 0.0, 0.0, 0.0]",0.0,Investigate
TLT_SBR_OFF.png,toCheck_100008_00354s_TLT_SBR_OFF.png,21600,Big,7.91,5.62,"[2.78, 3.98, -0.05, 2.08, 5.62, -0.05, 0.0, 0.0, 0.0]",0.0,Investigate
SBR_REG_RRR_EEE.png,toCheck_100008_00579s_SBR_REG_RRR_EEE.png,70720,Big,3.08,5.91,"[0.0, -0.05, 0.0, 0.0, 5.91, 3.71, 0.0, 0.0, 0.0]",0.0,Investigate
SBR_REG_RRR_EEE.png,toCheck_100008_00629s_SBR_REG_RRR_EEE.png,70720,Big,3.08,5.91,"[0.0, -0.05, 0.0, 0.0, 5.91, 3.71, 0.0, 0.0, 0.0]",0.0,Investigate
TLT_SBR_ON.png,toCheck_100008_00239s_TLT_SBR_ON.png,21600,Big,7.91,5.62,"[2.78, 3.98, -0.05, 2.08, 5.62, -0.05, 0.0, 0.0, 0.0]",0.0,Investigate
TLT_SBR_OFF.png,toCheck_100008_00244s_TLT_SBR_OFF.png,21600,Big,7.91,5.62,"[2.78, 3.98, -0.05, 2.08, 5.62, -0.05, 0.0, 0.0, 0.0]",0.0,Investigate
TLT_SBR_ON.png,toCheck_100008_00249s_TLT_SBR_ON.png,21600,Big,7.91,5.62,"[2.78, 3.98, -0.05, 2.08, 5.62, -0.05, 0.0, 0.0, 0.0]",0.0,Investigate
TLT_SBR_OFF.png,toCheck_100008_00254s_TLT_SBR_OFF.png,21600,Big,7.91,5.62,"[2.78, 3.98, -0.05, 2.08, 5.62, -0.05, 0.0, 0.0, 0.0]",0.0,Investigate
SBR_REG_RRR_EEE.png,toCheck_100009_00329s_SBR_REG_RRR_EEE.png,70720,Big,3.08,5.91,"[0.0, -0.05, 0.0, 0.0, 5.91, 3.71, 0.0, 0.0, 0.0]",0.0,Investigate
TLT_SBR_ON.png,toCheck_100009_00569s_TLT_SBR_ON.png,21600,Big,7.91,5.62,"[2.78, 3.98, -0.05, 2.08, 5.62, -0.05, 0.0, 0.0, 0.0]",0.0,Investigate
TLT_SBR_OFF.png,toCheck_100009_00574s_TLT_SBR_OFF.png,21600,Big,7.91,5.62,"[2.78, 3.98, -0.05, 2.08, 5.62, -0.05, 0.0, 0.0, 0.0]",0.0,Investigate
TLT_SBR_ON.png,toCheck_100009_00579s_TLT_SBR_ON.png,21600,Big,7.91,5.62,"[2.78, 3.98, -0.05, 2.08, 5.62, -0.05, 0.0, 0.0, 0.0]",0.0,Investigate
TLT_SBR_OFF.png,toCheck_100009_00584s_TLT_SBR_OFF.png,21600,Big,7.91,5.62,"[2.78, 3.98, -0.05, 2.08, 5.62, -0.05, 0.0, 0.0, 0.0]",0.0,Investigate
TLT_SBR_ON.png,toCheck_100009_00669s_TLT_SBR_ON.png,21600,Big,7.91,5.62,"[2.78, 3.98, -0.05, 2.08, 5.62, -0.05, 0.0, 0.0, 0.0]",0.0,Investigate
TLT_SBR_OFF.png,toCheck_100009_00674s_TLT_SBR_OFF.png,21600,Big,7.91,5.62,"[2.78, 3.98, -0.05, 2.08, 5.62, -0.05, 0.0, 0.0, 0.0]",0.0,Investigate
TLT_SBR_ON.png,toCheck_100009_00679s_TLT_SBR_ON.png,21600,Big,7.91,5.62,"[2.78, 3.98, -0.05, 2.08, 5.62, -0.05, 0.0, 0.0, 0.0]",0.0,Investigate
TLT_SBR_OFF.png,toCheck_100009_00684s_TLT_SBR_OFF.png,21600,Big,7.91,5.62,"[2.78, 3.98, -0.05, 2.08, 5.62, -0.05, 0.0, 0.0, 0.0]",0.0,Investigate
TLT_SBR_ON.png,toCheck_100009_01574s_TLT_SBR_ON.png,21600,Big,0.42,0.73,"[0.73, 0.02, -0.05, 0.22, -0.05, -0.05, 0.0, 0.0, 0.0]",0.0,OK
TLT_SBR_ON.png,toCheck_100009_00239s_TLT_SBR_ON.png,21600,Big,7.91,5.62,"[2.78, 3.98, -0.05, 2.08, 5.62, -0.05, 0.0, 0.0, 0.0]",0.0,Investigate
TLT_SBR_OFF.png,toCheck_100009_00244s_TLT_SBR_OFF.png,21600,Big,7.91,5.62,"[2.78, 3.98, -0.05, 2.08, 5.62, -0.05, 0.0, 0.0, 0.0]",0.0,Investigate
TLT_SBR_ON.png,toCheck_100009_00249s_TLT_SBR_ON.png,21600,Big,7.91,5.62,"[2.78, 3.98, -0.05, 2.08, 5.62, -0.05, 0.0, 0.0, 0.0]",0.0,Investigate
TLT_SBR_OFF.png,toCheck_100009_00254s_TLT_SBR_OFF.png,21600,Big,7.91,5.62,"[2.78, 3.98, -0.05, 2.08, 5.62, -0.05, 0.0, 0.0, 0.0]",0.0,Investigate
TLT_SBR_OFF.png,toCheck_100018_00432s_TLT_SBR_OFF.png,21600,Big,7.91,5.62,"[2.78, 3.98, -0.05, 2.08, 5.62, -0.05, 0.0, 0.0, 0.0]",0.0,Investigate
TLT_SBR_ON.png,toCheck_100018_00475s_TLT_SBR_ON.png,21600,Big,7.91,5.62,"[2.78, 3.98, -0.05, 2.08, 5.62, -0.05, 0.0, 0.0, 0.0]",0.0,Investigate
TLT_SBR_OFF.png,toCheck_100018_00480s_TLT_SBR_OFF.png,21600,Big,7.91,5.62,"[2.78, 3.98, -0.05, 2.08, 5.62, -0.05, 0.0, 0.0, 0.0]",0.0,Investigate
TLT_SBR_ON.png,toCheck_100018_00485s_TLT_SBR_ON.png,21600,Big,7.91,5.62,"[2.78, 3.98, -0.05, 2.08, 5.62, -0.05, 0.0, 0.0, 0.0]",0.0,Investigate
TLT_SBR_OFF.png,toCheck_100018_00490s_TLT_SBR_OFF.png,21600,Big,7.91,5.62,"[2.78, 3.98, -0.05, 2.08, 5.62, -0.05, 0.0, 0.0, 0.0]",0.0,Investigate
TLT_SBR_OFF.png,toCheck_100018_00495s_TLT_SBR_OFF.png,21600,Big,2.22,3.08,"[3.08, -0.05, -0.05, 0.0, 0.0, -0.05, 0.0, 0.0, 0.0]",0.0,Investigate
TLT_SBR_ON.png,toCheck_100018_00417s_TLT_SBR_ON.png,21600,Big,7.91,5.62,"[2.78, 3.98, -0.05, 2.08, 5.62, -0.05, 0.0, 0.0, 0.0]",0.0,Investigate
TLT_SBR_OFF.png,toCheck_100018_00422s_TLT_SBR_OFF.png,21600,Big,7.91,5.62,"[2.78, 3.98, -0.05, 2.08, 5.62, -0.05, 0.0, 0.0, 0.0]",0.0,Investigate
TLT_SBR_ON.png,toCheck_100018_00427s_TLT_SBR_ON.png,21600,Big,7.91,5.62,"[2.78, 3.98, -0.05, 2.08, 5.62, -0.05, 0.0, 0.0, 0.0]",0.0,Investigate
TLT_SBR_OFF.png,toCheck_100021_00422s_TLT_SBR_OFF.png,21600,Big,7.91,5.62,"[2.78, 3.98, -0.05, 2.08, 5.62, -0.05, 0.0, 0.0, 0.0]",0.0,Investigate
SBR_RER_EEE_EEE.png,toCheck_100021_00607s_SBR_RER_EEE_EEE.png,70720,Big,3.54,6.49,"[0.02, 0.0, 0.0, 0.02, 6.49, 3.71, 0.0, 0.0, 0.0]",0.0,Investigate
TLT_SBR_ON.png,toCheck_100021_00667s_TLT_SBR_ON.png,21600,Big,7.91,5.62,"[2.78, 3.98, -0.05, 2.08, 5.62, -0.05, 0.0, 0.0, 0.0]",0.0,Investigate
TLT_SBR_OFF.png,toCheck_100021_00672s_TLT_SBR_OFF.png,21600,Big,7.91,5.62,"[2.78, 3.98, -0.05, 2.08, 5.62, -0.05, 0.0, 0.0, 0.0]",0.0,Investigate
TLT_SBR_ON.png,toCheck_100021_00677s_TLT_SBR_ON.png,21600,Big,7.91,5.62,"[2.78, 3.98, -0.05, 2.08, 5.62, -0.05, 0.0, 0.0, 0.0]",0.0,Investigate
TLT_SBR_OFF.png,toCheck_100021_00682s_TLT_SBR_OFF.png,21600,Big,7.91,5.62,"[2.78, 3.98, -0.05, 2.08, 5.62, -0.05, 0.0, 0.0, 0.0]",0.0,Investigate
TLT_SBR_OFF.png,toCheck_100021_01587s_TLT_SBR_OFF.png,21600,Big,7.91,5.62,"[2.78, 3.98, -0.05, 2.08, 5.62, -0.05, 0.0, 0.0, 0.0]",0.0,Investigate
TLT_SBR_ON.png,toCheck_100021_00407s_TLT_SBR_ON.png,21600,Big,7.91,5.62,"[2.78, 3.98, -0.05, 2.08, 5.62, -0.05, 0.0, 0.0, 0.0]",0.0,Investigate
TLT_SBR_OFF.png,toCheck_100021_00412s_TLT_SBR_OFF.png,21600,Big,7.91,5.62,"[2.78, 3.98, -0.05, 2.08, 5.62, -0.05, 0.0, 0.0, 0.0]",0.0,Investigate
TLT_SBR_ON.png,toCheck_100021_00417s_TLT_SBR_ON.png,21600,Big,7.91,5.62,"[2.78, 3.98, -0.05, 2.08, 5.62, -0.05, 0.0, 0.0, 0.0]",0.0,Investigate
TLT_SBR_OFF.png,toCheck_100022_00422s_TLT_SBR_OFF.png,21600,Big,7.91,5.62,"[2.78, 3.98, -0.05, 2.08, 5.62, -0.05, 0.0, 0.0, 0.0]",0.0,Investigate
TLT_SBR_ON.png,toCheck_100022_00667s_TLT_SBR_ON.png,21600,Big,7.91,5.62,"[2.78, 3.98, -0.05, 2.08, 5.62, -0.05, 0.0, 0.0, 0.0]",0.0,Investigate
TLT_SBR_OFF.png,toCheck_100022_00672s_TLT_SBR_OFF.png,21600,Big,7.91,5.62,"[2.78, 3.98, -0.05, 2.08, 5.62, -0.05, 0.0, 0.0, 0.0]",0.0,Investigate
TLT_SBR_ON.png,toCheck_100022_00677s_TLT_SBR_ON.png,21600,Big,7.91,5.62,"[2.78, 3.98, -0.05, 2.08, 5.62, -0.05, 0.0, 0.0, 0.0]",0.0,Investigate
TLT_SBR_OFF.png,toCheck_100022_00682s_TLT_SBR_OFF.png,21600,Big,7.91,5.62,"[2.78, 3.98, -0.05, 2.08, 5.62, -0.05, 0.0, 0.0, 0.0]",0.0,Investigate
TLT_SBR_ON.png,toCheck_100022_00967s_TLT_SBR_ON.png,21600,Big,7.91,5.62,"[2.78, 3.98, -0.05, 2.08, 5.62, -0.05, 0.0, 0.0, 0.0]",0.0,Investigate
TLT_SBR_OFF.png,toCheck_100022_00972s_TLT_SBR_OFF.png,21600,Big,7.91,5.62,"[2.78, 3.98, -0.05, 2.08, 5.62, -0.05, 0.0, 0.0, 0.0]",0.0,Investigate
TLT_SBR_ON.png,toCheck_100022_00977s_TLT_SBR_ON.png,21600,Big,7.91,5.62,"[2.78, 3.98, -0.05, 2.08, 5.62, -0.05, 0.0, 0.0, 0.0]",0.0,Investigate
TLT_SBR_OFF.png,toCheck_100022_00982s_TLT_SBR_OFF.png,21600,Big,7.91,5.62,"[2.78, 3.98, -0.05, 2.08, 5.62, -0.05, 0.0, 0.0, 0.0]",0.0,Investigate
SBR_RER_EEE_EEE.png,toCheck_100022_00987s_SBR_RER_EEE_EEE.png,70720,Big,3.54,6.49,"[0.02, 0.0, 0.0, 0.02, 6.49, 3.71, 0.0, 0.0, 0.0]",0.0,Investigate
TLT_SBR_OFF.png,toCheck_100022_01937s_TLT_SBR_OFF.png,21600,Big,7.91,5.62,"[2.78, 3.98, -0.05, 2.08, 5.62, -0.05, 0.0, 0.0, 0.0]",0.0,Investigate
TLT_SBR_ON.png,toCheck_100022_00407s_TLT_SBR_ON.png,21600,Big,7.91,5.62,"[2.78, 3.98, -0.05, 2.08, 5.62, -0.05, 0.0, 0.0, 0.0]",0.0,Investigate
TLT_SBR_OFF.png,toCheck_100022_00412s_TLT_SBR_OFF.png,21600,Big,7.91,5.62,"[2.78, 3.98, -0.05, 2.08, 5.62, -0.05, 0.0, 0.0, 0.0]",0.0,Investigate
TLT_SBR_ON.png,toCheck_100022_00417s_TLT_SBR_ON.png,21600,Big,7.91,5.62,"[2.78, 3.98, -0.05, 2.08, 5.62, -0.05, 0.0, 0.0, 0.0]",0.0,Investigate
TLT_SBR_OFF.png,toCheck_100023_00422s_TLT_SBR_OFF.png,21600,Big,7.91,5.62,"[2.78, 3.98, -0.05, 2.08, 5.62, -0.05, 0.0, 0.0, 0.0]",0.0,Investigate
TLT_SBR_ON.png,toCheck_100023_00607s_TLT_SBR_ON.png,21600,Big,7.91,5.62,"[2.78, 3.98, -0.05, 2.08, 5.62, -0.05, 0.0, 0.0, 0.0]",0.0,Investigate
TLT_SBR_OFF.png,toCheck_100023_00612s_TLT_SBR_OFF.png,21600,Big,7.91,5.62,"[2.78, 3.98, -0.05, 2.08, 5.62, -0.05, 0.0, 0.0, 0.0]",0.0,Investigate
TLT_SBR_ON.png,toCheck_100023_00617s_TLT_SBR_ON.png,21600,Big,7.91,5.62,"[2.78, 3.98, -0.05, 2.08, 5.62, -0.05, 0.0, 0.0, 0.0]",0.0,Investigate
TLT_SBR_OFF.png,toCheck_100023_00622s_TLT_SBR_OFF.png,21600,Big,7.91,5.62,"[2.78, 3.98, -0.05, 2.08, 5.62, -0.05, 0.0, 0.0, 0.0]",0.0,Investigate
TLT_SBR_ON.png,toCheck_100023_01647s_TLT_SBR_ON.png,21600,Big,7.91,5.62,"[2.78, 3.98, -0.05, 2.08, 5.62, -0.05, 0.0, 0.0, 0.0]",0.0,Investigate
TLT_SBR_OFF.png,toCheck_100023_01652s_TLT_SBR_OFF.png,21600,Big,7.91,5.62,"[2.78, 3.98, -0.05, 2.08, 5.62, -0.05, 0.0, 0.0, 0.0]",0.0,Investigate
TLT_SBR_ON.png,toCheck_100023_01657s_TLT_SBR_ON.png,21600,Big,7.91,5.62,"[2.78, 3.98, -0.05, 2.08, 5.62, -0.05, 0.0, 0.0, 0.0]",0.0,Investigate
TLT_SBR_OFF.png,toCheck_100023_01662s_TLT_SBR_OFF.png,21600,Big,7.91,5.62,"[2.78, 3.98, -0.05, 2.08, 5.62, -0.05, 0.0, 0.0, 0.0]",0.0,Investigate
TLT_SBR_ON.png,toCheck_100023_01847s_TLT_SBR_ON.png,21600,Big,7.91,5.62,"[2.78, 3.98, -0.05, 2.08, 5.62, -0.05, 0.0, 0.0, 0.0]",0.0,Investigate
TLT_SBR_OFF.png,toCheck_100023_01852s_TLT_SBR_OFF.png,21600,Big,7.91,5.62,"[2.78, 3.98, -0.05, 2.08, 5.62, -0.05, 0.0, 0.0, 0.0]",0.0,Investigate
TLT_SBR_ON.png,toCheck_100023_01857s_TLT_SBR_ON.png,21600,Big,7.91,5.62,"[2.78, 3.98, -0.05, 2.08, 5.62, -0.05, 0.0, 0.0, 0.0]",0.0,Investigate
TLT_SBR_OFF.png,toCheck_100023_01862s_TLT_SBR_OFF.png,21600,Big,7.91,5.62,"[2.78, 3.98, -0.05, 2.08, 5.62, -0.05, 0.0, 0.0, 0.0]",0.0,Investigate
TLT_SBR_ON.png,toCheck_100023_02047s_TLT_SBR_ON.png,21600,Big,7.91,5.62,"[2.78, 3.98, -0.05, 2.08, 5.62, -0.05, 0.0, 0.0, 0.0]",0.0,Investigate
TLT_SBR_OFF.png,toCheck_100023_02052s_TLT_SBR_OFF.png,21600,Big,7.91,5.62,"[2.78, 3.98, -0.05, 2.08, 5.62, -0.05, 0.0, 0.0, 0.0]",0.0,Investigate
TLT_SBR_ON.png,toCheck_100023_02057s_TLT_SBR_ON.png,21600,Big,7.91,5.62,"[2.78, 3.98, -0.05, 2.08, 5.62, -0.05, 0.0, 0.0, 0.0]",0.0,Investigate
TLT_SBR_OFF.png,toCheck_100023_02062s_TLT_SBR_OFF.png,21600,Big,7.91,5.62,"[2.78, 3.98, -0.05, 2.08, 5.62, -0.05, 0.0, 0.0, 0.0]",0.0,Investigate
TLT_SBR_ON.png,toCheck_100023_00407s_TLT_SBR_ON.png,21600,Big,7.91,5.62,"[2.78, 3.98, -0.05, 2.08, 5.62, -0.05, 0.0, 0.0, 0.0]",0.0,Investigate
TLT_SBR_OFF.png,toCheck_100023_00412s_TLT_SBR_OFF.png,21600,Big,7.91,5.62,"[2.78, 3.98, -0.05, 2.08, 5.62, -0.05, 0.0, 0.0, 0.0]",0.0,Investigate
TLT_SBR_ON.png,toCheck_100023_00417s_TLT_SBR_ON.png,21600,Big,7.91,5.62,"[2.78, 3.98, -0.05, 2.08, 5.62, -0.05, 0.0, 0.0, 0.0]",0.0,Investigate
TLT_SBR_OFF.png,toCheck_100024_00966s_TLT_SBR_OFF.png,21600,Big,1.39,2.86,"[2.86, -0.05, -0.05, 1.03, 0.0, -0.05, 0.0, 0.0, 0.0]",0.0,OK
TLT_SBR_ON.png,toCheck_100027_00717s_TLT_SBR_ON.png,21600,Big,7.91,5.62,"[2.78, 3.98, -0.05, 2.08, 5.62, -0.05, 0.0, 0.0, 0.0]",0.0,Investigate
TLT_SBR_OFF.png,toCheck_100027_00722s_TLT_SBR_OFF.png,21600,Big,7.91,5.62,"[2.78, 3.98, -0.05, 2.08, 5.62, -0.05, 0.0, 0.0, 0.0]",0.0,Investigate
TLT_SBR_ON.png,toCheck_100027_00727s_TLT_SBR_ON.png,21600,Big,7.91,5.62,"[2.78, 3.98, -0.05, 2.08, 5.62, -0.05, 0.0, 0.0, 0.0]",0.0,Investigate
TLT_SBR_OFF.png,toCheck_100027_00732s_TLT_SBR_OFF.png,21600,Big,7.91,5.62,"[2.78, 3.98, -0.05, 2.08, 5.62, -0.05, 0.0, 0.0, 0.0]",0.0,Investigate
TLT_SBR_OFF.png,toCheck_100030_01051s_TLT_SBR_OFF.png,21600,Big,1.39,2.86,"[2.86, -0.05, -0.05, 1.03, 0.0, -0.05, 0.0, 0.0, 0.0]",0.0,OK
TLT_SBR_OFF.png,toCheck_100031_00946s_TLT_SBR_OFF.png,21600,Big,1.39,2.86,"[2.86, -0.05, -0.05, 1.03, 0.0, -0.05, 0.0, 0.0, 0.0]",0.0,OK
TLT_SBR_OFF.png,toCheck_100032_00911s_TLT_SBR_OFF.png,21600,Big,1.39,2.86,"[2.86, -0.05, -0.05, 1.03, 0.0, -0.05, 0.0, 0.0, 0.0]",0.0,OK
TLT_SBR_OFF.png,toCheck_100033_01776s_TLT_SBR_OFF.png,21600,Big,1.39,2.86,"[2.86, -0.05, -0.05, 1.03, 0.0, -0.05, 0.0, 0.0, 0.0]",0.0,OK
TLT_SBR_ON.png,toCheck_100033_00911s_TLT_SBR_ON.png,21600,Big,0.42,0.73,"[0.73, 0.02, -0.05, 0.22, -0.05, -0.05, 0.0, 0.0, 0.0]",0.0,OK
TLT_SBR_OFF.png,toCheck_100034_01776s_TLT_SBR_OFF.png,21600,Big,1.39,2.86,"[2.86, -0.05, -0.05, 1.03, 0.0, -0.05, 0.0, 0.0, 0.0]",0.0,OK
TLT_SBR_ON.png,toCheck_100034_00911s_TLT_SBR_ON.png,21600,Big,0.42,0.73,"[0.73, 0.02, -0.05, 0.22, -0.05, -0.05, 0.0, 0.0, 0.0]",0.0,OK
TLT_SBR_OFF.png,toCheck_100035_01566s_TLT_SBR_OFF.png,21600,Big,1.39,2.86,"[2.86, -0.05, -0.05, 1.03, 0.0, -0.05, 0.0, 0.0, 0.0]",0.0,OK
TLT_SBR_ON.png,toCheck_100035_00911s_TLT_SBR_ON.png,21600,Big,0.42,0.73,"[0.73, 0.02, -0.05, 0.22, -0.05, -0.05, 0.0, 0.0, 0.0]",0.0,OK
TLT_SBR_OFF.png,toCheck_100036_01021s_TLT_SBR_OFF.png,21600,Big,1.39,2.86,"[2.86, -0.05, -0.05, 1.03, 0.0, -0.05, 0.0, 0.0, 0.0]",0.0,OK
BUZ_05_OFF.png,toCheck_100037_00908s_BUZ_05_OFF.png,38400,Big,5.2,4.27,"[0.07, 0.49, 0.32, 0.02, 0.05, 4.27, 0.22, 0.02, 0.05, 0.22, 0.24, 0.05]",0.0,NOK
TLT_SBR_ON.png,toCheck_100037_01601s_TLT_SBR_ON.png,21600,Big,0.42,0.73,"[0.73, 0.02, -0.05, 0.22, -0.05, -0.05, 0.0, 0.0, 0.0]",0.0,OK
SBR_EEE_EER_EEE.png,toCheck_100037_01633s_SBR_EEE_EER_EEE.png,70720,Big,3.44,5.71,"[0.0, 0.0, 0.0, -0.05, 5.71, 3.71, 0.0, 0.0, 0.0]",0.0,Investigate
TLT_SBR_OFF.png,toCheck_100037_00861s_TLT_SBR_OFF.png,21600,Big,1.39,2.86,"[2.86, -0.05, -0.05, 1.03, 0.0, -0.05, 0.0, 0.0, 0.0]",0.0,OK
TLT_SBR_ON.png,toCheck_100038_00299s_TLT_SBR_ON.png,21600,Big,7.91,5.62,"[2.78, 3.98, -0.05, 2.08, 5.62, -0.05, 0.0, 0.0, 0.0]",0.0,Investigate
TLT_SBR_OFF.png,toCheck_100038_00304s_TLT_SBR_OFF.png,21600,Big,7.91,5.62,"[2.78, 3.98, -0.05, 2.08, 5.62, -0.05, 0.0, 0.0, 0.0]",0.0,Investigate
TLT_SBR_ON.png,toCheck_100038_00309s_TLT_SBR_ON.png,21600,Big,7.91,5.62,"[2.78, 3.98, -0.05, 2.08, 5.62, -0.05, 0.0, 0.0, 0.0]",0.0,Investigate
TLT_SBR_OFF.png,toCheck_100038_00314s_TLT_SBR_OFF.png,21600,Big,7.91,5.62,"[2.78, 3.98, -0.05, 2.08, 5.62, -0.05, 0.0, 0.0, 0.0]",0.0,Investigate
BUZ_05_OFF.png,toCheck_100038_00226s_BUZ_05_OFF.png,38400,Big,5.2,4.27,"[0.07, 0.49, 0.32, 0.02, 0.05, 4.27, 0.22, 0.02, 0.05, 0.22, 0.24, 0.05]",0.0,NOK
TLT_SBR_ON.png,toCheck_100039_01112s_TLT_SBR_ON.png,21600,Big,7.91,5.62,"[2.78, 3.98, -0.05, 2.08, 5.62, -0.05, 0.0, 0.0, 0.0]",0.0,Investigate
TLT_SBR_OFF.png,toCheck_100039_01117s_TLT_SBR_OFF.png,21600,Big,7.91,5.62,"[2.78, 3.98, -0.05, 2.08, 5.62, -0.05, 0.0, 0.0, 0.0]",0.0,Investigate
TLT_SBR_ON.png,toCheck_100039_01122s_TLT_SBR_ON.png,21600,Big,7.91,5.62,"[2.78, 3.98, -0.05, 2.08, 5.62, -0.05, 0.0, 0.0, 0.0]",0.0,Investigate
TLT_SBR_OFF.png,toCheck_100039_01127s_TLT_SBR_OFF.png,21600,Big,7.91,5.62,"[2.78, 3.98, -0.05, 2.08, 5.62, -0.05, 0.0, 0.0, 0.0]",0.0,Investigate
TLT_SBR_ON.png,toCheck_100039_01212s_TLT_SBR_ON.png,21600,Big,7.91,5.62,"[2.78, 3.98, -0.05, 2.08, 5.62, -0.05, 0.0, 0.0, 0.0]",0.0,Investigate
TLT_SBR_OFF.png,toCheck_100039_01217s_TLT_SBR_OFF.png,21600,Big,7.91,5.62,"[2.78, 3.98, -0.05, 2.08, 5.62, -0.05, 0.0, 0.0, 0.0]",0.0,Investigate
TLT_SBR_ON.png,toCheck_100039_01222s_TLT_SBR_ON.png,21600,Big,7.91,5.62,"[2.78, 3.98, -0.05, 2.08, 5.62, -0.05, 0.0, 0.0, 0.0]",0.0,Investigate
TLT_SBR_OFF.png,toCheck_100039_01227s_TLT_SBR_OFF.png,21600,Big,7.91,5.62,"[2.78, 3.98, -0.05, 2.08, 5.62, -0.05, 0.0, 0.0, 0.0]",0.0,Investigate
TLT_SBR_OFF.png,toCheck_100039_00861s_TLT_SBR_OFF.png,21600,Big,1.39,2.86,"[2.86, -0.05, -0.05, 1.03, 0.0, -0.05, 0.0, 0.0, 0.0]",0.0,OK
SBR_EEE_RGG_EEE.png,toCheck_100040_01042s_SBR_EEE_RGG_EEE.png,70720,Big,3.12,7.76,"[0.0, 0.0, 0.0, 0.02, 7.76, 3.71, 0.0, 0.0, 0.0]",0.0,Investigate
TLT_SBR_OFF.png,toCheck_100040_01717s_TLT_SBR_OFF.png,21600,Big,1.39,2.86,"[2.86, -0.05, -0.05, 1.03, 0.0, -0.05, 0.0, 0.0, 0.0]",0.0,OK
TLT_SBR_ON.png,toCheck_100040_00911s_TLT_SBR_ON.png,21600,Big,0.42,0.73,"[0.73, 0.02, -0.05, 0.22, -0.05, -0.05, 0.0, 0.0, 0.0]",0.0,OK
SBR_EEE_RGG_EEE.png,toCheck_100040_00942s_SBR_EEE_RGG_EEE.png,70720,Big,3.12,7.76,"[0.0, 0.0, 0.0, 0.02, 7.76, 3.71, 0.0, 0.0, 0.0]",0.0,Investigate
BUZ_07_OFF.png,toCheck_100041_02103s_BUZ_07_OFF.png,38400,Big,2.32,2.39,"[0.07, 0.15, 0.59, 0.07, 0.15, 2.39, 2.08, 0.05, 0.22, 1.68, 2.03, 0.1]",0.0,NOK
TLT_SBR_ON.png,toCheck_100041_02753s_TLT_SBR_ON.png,21600,Big,0.42,0.73,"[0.73, 0.02, -0.05, 0.22, -0.05, -0.05, 0.0, 0.0, 0.0]",0.0,OK
TLT_SBR_ON.png,toCheck_100041_02790s_TLT_SBR_ON.png,21600,Big,7.91,5.62,"[2.78, 3.98, -0.05, 2.08, 5.62, -0.05, 0.0, 0.0, 0.0]",0.0,Investigate
TLT_SBR_OFF.png,toCheck_100041_02795s_TLT_SBR_OFF.png,21600,Big,7.91,5.62,"[2.78, 3.98, -0.05, 2.08, 5.62, -0.05, 0.0, 0.0, 0.0]",0.0,Investigate
TLT_SBR_ON.png,toCheck_100041_02800s_TLT_SBR_ON.png,21600,Big,7.91,5.62,"[2.78, 3.98, -0.05, 2.08, 5.62, -0.05, 0.0, 0.0, 0.0]",0.0,Investigate
TLT_SBR_OFF.png,toCheck_100041_02805s_TLT_SBR_OFF.png,21600,Big,7.91,5.62,"[2.78, 3.98, -0.05, 2.08, 5.62, -0.05, 0.0, 0.0, 0.0]",0.0,Investigate
BUZ_07_OFF.png,toCheck_100041_03995s_BUZ_07_OFF.png,38400,Big,2.32,2.39,"[0.07, 0.15, 0.59, 0.07, 0.15, 2.39, 2.08, 0.05, 0.22, 1.68, 2.03, 0.1]",0.0,NOK
TLT_SBR_ON.png,toCheck_100041_04645s_TLT_SBR_ON.png,21600,Big,0.42,0.73,"[0.73, 0.02, -0.05, 0.22, -0.05, -0.05, 0.0, 0.0, 0.0]",0.0,OK
TLT_SBR_OFF.png,toCheck_100041_00861s_TLT_SBR_OFF.png,21600,Big,1.39,2.86,"[2.86, -0.05, -0.05, 1.03, 0.0, -0.05, 0.0, 0.0, 0.0]",0.0,OK
SBR_EEE_RGG_EEE.png,toCheck_100041_00893s_SBR_EEE_RGG_EEE.png,70720,Big,3.12,7.76,"[0.0, 0.0, 0.0, 0.02, 7.76, 3.71, 0.0, 0.0, 0.0]",0.0,Investigate
TLT_SBR_ON.png,toCheck_100042_01552s_TLT_SBR_ON.png,21600,Big,7.91,5.62,"[2.78, 3.98, -0.05, 2.08, 5.62, -0.05, 0.0, 0.0, 0.0]",0.0,Investigate
TLT_SBR_OFF.png,toCheck_100042_01557s_TLT_SBR_OFF.png,21600,Big,7.91,5.62,"[2.78, 3.98, -0.05, 2.08, 5.62, -0.05, 0.0, 0.0, 0.0]",0.0,Investigate
TLT_SBR_ON.png,toCheck_100042_01562s_TLT_SBR_ON.png,21600,Big,7.91,5.62,"[2.78, 3.98, -0.05, 2.08, 5.62, -0.05, 0.0, 0.0, 0.0]",0.0,Investigate
TLT_SBR_OFF.png,toCheck_100042_01567s_TLT_SBR_OFF.png,21600,Big,7.91,5.62,"[2.78, 3.98, -0.05, 2.08, 5.62, -0.05, 0.0, 0.0, 0.0]",0.0,Investigate
SBR_EEE_RRR_EEE.png,toCheck_100042_01642s_SBR_EEE_RRR_EEE.png,70720,Big,3.03,5.71,"[0.0, 0.0, 0.0, -0.05, 5.71, 3.71, 0.0, 0.0, 0.0]",0.0,Investigate
TLT_SBR_ON.png,toCheck_100042_01652s_TLT_SBR_ON.png,21600,Big,7.91,5.62,"[2.78, 3.98, -0.05, 2.08, 5.62, -0.05, 0.0, 0.0, 0.0]",0.0,Investigate
TLT_SBR_OFF.png,toCheck_100042_01657s_TLT_SBR_OFF.png,21600,Big,7.91,5.62,"[2.78, 3.98, -0.05, 2.08, 5.62, -0.05, 0.0, 0.0, 0.0]",0.0,Investigate
TLT_SBR_ON.png,toCheck_100042_01662s_TLT_SBR_ON.png,21600,Big,7.91,5.62,"[2.78, 3.98, -0.05, 2.08, 5.62, -0.05, 0.0, 0.0, 0.0]",0.0,Investigate
TLT_SBR_OFF.png,toCheck_100042_01667s_TLT_SBR_OFF.png,21600,Big,7.91,5.62,"[2.78, 3.98, -0.05, 2.08, 5.62, -0.05, 0.0, 0.0, 0.0]",0.0,Investigate
SBR_EEE_RRG_EEE.png,toCheck_100042_01742s_SBR_EEE_RRG_EEE.png,70720,Big,3.12,7.76,"[0.0, 0.0, 0.0, 0.0, 7.76, 3.71, 0.0, 0.0, 0.0]",0.0,Investigate
TLT_SBR_ON.png,toCheck_100042_01752s_TLT_SBR_ON.png,21600,Big,7.91,5.62,"[2.78, 3.98, -0.05, 2.08, 5.62, -0.05, 0.0, 0.0, 0.0]",0.0,Investigate
TLT_SBR_OFF.png,toCheck_100042_01757s_TLT_SBR_OFF.png,21600,Big,7.91,5.62,"[2.78, 3.98, -0.05, 2.08, 5.62, -0.05, 0.0, 0.0, 0.0]",0.0,Investigate
TLT_SBR_ON.png,toCheck_100042_01762s_TLT_SBR_ON.png,21600,Big,7.91,5.62,"[2.78, 3.98, -0.05, 2.08, 5.62, -0.05, 0.0, 0.0, 0.0]",0.0,Investigate
TLT_SBR_OFF.png,toCheck_100042_01767s_TLT_SBR_OFF.png,21600,Big,7.91,5.62,"[2.78, 3.98, -0.05, 2.08, 5.62, -0.05, 0.0, 0.0, 0.0]",0.0,Investigate
TLT_SBR_OFF.png,toCheck_100042_02502s_TLT_SBR_OFF.png,21600,Big,1.39,2.86,"[2.86, -0.05, -0.05, 1.03, 0.0, -0.05, 0.0, 0.0, 0.0]",0.0,OK
TLT_SBR_OFF.png,toCheck_100042_00861s_TLT_SBR_OFF.png,21600,Big,1.39,2.86,"[2.86, -0.05, -0.05, 1.03, 0.0, -0.05, 0.0, 0.0, 0.0]",0.0,OK
TLT_SBR_ON.png,toCheck_100042_01516s_TLT_SBR_ON.png,21600,Big,0.42,0.73,"[0.73, 0.02, -0.05, 0.22, -0.05, -0.05, 0.0, 0.0, 0.0]",0.0,OK
TLT_SBR_ON.png,toCheck_100043_01552s_TLT_SBR_ON.png,21600,Big,7.91,5.62,"[2.78, 3.98, -0.05, 2.08, 5.62, -0.05, 0.0, 0.0, 0.0]",0.0,Investigate
TLT_SBR_OFF.png,toCheck_100043_01557s_TLT_SBR_OFF.png,21600,Big,7.91,5.62,"[2.78, 3.98, -0.05, 2.08, 5.62, -0.05, 0.0, 0.0, 0.0]",0.0,Investigate
TLT_SBR_ON.png,toCheck_100043_01562s_TLT_SBR_ON.png,21600,Big,7.91,5.62,"[2.78, 3.98, -0.05, 2.08, 5.62, -0.05, 0.0, 0.0, 0.0]",0.0,Investigate
TLT_SBR_OFF.png,toCheck_100043_01567s_TLT_SBR_OFF.png,21600,Big,7.91,5.62,"[2.78, 3.98, -0.05, 2.08, 5.62, -0.05, 0.0, 0.0, 0.0]",0.0,Investigate
TLT_SBR_ON.png,toCheck_100043_01652s_TLT_SBR_ON.png,21600,Big,7.91,5.62,"[2.78, 3.98, -0.05, 2.08, 5.62, -0.05, 0.0, 0.0, 0.0]",0.0,Investigate
TLT_SBR_OFF.png,toCheck_100043_01657s_TLT_SBR_OFF.png,21600,Big,7.91,5.62,"[2.78, 3.98, -0.05, 2.08, 5.62, -0.05, 0.0, 0.0, 0.0]",0.0,Investigate
TLT_SBR_ON.png,toCheck_100043_01662s_TLT_SBR_ON.png,21600,Big,7.91,5.62,"[2.78, 3.98, -0.05, 2.08, 5.62, -0.05, 0.0, 0.0, 0.0]",0.0,Investigate
TLT_SBR_OFF.png,toCheck_100043_01667s_TLT_SBR_OFF.png,21600,Big,7.91,5.62,"[2.78, 3.98, -0.05, 2.08, 5.62, -0.05, 0.0, 0.0, 0.0]",0.0,Investigate
SBR_EEE_RRG_EEE.png,toCheck_100043_01672s_SBR_EEE_RRG_EEE.png,70720,Big,3.12,7.76,"[0.0, 0.0, 0.0, 0.0, 7.76, 3.71, 0.0, 0.0, 0.0]",0.0,Investigate
SBR_EEE_RRG_EEE.png,toCheck_100043_01982s_SBR_EEE_RRG_EEE.png,70720,Big,3.12,7.76,"[0.0, 0.0, 0.0, 0.0, 7.76, 3.71, 0.0, 0.0, 0.0]",0.0,Investigate
TLT_SBR_ON.png,toCheck_100043_02012s_TLT_SBR_ON.png,21600,Big,7.91,5.62,"[2.78, 3.98, -0.05, 2.08, 5.62, -0.05, 0.0, 0.0, 0.0]",0.0,Investigate
TLT_SBR_OFF.png,toCheck_100043_02017s_TLT_SBR_OFF.png,21600,Big,7.91,5.62,"[2.78, 3.98, -0.05, 2.08, 5.62, -0.05, 0.0, 0.0, 0.0]",0.0,Investigate
TLT_SBR_ON.png,toCheck_100043_02022s_TLT_SBR_ON.png,21600,Big,7.91,5.62,"[2.78, 3.98, -0.05, 2.08, 5.62, -0.05, 0.0, 0.0, 0.0]",0.0,Investigate
TLT_SBR_OFF.png,toCheck_100043_02027s_TLT_SBR_OFF.png,21600,Big,7.91,5.62,"[2.78, 3.98, -0.05, 2.08, 5.62, -0.05, 0.0, 0.0, 0.0]",0.0,Investigate
TLT_SBR_OFF.png,toCheck_100043_00861s_TLT_SBR_OFF.png,21600,Big,1.39,2.86,"[2.86, -0.05, -0.05, 1.03, 0.0, -0.05, 0.0, 0.0, 0.0]",0.0,OK
TLT_SBR_ON.png,toCheck_100043_01516s_TLT_SBR_ON.png,21600,Big,0.42,0.73,"[0.73, 0.02, -0.05, 0.22, -0.05, -0.05, 0.0, 0.0, 0.0]",0.0,OK
SBR_EEE_RGG_EEE.png,toCheck_100044_00993s_SBR_EEE_RGG_EEE.png,70720,Big,3.12,7.76,"[0.0, 0.0, 0.0, 0.02, 7.76, 3.71, 0.0, 0.0, 0.0]",0.0,Investigate
TLT_SBR_ON.png,toCheck_100044_01003s_TLT_SBR_ON.png,21600,Big,7.91,5.62,"[2.78, 3.98, -0.05, 2.08, 5.62, -0.05, 0.0, 0.0, 0.0]",0.0,Investigate
TLT_SBR_OFF.png,toCheck_100044_01008s_TLT_SBR_OFF.png,21600,Big,7.91,5.62,"[2.78, 3.98, -0.05, 2.08, 5.62, -0.05, 0.0, 0.0, 0.0]",0.0,Investigate
TLT_SBR_ON.png,toCheck_100044_01013s_TLT_SBR_ON.png,21600,Big,7.91,5.62,"[2.78, 3.98, -0.05, 2.08, 5.62, -0.05, 0.0, 0.0, 0.0]",0.0,Investigate
TLT_SBR_OFF.png,toCheck_100044_01018s_TLT_SBR_OFF.png,21600,Big,7.91,5.62,"[2.78, 3.98, -0.05, 2.08, 5.62, -0.05, 0.0, 0.0, 0.0]",0.0,Investigate
TLT_SBR_ON.png,toCheck_100044_01273s_TLT_SBR_ON.png,21600,Big,7.91,5.62,"[2.78, 3.98, -0.05, 2.08, 5.62, -0.05, 0.0, 0.0, 0.0]",0.0,Investigate
TLT_SBR_OFF.png,toCheck_100044_01278s_TLT_SBR_OFF.png,21600,Big,7.91,5.62,"[2.78, 3.98, -0.05, 2.08, 5.62, -0.05, 0.0, 0.0, 0.0]",0.0,Investigate
TLT_SBR_ON.png,toCheck_100044_01283s_TLT_SBR_ON.png,21600,Big,7.91,5.62,"[2.78, 3.98, -0.05, 2.08, 5.62, -0.05, 0.0, 0.0, 0.0]",0.0,Investigate
TLT_SBR_OFF.png,toCheck_100044_01288s_TLT_SBR_OFF.png,21600,Big,7.91,5.62,"[2.78, 3.98, -0.05, 2.08, 5.62, -0.05, 0.0, 0.0, 0.0]",0.0,Investigate
TLT_SBR_ON.png,toCheck_100044_01373s_TLT_SBR_ON.png,21600,Big,7.91,5.62,"[2.78, 3.98, -0.05, 2.08, 5.62, -0.05, 0.0, 0.0, 0.0]",0.0,Investigate
TLT_SBR_OFF.png,toCheck_100044_01378s_TLT_SBR_OFF.png,21600,Big,7.91,5.62,"[2.78, 3.98, -0.05, 2.08, 5.62, -0.05, 0.0, 0.0, 0.0]",0.0,Investigate
TLT_SBR_ON.png,toCheck_100044_01383s_TLT_SBR_ON.png,21600,Big,7.91,5.62,"[2.78, 3.98, -0.05, 2.08, 5.62, -0.05, 0.0, 0.0, 0.0]",0.0,Investigate
TLT_SBR_OFF.png,toCheck_100044_01388s_TLT_SBR_OFF.png,21600,Big,7.91,5.62,"[2.78, 3.98, -0.05, 2.08, 5.62, -0.05, 0.0, 0.0, 0.0]",0.0,Investigate
SBR_EEE_RRR_EEE.png,toCheck_100044_01393s_SBR_EEE_RRR_EEE.png,70720,Big,3.03,5.71,"[0.0, 0.0, 0.0, -0.05, 5.71, 3.71, 0.0, 0.0, 0.0]",0.0,Investigate
TLT_SBR_ON.png,toCheck_100044_02993s_TLT_SBR_ON.png,21600,Big,0.42,0.73,"[0.73, 0.02, -0.05, 0.22, -0.05, -0.05, 0.0, 0.0, 0.0]",0.0,OK
TLT_SBR_OFF.png,toCheck_100044_00861s_TLT_SBR_OFF.png,21600,Big,1.39,2.86,"[2.86, -0.05, -0.05, 1.03, 0.0, -0.05, 0.0, 0.0, 0.0]",0.0,OK
SBR_EEE_RGG_EEE.png,toCheck_100044_00893s_SBR_EEE_RGG_EEE.png,70720,Big,3.12,7.76,"[0.0, 0.0, 0.0, 0.02, 7.76, 3.71, 0.0, 0.0, 0.0]",0.0,Investigate
SBR_EEE_RGG_EEE.png,toCheck_100045_01163s_SBR_EEE_RGG_EEE.png,70720,Big,3.12,7.76,"[0.0, 0.0, 0.0, 0.02, 7.76, 3.71, 0.0, 0.0, 0.0]",0.0,Investigate
SBR_EEE_RGG_EEE.png,toCheck_100045_01263s_SBR_EEE_RGG_EEE.png,70720,Big,3.12,7.76,"[0.0, 0.0, 0.0, 0.02, 7.76, 3.71, 0.0, 0.0, 0.0]",0.0,Investigate
TLT_SBR_ON.png,toCheck_100045_01293s_TLT_SBR_ON.png,21600,Big,7.91,5.62,"[2.78, 3.98, -0.05, 2.08, 5.62, -0.05, 0.0, 0.0, 0.0]",0.0,Investigate
TLT_SBR_OFF.png,toCheck_100045_01298s_TLT_SBR_OFF.png,21600,Big,7.91,5.62,"[2.78, 3.98, -0.05, 2.08, 5.62, -0.05, 0.0, 0.0, 0.0]",0.0,Investigate
TLT_SBR_ON.png,toCheck_100045_01303s_TLT_SBR_ON.png,21600,Big,7.91,5.62,"[2.78, 3.98, -0.05, 2.08, 5.62, -0.05, 0.0, 0.0, 0.0]",0.0,Investigate
TLT_SBR_OFF.png,toCheck_100045_01308s_TLT_SBR_OFF.png,21600,Big,7.91,5.62,"[2.78, 3.98, -0.05, 2.08, 5.62, -0.05, 0.0, 0.0, 0.0]",0.0,Investigate
SBR_EEE_RRR_EEE.png,toCheck_100045_02350s_SBR_EEE_RRR_EEE.png,70720,Big,3.03,5.71,"[0.0, 0.0, 0.0, -0.05, 5.71, 3.71, 0.0, 0.0, 0.0]",0.0,Investigate
SBR_EEE_RRR_EEE.png,toCheck_100045_02620s_SBR_EEE_RRR_EEE.png,70720,Big,3.03,5.71,"[0.0, 0.0, 0.0, -0.05, 5.71, 3.71, 0.0, 0.0, 0.0]",0.0,Investigate
TLT_SBR_ON.png,toCheck_100045_04220s_TLT_SBR_ON.png,21600,Big,0.42,0.73,"[0.73, 0.02, -0.05, 0.22, -0.05, -0.05, 0.0, 0.0, 0.0]",0.0,OK
TLT_SBR_OFF.png,toCheck_100045_00861s_TLT_SBR_OFF.png,21600,Big,1.39,2.86,"[2.86, -0.05, -0.05, 1.03, 0.0, -0.05, 0.0, 0.0, 0.0]",0.0,OK
SBR_EEE_RGG_EEE.png,toCheck_100045_00893s_SBR_EEE_RGG_EEE.png,70720,Big,3.12,7.76,"[0.0, 0.0, 0.0, 0.02, 7.76, 3.71, 0.0, 0.0, 0.0]",0.0,Investigate
SBR_EEE_RGG_EEE.png,toCheck_100046_01252s_SBR_EEE_RGG_EEE.png,70720,Big,3.12,7.76,"[0.0, 0.0, 0.0, 0.02, 7.76, 3.71, 0.0, 0.0, 0.0]",0.0,Investigate
SBR_EEE_RGG_EEE.png,toCheck_100046_01352s_SBR_EEE_RGG_EEE.png,70720,Big,3.12,7.76,"[0.0, 0.0, 0.0, 0.02, 7.76, 3.71, 0.0, 0.0, 0.0]",0.0,Investigate
TLT_SBR_OFF.png,toCheck_100046_02027s_TLT_SBR_OFF.png,21600,Big,1.39,2.86,"[2.86, -0.05, -0.05, 1.03, 0.0, -0.05, 0.0, 0.0, 0.0]",0.0,OK
TLT_SBR_ON.png,toCheck_100046_00911s_TLT_SBR_ON.png,21600,Big,0.42,0.73,"[0.73, 0.02, -0.05, 0.22, -0.05, -0.05, 0.0, 0.0, 0.0]",0.0,OK
SBR_EEE_RGG_EEE.png,toCheck_100046_00942s_SBR_EEE_RGG_EEE.png,70720,Big,3.12,7.76,"[0.0, 0.0, 0.0, 0.02, 7.76, 3.71, 0.0, 0.0, 0.0]",0.0,Investigate
SBR_EEE_RGG_EEE.png,toCheck_100047_01252s_SBR_EEE_RGG_EEE.png,70720,Big,3.12,7.76,"[0.0, 0.0, 0.0, 0.02, 7.76, 3.71, 0.0, 0.0, 0.0]",0.0,Investigate
TLT_SBR_OFF.png,toCheck_100047_02917s_TLT_SBR_OFF.png,21600,Big,1.39,2.86,"[2.86, -0.05, -0.05, 1.03, 0.0, -0.05, 0.0, 0.0, 0.0]",0.0,OK
TLT_SBR_ON.png,toCheck_100047_00911s_TLT_SBR_ON.png,21600,Big,0.42,0.73,"[0.73, 0.02, -0.05, 0.22, -0.05, -0.05, 0.0, 0.0, 0.0]",0.0,OK
SBR_EEE_RGG_EEE.png,toCheck_100047_00942s_SBR_EEE_RGG_EEE.png,70720,Big,3.12,7.76,"[0.0, 0.0, 0.0, 0.02, 7.76, 3.71, 0.0, 0.0, 0.0]",0.0,Investigate
TLT_SBR_ON.png,toCheck_100048_00921s_TLT_SBR_ON.png,21600,Big,0.42,0.73,"[0.73, 0.02, -0.05, 0.22, -0.05, -0.05, 0.0, 0.0, 0.0]",0.0,OK
TLT_SBR_ON.png,toCheck_100048_00926s_TLT_SBR_ON.png,21600,Big,0.42,0.73,"[0.73, 0.02, -0.05, 0.22, -0.05, -0.05, 0.0, 0.0, 0.0]",0.0,OK
TLT_SBR_ON.png,toCheck_100048_01126s_TLT_SBR_ON.png,21600,Big,0.42,0.73,"[0.73, 0.02, -0.05, 0.22, -0.05, -0.05, 0.0, 0.0, 0.0]",0.0,OK
TLT_SBR_ON.png,toCheck_100048_01162s_TLT_SBR_ON.png,21600,Big,7.91,5.62,"[2.78, 3.98, -0.05, 2.08, 5.62, -0.05, 0.0, 0.0, 0.0]",0.0,Investigate
TLT_SBR_OFF.png,toCheck_100048_01167s_TLT_SBR_OFF.png,21600,Big,7.91,5.62,"[2.78, 3.98, -0.05, 2.08, 5.62, -0.05, 0.0, 0.0, 0.0]",0.0,Investigate
TLT_SBR_ON.png,toCheck_100048_01172s_TLT_SBR_ON.png,21600,Big,7.91,5.62,"[2.78, 3.98, -0.05, 2.08, 5.62, -0.05, 0.0, 0.0, 0.0]",0.0,Investigate
TLT_SBR_OFF.png,toCheck_100048_01177s_TLT_SBR_OFF.png,21600,Big,7.91,5.62,"[2.78, 3.98, -0.05, 2.08, 5.62, -0.05, 0.0, 0.0, 0.0]",0.0,Investigate
TLT_SBR_ON.png,toCheck_100048_01472s_TLT_SBR_ON.png,21600,Big,7.91,5.62,"[2.78, 3.98, -0.05, 2.08, 5.62, -0.05, 0.0, 0.0, 0.0]",0.0,Investigate
TLT_SBR_OFF.png,toCheck_100048_01477s_TLT_SBR_OFF.png,21600,Big,7.91,5.62,"[2.78, 3.98, -0.05, 2.08, 5.62, -0.05, 0.0, 0.0, 0.0]",0.0,Investigate
TLT_SBR_ON.png,toCheck_100048_01482s_TLT_SBR_ON.png,21600,Big,7.91,5.62,"[2.78, 3.98, -0.05, 2.08, 5.62, -0.05, 0.0, 0.0, 0.0]",0.0,Investigate
TLT_SBR_OFF.png,toCheck_100048_01487s_TLT_SBR_OFF.png,21600,Big,7.91,5.62,"[2.78, 3.98, -0.05, 2.08, 5.62, -0.05, 0.0, 0.0, 0.0]",0.0,Investigate
TLT_SBR_ON.png,toCheck_100048_03027s_TLT_SBR_ON.png,21600,Big,0.42,0.73,"[0.73, 0.02, -0.05, 0.22, -0.05, -0.05, 0.0, 0.0, 0.0]",0.0,OK
SBR_EEE_RGG_EEE.png,toCheck_100049_01242s_SBR_EEE_RGG_EEE.png,70720,Big,3.12,7.76,"[0.0, 0.0, 0.0, 0.02, 7.76, 3.71, 0.0, 0.0, 0.0]",0.0,Investigate
TLT_SBR_ON.png,toCheck_100049_02792s_TLT_SBR_ON.png,21600,Big,0.42,0.73,"[0.73, 0.02, -0.05, 0.22, -0.05, -0.05, 0.0, 0.0, 0.0]",0.0,OK
TLT_SBR_ON.png,toCheck_100049_00911s_TLT_SBR_ON.png,21600,Big,0.42,0.73,"[0.73, 0.02, -0.05, 0.22, -0.05, -0.05, 0.0, 0.0, 0.0]",0.0,OK
SBR_EEE_RGG_EEE.png,toCheck_100049_00942s_SBR_EEE_RGG_EEE.png,70720,Big,3.12,7.76,"[0.0, 0.0, 0.0, 0.02, 7.76, 3.71, 0.0, 0.0, 0.0]",0.0,Investigate
SBR_EEE_RGG_EEE.png,toCheck_100050_01203s_SBR_EEE_RGG_EEE.png,70720,Big,3.12,7.76,"[0.0, 0.0, 0.0, 0.02, 7.76, 3.71, 0.0, 0.0, 0.0]",0.0,Investigate
TLT_SBR_ON.png,toCheck_100050_02763s_TLT_SBR_ON.png,21600,Big,0.42,0.73,"[0.73, 0.02, -0.05, 0.22, -0.05, -0.05, 0.0, 0.0, 0.0]",0.0,OK
TLT_SBR_OFF.png,toCheck_100050_00861s_TLT_SBR_OFF.png,21600,Big,1.39,2.86,"[2.86, -0.05, -0.05, 1.03, 0.0, -0.05, 0.0, 0.0, 0.0]",0.0,OK
SBR_EEE_RGG_EEE.png,toCheck_100050_00893s_SBR_EEE_RGG_EEE.png,70720,Big,3.12,7.76,"[0.0, 0.0, 0.0, 0.02, 7.76, 3.71, 0.0, 0.0, 0.0]",0.0,Investigate
SBR_EEE_RGG_EEE.png,toCheck_100051_01163s_SBR_EEE_RGG_EEE.png,70720,Big,3.12,7.76,"[0.0, 0.0, 0.0, 0.02, 7.76, 3.71, 0.0, 0.0, 0.0]",0.0,Investigate
SBR_EEE_RGG_EEE.png,toCheck_100051_01263s_SBR_EEE_RGG_EEE.png,70720,Big,3.12,7.76,"[0.0, 0.0, 0.0, 0.02, 7.76, 3.71, 0.0, 0.0, 0.0]",0.0,Investigate
SBR_EEE_RGG_EEE.png,toCheck_100051_01301s_SBR_EEE_RGG_EEE.png,70720,Big,3.12,7.76,"[0.0, 0.0, 0.0, 0.02, 7.76, 3.71, 0.0, 0.0, 0.0]",0.0,Investigate
SBR_EEE_RGG_EEE.png,toCheck_100051_01401s_SBR_EEE_RGG_EEE.png,70720,Big,3.12,7.76,"[0.0, 0.0, 0.0, 0.02, 7.76, 3.71, 0.0, 0.0, 0.0]",0.0,Investigate
TLT_SBR_OFF.png,toCheck_100051_01549s_TLT_SBR_OFF.png,21600,Big,2.22,3.08,"[3.08, -0.05, -0.05, 0.0, 0.0, -0.05, 0.0, 0.0, 0.0]",0.0,Investigate
TLT_SBR_OFF.png,toCheck_100051_01649s_TLT_SBR_OFF.png,21600,Big,2.22,3.08,"[3.08, -0.05, -0.05, 0.0, 0.0, -0.05, 0.0, 0.0, 0.0]",0.0,Investigate
TLT_SBR_ON.png,toCheck_100051_02304s_TLT_SBR_ON.png,21600,Big,0.42,0.73,"[0.73, 0.02, -0.05, 0.22, -0.05, -0.05, 0.0, 0.0, 0.0]",0.0,OK
TLT_SBR_OFF.png,toCheck_100051_00861s_TLT_SBR_OFF.png,21600,Big,1.39,2.86,"[2.86, -0.05, -0.05, 1.03, 0.0, -0.05, 0.0, 0.0, 0.0]",0.0,OK
SBR_EEE_RGG_EEE.png,toCheck_100051_00893s_SBR_EEE_RGG_EEE.png,70720,Big,3.12,7.76,"[0.0, 0.0, 0.0, 0.02, 7.76, 3.71, 0.0, 0.0, 0.0]",0.0,Investigate
SBR_EEE_RGG_EEE.png,toCheck_100052_01163s_SBR_EEE_RGG_EEE.png,70720,Big,3.12,7.76,"[0.0, 0.0, 0.0, 0.02, 7.76, 3.71, 0.0, 0.0, 0.0]",0.0,Investigate
SBR_EEE_RGG_EEE.png,toCheck_100052_01263s_SBR_EEE_RGG_EEE.png,70720,Big,3.12,7.76,"[0.0, 0.0, 0.0, 0.02, 7.76, 3.71, 0.0, 0.0, 0.0]",0.0,Investigate
SBR_EEE_RGG_EEE.png,toCheck_100052_01281s_SBR_EEE_RGG_EEE.png,70720,Big,3.12,7.76,"[0.0, 0.0, 0.0, 0.02, 7.76, 3.71, 0.0, 0.0, 0.0]",0.0,Investigate
SBR_EEE_RGG_EEE.png,toCheck_100052_02061s_SBR_EEE_RGG_EEE.png,70720,Big,3.12,7.76,"[0.0, 0.0, 0.0, 0.02, 7.76, 3.71, 0.0, 0.0, 0.0]",0.0,Investigate
TLT_SBR_ON.png,toCheck_100052_02761s_TLT_SBR_ON.png,21600,Big,0.42,0.73,"[0.73, 0.02, -0.05, 0.22, -0.05, -0.05, 0.0, 0.0, 0.0]",0.0,OK
TLT_SBR_ON.png,toCheck_100052_03539s_TLT_SBR_ON.png,21600,Big,0.42,0.73,"[0.73, 0.02, -0.05, 0.22, -0.05, -0.05, 0.0, 0.0, 0.0]",0.0,OK
TLT_SBR_OFF.png,toCheck_100052_00861s_TLT_SBR_OFF.png,21600,Big,1.39,2.86,"[2.86, -0.05, -0.05, 1.03, 0.0, -0.05, 0.0, 0.0, 0.0]",0.0,OK
SBR_EEE_RGG_EEE.png,toCheck_100052_00893s_SBR_EEE_RGG_EEE.png,70720,Big,3.12,7.76,"[0.0, 0.0, 0.0, 0.02, 7.76, 3.71, 0.0, 0.0, 0.0]",0.0,Investigate
SBR_EEE_RGG_EEE.png,toCheck_100053_01203s_SBR_EEE_RGG_EEE.png,70720,Big,3.12,7.76,"[0.0, 0.0, 0.0, 0.02, 7.76, 3.71, 0.0, 0.0, 0.0]",0.0,Investigate
SBR_EEE_RGG_EEE.png,toCheck_100053_01303s_SBR_EEE_RGG_EEE.png,70720,Big,3.12,7.76,"[0.0, 0.0, 0.0, 0.02, 7.76, 3.71, 0.0, 0.0, 0.0]",0.0,Investigate
SBR_EEE_RGG_EEE.png,toCheck_100053_01341s_SBR_EEE_RGG_EEE.png,70720,Big,3.12,7.76,"[0.0, 0.0, 0.0, 0.02, 7.76, 3.71, 0.0, 0.0, 0.0]",0.0,Investigate
SBR_EEE_RGG_EEE.png,toCheck_100053_01441s_SBR_EEE_RGG_EEE.png,70720,Big,3.12,7.76,"[0.0, 0.0, 0.0, 0.02, 7.76, 3.71, 0.0, 0.0, 0.0]",0.0,Investigate
SBR_EEE_RGG_EEE.png,toCheck_100053_01479s_SBR_EEE_RGG_EEE.png,70720,Big,3.12,7.76,"[0.0, 0.0, 0.0, 0.02, 7.76, 3.71, 0.0, 0.0, 0.0]",0.0,Investigate
SBR_EEE_RGG_EEE.png,toCheck_100053_01579s_SBR_EEE_RGG_EEE.png,70720,Big,3.12,7.76,"[0.0, 0.0, 0.0, 0.02, 7.76, 3.71, 0.0, 0.0, 0.0]",0.0,Investigate
TLT_SBR_OFF.png,toCheck_100053_01606s_TLT_SBR_OFF.png,21600,Big,3.39,5.25,"[5.25, 1.88, 3.27, 3.88, 2.78, 4.76, 0.0, 0.0, 0.0]",0.0,Investigate
TLT_SBR_ON.png,toCheck_100053_02374s_TLT_SBR_ON.png,21600,Big,0.42,0.73,"[0.73, 0.02, -0.05, 0.22, -0.05, -0.05, 0.0, 0.0, 0.0]",0.0,OK
TLT_SBR_OFF.png,toCheck_100053_00861s_TLT_SBR_OFF.png,21600,Big,1.39,2.86,"[2.86, -0.05, -0.05, 1.03, 0.0, -0.05, 0.0, 0.0, 0.0]",0.0,OK
SBR_EEE_RGG_EEE.png,toCheck_100053_00893s_SBR_EEE_RGG_EEE.png,70720,Big,3.12,7.76,"[0.0, 0.0, 0.0, 0.02, 7.76, 3.71, 0.0, 0.0, 0.0]",0.0,Investigate
TLT_SBR_OFF.png,toCheck_100054_00916s_TLT_SBR_OFF.png,21600,Big,7.91,5.62,"[2.78, 3.98, -0.05, 2.08, 5.62, -0.05, 0.0, 0.0, 0.0]",0.0,Investigate
TLT_SBR_ON.png,toCheck_100054_00921s_TLT_SBR_ON.png,21600,Big,7.91,5.62,"[2.78, 3.98, -0.05, 2.08, 5.62, -0.05, 0.0, 0.0, 0.0]",0.0,Investigate
TLT_SBR_OFF.png,toCheck_100054_00926s_TLT_SBR_OFF.png,21600,Big,7.91,5.62,"[2.78, 3.98, -0.05, 2.08, 5.62, -0.05, 0.0, 0.0, 0.0]",0.0,Investigate
TLT_SBR_ON.png,toCheck_100054_00981s_TLT_SBR_ON.png,21600,Big,7.91,5.62,"[2.78, 3.98, -0.05, 2.08, 5.62, -0.05, 0.0, 0.0, 0.0]",0.0,Investigate
TLT_SBR_OFF.png,toCheck_100054_00986s_TLT_SBR_OFF.png,21600,Big,7.91,5.62,"[2.78, 3.98, -0.05, 2.08, 5.62, -0.05, 0.0, 0.0, 0.0]",0.0,Investigate
TLT_SBR_ON.png,toCheck_100054_00991s_TLT_SBR_ON.png,21600,Big,7.91,5.62,"[2.78, 3.98, -0.05, 2.08, 5.62, -0.05, 0.0, 0.0, 0.0]",0.0,Investigate
TLT_SBR_OFF.png,toCheck_100054_00996s_TLT_SBR_OFF.png,21600,Big,7.91,5.62,"[2.78, 3.98, -0.05, 2.08, 5.62, -0.05, 0.0, 0.0, 0.0]",0.0,Investigate
TLT_SBR_ON.png,toCheck_100054_01019s_TLT_SBR_ON.png,21600,Big,7.91,5.62,"[2.78, 3.98, -0.05, 2.08, 5.62, -0.05, 0.0, 0.0, 0.0]",0.0,Investigate
TLT_SBR_OFF.png,toCheck_100054_01024s_TLT_SBR_OFF.png,21600,Big,7.91,5.62,"[2.78, 3.98, -0.05, 2.08, 5.62, -0.05, 0.0, 0.0, 0.0]",0.0,Investigate
TLT_SBR_ON.png,toCheck_100054_01029s_TLT_SBR_ON.png,21600,Big,7.91,5.62,"[2.78, 3.98, -0.05, 2.08, 5.62, -0.05, 0.0, 0.0, 0.0]",0.0,Investigate
TLT_SBR_OFF.png,toCheck_100054_01034s_TLT_SBR_OFF.png,21600,Big,7.91,5.62,"[2.78, 3.98, -0.05, 2.08, 5.62, -0.05, 0.0, 0.0, 0.0]",0.0,Investigate
TLT_SBR_OFF.png,toCheck_100054_01837s_TLT_SBR_OFF.png,21600,Big,1.39,2.86,"[2.86, -0.05, -0.05, 1.03, 0.0, -0.05, 0.0, 0.0, 0.0]",0.0,OK
TLT_SBR_ON.png,toCheck_100054_00866s_TLT_SBR_ON.png,21600,Big,0.42,0.73,"[0.73, 0.02, -0.05, 0.22, -0.05, -0.05, 0.0, 0.0, 0.0]",0.0,OK
TLT_SBR_ON.png,toCheck_100054_00911s_TLT_SBR_ON.png,21600,Big,7.91,5.62,"[2.78, 3.98, -0.05, 2.08, 5.62, -0.05, 0.0, 0.0, 0.0]",0.0,Investigate
SBR_EEE_RGG_EEE.png,toCheck_100055_01163s_SBR_EEE_RGG_EEE.png,70720,Big,3.12,7.76,"[0.0, 0.0, 0.0, 0.02, 7.76, 3.71, 0.0, 0.0, 0.0]",0.0,Investigate
SBR_EEE_RGG_EEE.png,toCheck_100055_01263s_SBR_EEE_RGG_EEE.png,70720,Big,3.12,7.76,"[0.0, 0.0, 0.0, 0.02, 7.76, 3.71, 0.0, 0.0, 0.0]",0.0,Investigate
SBR_EEE_RGG_EEE.png,toCheck_100055_01281s_SBR_EEE_RGG_EEE.png,70720,Big,3.12,7.76,"[0.0, 0.0, 0.0, 0.02, 7.76, 3.71, 0.0, 0.0, 0.0]",0.0,Investigate
SBR_EEE_RGG_EEE.png,toCheck_100055_02061s_SBR_EEE_RGG_EEE.png,70720,Big,3.12,7.76,"[0.0, 0.0, 0.0, 0.02, 7.76, 3.71, 0.0, 0.0, 0.0]",0.0,Investigate
TLT_SBR_ON.png,toCheck_100055_02761s_TLT_SBR_ON.png,21600,Big,0.42,0.73,"[0.73, 0.02, -0.05, 0.22, -0.05, -0.05, 0.0, 0.0, 0.0]",0.0,OK
TLT_SBR_OFF.png,toCheck_100055_00861s_TLT_SBR_OFF.png,21600,Big,1.39,2.86,"[2.86, -0.05, -0.05, 1.03, 0.0, -0.05, 0.0, 0.0, 0.0]",0.0,OK
SBR_EEE_RGG_EEE.png,toCheck_100055_00893s_SBR_EEE_RGG_EEE.png,70720,Big,3.12,7.76,"[0.0, 0.0, 0.0, 0.02, 7.76, 3.71, 0.0, 0.0, 0.0]",0.0,Investigate
TLT_SBR_OFF.png,toCheck_100056_00244s_TLT_SBR_OFF.png,21600,Big,7.91,5.62,"[2.78, 3.98, -0.05, 2.08, 5.62, -0.05, 0.0, 0.0, 0.0]",0.0,Investigate
SBR_EEE_RRR_EEE.png,toCheck_100056_00842s_SBR_EEE_RRR_EEE.png,70720,Big,3.03,5.71,"[0.0, 0.0, 0.0, -0.05, 5.71, 3.71, 0.0, 0.0, 0.0]",0.0,Investigate
TLT_SBR_ON.png,toCheck_100056_02102s_TLT_SBR_ON.png,21600,Big,0.42,0.73,"[0.73, 0.02, -0.05, 0.22, -0.05, -0.05, 0.0, 0.0, 0.0]",0.0,OK
TLT_SBR_ON.png,toCheck_100056_02120s_TLT_SBR_ON.png,21600,Big,0.42,0.73,"[0.73, 0.02, -0.05, 0.22, -0.05, -0.05, 0.0, 0.0, 0.0]",0.0,OK
TLT_SBR_ON.png,toCheck_100056_00229s_TLT_SBR_ON.png,21600,Big,7.91,5.62,"[2.78, 3.98, -0.05, 2.08, 5.62, -0.05, 0.0, 0.0, 0.0]",0.0,Investigate
TLT_SBR_OFF.png,toCheck_100056_00234s_TLT_SBR_OFF.png,21600,Big,7.91,5.62,"[2.78, 3.98, -0.05, 2.08, 5.62, -0.05, 0.0, 0.0, 0.0]",0.0,Investigate
TLT_SBR_ON.png,toCheck_100056_00239s_TLT_SBR_ON.png,21600,Big,7.91,5.62,"[2.78, 3.98, -0.05, 2.08, 5.62, -0.05, 0.0, 0.0, 0.0]",0.0,Investigate
TLT_SBR_ON.png,toCheck_100057_01776s_TLT_SBR_ON.png,21600,Big,0.42,0.73,"[0.73, 0.02, -0.05, 0.22, -0.05, -0.05, 0.0, 0.0, 0.0]",0.0,OK
TLT_SBR_ON.png,toCheck_100057_00911s_TLT_SBR_ON.png,21600,Big,0.42,0.73,"[0.73, 0.02, -0.05, 0.22, -0.05, -0.05, 0.0, 0.0, 0.0]",0.0,OK
SBR_GEG_RGR_EEE.png,toCheck_100058_00612s_SBR_GEG_RGR_EEE.png,70720,Big,3.17,5.91,"[-0.05, -0.05, 0.0, 0.0, 5.91, 3.71, 0.0, 0.0, 0.0]",0.0,Investigate
TLT_SBR_ON.png,toCheck_100058_00612s_TLT_SBR_ON.png,21600,Big,7.91,5.62,"[2.78, 3.98, -0.05, 2.08, 5.62, -0.05, 0.0, 0.0, 0.0]",0.0,Investigate
TLT_SBR_ON.png,toCheck_100058_01617s_TLT_SBR_ON.png,21600,Big,0.42,0.73,"[0.73, 0.02, -0.05, 0.22, -0.05, -0.05, 0.0, 0.0, 0.0]",0.0,OK
TLT_SBR_ON.png,toCheck_100059_01020s_TLT_SBR_ON.png,21600,Big,0.42,0.73,"[0.73, 0.02, -0.05, 0.22, -0.05, -0.05, 0.0, 0.0, 0.0]",0.0,OK
TLT_SBR_OFF.png,toCheck_100060_01139s_TLT_SBR_OFF.png,21600,Big,1.39,2.86,"[2.86, -0.05, -0.05, 1.03, 0.0, -0.05, 0.0, 0.0, 0.0]",0.0,OK
TLT_SBR_OFF.png,toCheck_100061_01671s_TLT_SBR_OFF.png,21600,Big,1.39,2.86,"[2.86, -0.05, -0.05, 1.03, 0.0, -0.05, 0.0, 0.0, 0.0]",0.0,OK
TLT_SBR_OFF.png,toCheck_100061_00861s_TLT_SBR_OFF.png,21600,Big,1.39,2.86,"[2.86, -0.05, -0.05, 1.03, 0.0, -0.05, 0.0, 0.0, 0.0]",0.0,OK
TLT_SBR_ON.png,toCheck_100062_01540s_TLT_SBR_ON.png,21600,Big,7.91,5.62,"[2.78, 3.98, -0.05, 2.08, 5.62, -0.05, 0.0, 0.0, 0.0]",0.0,Investigate
TLT_SBR_OFF.png,toCheck_100062_01545s_TLT_SBR_OFF.png,21600,Big,7.91,5.62,"[2.78, 3.98, -0.05, 2.08, 5.62, -0.05, 0.0, 0.0, 0.0]",0.0,Investigate
TLT_SBR_ON.png,toCheck_100062_01550s_TLT_SBR_ON.png,21600,Big,7.91,5.62,"[2.78, 3.98, -0.05, 2.08, 5.62, -0.05, 0.0, 0.0, 0.0]",0.0,Investigate
TLT_SBR_OFF.png,toCheck_100062_01555s_TLT_SBR_OFF.png,21600,Big,7.91,5.62,"[2.78, 3.98, -0.05, 2.08, 5.62, -0.05, 0.0, 0.0, 0.0]",0.0,Investigate
TLT_SBR_ON.png,toCheck_100062_01653s_TLT_SBR_ON.png,21600,Big,7.91,5.62,"[2.78, 3.98, -0.05, 2.08, 5.62, -0.05, 0.0, 0.0, 0.0]",0.0,Investigate
TLT_SBR_OFF.png,toCheck_100062_01658s_TLT_SBR_OFF.png,21600,Big,7.91,5.62,"[2.78, 3.98, -0.05, 2.08, 5.62, -0.05, 0.0, 0.0, 0.0]",0.0,Investigate
TLT_SBR_ON.png,toCheck_100062_01663s_TLT_SBR_ON.png,21600,Big,7.91,5.62,"[2.78, 3.98, -0.05, 2.08, 5.62, -0.05, 0.0, 0.0, 0.0]",0.0,Investigate
TLT_SBR_OFF.png,toCheck_100062_01668s_TLT_SBR_OFF.png,21600,Big,7.91,5.62,"[2.78, 3.98, -0.05, 2.08, 5.62, -0.05, 0.0, 0.0, 0.0]",0.0,Investigate
TLT_SBR_OFF.png,toCheck_100062_02479s_TLT_SBR_OFF.png,21600,Big,1.39,2.86,"[2.86, -0.05, -0.05, 1.03, 0.0, -0.05, 0.0, 0.0, 0.0]",0.0,OK
TLT_SBR_OFF.png,toCheck_100062_00861s_TLT_SBR_OFF.png,21600,Big,1.39,2.86,"[2.86, -0.05, -0.05, 1.03, 0.0, -0.05, 0.0, 0.0, 0.0]",0.0,OK
TLT_SBR_OFF.png,toCheck_100063_02060s_TLT_SBR_OFF.png,21600,Big,1.39,2.86,"[2.86, -0.05, -0.05, 1.03, 0.0, -0.05, 0.0, 0.0, 0.0]",0.0,OK
TLT_SBR_ON.png,toCheck_100063_02120s_TLT_SBR_ON.png,21600,Big,7.91,5.62,"[2.78, 3.98, -0.05, 2.08, 5.62, -0.05, 0.0, 0.0, 0.0]",0.0,Investigate
TLT_SBR_OFF.png,toCheck_100063_02125s_TLT_SBR_OFF.png,21600,Big,7.91,5.62,"[2.78, 3.98, -0.05, 2.08, 5.62, -0.05, 0.0, 0.0, 0.0]",0.0,Investigate
TLT_SBR_ON.png,toCheck_100063_02130s_TLT_SBR_ON.png,21600,Big,7.91,5.62,"[2.78, 3.98, -0.05, 2.08, 5.62, -0.05, 0.0, 0.0, 0.0]",0.0,Investigate
TLT_SBR_OFF.png,toCheck_100063_02135s_TLT_SBR_OFF.png,21600,Big,7.91,5.62,"[2.78, 3.98, -0.05, 2.08, 5.62, -0.05, 0.0, 0.0, 0.0]",0.0,Investigate
TLT_SBR_ON.png,toCheck_100063_02183s_TLT_SBR_ON.png,21600,Big,7.91,5.62,"[2.78, 3.98, -0.05, 2.08, 5.62, -0.05, 0.0, 0.0, 0.0]",0.0,Investigate
TLT_SBR_OFF.png,toCheck_100063_02188s_TLT_SBR_OFF.png,21600,Big,7.91,5.62,"[2.78, 3.98, -0.05, 2.08, 5.62, -0.05, 0.0, 0.0, 0.0]",0.0,Investigate
TLT_SBR_ON.png,toCheck_100063_02193s_TLT_SBR_ON.png,21600,Big,7.91,5.62,"[2.78, 3.98, -0.05, 2.08, 5.62, -0.05, 0.0, 0.0, 0.0]",0.0,Investigate
TLT_SBR_OFF.png,toCheck_100063_02198s_TLT_SBR_OFF.png,21600,Big,7.91,5.62,"[2.78, 3.98, -0.05, 2.08, 5.62, -0.05, 0.0, 0.0, 0.0]",0.0,Investigate
TLT_SBR_OFF.png,toCheck_100063_03001s_TLT_SBR_OFF.png,21600,Big,1.39,2.86,"[2.86, -0.05, -0.05, 1.03, 0.0, -0.05, 0.0, 0.0, 0.0]",0.0,OK
TLT_SBR_OFF.png,toCheck_100063_00861s_TLT_SBR_OFF.png,21600,Big,1.39,2.86,"[2.86, -0.05, -0.05, 1.03, 0.0, -0.05, 0.0, 0.0, 0.0]",0.0,OK
TLT_SBR_OFF.png,toCheck_100064_01639s_TLT_SBR_OFF.png,21600,Big,1.39,2.86,"[2.86, -0.05, -0.05, 1.03, 0.0, -0.05, 0.0, 0.0, 0.0]",0.0,OK
TLT_SBR_OFF.png,toCheck_100064_02394s_TLT_SBR_OFF.png,21600,Big,1.39,2.86,"[2.86, -0.05, -0.05, 1.03, 0.0, -0.05, 0.0, 0.0, 0.0]",0.0,OK
TLT_SBR_OFF.png,toCheck_100064_00861s_TLT_SBR_OFF.png,21600,Big,1.39,2.86,"[2.86, -0.05, -0.05, 1.03, 0.0, -0.05, 0.0, 0.0, 0.0]",0.0,OK
TLT_SBR_ON.png,toCheck_100065_00976s_TLT_SBR_ON.png,21600,Big,0.42,0.73,"[0.73, 0.02, -0.05, 0.22, -0.05, -0.05, 0.0, 0.0, 0.0]",0.0,OK
TLT_SBR_ON.png,toCheck_100065_01199s_TLT_SBR_ON.png,21600,Big,7.91,5.62,"[2.78, 3.98, -0.05, 2.08, 5.62, -0.05, 0.0, 0.0, 0.0]",0.0,Investigate
TLT_SBR_OFF.png,toCheck_100065_01204s_TLT_SBR_OFF.png,21600,Big,7.91,5.62,"[2.78, 3.98, -0.05, 2.08, 5.62, -0.05, 0.0, 0.0, 0.0]",0.0,Investigate
TLT_SBR_ON.png,toCheck_100065_01209s_TLT_SBR_ON.png,21600,Big,7.91,5.62,"[2.78, 3.98, -0.05, 2.08, 5.62, -0.05, 0.0, 0.0, 0.0]",0.0,Investigate
TLT_SBR_OFF.png,toCheck_100065_01214s_TLT_SBR_OFF.png,21600,Big,7.91,5.62,"[2.78, 3.98, -0.05, 2.08, 5.62, -0.05, 0.0, 0.0, 0.0]",0.0,Investigate
TLT_SBR_ON.png,toCheck_100065_02194s_TLT_SBR_ON.png,21600,Big,0.42,0.73,"[0.73, 0.02, -0.05, 0.22, -0.05, -0.05, 0.0, 0.0, 0.0]",0.0,OK
TLT_SBR_OFF.png,toCheck_100067_02162s_TLT_SBR_OFF.png,21600,Big,1.39,2.86,"[2.86, -0.05, -0.05, 1.03, 0.0, -0.05, 0.0, 0.0, 0.0]",0.0,OK
TLT_SBR_OFF.png,toCheck_100067_02180s_TLT_SBR_OFF.png,21600,Big,1.39,2.86,"[2.86, -0.05, -0.05, 1.03, 0.0, -0.05, 0.0, 0.0, 0.0]",0.0,OK
TLT_SBR_OFF.png,toCheck_100067_00861s_TLT_SBR_OFF.png,21600,Big,1.39,2.86,"[2.86, -0.05, -0.05, 1.03, 0.0, -0.05, 0.0, 0.0, 0.0]",0.0,OK
TLT_SBR_ON.png,toCheck_100068_01304s_TLT_SBR_ON.png,21600,Big,0.42,0.73,"[0.73, 0.02, -0.05, 0.22, -0.05, -0.05, 0.0, 0.0, 0.0]",0.0,OK
TLT_SBR_OFF.png,toCheck_100069_01249s_TLT_SBR_OFF.png,21600,Big,1.39,2.86,"[2.86, -0.05, -0.05, 1.03, 0.0, -0.05, 0.0, 0.0, 0.0]",0.0,OK
TLT_SBR_OFF.png,toCheck_100071_02162s_TLT_SBR_OFF.png,21600,Big,1.39,2.86,"[2.86, -0.05, -0.05, 1.03, 0.0, -0.05, 0.0, 0.0, 0.0]",0.0,OK
TLT_SBR_OFF.png,toCheck_100071_02280s_TLT_SBR_OFF.png,21600,Big,1.39,2.86,"[2.86, -0.05, -0.05, 1.03, 0.0, -0.05, 0.0, 0.0, 0.0]",0.0,OK
TLT_SBR_OFF.png,toCheck_100071_00861s_TLT_SBR_OFF.png,21600,Big,1.39,2.86,"[2.86, -0.05, -0.05, 1.03, 0.0, -0.05, 0.0, 0.0, 0.0]",0.0,OK
TLT_SBR_OFF.png,toCheck_100072_01534s_TLT_SBR_OFF.png,21600,Big,1.39,2.86,"[2.86, -0.05, -0.05, 1.03, 0.0, -0.05, 0.0, 0.0, 0.0]",0.0,OK
TLT_SBR_OFF.png,toCheck_100073_01234s_TLT_SBR_OFF.png,21600,Big,1.39,2.86,"[2.86, -0.05, -0.05, 1.03, 0.0, -0.05, 0.0, 0.0, 0.0]",0.0,OK
TLT_SBR_OFF.png,toCheck_100074_00861s_TLT_SBR_OFF.png,21600,Big,1.39,2.86,"[2.86, -0.05, -0.05, 1.03, 0.0, -0.05, 0.0, 0.0, 0.0]",0.0,OK
TLT_SBR_ON.png,toCheck_100075_00981s_TLT_SBR_ON.png,21600,Big,0.42,0.73,"[0.73, 0.02, -0.05, 0.22, -0.05, -0.05, 0.0, 0.0, 0.0]",0.0,OK
TLT_SBR_ON.png,toCheck_100075_01208s_TLT_SBR_ON.png,21600,Big,0.42,0.73,"[0.73, 0.02, -0.05, 0.22, -0.05, -0.05, 0.0, 0.0, 0.0]",0.0,OK
TLT_SBR_ON.png,toCheck_100075_01251s_TLT_SBR_ON.png,21600,Big,7.91,5.62,"[2.78, 3.98, -0.05, 2.08, 5.62, -0.05, 0.0, 0.0, 0.0]",0.0,Investigate
TLT_SBR_OFF.png,toCheck_100075_01256s_TLT_SBR_OFF.png,21600,Big,7.91,5.62,"[2.78, 3.98, -0.05, 2.08, 5.62, -0.05, 0.0, 0.0, 0.0]",0.0,Investigate
TLT_SBR_ON.png,toCheck_100075_01261s_TLT_SBR_ON.png,21600,Big,7.91,5.62,"[2.78, 3.98, -0.05, 2.08, 5.62, -0.05, 0.0, 0.0, 0.0]",0.0,Investigate
TLT_SBR_OFF.png,toCheck_100075_01266s_TLT_SBR_OFF.png,21600,Big,7.91,5.62,"[2.78, 3.98, -0.05, 2.08, 5.62, -0.05, 0.0, 0.0, 0.0]",0.0,Investigate
TLT_SBR_ON.png,toCheck_100075_02246s_TLT_SBR_ON.png,21600,Big,0.42,0.73,"[0.73, 0.02, -0.05, 0.22, -0.05, -0.05, 0.0, 0.0, 0.0]",0.0,OK
TLT_SBR_ON.png,toCheck_100076_01721s_TLT_SBR_ON.png,21600,Big,0.42,0.73,"[0.73, 0.02, -0.05, 0.22, -0.05, -0.05, 0.0, 0.0, 0.0]",0.0,OK
TLT_SBR_OFF.png,toCheck_100076_00861s_TLT_SBR_OFF.png,21600,Big,1.39,2.86,"[2.86, -0.05, -0.05, 1.03, 0.0, -0.05, 0.0, 0.0, 0.0]",0.0,OK
TLT_SBR_ON.png,toCheck_100077_01757s_TLT_SBR_ON.png,21600,Big,0.42,0.73,"[0.73, 0.02, -0.05, 0.22, -0.05, -0.05, 0.0, 0.0, 0.0]",0.0,OK
TLT_SBR_OFF.png,toCheck_100077_00861s_TLT_SBR_OFF.png,21600,Big,1.39,2.86,"[2.86, -0.05, -0.05, 1.03, 0.0, -0.05, 0.0, 0.0, 0.0]",0.0,OK
TLT_SBR_OFF.png,toCheck_100077_00879s_TLT_SBR_OFF.png,21600,Big,1.39,2.86,"[2.86, -0.05, -0.05, 1.03, 0.0, -0.05, 0.0, 0.0, 0.0]",0.0,OK
TLT_SBR_ON.png,toCheck_100078_01516s_TLT_SBR_ON.png,21600,Big,0.42,0.73,"[0.73, 0.02, -0.05, 0.22, -0.05, -0.05, 0.0, 0.0, 0.0]",0.0,OK
TLT_SBR_OFF.png,toCheck_100078_02326s_TLT_SBR_OFF.png,21600,Big,1.39,2.86,"[2.86, -0.05, -0.05, 1.03, 0.0, -0.05, 0.0, 0.0, 0.0]",0.0,OK
TLT_SBR_OFF.png,toCheck_100078_00861s_TLT_SBR_OFF.png,21600,Big,1.39,2.86,"[2.86, -0.05, -0.05, 1.03, 0.0, -0.05, 0.0, 0.0, 0.0]",0.0,OK
TLT_SBR_ON.png,toCheck_100079_00889s_TLT_SBR_ON.png,21600,Big,7.91,5.62,"[2.78, 3.98, -0.05, 2.08, 5.62, -0.05, 0.0, 0.0, 0.0]",0.0,Investigate
TLT_SBR_OFF.png,toCheck_100079_00894s_TLT_SBR_OFF.png,21600,Big,7.91,5.62,"[2.78, 3.98, -0.05, 2.08, 5.62, -0.05, 0.0, 0.0, 0.0]",0.0,Investigate
TLT_SBR_ON.png,toCheck_100079_00899s_TLT_SBR_ON.png,21600,Big,7.91,5.62,"[2.78, 3.98, -0.05, 2.08, 5.62, -0.05, 0.0, 0.0, 0.0]",0.0,Investigate
TLT_SBR_OFF.png,toCheck_100079_00904s_TLT_SBR_OFF.png,21600,Big,7.91,5.62,"[2.78, 3.98, -0.05, 2.08, 5.62, -0.05, 0.0, 0.0, 0.0]",0.0,Investigate
SBR_EEE_RRG_EEE.png,toCheck_100079_01002s_SBR_EEE_RRG_EEE.png,70720,Big,3.12,7.76,"[0.0, 0.0, 0.0, 0.0, 7.76, 3.71, 0.0, 0.0, 0.0]",0.0,Investigate
TLT_SBR_OFF.png,toCheck_100079_02052s_TLT_SBR_OFF.png,21600,Big,1.39,2.86,"[2.86, -0.05, -0.05, 1.03, 0.0, -0.05, 0.0, 0.0, 0.0]",0.0,OK
TLT_SBR_OFF.png,toCheck_100079_00861s_TLT_SBR_OFF.png,21600,Big,1.39,2.86,"[2.86, -0.05, -0.05, 1.03, 0.0, -0.05, 0.0, 0.0, 0.0]",0.0,OK
TLT_SBR_OFF.png,toCheck_100079_00879s_TLT_SBR_OFF.png,21600,Big,1.39,2.86,"[2.86, -0.05, -0.05, 1.03, 0.0, -0.05, 0.0, 0.0, 0.0]",0.0,OK
TLT_SBR_ON.png,toCheck_100080_00889s_TLT_SBR_ON.png,21600,Big,7.91,5.62,"[2.78, 3.98, -0.05, 2.08, 5.62, -0.05, 0.0, 0.0, 0.0]",0.0,Investigate
TLT_SBR_OFF.png,toCheck_100080_00894s_TLT_SBR_OFF.png,21600,Big,7.91,5.62,"[2.78, 3.98, -0.05, 2.08, 5.62, -0.05, 0.0, 0.0, 0.0]",0.0,Investigate
TLT_SBR_ON.png,toCheck_100080_00899s_TLT_SBR_ON.png,21600,Big,7.91,5.62,"[2.78, 3.98, -0.05, 2.08, 5.62, -0.05, 0.0, 0.0, 0.0]",0.0,Investigate
TLT_SBR_OFF.png,toCheck_100080_00904s_TLT_SBR_OFF.png,21600,Big,7.91,5.62,"[2.78, 3.98, -0.05, 2.08, 5.62, -0.05, 0.0, 0.0, 0.0]",0.0,Investigate
TLT_SBR_ON.png,toCheck_100080_01002s_TLT_SBR_ON.png,21600,Big,7.91,5.62,"[2.78, 3.98, -0.05, 2.08, 5.62, -0.05, 0.0, 0.0, 0.0]",0.0,Investigate
TLT_SBR_OFF.png,toCheck_100080_01007s_TLT_SBR_OFF.png,21600,Big,7.91,5.62,"[2.78, 3.98, -0.05, 2.08, 5.62, -0.05, 0.0, 0.0, 0.0]",0.0,Investigate
TLT_SBR_ON.png,toCheck_100080_01012s_TLT_SBR_ON.png,21600,Big,7.91,5.62,"[2.78, 3.98, -0.05, 2.08, 5.62, -0.05, 0.0, 0.0, 0.0]",0.0,Investigate
TLT_SBR_OFF.png,toCheck_100080_01017s_TLT_SBR_OFF.png,21600,Big,7.91,5.62,"[2.78, 3.98, -0.05, 2.08, 5.62, -0.05, 0.0, 0.0, 0.0]",0.0,Investigate
TLT_SBR_OFF.png,toCheck_100080_01747s_TLT_SBR_OFF.png,21600,Big,1.39,2.86,"[2.86, -0.05, -0.05, 1.03, 0.0, -0.05, 0.0, 0.0, 0.0]",0.0,OK
TLT_SBR_OFF.png,toCheck_100080_00861s_TLT_SBR_OFF.png,21600,Big,1.39,2.86,"[2.86, -0.05, -0.05, 1.03, 0.0, -0.05, 0.0, 0.0, 0.0]",0.0,OK
TLT_SBR_OFF.png,toCheck_100080_00879s_TLT_SBR_OFF.png,21600,Big,1.39,2.86,"[2.86, -0.05, -0.05, 1.03, 0.0, -0.05, 0.0, 0.0, 0.0]",0.0,OK
TLT_SBR_ON.png,toCheck_100081_00889s_TLT_SBR_ON.png,21600,Big,7.91,5.62,"[2.78, 3.98, -0.05, 2.08, 5.62, -0.05, 0.0, 0.0, 0.0]",0.0,Investigate
TLT_SBR_OFF.png,toCheck_100081_00894s_TLT_SBR_OFF.png,21600,Big,7.91,5.62,"[2.78, 3.98, -0.05, 2.08, 5.62, -0.05, 0.0, 0.0, 0.0]",0.0,Investigate
TLT_SBR_ON.png,toCheck_100081_00899s_TLT_SBR_ON.png,21600,Big,7.91,5.62,"[2.78, 3.98, -0.05, 2.08, 5.62, -0.05, 0.0, 0.0, 0.0]",0.0,Investigate
TLT_SBR_OFF.png,toCheck_100081_00904s_TLT_SBR_OFF.png,21600,Big,7.91,5.62,"[2.78, 3.98, -0.05, 2.08, 5.62, -0.05, 0.0, 0.0, 0.0]",0.0,Investigate
TLT_SBR_ON.png,toCheck_100081_01299s_TLT_SBR_ON.png,21600,Big,7.91,5.62,"[2.78, 3.98, -0.05, 2.08, 5.62, -0.05, 0.0, 0.0, 0.0]",0.0,Investigate
TLT_SBR_OFF.png,toCheck_100081_01304s_TLT_SBR_OFF.png,21600,Big,7.91,5.62,"[2.78, 3.98, -0.05, 2.08, 5.62, -0.05, 0.0, 0.0, 0.0]",0.0,Investigate
TLT_SBR_ON.png,toCheck_100081_01309s_TLT_SBR_ON.png,21600,Big,7.91,5.62,"[2.78, 3.98, -0.05, 2.08, 5.62, -0.05, 0.0, 0.0, 0.0]",0.0,Investigate
TLT_SBR_OFF.png,toCheck_100081_01314s_TLT_SBR_OFF.png,21600,Big,7.91,5.62,"[2.78, 3.98, -0.05, 2.08, 5.62, -0.05, 0.0, 0.0, 0.0]",0.0,Investigate
TLT_SBR_ON.png,toCheck_100081_02349s_TLT_SBR_ON.png,21600,Big,0.42,0.73,"[0.73, 0.02, -0.05, 0.22, -0.05, -0.05, 0.0, 0.0, 0.0]",0.0,OK
TLT_SBR_OFF.png,toCheck_100081_00861s_TLT_SBR_OFF.png,21600,Big,1.39,2.86,"[2.86, -0.05, -0.05, 1.03, 0.0, -0.05, 0.0, 0.0, 0.0]",0.0,OK
TLT_SBR_ON.png,toCheck_100082_00889s_TLT_SBR_ON.png,21600,Big,7.91,5.62,"[2.78, 3.98, -0.05, 2.08, 5.62, -0.05, 0.0, 0.0, 0.0]",0.0,Investigate
TLT_SBR_OFF.png,toCheck_100082_00894s_TLT_SBR_OFF.png,21600,Big,7.91,5.62,"[2.78, 3.98, -0.05, 2.08, 5.62, -0.05, 0.0, 0.0, 0.0]",0.0,Investigate
TLT_SBR_ON.png,toCheck_100082_00899s_TLT_SBR_ON.png,21600,Big,7.91,5.62,"[2.78, 3.98, -0.05, 2.08, 5.62, -0.05, 0.0, 0.0, 0.0]",0.0,Investigate
TLT_SBR_OFF.png,toCheck_100082_00904s_TLT_SBR_OFF.png,21600,Big,7.91,5.62,"[2.78, 3.98, -0.05, 2.08, 5.62, -0.05, 0.0, 0.0, 0.0]",0.0,Investigate
TLT_SBR_ON.png,toCheck_100082_01089s_TLT_SBR_ON.png,21600,Big,7.91,5.62,"[2.78, 3.98, -0.05, 2.08, 5.62, -0.05, 0.0, 0.0, 0.0]",0.0,Investigate
TLT_SBR_OFF.png,toCheck_100082_01094s_TLT_SBR_OFF.png,21600,Big,7.91,5.62,"[2.78, 3.98, -0.05, 2.08, 5.62, -0.05, 0.0, 0.0, 0.0]",0.0,Investigate
TLT_SBR_ON.png,toCheck_100082_01099s_TLT_SBR_ON.png,21600,Big,7.91,5.62,"[2.78, 3.98, -0.05, 2.08, 5.62, -0.05, 0.0, 0.0, 0.0]",0.0,Investigate
TLT_SBR_OFF.png,toCheck_100082_01104s_TLT_SBR_OFF.png,21600,Big,7.91,5.62,"[2.78, 3.98, -0.05, 2.08, 5.62, -0.05, 0.0, 0.0, 0.0]",0.0,Investigate
TLT_SBR_ON.png,toCheck_100082_02084s_TLT_SBR_ON.png,21600,Big,0.42,0.73,"[0.73, 0.02, -0.05, 0.22, -0.05, -0.05, 0.0, 0.0, 0.0]",0.0,OK
TLT_SBR_OFF.png,toCheck_100082_00861s_TLT_SBR_OFF.png,21600,Big,1.39,2.86,"[2.86, -0.05, -0.05, 1.03, 0.0, -0.05, 0.0, 0.0, 0.0]",0.0,OK
TLT_SBR_ON.png,toCheck_100083_00889s_TLT_SBR_ON.png,21600,Big,7.91,5.62,"[2.78, 3.98, -0.05, 2.08, 5.62, -0.05, 0.0, 0.0, 0.0]",0.0,Investigate
TLT_SBR_OFF.png,toCheck_100083_00894s_TLT_SBR_OFF.png,21600,Big,7.91,5.62,"[2.78, 3.98, -0.05, 2.08, 5.62, -0.05, 0.0, 0.0, 0.0]",0.0,Investigate
TLT_SBR_ON.png,toCheck_100083_00899s_TLT_SBR_ON.png,21600,Big,7.91,5.62,"[2.78, 3.98, -0.05, 2.08, 5.62, -0.05, 0.0, 0.0, 0.0]",0.0,Investigate
TLT_SBR_OFF.png,toCheck_100083_00904s_TLT_SBR_OFF.png,21600,Big,7.91,5.62,"[2.78, 3.98, -0.05, 2.08, 5.62, -0.05, 0.0, 0.0, 0.0]",0.0,Investigate
TLT_SBR_ON.png,toCheck_100083_01884s_TLT_SBR_ON.png,21600,Big,0.42,0.73,"[0.73, 0.02, -0.05, 0.22, -0.05, -0.05, 0.0, 0.0, 0.0]",0.0,OK
SBR_EEE_RGR_EEE.png,toCheck_100083_01889s_SBR_EEE_RGR_EEE.png,70720,Big,3.05,5.71,"[0.0, 0.0, 0.0, 0.02, 5.71, 3.71, 0.0, 0.0, 0.0]",0.0,Investigate
TLT_SBR_ON.png,toCheck_100083_02889s_TLT_SBR_ON.png,21600,Big,0.42,0.73,"[0.73, 0.02, -0.05, 0.22, -0.05, -0.05, 0.0, 0.0, 0.0]",0.0,OK
TLT_SBR_ON.png,toCheck_100083_03544s_TLT_SBR_ON.png,21600,Big,0.42,0.73,"[0.73, 0.02, -0.05, 0.22, -0.05, -0.05, 0.0, 0.0, 0.0]",0.0,OK
TLT_SBR_OFF.png,toCheck_100083_00861s_TLT_SBR_OFF.png,21600,Big,1.39,2.86,"[2.86, -0.05, -0.05, 1.03, 0.0, -0.05, 0.0, 0.0, 0.0]",0.0,OK
TLT_SBR_ON.png,toCheck_100084_00889s_TLT_SBR_ON.png,21600,Big,7.91,5.62,"[2.78, 3.98, -0.05, 2.08, 5.62, -0.05, 0.0, 0.0, 0.0]",0.0,Investigate
TLT_SBR_OFF.png,toCheck_100084_00894s_TLT_SBR_OFF.png,21600,Big,7.91,5.62,"[2.78, 3.98, -0.05, 2.08, 5.62, -0.05, 0.0, 0.0, 0.0]",0.0,Investigate
TLT_SBR_ON.png,toCheck_100084_00899s_TLT_SBR_ON.png,21600,Big,7.91,5.62,"[2.78, 3.98, -0.05, 2.08, 5.62, -0.05, 0.0, 0.0, 0.0]",0.0,Investigate
TLT_SBR_OFF.png,toCheck_100084_00904s_TLT_SBR_OFF.png,21600,Big,7.91,5.62,"[2.78, 3.98, -0.05, 2.08, 5.62, -0.05, 0.0, 0.0, 0.0]",0.0,Investigate
TLT_SBR_ON.png,toCheck_100084_01299s_TLT_SBR_ON.png,21600,Big,7.91,5.62,"[2.78, 3.98, -0.05, 2.08, 5.62, -0.05, 0.0, 0.0, 0.0]",0.0,Investigate
TLT_SBR_OFF.png,toCheck_100084_01304s_TLT_SBR_OFF.png,21600,Big,7.91,5.62,"[2.78, 3.98, -0.05, 2.08, 5.62, -0.05, 0.0, 0.0, 0.0]",0.0,Investigate
TLT_SBR_ON.png,toCheck_100084_01309s_TLT_SBR_ON.png,21600,Big,7.91,5.62,"[2.78, 3.98, -0.05, 2.08, 5.62, -0.05, 0.0, 0.0, 0.0]",0.0,Investigate
TLT_SBR_OFF.png,toCheck_100084_01314s_TLT_SBR_OFF.png,21600,Big,7.91,5.62,"[2.78, 3.98, -0.05, 2.08, 5.62, -0.05, 0.0, 0.0, 0.0]",0.0,Investigate
TLT_SBR_ON.png,toCheck_100084_02294s_TLT_SBR_ON.png,21600,Big,0.42,0.73,"[0.73, 0.02, -0.05, 0.22, -0.05, -0.05, 0.0, 0.0, 0.0]",0.0,OK
TLT_SBR_OFF.png,toCheck_100084_00861s_TLT_SBR_OFF.png,21600,Big,1.39,2.86,"[2.86, -0.05, -0.05, 1.03, 0.0, -0.05, 0.0, 0.0, 0.0]",0.0,OK
SBR_EEE_RRG_EEE.png,toCheck_100085_01152s_SBR_EEE_RRG_EEE.png,70720,Big,3.12,7.76,"[0.0, 0.0, 0.0, 0.0, 7.76, 3.71, 0.0, 0.0, 0.0]",0.0,Investigate
TLT_SBR_OFF.png,toCheck_100085_01902s_TLT_SBR_OFF.png,21600,Big,1.39,2.86,"[2.86, -0.05, -0.05, 1.03, 0.0, -0.05, 0.0, 0.0, 0.0]",0.0,OK
TLT_SBR_OFF.png,toCheck_100085_00861s_TLT_SBR_OFF.png,21600,Big,1.39,2.86,"[2.86, -0.05, -0.05, 1.03, 0.0, -0.05, 0.0, 0.0, 0.0]",0.0,OK
TLT_SBR_OFF.png,toCheck_100085_00879s_TLT_SBR_OFF.png,21600,Big,1.39,2.86,"[2.86, -0.05, -0.05, 1.03, 0.0, -0.05, 0.0, 0.0, 0.0]",0.0,OK
TLT_SBR_ON.png,toCheck_100086_00889s_TLT_SBR_ON.png,21600,Big,7.91,5.62,"[2.78, 3.98, -0.05, 2.08, 5.62, -0.05, 0.0, 0.0, 0.0]",0.0,Investigate
TLT_SBR_OFF.png,toCheck_100086_00894s_TLT_SBR_OFF.png,21600,Big,7.91,5.62,"[2.78, 3.98, -0.05, 2.08, 5.62, -0.05, 0.0, 0.0, 0.0]",0.0,Investigate
TLT_SBR_ON.png,toCheck_100086_00899s_TLT_SBR_ON.png,21600,Big,7.91,5.62,"[2.78, 3.98, -0.05, 2.08, 5.62, -0.05, 0.0, 0.0, 0.0]",0.0,Investigate
TLT_SBR_OFF.png,toCheck_100086_00904s_TLT_SBR_OFF.png,21600,Big,7.91,5.62,"[2.78, 3.98, -0.05, 2.08, 5.62, -0.05, 0.0, 0.0, 0.0]",0.0,Investigate
TLT_SBR_OFF.png,toCheck_100086_01734s_TLT_SBR_OFF.png,21600,Big,1.39,2.86,"[2.86, -0.05, -0.05, 1.03, 0.0, -0.05, 0.0, 0.0, 0.0]",0.0,OK
TLT_SBR_OFF.png,toCheck_100086_00861s_TLT_SBR_OFF.png,21600,Big,1.39,2.86,"[2.86, -0.05, -0.05, 1.03, 0.0, -0.05, 0.0, 0.0, 0.0]",0.0,OK
TLT_SBR_OFF.png,toCheck_100086_00879s_TLT_SBR_OFF.png,21600,Big,1.39,2.86,"[2.86, -0.05, -0.05, 1.03, 0.0, -0.05, 0.0, 0.0, 0.0]",0.0,OK
TLT_SBR_ON.png,toCheck_100087_00889s_TLT_SBR_ON.png,21600,Big,7.91,5.62,"[2.78, 3.98, -0.05, 2.08, 5.62, -0.05, 0.0, 0.0, 0.0]",0.0,Investigate
TLT_SBR_OFF.png,toCheck_100087_00894s_TLT_SBR_OFF.png,21600,Big,7.91,5.62,"[2.78, 3.98, -0.05, 2.08, 5.62, -0.05, 0.0, 0.0, 0.0]",0.0,Investigate
TLT_SBR_ON.png,toCheck_100087_00899s_TLT_SBR_ON.png,21600,Big,7.91,5.62,"[2.78, 3.98, -0.05, 2.08, 5.62, -0.05, 0.0, 0.0, 0.0]",0.0,Investigate
TLT_SBR_OFF.png,toCheck_100087_00904s_TLT_SBR_OFF.png,21600,Big,7.91,5.62,"[2.78, 3.98, -0.05, 2.08, 5.62, -0.05, 0.0, 0.0, 0.0]",0.0,Investigate
TLT_SBR_ON.png,toCheck_100087_01920s_TLT_SBR_ON.png,21600,Big,0.42,0.73,"[0.73, 0.02, -0.05, 0.22, -0.05, -0.05, 0.0, 0.0, 0.0]",0.0,OK
TLT_SBR_OFF.png,toCheck_100087_00861s_TLT_SBR_OFF.png,21600,Big,1.39,2.86,"[2.86, -0.05, -0.05, 1.03, 0.0, -0.05, 0.0, 0.0, 0.0]",0.0,OK
TLT_SBR_ON.png,toCheck_100088_00889s_TLT_SBR_ON.png,21600,Big,7.91,5.62,"[2.78, 3.98, -0.05, 2.08, 5.62, -0.05, 0.0, 0.0, 0.0]",0.0,Investigate
TLT_SBR_OFF.png,toCheck_100088_00894s_TLT_SBR_OFF.png,21600,Big,7.91,5.62,"[2.78, 3.98, -0.05, 2.08, 5.62, -0.05, 0.0, 0.0, 0.0]",0.0,Investigate
TLT_SBR_ON.png,toCheck_100088_00899s_TLT_SBR_ON.png,21600,Big,7.91,5.62,"[2.78, 3.98, -0.05, 2.08, 5.62, -0.05, 0.0, 0.0, 0.0]",0.0,Investigate
TLT_SBR_OFF.png,toCheck_100088_00904s_TLT_SBR_OFF.png,21600,Big,7.91,5.62,"[2.78, 3.98, -0.05, 2.08, 5.62, -0.05, 0.0, 0.0, 0.0]",0.0,Investigate
TLT_SBR_ON.png,toCheck_100088_01002s_TLT_SBR_ON.png,21600,Big,7.91,5.62,"[2.78, 3.98, -0.05, 2.08, 5.62, -0.05, 0.0, 0.0, 0.0]",0.0,Investigate
TLT_SBR_OFF.png,toCheck_100088_01007s_TLT_SBR_OFF.png,21600,Big,7.91,5.62,"[2.78, 3.98, -0.05, 2.08, 5.62, -0.05, 0.0, 0.0, 0.0]",0.0,Investigate
TLT_SBR_ON.png,toCheck_100088_01012s_TLT_SBR_ON.png,21600,Big,7.91,5.62,"[2.78, 3.98, -0.05, 2.08, 5.62, -0.05, 0.0, 0.0, 0.0]",0.0,Investigate
TLT_SBR_OFF.png,toCheck_100088_01017s_TLT_SBR_OFF.png,21600,Big,7.91,5.62,"[2.78, 3.98, -0.05, 2.08, 5.62, -0.05, 0.0, 0.0, 0.0]",0.0,Investigate
SBR_EEE_RGR_EEE.png,toCheck_100088_01110s_SBR_EEE_RGR_EEE.png,70720,Big,3.05,5.71,"[0.0, 0.0, 0.0, 0.02, 5.71, 3.71, 0.0, 0.0, 0.0]",0.0,Investigate
TLT_SBR_ON.png,toCheck_100088_01910s_TLT_SBR_ON.png,21600,Big,0.42,0.73,"[0.73, 0.02, -0.05, 0.22, -0.05, -0.05, 0.0, 0.0, 0.0]",0.0,OK
TLT_SBR_OFF.png,toCheck_100088_00861s_TLT_SBR_OFF.png,21600,Big,1.39,2.86,"[2.86, -0.05, -0.05, 1.03, 0.0, -0.05, 0.0, 0.0, 0.0]",0.0,OK
TLT_SBR_ON.png,toCheck_100089_00889s_TLT_SBR_ON.png,21600,Big,7.91,5.62,"[2.78, 3.98, -0.05, 2.08, 5.62, -0.05, 0.0, 0.0, 0.0]",0.0,Investigate
TLT_SBR_OFF.png,toCheck_100089_00894s_TLT_SBR_OFF.png,21600,Big,7.91,5.62,"[2.78, 3.98, -0.05, 2.08, 5.62, -0.05, 0.0, 0.0, 0.0]",0.0,Investigate
TLT_SBR_ON.png,toCheck_100089_00899s_TLT_SBR_ON.png,21600,Big,7.91,5.62,"[2.78, 3.98, -0.05, 2.08, 5.62, -0.05, 0.0, 0.0, 0.0]",0.0,Investigate
TLT_SBR_OFF.png,toCheck_100089_00904s_TLT_SBR_OFF.png,21600,Big,7.91,5.62,"[2.78, 3.98, -0.05, 2.08, 5.62, -0.05, 0.0, 0.0, 0.0]",0.0,Investigate
TLT_SBR_ON.png,toCheck_100089_01902s_TLT_SBR_ON.png,21600,Big,0.42,0.73,"[0.73, 0.02, -0.05, 0.22, -0.05, -0.05, 0.0, 0.0, 0.0]",0.0,OK
TLT_SBR_ON.png,toCheck_100089_01917s_TLT_SBR_ON.png,21600,Big,0.42,0.73,"[0.73, 0.02, -0.05, 0.22, -0.05, -0.05, 0.0, 0.0, 0.0]",0.0,OK
TLT_SBR_OFF.png,toCheck_100089_00861s_TLT_SBR_OFF.png,21600,Big,1.39,2.86,"[2.86, -0.05, -0.05, 1.03, 0.0, -0.05, 0.0, 0.0, 0.0]",0.0,OK
TLT_SBR_ON.png,toCheck_100090_00889s_TLT_SBR_ON.png,21600,Big,7.91,5.62,"[2.78, 3.98, -0.05, 2.08, 5.62, -0.05, 0.0, 0.0, 0.0]",0.0,Investigate
TLT_SBR_OFF.png,toCheck_100090_00894s_TLT_SBR_OFF.png,21600,Big,7.91,5.62,"[2.78, 3.98, -0.05, 2.08, 5.62, -0.05, 0.0, 0.0, 0.0]",0.0,Investigate
TLT_SBR_ON.png,toCheck_100090_00899s_TLT_SBR_ON.png,21600,Big,7.91,5.62,"[2.78, 3.98, -0.05, 2.08, 5.62, -0.05, 0.0, 0.0, 0.0]",0.0,Investigate
TLT_SBR_OFF.png,toCheck_100090_00904s_TLT_SBR_OFF.png,21600,Big,7.91,5.62,"[2.78, 3.98, -0.05, 2.08, 5.62, -0.05, 0.0, 0.0, 0.0]",0.0,Investigate
TLT_SBR_ON.png,toCheck_100090_01884s_TLT_SBR_ON.png,21600,Big,0.42,0.73,"[0.73, 0.02, -0.05, 0.22, -0.05, -0.05, 0.0, 0.0, 0.0]",0.0,OK
TLT_SBR_ON.png,toCheck_100090_02102s_TLT_SBR_ON.png,21600,Big,0.42,0.73,"[0.73, 0.02, -0.05, 0.22, -0.05, -0.05, 0.0, 0.0, 0.0]",0.0,OK
TLT_SBR_OFF.png,toCheck_100090_00861s_TLT_SBR_OFF.png,21600,Big,1.39,2.86,"[2.86, -0.05, -0.05, 1.03, 0.0, -0.05, 0.0, 0.0, 0.0]",0.0,OK
TLT_SBR_ON.png,toCheck_100091_00889s_TLT_SBR_ON.png,21600,Big,7.91,5.62,"[2.78, 3.98, -0.05, 2.08, 5.62, -0.05, 0.0, 0.0, 0.0]",0.0,Investigate
TLT_SBR_OFF.png,toCheck_100091_00894s_TLT_SBR_OFF.png,21600,Big,7.91,5.62,"[2.78, 3.98, -0.05, 2.08, 5.62, -0.05, 0.0, 0.0, 0.0]",0.0,Investigate
TLT_SBR_ON.png,toCheck_100091_00899s_TLT_SBR_ON.png,21600,Big,7.91,5.62,"[2.78, 3.98, -0.05, 2.08, 5.62, -0.05, 0.0, 0.0, 0.0]",0.0,Investigate
TLT_SBR_OFF.png,toCheck_100091_00904s_TLT_SBR_OFF.png,21600,Big,7.91,5.62,"[2.78, 3.98, -0.05, 2.08, 5.62, -0.05, 0.0, 0.0, 0.0]",0.0,Investigate
TLT_SBR_OFF.png,toCheck_100091_01652s_TLT_SBR_OFF.png,21600,Big,1.39,2.86,"[2.86, -0.05, -0.05, 1.03, 0.0, -0.05, 0.0, 0.0, 0.0]",0.0,OK
TLT_SBR_OFF.png,toCheck_100091_00861s_TLT_SBR_OFF.png,21600,Big,1.39,2.86,"[2.86, -0.05, -0.05, 1.03, 0.0, -0.05, 0.0, 0.0, 0.0]",0.0,OK
TLT_SBR_OFF.png,toCheck_100092_01809s_TLT_SBR_OFF.png,21600,Big,1.39,2.86,"[2.86, -0.05, -0.05, 1.03, 0.0, -0.05, 0.0, 0.0, 0.0]",0.0,OK
TLT_SBR_ON.png,toCheck_100092_02019s_TLT_SBR_ON.png,21600,Big,7.91,5.62,"[2.78, 3.98, -0.05, 2.08, 5.62, -0.05, 0.0, 0.0, 0.0]",0.0,Investigate
TLT_SBR_OFF.png,toCheck_100092_02024s_TLT_SBR_OFF.png,21600,Big,7.91,5.62,"[2.78, 3.98, -0.05, 2.08, 5.62, -0.05, 0.0, 0.0, 0.0]",0.0,Investigate
TLT_SBR_ON.png,toCheck_100092_02029s_TLT_SBR_ON.png,21600,Big,7.91,5.62,"[2.78, 3.98, -0.05, 2.08, 5.62, -0.05, 0.0, 0.0, 0.0]",0.0,Investigate
TLT_SBR_OFF.png,toCheck_100092_02034s_TLT_SBR_OFF.png,21600,Big,7.91,5.62,"[2.78, 3.98, -0.05, 2.08, 5.62, -0.05, 0.0, 0.0, 0.0]",0.0,Investigate
TLT_SBR_ON.png,toCheck_100092_02132s_TLT_SBR_ON.png,21600,Big,7.91,5.62,"[2.78, 3.98, -0.05, 2.08, 5.62, -0.05, 0.0, 0.0, 0.0]",0.0,Investigate
TLT_SBR_OFF.png,toCheck_100092_02137s_TLT_SBR_OFF.png,21600,Big,7.91,5.62,"[2.78, 3.98, -0.05, 2.08, 5.62, -0.05, 0.0, 0.0, 0.0]",0.0,Investigate
TLT_SBR_ON.png,toCheck_100092_02142s_TLT_SBR_ON.png,21600,Big,7.91,5.62,"[2.78, 3.98, -0.05, 2.08, 5.62, -0.05, 0.0, 0.0, 0.0]",0.0,Investigate
TLT_SBR_OFF.png,toCheck_100092_02147s_TLT_SBR_OFF.png,21600,Big,7.91,5.62,"[2.78, 3.98, -0.05, 2.08, 5.62, -0.05, 0.0, 0.0, 0.0]",0.0,Investigate
TLT_SBR_OFF.png,toCheck_100092_00861s_TLT_SBR_OFF.png,21600,Big,1.39,2.86,"[2.86, -0.05, -0.05, 1.03, 0.0, -0.05, 0.0, 0.0, 0.0]",0.0,OK
TLT_SBR_OFF.png,toCheck_100092_00876s_TLT_SBR_OFF.png,21600,Big,1.39,2.86,"[2.86, -0.05, -0.05, 1.03, 0.0, -0.05, 0.0, 0.0, 0.0]",0.0,OK
TLT_SBR_ON.png,toCheck_100093_00889s_TLT_SBR_ON.png,21600,Big,7.91,5.62,"[2.78, 3.98, -0.05, 2.08, 5.62, -0.05, 0.0, 0.0, 0.0]",0.0,Investigate
TLT_SBR_OFF.png,toCheck_100093_00894s_TLT_SBR_OFF.png,21600,Big,7.91,5.62,"[2.78, 3.98, -0.05, 2.08, 5.62, -0.05, 0.0, 0.0, 0.0]",0.0,Investigate
TLT_SBR_ON.png,toCheck_100093_00899s_TLT_SBR_ON.png,21600,Big,7.91,5.62,"[2.78, 3.98, -0.05, 2.08, 5.62, -0.05, 0.0, 0.0, 0.0]",0.0,Investigate
TLT_SBR_OFF.png,toCheck_100093_00904s_TLT_SBR_OFF.png,21600,Big,7.91,5.62,"[2.78, 3.98, -0.05, 2.08, 5.62, -0.05, 0.0, 0.0, 0.0]",0.0,Investigate
TLT_SBR_OFF.png,toCheck_100093_01734s_TLT_SBR_OFF.png,21600,Big,1.39,2.86,"[2.86, -0.05, -0.05, 1.03, 0.0, -0.05, 0.0, 0.0, 0.0]",0.0,OK
TLT_SBR_OFF.png,toCheck_100093_00861s_TLT_SBR_OFF.png,21600,Big,1.39,2.86,"[2.86, -0.05, -0.05, 1.03, 0.0, -0.05, 0.0, 0.0, 0.0]",0.0,OK
TLT_SBR_OFF.png,toCheck_100093_00879s_TLT_SBR_OFF.png,21600,Big,1.39,2.86,"[2.86, -0.05, -0.05, 1.03, 0.0, -0.05, 0.0, 0.0, 0.0]",0.0,OK
TLT_SBR_ON.png,toCheck_100094_00889s_TLT_SBR_ON.png,21600,Big,7.91,5.62,"[2.78, 3.98, -0.05, 2.08, 5.62, -0.05, 0.0, 0.0, 0.0]",0.0,Investigate
TLT_SBR_OFF.png,toCheck_100094_00894s_TLT_SBR_OFF.png,21600,Big,7.91,5.62,"[2.78, 3.98, -0.05, 2.08, 5.62, -0.05, 0.0, 0.0, 0.0]",0.0,Investigate
TLT_SBR_ON.png,toCheck_100094_00899s_TLT_SBR_ON.png,21600,Big,7.91,5.62,"[2.78, 3.98, -0.05, 2.08, 5.62, -0.05, 0.0, 0.0, 0.0]",0.0,Investigate
TLT_SBR_OFF.png,toCheck_100094_00904s_TLT_SBR_OFF.png,21600,Big,7.91,5.62,"[2.78, 3.98, -0.05, 2.08, 5.62, -0.05, 0.0, 0.0, 0.0]",0.0,Investigate
TLT_SBR_ON.png,toCheck_100094_01902s_TLT_SBR_ON.png,21600,Big,0.42,0.73,"[0.73, 0.02, -0.05, 0.22, -0.05, -0.05, 0.0, 0.0, 0.0]",0.0,OK
TLT_SBR_ON.png,toCheck_100094_02030s_TLT_SBR_ON.png,21600,Big,7.91,5.62,"[2.78, 3.98, -0.05, 2.08, 5.62, -0.05, 0.0, 0.0, 0.0]",0.0,Investigate
TLT_SBR_OFF.png,toCheck_100094_02035s_TLT_SBR_OFF.png,21600,Big,7.91,5.62,"[2.78, 3.98, -0.05, 2.08, 5.62, -0.05, 0.0, 0.0, 0.0]",0.0,Investigate
TLT_SBR_ON.png,toCheck_100094_02040s_TLT_SBR_ON.png,21600,Big,7.91,5.62,"[2.78, 3.98, -0.05, 2.08, 5.62, -0.05, 0.0, 0.0, 0.0]",0.0,Investigate
TLT_SBR_OFF.png,toCheck_100094_02045s_TLT_SBR_OFF.png,21600,Big,7.91,5.62,"[2.78, 3.98, -0.05, 2.08, 5.62, -0.05, 0.0, 0.0, 0.0]",0.0,Investigate
TLT_SBR_ON.png,toCheck_100094_02230s_TLT_SBR_ON.png,21600,Big,7.91,5.62,"[2.78, 3.98, -0.05, 2.08, 5.62, -0.05, 0.0, 0.0, 0.0]",0.0,Investigate
TLT_SBR_OFF.png,toCheck_100094_02235s_TLT_SBR_OFF.png,21600,Big,7.91,5.62,"[2.78, 3.98, -0.05, 2.08, 5.62, -0.05, 0.0, 0.0, 0.0]",0.0,Investigate
TLT_SBR_ON.png,toCheck_100094_02240s_TLT_SBR_ON.png,21600,Big,7.91,5.62,"[2.78, 3.98, -0.05, 2.08, 5.62, -0.05, 0.0, 0.0, 0.0]",0.0,Investigate
TLT_SBR_OFF.png,toCheck_100094_02245s_TLT_SBR_OFF.png,21600,Big,7.91,5.62,"[2.78, 3.98, -0.05, 2.08, 5.62, -0.05, 0.0, 0.0, 0.0]",0.0,Investigate
TLT_SBR_OFF.png,toCheck_100094_02975s_TLT_SBR_OFF.png,21600,Big,1.39,2.86,"[2.86, -0.05, -0.05, 1.03, 0.0, -0.05, 0.0, 0.0, 0.0]",0.0,OK
TLT_SBR_OFF.png,toCheck_100094_00861s_TLT_SBR_OFF.png,21600,Big,1.39,2.86,"[2.86, -0.05, -0.05, 1.03, 0.0, -0.05, 0.0, 0.0, 0.0]",0.0,OK
TLT_SBR_ON.png,toCheck_100095_00889s_TLT_SBR_ON.png,21600,Big,7.91,5.62,"[2.78, 3.98, -0.05, 2.08, 5.62, -0.05, 0.0, 0.0, 0.0]",0.0,Investigate
TLT_SBR_OFF.png,toCheck_100095_00894s_TLT_SBR_OFF.png,21600,Big,7.91,5.62,"[2.78, 3.98, -0.05, 2.08, 5.62, -0.05, 0.0, 0.0, 0.0]",0.0,Investigate
TLT_SBR_ON.png,toCheck_100095_00899s_TLT_SBR_ON.png,21600,Big,7.91,5.62,"[2.78, 3.98, -0.05, 2.08, 5.62, -0.05, 0.0, 0.0, 0.0]",0.0,Investigate
TLT_SBR_OFF.png,toCheck_100095_00904s_TLT_SBR_OFF.png,21600,Big,7.91,5.62,"[2.78, 3.98, -0.05, 2.08, 5.62, -0.05, 0.0, 0.0, 0.0]",0.0,Investigate
TLT_SBR_ON.png,toCheck_100095_01002s_TLT_SBR_ON.png,21600,Big,7.91,5.62,"[2.78, 3.98, -0.05, 2.08, 5.62, -0.05, 0.0, 0.0, 0.0]",0.0,Investigate
TLT_SBR_OFF.png,toCheck_100095_01007s_TLT_SBR_OFF.png,21600,Big,7.91,5.62,"[2.78, 3.98, -0.05, 2.08, 5.62, -0.05, 0.0, 0.0, 0.0]",0.0,Investigate
TLT_SBR_ON.png,toCheck_100095_01012s_TLT_SBR_ON.png,21600,Big,7.91,5.62,"[2.78, 3.98, -0.05, 2.08, 5.62, -0.05, 0.0, 0.0, 0.0]",0.0,Investigate
TLT_SBR_OFF.png,toCheck_100095_01017s_TLT_SBR_OFF.png,21600,Big,7.91,5.62,"[2.78, 3.98, -0.05, 2.08, 5.62, -0.05, 0.0, 0.0, 0.0]",0.0,Investigate
TLT_SBR_ON.png,toCheck_100095_01892s_TLT_SBR_ON.png,21600,Big,0.42,0.73,"[0.73, 0.02, -0.05, 0.22, -0.05, -0.05, 0.0, 0.0, 0.0]",0.0,OK
TLT_SBR_OFF.png,toCheck_100095_02597s_TLT_SBR_OFF.png,21600,Big,1.39,2.86,"[2.86, -0.05, -0.05, 1.03, 0.0, -0.05, 0.0, 0.0, 0.0]",0.0,OK
TLT_SBR_OFF.png,toCheck_100095_00861s_TLT_SBR_OFF.png,21600,Big,1.39,2.86,"[2.86, -0.05, -0.05, 1.03, 0.0, -0.05, 0.0, 0.0, 0.0]",0.0,OK
TLT_SBR_OFF.png,toCheck_100095_00879s_TLT_SBR_OFF.png,21600,Big,1.39,2.86,"[2.86, -0.05, -0.05, 1.03, 0.0, -0.05, 0.0, 0.0, 0.0]",0.0,OK
TLT_SBR_ON.png,toCheck_100096_00889s_TLT_SBR_ON.png,21600,Big,7.91,5.62,"[2.78, 3.98, -0.05, 2.08, 5.62, -0.05, 0.0, 0.0, 0.0]",0.0,Investigate
TLT_SBR_OFF.png,toCheck_100096_00894s_TLT_SBR_OFF.png,21600,Big,7.91,5.62,"[2.78, 3.98, -0.05, 2.08, 5.62, -0.05, 0.0, 0.0, 0.0]",0.0,Investigate
TLT_SBR_ON.png,toCheck_100096_00899s_TLT_SBR_ON.png,21600,Big,7.91,5.62,"[2.78, 3.98, -0.05, 2.08, 5.62, -0.05, 0.0, 0.0, 0.0]",0.0,Investigate
TLT_SBR_OFF.png,toCheck_100096_00904s_TLT_SBR_OFF.png,21600,Big,7.91,5.62,"[2.78, 3.98, -0.05, 2.08, 5.62, -0.05, 0.0, 0.0, 0.0]",0.0,Investigate
TLT_SBR_ON.png,toCheck_100096_01002s_TLT_SBR_ON.png,21600,Big,7.91,5.62,"[2.78, 3.98, -0.05, 2.08, 5.62, -0.05, 0.0, 0.0, 0.0]",0.0,Investigate
TLT_SBR_OFF.png,toCheck_100096_01007s_TLT_SBR_OFF.png,21600,Big,7.91,5.62,"[2.78, 3.98, -0.05, 2.08, 5.62, -0.05, 0.0, 0.0, 0.0]",0.0,Investigate
TLT_SBR_ON.png,toCheck_100096_01012s_TLT_SBR_ON.png,21600,Big,7.91,5.62,"[2.78, 3.98, -0.05, 2.08, 5.62, -0.05, 0.0, 0.0, 0.0]",0.0,Investigate
TLT_SBR_OFF.png,toCheck_100096_01017s_TLT_SBR_OFF.png,21600,Big,7.91,5.62,"[2.78, 3.98, -0.05, 2.08, 5.62, -0.05, 0.0, 0.0, 0.0]",0.0,Investigate
TLT_SBR_ON.png,toCheck_100096_01102s_TLT_SBR_ON.png,21600,Big,7.91,5.62,"[2.78, 3.98, -0.05, 2.08, 5.62, -0.05, 0.0, 0.0, 0.0]",0.0,Investigate
TLT_SBR_OFF.png,toCheck_100096_01107s_TLT_SBR_OFF.png,21600,Big,7.91,5.62,"[2.78, 3.98, -0.05, 2.08, 5.62, -0.05, 0.0, 0.0, 0.0]",0.0,Investigate
TLT_SBR_ON.png,toCheck_100096_01112s_TLT_SBR_ON.png,21600,Big,7.91,5.62,"[2.78, 3.98, -0.05, 2.08, 5.62, -0.05, 0.0, 0.0, 0.0]",0.0,Investigate
TLT_SBR_OFF.png,toCheck_100096_01117s_TLT_SBR_OFF.png,21600,Big,7.91,5.62,"[2.78, 3.98, -0.05, 2.08, 5.62, -0.05, 0.0, 0.0, 0.0]",0.0,Investigate
TLT_SBR_ON.png,toCheck_100096_01620s_TLT_SBR_ON.png,21600,Big,7.91,5.62,"[2.78, 3.98, -0.05, 2.08, 5.62, -0.05, 0.0, 0.0, 0.0]",0.0,Investigate
TLT_SBR_OFF.png,toCheck_100096_01625s_TLT_SBR_OFF.png,21600,Big,7.91,5.62,"[2.78, 3.98, -0.05, 2.08, 5.62, -0.05, 0.0, 0.0, 0.0]",0.0,Investigate
TLT_SBR_ON.png,toCheck_100096_01630s_TLT_SBR_ON.png,21600,Big,7.91,5.62,"[2.78, 3.98, -0.05, 2.08, 5.62, -0.05, 0.0, 0.0, 0.0]",0.0,Investigate
TLT_SBR_OFF.png,toCheck_100096_01635s_TLT_SBR_OFF.png,21600,Big,7.91,5.62,"[2.78, 3.98, -0.05, 2.08, 5.62, -0.05, 0.0, 0.0, 0.0]",0.0,Investigate
TLT_SBR_ON.png,toCheck_100096_01970s_TLT_SBR_ON.png,21600,Big,0.42,0.73,"[0.73, 0.02, -0.05, 0.22, -0.05, -0.05, 0.0, 0.0, 0.0]",0.0,OK
TLT_SBR_ON.png,toCheck_100096_02620s_TLT_SBR_ON.png,21600,Big,0.42,0.73,"[0.73, 0.02, -0.05, 0.22, -0.05, -0.05, 0.0, 0.0, 0.0]",0.0,OK
TLT_SBR_OFF.png,toCheck_100096_00861s_TLT_SBR_OFF.png,21600,Big,1.39,2.86,"[2.86, -0.05, -0.05, 1.03, 0.0, -0.05, 0.0, 0.0, 0.0]",0.0,OK
TLT_SBR_ON.png,toCheck_100097_00889s_TLT_SBR_ON.png,21600,Big,7.91,5.62,"[2.78, 3.98, -0.05, 2.08, 5.62, -0.05, 0.0, 0.0, 0.0]",0.0,Investigate
TLT_SBR_OFF.png,toCheck_100097_00894s_TLT_SBR_OFF.png,21600,Big,7.91,5.62,"[2.78, 3.98, -0.05, 2.08, 5.62, -0.05, 0.0, 0.0, 0.0]",0.0,Investigate
TLT_SBR_ON.png,toCheck_100097_00899s_TLT_SBR_ON.png,21600,Big,7.91,5.62,"[2.78, 3.98, -0.05, 2.08, 5.62, -0.05, 0.0, 0.0, 0.0]",0.0,Investigate
TLT_SBR_OFF.png,toCheck_100097_00904s_TLT_SBR_OFF.png,21600,Big,7.91,5.62,"[2.78, 3.98, -0.05, 2.08, 5.62, -0.05, 0.0, 0.0, 0.0]",0.0,Investigate
TLT_SBR_ON.png,toCheck_100097_01902s_TLT_SBR_ON.png,21600,Big,0.42,0.73,"[0.73, 0.02, -0.05, 0.22, -0.05, -0.05, 0.0, 0.0, 0.0]",0.0,OK
TLT_SBR_ON.png,toCheck_100097_02030s_TLT_SBR_ON.png,21600,Big,7.91,5.62,"[2.78, 3.98, -0.05, 2.08, 5.62, -0.05, 0.0, 0.0, 0.0]",0.0,Investigate
TLT_SBR_OFF.png,toCheck_100097_02035s_TLT_SBR_OFF.png,21600,Big,7.91,5.62,"[2.78, 3.98, -0.05, 2.08, 5.62, -0.05, 0.0, 0.0, 0.0]",0.0,Investigate
TLT_SBR_ON.png,toCheck_100097_02040s_TLT_SBR_ON.png,21600,Big,7.91,5.62,"[2.78, 3.98, -0.05, 2.08, 5.62, -0.05, 0.0, 0.0, 0.0]",0.0,Investigate
TLT_SBR_OFF.png,toCheck_100097_02045s_TLT_SBR_OFF.png,21600,Big,7.91,5.62,"[2.78, 3.98, -0.05, 2.08, 5.62, -0.05, 0.0, 0.0, 0.0]",0.0,Investigate
TLT_SBR_ON.png,toCheck_100097_03025s_TLT_SBR_ON.png,21600,Big,0.42,0.73,"[0.73, 0.02, -0.05, 0.22, -0.05, -0.05, 0.0, 0.0, 0.0]",0.0,OK
TLT_SBR_OFF.png,toCheck_100097_00861s_TLT_SBR_OFF.png,21600,Big,1.39,2.86,"[2.86, -0.05, -0.05, 1.03, 0.0, -0.05, 0.0, 0.0, 0.0]",0.0,OK
TLT_SBR_ON.png,toCheck_100098_00889s_TLT_SBR_ON.png,21600,Big,7.91,5.62,"[2.78, 3.98, -0.05, 2.08, 5.62, -0.05, 0.0, 0.0, 0.0]",0.0,Investigate
TLT_SBR_OFF.png,toCheck_100098_00894s_TLT_SBR_OFF.png,21600,Big,7.91,5.62,"[2.78, 3.98, -0.05, 2.08, 5.62, -0.05, 0.0, 0.0, 0.0]",0.0,Investigate
TLT_SBR_ON.png,toCheck_100098_00899s_TLT_SBR_ON.png,21600,Big,7.91,5.62,"[2.78, 3.98, -0.05, 2.08, 5.62, -0.05, 0.0, 0.0, 0.0]",0.0,Investigate
TLT_SBR_OFF.png,toCheck_100098_00904s_TLT_SBR_OFF.png,21600,Big,7.91,5.62,"[2.78, 3.98, -0.05, 2.08, 5.62, -0.05, 0.0, 0.0, 0.0]",0.0,Investigate
TLT_SBR_ON.png,toCheck_100098_01630s_TLT_SBR_ON.png,21600,Big,7.91,5.62,"[2.78, 3.98, -0.05, 2.08, 5.62, -0.05, 0.0, 0.0, 0.0]",0.0,Investigate
TLT_SBR_OFF.png,toCheck_100098_01635s_TLT_SBR_OFF.png,21600,Big,7.91,5.62,"[2.78, 3.98, -0.05, 2.08, 5.62, -0.05, 0.0, 0.0, 0.0]",0.0,Investigate
TLT_SBR_ON.png,toCheck_100098_01640s_TLT_SBR_ON.png,21600,Big,7.91,5.62,"[2.78, 3.98, -0.05, 2.08, 5.62, -0.05, 0.0, 0.0, 0.0]",0.0,Investigate
TLT_SBR_OFF.png,toCheck_100098_01645s_TLT_SBR_OFF.png,21600,Big,7.91,5.62,"[2.78, 3.98, -0.05, 2.08, 5.62, -0.05, 0.0, 0.0, 0.0]",0.0,Investigate
TLT_SBR_ON.png,toCheck_100098_01975s_TLT_SBR_ON.png,21600,Big,0.42,0.73,"[0.73, 0.02, -0.05, 0.22, -0.05, -0.05, 0.0, 0.0, 0.0]",0.0,OK
TLT_SBR_ON.png,toCheck_100098_02625s_TLT_SBR_ON.png,21600,Big,0.42,0.73,"[0.73, 0.02, -0.05, 0.22, -0.05, -0.05, 0.0, 0.0, 0.0]",0.0,OK
TLT_SBR_OFF.png,toCheck_100098_00861s_TLT_SBR_OFF.png,21600,Big,1.39,2.86,"[2.86, -0.05, -0.05, 1.03, 0.0, -0.05, 0.0, 0.0, 0.0]",0.0,OK
TLT_SBR_ON.png,toCheck_100099_00871s_TLT_SBR_ON.png,21600,Big,7.91,5.62,"[2.78, 3.98, -0.05, 2.08, 5.62, -0.05, 0.0, 0.0, 0.0]",0.0,Investigate
TLT_SBR_OFF.png,toCheck_100099_00876s_TLT_SBR_OFF.png,21600,Big,7.91,5.62,"[2.78, 3.98, -0.05, 2.08, 5.62, -0.05, 0.0, 0.0, 0.0]",0.0,Investigate
TLT_SBR_ON.png,toCheck_100099_00881s_TLT_SBR_ON.png,21600,Big,7.91,5.62,"[2.78, 3.98, -0.05, 2.08, 5.62, -0.05, 0.0, 0.0, 0.0]",0.0,Investigate
TLT_SBR_OFF.png,toCheck_100099_00886s_TLT_SBR_OFF.png,21600,Big,7.91,5.62,"[2.78, 3.98, -0.05, 2.08, 5.62, -0.05, 0.0, 0.0, 0.0]",0.0,Investigate
SBR_EEE_RGG_EEE.png,toCheck_100099_00979s_SBR_EEE_RGG_EEE.png,70720,Big,3.12,7.76,"[0.0, 0.0, 0.0, 0.02, 7.76, 3.71, 0.0, 0.0, 0.0]",0.0,Investigate
TLT_SBR_OFF.png,toCheck_100099_00861s_TLT_SBR_OFF.png,21600,Big,1.39,2.86,"[2.86, -0.05, -0.05, 1.03, 0.0, -0.05, 0.0, 0.0, 0.0]",0.0,OK
TLT_SBR_ON.png,toCheck_100100_00871s_TLT_SBR_ON.png,21600,Big,7.91,5.62,"[2.78, 3.98, -0.05, 2.08, 5.62, -0.05, 0.0, 0.0, 0.0]",0.0,Investigate
TLT_SBR_OFF.png,toCheck_100100_00876s_TLT_SBR_OFF.png,21600,Big,7.91,5.62,"[2.78, 3.98, -0.05, 2.08, 5.62, -0.05, 0.0, 0.0, 0.0]",0.0,Investigate
TLT_SBR_ON.png,toCheck_100100_00881s_TLT_SBR_ON.png,21600,Big,7.91,5.62,"[2.78, 3.98, -0.05, 2.08, 5.62, -0.05, 0.0, 0.0, 0.0]",0.0,Investigate
TLT_SBR_OFF.png,toCheck_100100_00886s_TLT_SBR_OFF.png,21600,Big,7.91,5.62,"[2.78, 3.98, -0.05, 2.08, 5.62, -0.05, 0.0, 0.0, 0.0]",0.0,Investigate
TLT_SBR_ON.png,toCheck_100100_01884s_TLT_SBR_ON.png,21600,Big,0.42,0.73,"[0.73, 0.02, -0.05, 0.22, -0.05, -0.05, 0.0, 0.0, 0.0]",0.0,OK
TLT_SBR_OFF.png,toCheck_100100_00861s_TLT_SBR_OFF.png,21600,Big,1.39,2.86,"[2.86, -0.05, -0.05, 1.03, 0.0, -0.05, 0.0, 0.0, 0.0]",0.0,OK
TLT_SBR_ON.png,toCheck_100101_00289s_TLT_SBR_ON.png,21600,Big,7.91,5.62,"[2.78, 3.98, -0.05, 2.08, 5.62, -0.05, 0.0, 0.0, 0.0]",0.0,Investigate
TLT_SBR_OFF.png,toCheck_100101_00294s_TLT_SBR_OFF.png,21600,Big,7.91,5.62,"[2.78, 3.98, -0.05, 2.08, 5.62, -0.05, 0.0, 0.0, 0.0]",0.0,Investigate
TLT_SBR_ON.png,toCheck_100101_00299s_TLT_SBR_ON.png,21600,Big,7.91,5.62,"[2.78, 3.98, -0.05, 2.08, 5.62, -0.05, 0.0, 0.0, 0.0]",0.0,Investigate
TLT_SBR_OFF.png,toCheck_100101_00304s_TLT_SBR_OFF.png,21600,Big,7.91,5.62,"[2.78, 3.98, -0.05, 2.08, 5.62, -0.05, 0.0, 0.0, 0.0]",0.0,Investigate
TLT_SBR_ON.png,toCheck_100101_00389s_TLT_SBR_ON.png,21600,Big,7.91,5.62,"[2.78, 3.98, -0.05, 2.08, 5.62, -0.05, 0.0, 0.0, 0.0]",0.0,Investigate
TLT_SBR_OFF.png,toCheck_100101_00394s_TLT_SBR_OFF.png,21600,Big,7.91,5.62,"[2.78, 3.98, -0.05, 2.08, 5.62, -0.05, 0.0, 0.0, 0.0]",0.0,Investigate
TLT_SBR_ON.png,toCheck_100101_00399s_TLT_SBR_ON.png,21600,Big,7.91,5.62,"[2.78, 3.98, -0.05, 2.08, 5.62, -0.05, 0.0, 0.0, 0.0]",0.0,Investigate
TLT_SBR_OFF.png,toCheck_100101_00404s_TLT_SBR_OFF.png,21600,Big,7.91,5.62,"[2.78, 3.98, -0.05, 2.08, 5.62, -0.05, 0.0, 0.0, 0.0]",0.0,Investigate
TLT_SBR_ON.png,toCheck_100101_00489s_TLT_SBR_ON.png,21600,Big,7.91,5.62,"[2.78, 3.98, -0.05, 2.08, 5.62, -0.05, 0.0, 0.0, 0.0]",0.0,Investigate
TLT_SBR_OFF.png,toCheck_100101_00494s_TLT_SBR_OFF.png,21600,Big,7.91,5.62,"[2.78, 3.98, -0.05, 2.08, 5.62, -0.05, 0.0, 0.0, 0.0]",0.0,Investigate
TLT_SBR_ON.png,toCheck_100101_00499s_TLT_SBR_ON.png,21600,Big,7.91,5.62,"[2.78, 3.98, -0.05, 2.08, 5.62, -0.05, 0.0, 0.0, 0.0]",0.0,Investigate
TLT_SBR_OFF.png,toCheck_100101_00504s_TLT_SBR_OFF.png,21600,Big,7.91,5.62,"[2.78, 3.98, -0.05, 2.08, 5.62, -0.05, 0.0, 0.0, 0.0]",0.0,Investigate
TLT_SBR_ON.png,toCheck_100101_01539s_TLT_SBR_ON.png,21600,Big,0.42,0.73,"[0.73, 0.02, -0.05, 0.22, -0.05, -0.05, 0.0, 0.0, 0.0]",0.0,OK
BUZ_05_OFF.png,toCheck_100101_00216s_BUZ_05_OFF.png,38400,Big,5.2,4.27,"[0.07, 0.49, 0.32, 0.02, 0.05, 4.27, 0.22, 0.02, 0.05, 0.22, 0.24, 0.05]",0.0,NOK
SBR_EEE_RRR_EEE.png,toCheck_100102_00562s_SBR_EEE_RRR_EEE.png,70720,Big,3.03,5.71,"[0.0, 0.0, 0.0, -0.05, 5.71, 3.71, 0.0, 0.0, 0.0]",0.0,Investigate
TLT_SBR_OFF.png,toCheck_100102_01312s_TLT_SBR_OFF.png,21600,Big,1.39,2.86,"[2.86, -0.05, -0.05, 1.03, 0.0, -0.05, 0.0, 0.0, 0.0]",0.0,OK
TLT_SBR_ON.png,toCheck_100103_00871s_TLT_SBR_ON.png,21600,Big,7.91,5.62,"[2.78, 3.98, -0.05, 2.08, 5.62, -0.05, 0.0, 0.0, 0.0]",0.0,Investigate
TLT_SBR_OFF.png,toCheck_100103_00876s_TLT_SBR_OFF.png,21600,Big,7.91,5.62,"[2.78, 3.98, -0.05, 2.08, 5.62, -0.05, 0.0, 0.0, 0.0]",0.0,Investigate
TLT_SBR_ON.png,toCheck_100103_00881s_TLT_SBR_ON.png,21600,Big,7.91,5.62,"[2.78, 3.98, -0.05, 2.08, 5.62, -0.05, 0.0, 0.0, 0.0]",0.0,Investigate
TLT_SBR_OFF.png,toCheck_100103_00886s_TLT_SBR_OFF.png,21600,Big,7.91,5.62,"[2.78, 3.98, -0.05, 2.08, 5.62, -0.05, 0.0, 0.0, 0.0]",0.0,Investigate
SBR_EEE_RGG_EEE.png,toCheck_100103_00979s_SBR_EEE_RGG_EEE.png,70720,Big,3.12,7.76,"[0.0, 0.0, 0.0, 0.02, 7.76, 3.71, 0.0, 0.0, 0.0]",0.0,Investigate
TLT_SBR_OFF.png,toCheck_100103_00861s_TLT_SBR_OFF.png,21600,Big,1.39,2.86,"[2.86, -0.05, -0.05, 1.03, 0.0, -0.05, 0.0, 0.0, 0.0]",0.0,OK
SBR_EEE_GRR_EEE_DORL.png,toCheck_100104_00649s_SBR_EEE_GRR_EEE_DORL.png,70720,Big,2.98,5.71,"[0.0, 0.0, 0.0, -0.05, 5.71, 3.71, 0.0, 0.0, 0.0]",0.0,Investigate
SBR_EEE_GRR_EEE.png,toCheck_100104_00749s_SBR_EEE_GRR_EEE.png,70720,Big,3.0,5.71,"[0.0, 0.0, 0.0, -0.05, 5.71, 3.71, 0.0, 0.0, 0.0]",0.0,Investigate
TLT_SBR_ON.png,toCheck_100104_01649s_TLT_SBR_ON.png,21600,Big,0.42,0.73,"[0.73, 0.02, -0.05, 0.22, -0.05, -0.05, 0.0, 0.0, 0.0]",0.0,OK
TLT_SBR_ON.png,toCheck_100105_01199s_TLT_SBR_ON.png,21600,Big,7.91,5.62,"[2.78, 3.98, -0.05, 2.08, 5.62, -0.05, 0.0, 0.0, 0.0]",0.0,Investigate
TLT_SBR_OFF.png,toCheck_100105_01204s_TLT_SBR_OFF.png,21600,Big,7.91,5.62,"[2.78, 3.98, -0.05, 2.08, 5.62, -0.05, 0.0, 0.0, 0.0]",0.0,Investigate
TLT_SBR_ON.png,toCheck_100105_01209s_TLT_SBR_ON.png,21600,Big,7.91,5.62,"[2.78, 3.98, -0.05, 2.08, 5.62, -0.05, 0.0, 0.0, 0.0]",0.0,Investigate
TLT_SBR_OFF.png,toCheck_100105_01214s_TLT_SBR_OFF.png,21600,Big,7.91,5.62,"[2.78, 3.98, -0.05, 2.08, 5.62, -0.05, 0.0, 0.0, 0.0]",0.0,Investigate
TLT_SBR_ON.png,toCheck_100106_00889s_TLT_SBR_ON.png,21600,Big,7.91,5.62,"[2.78, 3.98, -0.05, 2.08, 5.62, -0.05, 0.0, 0.0, 0.0]",0.0,Investigate
TLT_SBR_OFF.png,toCheck_100106_00894s_TLT_SBR_OFF.png,21600,Big,7.91,5.62,"[2.78, 3.98, -0.05, 2.08, 5.62, -0.05, 0.0, 0.0, 0.0]",0.0,Investigate
TLT_SBR_ON.png,toCheck_100106_00899s_TLT_SBR_ON.png,21600,Big,7.91,5.62,"[2.78, 3.98, -0.05, 2.08, 5.62, -0.05, 0.0, 0.0, 0.0]",0.0,Investigate
TLT_SBR_OFF.png,toCheck_100106_00904s_TLT_SBR_OFF.png,21600,Big,7.91,5.62,"[2.78, 3.98, -0.05, 2.08, 5.62, -0.05, 0.0, 0.0, 0.0]",0.0,Investigate
TLT_SBR_ON.png,toCheck_100106_01199s_TLT_SBR_ON.png,21600,Big,7.91,5.62,"[2.78, 3.98, -0.05, 2.08, 5.62, -0.05, 0.0, 0.0, 0.0]",0.0,Investigate
TLT_SBR_OFF.png,toCheck_100106_01204s_TLT_SBR_OFF.png,21600,Big,7.91,5.62,"[2.78, 3.98, -0.05, 2.08, 5.62, -0.05, 0.0, 0.0, 0.0]",0.0,Investigate
TLT_SBR_ON.png,toCheck_100106_01209s_TLT_SBR_ON.png,21600,Big,7.91,5.62,"[2.78, 3.98, -0.05, 2.08, 5.62, -0.05, 0.0, 0.0, 0.0]",0.0,Investigate
TLT_SBR_OFF.png,toCheck_100106_01214s_TLT_SBR_OFF.png,21600,Big,7.91,5.62,"[2.78, 3.98, -0.05, 2.08, 5.62, -0.05, 0.0, 0.0, 0.0]",0.0,Investigate
TLT_SBR_ON.png,toCheck_100106_02194s_TLT_SBR_ON.png,21600,Big,0.42,0.73,"[0.73, 0.02, -0.05, 0.22, -0.05, -0.05, 0.0, 0.0, 0.0]",0.0,OK
TLT_SBR_OFF.png,toCheck_100106_00861s_TLT_SBR_OFF.png,21600,Big,1.39,2.86,"[2.86, -0.05, -0.05, 1.03, 0.0, -0.05, 0.0, 0.0, 0.0]",0.0,OK
TLT_SBR_OFF.png,toCheck_100107_01671s_TLT_SBR_OFF.png,21600,Big,1.39,2.86,"[2.86, -0.05, -0.05, 1.03, 0.0, -0.05, 0.0, 0.0, 0.0]",0.0,OK
TLT_SBR_OFF.png,toCheck_100107_00861s_TLT_SBR_OFF.png,21600,Big,1.39,2.86,"[2.86, -0.05, -0.05, 1.03, 0.0, -0.05, 0.0, 0.0, 0.0]",0.0,OK
TLT_NIVOCOD_ON_DYNZ2.png,toCheck_100000_08824s_TLT_NIVOCOD_ON_DYNZ2.png,NA,NA,NA,2.86,"[2.86, -0.05, -0.05, 1.03, 0.0, -0.05, 0.0, 0.0, 0.0]",52.21,Faulty
TLT_BAT_ON.png,toCheck_100000_08824s_TLT_BAT_ON.png,NA,NA,NA,2.86,"[2.86, -0.05, -0.05, 1.03, 0.0, -0.05, 0.0, 0.0, 0.0]",51.84,Faulty
TLT_STOP_ON.png,toCheck_100000_09289s_TLT_STOP_ON.png,22176,Big,0.0,0.0,"[0.0, 0.0, 0.0, 0.0, 0.0, 0.0, 0.0, 0.0]",0.0,OK
TLT_SERV_ON.png,toCheck_100000_09289s_TLT_SERV_ON.png,30736,Big,0.0,0.02,"[0.0, 0.0, 0.0, 0.0, 0.02, 0.0, 0.0, 0.0, 0.0, 0.0, 0.0, 0.0]",0.0,OK
TLT_NIVOCOD_ON_DYNZ2.png,toCheck_100000_09289s_TLT_NIVOCOD_ON_DYNZ2.png,NA,NA,NA,0.02,"[0.0, 0.0, 0.0, 0.0, 0.02, 0.0, 0.0, 0.0, 0.0, 0.0, 0.0, 0.0]",52.21,Faulty
TLT_BAT_ON.png,toCheck_100000_09289s_TLT_BAT_ON.png,NA,NA,NA,0.02,"[0.0, 0.0, 0.0, 0.0, 0.02, 0.0, 0.0, 0.0, 0.0, 0.0, 0.0, 0.0]",51.84,Faulty
TLT_NIVOCOD_ON_DYNZ2.png,toCheck_100000_00697s_TLT_NIVOCOD_ON_DYNZ2.png,NA,NA,NA,0.02,"[0.0, 0.0, 0.0, 0.0, 0.02, 0.0, 0.0, 0.0, 0.0, 0.0, 0.0, 0.0]",52.21,Faulty
TLT_STOP_ON.png,toCheck_100000_09755s_TLT_STOP_ON.png,22176,Big,0.0,0.0,"[0.0, 0.0, 0.0, 0.0, 0.0, 0.0, 0.0, 0.0]",0.0,OK
TLT_SERV_ON.png,toCheck_100000_09755s_TLT_SERV_ON.png,30736,Big,0.0,0.02,"[0.0, 0.0, 0.0, 0.0, 0.02, 0.0, 0.0, 0.0, 0.0, 0.0, 0.0, 0.0]",0.0,OK
TLT_NIVOCOD_ON_DYNZ2.png,toCheck_100000_09755s_TLT_NIVOCOD_ON_DYNZ2.png,NA,NA,NA,0.02,"[0.0, 0.0, 0.0, 0.0, 0.02, 0.0, 0.0, 0.0, 0.0, 0.0, 0.0, 0.0]",52.21,Faulty
TLT_BAT_ON.png,toCheck_100000_09755s_TLT_BAT_ON.png,NA,NA,NA,0.02,"[0.0, 0.0, 0.0, 0.0, 0.02, 0.0, 0.0, 0.0, 0.0, 0.0, 0.0, 0.0]",51.84,Faulty
TLT_STOP_ON.png,toCheck_100000_10217s_TLT_STOP_ON.png,22176,Big,0.0,0.0,"[0.0, 0.0, 0.0, 0.0, 0.0, 0.0, 0.0, 0.0]",0.0,OK
TLT_SERV_ON.png,toCheck_100000_10217s_TLT_SERV_ON.png,30736,Big,0.0,1.29,"[0.0, 0.0, 0.0, 1.29, 0.02, 0.0, 0.0, 1.0, 0.0, 0.0, 0.0, 0.0]",0.0,OK
TLT_NIVOCOD_ON_DYNZ2.png,toCheck_100000_10217s_TLT_NIVOCOD_ON_DYNZ2.png,NA,NA,NA,1.29,"[0.0, 0.0, 0.0, 1.29, 0.02, 0.0, 0.0, 1.0, 0.0, 0.0, 0.0, 0.0]",52.21,Faulty
TLT_BAT_ON.png,toCheck_100000_10217s_TLT_BAT_ON.png,NA,NA,NA,1.29,"[0.0, 0.0, 0.0, 1.29, 0.02, 0.0, 0.0, 1.0, 0.0, 0.0, 0.0, 0.0]",51.84,Faulty
TLT_BAT_ON.png,toCheck_100000_00697s_TLT_BAT_ON.png,NA,NA,NA,1.29,"[0.0, 0.0, 0.0, 1.29, 0.02, 0.0, 0.0, 1.0, 0.0, 0.0, 0.0, 0.0]",51.84,Faulty
TLT_BSIS_OFF.png,toCheck_100000_10682s_TLT_BSIS_OFF.png,19456,Big,0.68,2.32,"[0.51, 2.32, 0.32, 1.17, 0.0, 0.0]",0.0,OK
TLT_MOISOFF_ON.png,toCheck_100000_11147s_TLT_MOISOFF_ON.png,19456,Big,0.02,0.05,"[0.0, 0.02, 0.0, 0.05, 0.0, 0.0]",0.0,OK
TLT_OSPFAIL_ON.png,toCheck_100000_11612s_TLT_OSPFAIL_ON.png,NA,NA,NA,0.05,"[0.0, 0.02, 0.0, 0.05, 0.0, 0.0]",81.66,Faulty
TLT_WDA_ON.png,toCheck_100000_12077s_TLT_WDA_ON.png,19456,Big,0.61,0.42,"[0.42, 0.27, 0.29, 0.27, 0.0, 0.0]",0.0,OK
TLT_LKA_ON.png,toCheck_100000_12542s_TLT_LKA_ON.png,19456,Big,1.17,0.56,"[0.56, 0.51, 0.32, 0.56, 0.0, 0.0]",0.0,OK
TLT_LDW_ON.png,toCheck_100000_13007s_TLT_LDW_ON.png,19456,Big,0.81,1.34,"[0.22, 0.42, 1.34, 0.63, 0.0, 0.0]",0.0,OK
TLT_LDWWARN_ON.png,toCheck_100000_14402s_TLT_LDWWARN_ON.png,19456,Big,0.81,1.34,"[0.22, 0.42, 1.34, 0.63, 0.0, 0.0]",0.0,OK
TLT_FUELCAPOPEN_ON.png,toCheck_100000_15332s_TLT_FUELCAPOPEN_ON.png,19456,Big,0.51,0.66,"[0.39, 0.34, 0.66, 0.59, 0.0, 0.0]",0.0,OK
TLT_SBR_ON.png,toCheck_100000_16262s_TLT_SBR_ON.png,21600,Big,0.42,0.73,"[0.73, 0.02, -0.05, 0.22, -0.05, -0.05, 0.0, 0.0, 0.0]",0.0,OK
TLT_STOP_ON.png,toCheck_100000_01162s_TLT_STOP_ON.png,22176,Big,0.0,0.0,"[0.0, 0.0, 0.0, 0.0, 0.0, 0.0, 0.0, 0.0]",0.0,OK
TLT_SERV_ON.png,toCheck_100000_01162s_TLT_SERV_ON.png,30736,Big,0.0,0.02,"[0.0, 0.0, 0.0, 0.0, 0.02, 0.0, 0.0, 0.0, 0.0, 0.0, 0.0, 0.0]",0.0,OK
TLT_NIVOCOD_ON_DYNZ2.png,toCheck_100000_01162s_TLT_NIVOCOD_ON_DYNZ2.png,NA,NA,NA,0.02,"[0.0, 0.0, 0.0, 0.0, 0.02, 0.0, 0.0, 0.0, 0.0, 0.0, 0.0, 0.0]",52.21,Faulty
TLT_BAT_ON.png,toCheck_100000_01162s_TLT_BAT_ON.png,NA,NA,NA,0.02,"[0.0, 0.0, 0.0, 0.0, 0.02, 0.0, 0.0, 0.0, 0.0, 0.0, 0.0, 0.0]",51.84,Faulty
TLT_STOP_ON.png,toCheck_100000_01627s_TLT_STOP_ON.png,22176,Big,0.0,0.0,"[0.0, 0.0, 0.0, 0.0, 0.0, 0.0, 0.0, 0.0]",0.0,OK
TLT_SERV_ON.png,toCheck_100000_01627s_TLT_SERV_ON.png,30736,Big,0.0,0.02,"[0.0, 0.0, 0.0, 0.0, 0.02, 0.0, 0.0, 0.0, 0.0, 0.0, 0.0, 0.0]",0.0,OK
TLT_NIVOCOD_ON_DYNZ2.png,toCheck_100000_01627s_TLT_NIVOCOD_ON_DYNZ2.png,NA,NA,NA,0.02,"[0.0, 0.0, 0.0, 0.0, 0.02, 0.0, 0.0, 0.0, 0.0, 0.0, 0.0, 0.0]",52.21,Faulty
TLT_BAT_ON.png,toCheck_100000_01627s_TLT_BAT_ON.png,NA,NA,NA,0.02,"[0.0, 0.0, 0.0, 0.0, 0.02, 0.0, 0.0, 0.0, 0.0, 0.0, 0.0, 0.0]",51.84,Faulty
TLT_022_AUTOTEST_ON.png,toCheck_100000_01627s_TLT_022_AUTOTEST_ON.png,NA,NA,NA,0.02,"[0.0, 0.0, 0.0, 0.0, 0.02, 0.0, 0.0, 0.0, 0.0, 0.0, 0.0, 0.0]",6.81,Faulty
TLT_STOP_ON.png,toCheck_100000_02092s_TLT_STOP_ON.png,22176,Big,0.0,0.0,"[0.0, 0.0, 0.0, 0.0, 0.0, 0.0, 0.0, 0.0]",0.0,OK
TLT_SERV_ON.png,toCheck_100000_02092s_TLT_SERV_ON.png,30736,Big,0.0,0.88,"[0.0, 0.0, 0.0, 0.27, 0.02, 0.0, 0.0, 0.88, 0.0, 0.0, 0.0, 0.0]",0.0,OK
TLT_NIVOCOD_ON_DYNZ2.png,toCheck_100000_02092s_TLT_NIVOCOD_ON_DYNZ2.png,NA,NA,NA,0.88,"[0.0, 0.0, 0.0, 0.27, 0.02, 0.0, 0.0, 0.88, 0.0, 0.0, 0.0, 0.0]",52.21,Faulty
TLT_BAT_ON.png,toCheck_100000_02092s_TLT_BAT_ON.png,NA,NA,NA,0.88,"[0.0, 0.0, 0.0, 0.27, 0.02, 0.0, 0.0, 0.88, 0.0, 0.0, 0.0, 0.0]",51.84,Faulty
TLT_STOP_ON.png,toCheck_100000_00232s_TLT_STOP_ON.png,22176,Big,0.0,0.0,"[0.0, 0.0, 0.0, 0.0, 0.0, 0.0, 0.0, 0.0]",0.0,OK
TLT_SBSOFF_ON.png,toCheck_100000_02092s_TLT_SBSOFF_ON.png,19456,Big,0.61,6.54,"[0.54, 0.27, 0.42, 1.12, 6.54, 5.74]",0.0,Investigate
TLT_STOP_ON.png,toCheck_100000_02557s_TLT_STOP_ON.png,22176,Big,0.0,0.0,"[0.0, 0.0, 0.0, 0.0, 0.0, 0.0, 0.0, 0.0]",0.0,OK
TLT_SERV_ON.png,toCheck_100000_02557s_TLT_SERV_ON.png,30736,Big,0.0,0.02,"[0.0, 0.0, 0.0, 0.0, 0.02, 0.0, 0.0, 0.0, 0.0, 0.0, 0.0, 0.0]",0.0,OK
TLT_NIVOCOD_ON_DYNZ2.png,toCheck_100000_02557s_TLT_NIVOCOD_ON_DYNZ2.png,NA,NA,NA,0.02,"[0.0, 0.0, 0.0, 0.0, 0.02, 0.0, 0.0, 0.0, 0.0, 0.0, 0.0, 0.0]",52.21,Faulty
TLT_BAT_ON.png,toCheck_100000_02557s_TLT_BAT_ON.png,NA,NA,NA,0.02,"[0.0, 0.0, 0.0, 0.0, 0.02, 0.0, 0.0, 0.0, 0.0, 0.0, 0.0, 0.0]",51.84,Faulty
TLT_XEVSYSTEMFAILURE_ON.png,toCheck_100000_02557s_TLT_XEVSYSTEMFAILURE_ON.png,NA,NA,NA,0.02,"[0.0, 0.0, 0.0, 0.0, 0.02, 0.0, 0.0, 0.0, 0.0, 0.0, 0.0, 0.0]",53.68,Faulty
TLT_STOP_ON.png,toCheck_100000_03022s_TLT_STOP_ON.png,22176,Big,0.0,0.0,"[0.0, 0.0, 0.0, 0.0, 0.0, 0.0, 0.0, 0.0]",0.0,OK
TLT_SERV_ON.png,toCheck_100000_03022s_TLT_SERV_ON.png,30736,Big,0.0,0.02,"[0.0, 0.0, 0.0, 0.0, 0.02, 0.0, 0.0, 0.0, 0.0, 0.0, 0.0, 0.0]",0.0,OK
TLT_SERV_ON.png,toCheck_100000_00232s_TLT_SERV_ON.png,30736,Big,0.0,0.02,"[0.0, 0.0, 0.0, 0.0, 0.02, 0.0, 0.0, 0.0, 0.0, 0.0, 0.0, 0.0]",0.0,OK
TLT_110_024_010_AUTOTEST_ON.png,toCheck_100000_03022s_TLT_110_024_010_AUTOTEST_ON.png,NA,NA,NA,0.02,"[0.0, 0.0, 0.0, 0.0, 0.02, 0.0, 0.0, 0.0, 0.0, 0.0, 0.0, 0.0]",6.81,Faulty
TLT_STOP_ON.png,toCheck_100000_03487s_TLT_STOP_ON.png,22176,Big,0.0,0.0,"[0.0, 0.0, 0.0, 0.0, 0.0, 0.0, 0.0, 0.0]",0.0,OK
TLT_SERV_ON.png,toCheck_100000_03487s_TLT_SERV_ON.png,30736,Big,0.0,0.02,"[0.0, 0.0, 0.0, 0.0, 0.02, 0.0, 0.0, 0.0, 0.0, 0.0, 0.0, 0.0]",0.0,OK
TLT_083_024_010_AUTOTEST_ON.png,toCheck_100000_03487s_TLT_083_024_010_AUTOTEST_ON.png,NA,NA,NA,0.02,"[0.0, 0.0, 0.0, 0.0, 0.02, 0.0, 0.0, 0.0, 0.0, 0.0, 0.0, 0.0]",6.81,Faulty
TLT_STOP_ON.png,toCheck_100000_03952s_TLT_STOP_ON.png,22176,Big,0.0,0.0,"[0.0, 0.0, 0.0, 0.0, 0.0, 0.0, 0.0, 0.0]",0.0,OK
TLT_SERV_ON.png,toCheck_100000_03952s_TLT_SERV_ON.png,30736,Big,0.0,0.02,"[0.0, 0.0, 0.0, 0.0, 0.02, 0.0, 0.0, 0.0, 0.0, 0.0, 0.0, 0.0]",0.0,OK
TLT_NIVOCOD_ON_DYNZ2.png,toCheck_100000_03952s_TLT_NIVOCOD_ON_DYNZ2.png,NA,NA,NA,0.02,"[0.0, 0.0, 0.0, 0.0, 0.02, 0.0, 0.0, 0.0, 0.0, 0.0, 0.0, 0.0]",52.21,Faulty
TLT_BAT_ON.png,toCheck_100000_03952s_TLT_BAT_ON.png,NA,NA,NA,0.02,"[0.0, 0.0, 0.0, 0.0, 0.02, 0.0, 0.0, 0.0, 0.0, 0.0, 0.0, 0.0]",51.84,Faulty
TLT_NIVOCOD_ON_DYNZ2.png,toCheck_100000_00232s_TLT_NIVOCOD_ON_DYNZ2.png,NA,NA,NA,0.02,"[0.0, 0.0, 0.0, 0.0, 0.02, 0.0, 0.0, 0.0, 0.0, 0.0, 0.0, 0.0]",52.21,Faulty
TLT_STOP_ON.png,toCheck_100000_04417s_TLT_STOP_ON.png,22176,Big,0.0,0.0,"[0.0, 0.0, 0.0, 0.0, 0.0, 0.0, 0.0, 0.0]",0.0,OK
TLT_SERV_ON.png,toCheck_100000_04417s_TLT_SERV_ON.png,30736,Big,0.0,1.54,"[0.0, 0.0, 0.0, 1.17, 0.02, 0.0, 0.0, 1.54, 0.0, 0.0, 0.0, 0.0]",0.0,OK
TLT_NIVOCOD_ON_DYNZ2.png,toCheck_100000_04417s_TLT_NIVOCOD_ON_DYNZ2.png,NA,NA,NA,1.54,"[0.0, 0.0, 0.0, 1.17, 0.02, 0.0, 0.0, 1.54, 0.0, 0.0, 0.0, 0.0]",52.21,Faulty
TLT_BAT_ON.png,toCheck_100000_04417s_TLT_BAT_ON.png,NA,NA,NA,1.54,"[0.0, 0.0, 0.0, 1.17, 0.02, 0.0, 0.0, 1.54, 0.0, 0.0, 0.0, 0.0]",51.84,Faulty
TLT_AFSFAIL_ON.png,toCheck_100000_04417s_TLT_AFSFAIL_ON.png,19456,Big,0.0,0.0,"[0.0, 0.0, -0.05, 0.0, 0.0, 0.0]",0.0,OK
TLT_STOP_ON.png,toCheck_100000_04882s_TLT_STOP_ON.png,22176,Big,0.0,0.0,"[0.0, 0.0, 0.0, 0.0, 0.0, 0.0, 0.0, 0.0]",0.0,OK
TLT_SERV_ON.png,toCheck_100000_04882s_TLT_SERV_ON.png,30736,Big,0.0,1.86,"[0.0, 0.0, 0.0, 0.98, 0.02, 0.0, 0.0, 1.86, 0.0, 0.0, 0.0, 0.0]",0.0,OK
TLT_NIVOCOD_ON_DYNZ2.png,toCheck_100000_04882s_TLT_NIVOCOD_ON_DYNZ2.png,NA,NA,NA,1.86,"[0.0, 0.0, 0.0, 0.98, 0.02, 0.0, 0.0, 1.86, 0.0, 0.0, 0.0, 0.0]",52.21,Faulty
TLT_BAT_ON.png,toCheck_100000_00232s_TLT_BAT_ON.png,NA,NA,NA,1.86,"[0.0, 0.0, 0.0, 0.98, 0.02, 0.0, 0.0, 1.86, 0.0, 0.0, 0.0, 0.0]",51.84,Faulty
TLT_BAT_ON.png,toCheck_100000_04882s_TLT_BAT_ON.png,NA,NA,NA,1.86,"[0.0, 0.0, 0.0, 0.98, 0.02, 0.0, 0.0, 1.86, 0.0, 0.0, 0.0, 0.0]",51.84,Faulty
TLT_STOP_ON.png,toCheck_100000_06034s_TLT_STOP_ON.png,22176,Big,0.0,0.0,"[0.0, 0.0, 0.0, 0.0, 0.0, 0.0, 0.0, 0.0]",0.0,OK
TLT_SERV_ON.png,toCheck_100000_06034s_TLT_SERV_ON.png,30736,Big,0.0,0.02,"[0.0, 0.0, 0.0, 0.0, 0.02, 0.0, 0.0, 0.0, 0.0, 0.0, 0.0, 0.0]",0.0,OK
TLT_NIVOCOD_ON_DYNZ2.png,toCheck_100000_06034s_TLT_NIVOCOD_ON_DYNZ2.png,NA,NA,NA,0.02,"[0.0, 0.0, 0.0, 0.0, 0.02, 0.0, 0.0, 0.0, 0.0, 0.0, 0.0, 0.0]",52.21,Faulty
TLT_BAT_ON.png,toCheck_100000_06034s_TLT_BAT_ON.png,NA,NA,NA,0.02,"[0.0, 0.0, 0.0, 0.0, 0.02, 0.0, 0.0, 0.0, 0.0, 0.0, 0.0, 0.0]",51.84,Faulty
TLT_TBH_ON.png,toCheck_100000_06034s_TLT_TBH_ON.png,NA,NA,NA,0.02,"[0.0, 0.0, 0.0, 0.0, 0.02, 0.0, 0.0, 0.0, 0.0, 0.0, 0.0, 0.0]",51.84,Faulty
TLT_STOP_ON.png,toCheck_100000_06499s_TLT_STOP_ON.png,22176,Big,0.0,0.0,"[0.0, 0.0, 0.0, 0.0, 0.0, 0.0, 0.0, 0.0]",0.0,OK
TLT_BATT_TRACTWARN_ON.png,toCheck_100000_00232s_TLT_BATT_TRACTWARN_ON.png,NA,NA,NA,0.0,"[0.0, 0.0, 0.0, 0.0, 0.0, 0.0, 0.0, 0.0]",9.95,Faulty
TLT_SERV_ON.png,toCheck_100000_06499s_TLT_SERV_ON.png,30736,Big,0.0,0.17,"[0.0, 0.0, 0.0, 0.0, 0.02, 0.0, 0.0, 0.17, 0.0, 0.0, 0.0, 0.0]",0.0,OK
TLT_NIVOCOD_ON_DYNZ2.png,toCheck_100000_06499s_TLT_NIVOCOD_ON_DYNZ2.png,NA,NA,NA,0.17,"[0.0, 0.0, 0.0, 0.0, 0.02, 0.0, 0.0, 0.17, 0.0, 0.0, 0.0, 0.0]",52.21,Faulty
TLT_BAT_ON.png,toCheck_100000_06499s_TLT_BAT_ON.png,NA,NA,NA,0.17,"[0.0, 0.0, 0.0, 0.0, 0.02, 0.0, 0.0, 0.17, 0.0, 0.0, 0.0, 0.0]",51.84,Faulty
TLT_STOP_ON.png,toCheck_100000_06964s_TLT_STOP_ON.png,22176,Big,0.0,0.0,"[0.0, 0.0, 0.0, 0.0, 0.0, 0.0, 0.0, 0.0]",0.0,OK
TLT_SERV_ON.png,toCheck_100000_06964s_TLT_SERV_ON.png,30736,Big,0.0,1.05,"[0.0, 0.0, 0.0, 1.05, 0.02, 0.0, 0.0, 0.61, 0.0, 0.0, 0.0, 0.0]",0.0,OK
TLT_NIVOCOD_ON_DYNZ2.png,toCheck_100000_06964s_TLT_NIVOCOD_ON_DYNZ2.png,NA,NA,NA,1.05,"[0.0, 0.0, 0.0, 1.05, 0.02, 0.0, 0.0, 0.61, 0.0, 0.0, 0.0, 0.0]",52.21,Faulty
TLT_BAT_ON.png,toCheck_100000_06964s_TLT_BAT_ON.png,NA,NA,NA,1.05,"[0.0, 0.0, 0.0, 1.05, 0.02, 0.0, 0.0, 0.61, 0.0, 0.0, 0.0, 0.0]",51.84,Faulty
TLT_HFP_ON.png,toCheck_100000_06964s_TLT_HFP_ON.png,19456,Big,0.78,0.56,"[0.27, 0.56, 0.2, 0.56, 0.0, 0.0]",0.0,OK
TLT_STOP_ON.png,toCheck_100000_07429s_TLT_STOP_ON.png,22176,Big,0.0,0.0,"[0.0, 0.0, 0.0, 0.0, 0.0, 0.0, 0.0, 0.0]",0.0,OK
TLT_SERV_ON.png,toCheck_100000_07429s_TLT_SERV_ON.png,30736,Big,0.0,0.02,"[0.0, 0.0, 0.0, 0.0, 0.02, 0.0, 0.0, 0.0, 0.0, 0.0, 0.0, 0.0]",0.0,OK
TLT_NIVOCOD_ON_DYNZ2.png,toCheck_100000_07429s_TLT_NIVOCOD_ON_DYNZ2.png,NA,NA,NA,0.02,"[0.0, 0.0, 0.0, 0.0, 0.02, 0.0, 0.0, 0.0, 0.0, 0.0, 0.0, 0.0]",52.21,Faulty
TLT_BAT_ON.png,toCheck_100000_07429s_TLT_BAT_ON.png,NA,NA,NA,0.02,"[0.0, 0.0, 0.0, 0.0, 0.02, 0.0, 0.0, 0.0, 0.0, 0.0, 0.0, 0.0]",51.84,Faulty
TLT_STOP_ON.png,toCheck_100000_07894s_TLT_STOP_ON.png,22176,Big,0.0,0.0,"[0.0, 0.0, 0.0, 0.0, 0.0, 0.0, 0.0, 0.0]",0.0,OK
TLT_SERV_ON.png,toCheck_100000_07894s_TLT_SERV_ON.png,30736,Big,0.0,0.02,"[0.0, 0.0, 0.0, 0.0, 0.02, 0.0, 0.0, 0.0, 0.0, 0.0, 0.0, 0.0]",0.0,OK
TLT_NIVOCOD_ON_DYNZ2.png,toCheck_100000_07894s_TLT_NIVOCOD_ON_DYNZ2.png,NA,NA,NA,0.02,"[0.0, 0.0, 0.0, 0.0, 0.02, 0.0, 0.0, 0.0, 0.0, 0.0, 0.0, 0.0]",52.21,Faulty
TLT_BAT_ON.png,toCheck_100000_07894s_TLT_BAT_ON.png,NA,NA,NA,0.02,"[0.0, 0.0, 0.0, 0.0, 0.02, 0.0, 0.0, 0.0, 0.0, 0.0, 0.0, 0.0]",51.84,Faulty
TLT_STOP_ON.png,toCheck_100000_00697s_TLT_STOP_ON.png,22176,Big,0.0,0.0,"[0.0, 0.0, 0.0, 0.0, 0.0, 0.0, 0.0, 0.0]",0.0,OK
TLT_DAE_ON.png,toCheck_100000_07894s_TLT_DAE_ON.png,NA,NA,NA,0.0,"[0.0, 0.0, 0.0, 0.0, 0.0, 0.0, 0.0, 0.0]",51.84,Faulty
TLT_STOP_ON.png,toCheck_100000_08359s_TLT_STOP_ON.png,22176,Big,0.0,0.0,"[0.0, 0.0, 0.0, 0.0, 0.0, 0.0, 0.0, 0.0]",0.0,OK
TLT_SERV_ON.png,toCheck_100000_08359s_TLT_SERV_ON.png,30736,Big,0.0,0.02,"[0.0, 0.0, 0.0, 0.0, 0.02, 0.0, 0.0, 0.0, 0.0, 0.0, 0.0, 0.0]",0.0,OK
TLT_NIVOCOD_ON_DYNZ2.png,toCheck_100000_08359s_TLT_NIVOCOD_ON_DYNZ2.png,NA,NA,NA,0.02,"[0.0, 0.0, 0.0, 0.0, 0.02, 0.0, 0.0, 0.0, 0.0, 0.0, 0.0, 0.0]",52.21,Faulty
TLT_BAT_ON.png,toCheck_100000_08359s_TLT_BAT_ON.png,NA,NA,NA,0.02,"[0.0, 0.0, 0.0, 0.0, 0.02, 0.0, 0.0, 0.0, 0.0, 0.0, 0.0, 0.0]",51.84,Faulty
TLT_SSNA_ON.png,toCheck_100000_08359s_TLT_SSNA_ON.png,14364,Big,0.49,4.59,"[2.22, 1.1, 0.54, 0.56, 2.1, 0.68, 0.44, 1.07, 1.59, 0.59, 1.25, 1.05, 4.59, 1.1, 0.66, 2.95]",0.0,Investigate
TLT_STOP_ON.png,toCheck_100000_08824s_TLT_STOP_ON.png,22176,Big,0.0,0.0,"[0.0, 0.0, 0.0, 0.0, 0.0, 0.0, 0.0, 0.0]",0.0,OK
TLT_SERV_ON.png,toCheck_100000_08824s_TLT_SERV_ON.png,30736,Big,0.0,0.24,"[0.0, 0.0, 0.0, 0.24, 0.02, 0.0, 0.0, 0.24, 0.0, 0.0, 0.0, 0.0]",0.0,OK
TLT_SERV_ON.png,toCheck_100000_00697s_TLT_SERV_ON.png,30736,Big,0.0,0.02,"[0.0, 0.0, 0.0, 0.0, 0.02, 0.0, 0.0, 0.0, 0.0, 0.0, 0.0, 0.0]",0.0,OK
TLT_Battery_OFF.png,toCheck_100002_00370s_TLT_Battery_OFF.png,15732,Big,0.66,6.52,"[0.27, 0.44, 0.0, 6.52, 0.51, 0.93]",0.0,Investigate
TLT_STOP_ON.png,toCheck_100002_00373s_TLT_STOP_ON.png,22176,Big,0.0,0.0,"[0.0, 0.0, 0.0, 0.0, 0.0, 0.0, 0.0, 0.0]",0.0,OK
TLT_SERV_ON.png,toCheck_100002_00373s_TLT_SERV_ON.png,30736,Big,0.0,0.02,"[0.0, 0.0, 0.0, 0.0, 0.02, 0.0, 0.0, 0.0, 0.0, 0.0, 0.0, 0.0]",0.0,OK
TLT_NIVOCOD_ON_DYNZ2.png,toCheck_100002_00373s_TLT_NIVOCOD_ON_DYNZ2.png,NA,NA,NA,0.02,"[0.0, 0.0, 0.0, 0.0, 0.02, 0.0, 0.0, 0.0, 0.0, 0.0, 0.0, 0.0]",52.21,Faulty
TLT_BAT_ON.png,toCheck_100002_00373s_TLT_BAT_ON.png,NA,NA,NA,0.02,"[0.0, 0.0, 0.0, 0.0, 0.02, 0.0, 0.0, 0.0, 0.0, 0.0, 0.0, 0.0]",51.84,Faulty
TLT_STOP_ON.png,toCheck_100002_00393s_TLT_STOP_ON.png,22176,Big,0.0,0.0,"[0.0, 0.0, 0.0, 0.0, 0.0, 0.0, 0.0, 0.0]",0.0,OK
TLT_SERV_ON.png,toCheck_100002_00393s_TLT_SERV_ON.png,30736,Big,0.0,0.02,"[0.0, 0.0, 0.0, 0.0, 0.02, 0.0, 0.0, 0.0, 0.0, 0.0, 0.0, 0.0]",0.0,OK
TLT_NIVOCOD_ON_DYNZ2.png,toCheck_100002_00393s_TLT_NIVOCOD_ON_DYNZ2.png,NA,NA,NA,0.02,"[0.0, 0.0, 0.0, 0.0, 0.02, 0.0, 0.0, 0.0, 0.0, 0.0, 0.0, 0.0]",52.21,Faulty
TLT_BAT_ON.png,toCheck_100002_00393s_TLT_BAT_ON.png,NA,NA,NA,0.02,"[0.0, 0.0, 0.0, 0.0, 0.02, 0.0, 0.0, 0.0, 0.0, 0.0, 0.0, 0.0]",51.84,Faulty
TLT_Nivocod_OFF.png,toCheck_100002_00396s_TLT_Nivocod_OFF.png,15732,Big,0.66,6.52,"[0.27, 0.44, 0.0, 6.52, 0.51, 0.93]",0.0,Investigate
TLT_Battery_OFF.png,toCheck_100002_00396s_TLT_Battery_OFF.png,15732,Big,0.66,6.52,"[0.27, 0.44, 0.0, 6.52, 0.51, 0.93]",0.0,Investigate
TLT_STOP_ON.png,toCheck_100002_00260s_TLT_STOP_ON.png,22176,Big,0.0,0.0,"[0.0, 0.0, 0.0, 0.0, 0.0, 0.0, 0.0, 0.0]",0.0,OK
TLT_SERV_ON.png,toCheck_100002_00260s_TLT_SERV_ON.png,30736,Big,0.0,0.02,"[0.0, 0.0, 0.0, 0.0, 0.02, 0.0, 0.0, 0.0, 0.0, 0.0, 0.0, 0.0]",0.0,OK
TLT_NIVOCOD_ON_DYNZ2.png,toCheck_100002_00260s_TLT_NIVOCOD_ON_DYNZ2.png,NA,NA,NA,0.02,"[0.0, 0.0, 0.0, 0.0, 0.02, 0.0, 0.0, 0.0, 0.0, 0.0, 0.0, 0.0]",52.21,Faulty
TLT_BAT_ON.png,toCheck_100002_00260s_TLT_BAT_ON.png,NA,NA,NA,0.02,"[0.0, 0.0, 0.0, 0.0, 0.02, 0.0, 0.0, 0.0, 0.0, 0.0, 0.0, 0.0]",51.84,Faulty
TLT_Nivocod_OFF.png,toCheck_100002_00370s_TLT_Nivocod_OFF.png,15732,Big,0.66,6.52,"[0.27, 0.44, 0.0, 6.52, 0.51, 0.93]",0.0,Investigate
TLT_SLGT_ON.png,toCheck_100003_00280s_TLT_SLGT_ON.png,13800,Big,1.59,5.37,"[1.49, 1.86, 0.0, 4.98, 5.37, 0.0]",0.0,Investigate
TLT_LBEAM_OFF.png,toCheck_100003_00349s_TLT_LBEAM_OFF.png,13800,Big,9.94,11.82,"[7.42, 8.35, 0.0, 11.6, 11.82, 0.0]",0.0,NOK
TLT_SLGT_ON.png,toCheck_100003_00402s_TLT_SLGT_ON.png,13800,Big,1.59,5.37,"[1.49, 1.86, 0.0, 4.98, 5.37, 0.0]",0.0,Investigate
TLT_LBEAM_ON.png,toCheck_100003_00424s_TLT_LBEAM_ON.png,13800,Big,8.25,8.06,"[7.67, 6.59, 0.0, 8.06, 7.52, 0.0]",0.0,NOK
TLT_LBEAM_OFF.png,toCheck_100003_00427s_TLT_LBEAM_OFF.png,13800,Big,8.25,8.06,"[7.67, 6.59, 0.0, 8.06, 7.52, 0.0]",0.0,NOK
TLT_LBEAM_ON.png,toCheck_100003_00429s_TLT_LBEAM_ON.png,13800,Big,8.25,8.06,"[7.67, 6.59, 0.0, 8.06, 7.52, 0.0]",0.0,NOK
TLT_LBEAM_OFF.png,toCheck_100003_00432s_TLT_LBEAM_OFF.png,13800,Big,8.25,8.06,"[7.67, 6.59, 0.0, 8.06, 7.52, 0.0]",0.0,NOK
TLT_LBEAM_OFF.png,toCheck_100003_00437s_TLT_LBEAM_OFF.png,13800,Big,9.94,11.82,"[7.42, 8.35, 0.0, 11.6, 11.82, 0.0]",0.0,NOK
TLT_SLGT_ON.png,toCheck_100003_00191s_TLT_SLGT_ON.png,13800,Big,1.59,5.37,"[1.49, 1.86, 0.0, 4.98, 5.37, 0.0]",0.0,Investigate
TLT_LBEAM_ON.png,toCheck_100003_00214s_TLT_LBEAM_ON.png,13800,Big,8.25,8.06,"[7.67, 6.59, 0.0, 8.06, 7.52, 0.0]",0.0,NOK
TLT_LBEAM_OFF.png,toCheck_100003_00216s_TLT_LBEAM_OFF.png,13800,Big,8.25,8.06,"[7.67, 6.59, 0.0, 8.06, 7.52, 0.0]",0.0,NOK
TLT_LBEAM_ON.png,toCheck_100003_00219s_TLT_LBEAM_ON.png,13800,Big,8.25,8.06,"[7.67, 6.59, 0.0, 8.06, 7.52, 0.0]",0.0,NOK
TLT_LBEAM_OFF.png,toCheck_100003_00221s_TLT_LBEAM_OFF.png,13800,Big,8.25,8.06,"[7.67, 6.59, 0.0, 8.06, 7.52, 0.0]",0.0,NOK
TLT_LBEAM_OFF.png,toCheck_100003_00227s_TLT_LBEAM_OFF.png,13800,Big,9.94,11.82,"[7.42, 8.35, 0.0, 11.6, 11.82, 0.0]",0.0,NOK
TLT_SERV_ON.png,toCheck_100004_00769s_TLT_SERV_ON.png,30736,Big,0.0,1.29,"[0.0, 0.0, 0.0, 1.29, 0.02, 0.0, 0.0, 1.0, 0.0, 0.0, 0.0, 0.0]",0.0,OK
TLT_SERV_ON.png,toCheck_100004_00193s_TLT_SERV_ON.png,30736,Big,0.0,1.29,"[0.0, 0.0, 0.0, 1.29, 0.02, 0.0, 0.0, 1.0, 0.0, 0.0, 0.0, 0.0]",0.0,OK
TLT_SERV_ON.png,toCheck_100004_00223s_TLT_SERV_ON.png,30736,Big,0.0,1.29,"[0.0, 0.0, 0.0, 1.29, 0.02, 0.0, 0.0, 1.0, 0.0, 0.0, 0.0, 0.0]",0.0,OK
TLT_STOP_ON.png,toCheck_100005_00743s_TLT_STOP_ON.png,22176,Big,0.0,0.0,"[0.0, 0.0, 0.0, 0.0, 0.0, 0.0, 0.0, 0.0]",0.0,OK
TLT_STOP_ON.png,toCheck_100005_00191s_TLT_STOP_ON.png,22176,Big,0.0,0.0,"[0.0, 0.0, 0.0, 0.0, 0.0, 0.0, 0.0, 0.0]",0.0,OK
TLT_STOP_ON.png,toCheck_100005_00217s_TLT_STOP_ON.png,22176,Big,0.0,0.0,"[0.0, 0.0, 0.0, 0.0, 0.0, 0.0, 0.0, 0.0]",0.0,OK
TLT_STOP_ON.png,toCheck_100006_00762s_TLT_STOP_ON.png,22176,Big,0.0,0.0,"[0.0, 0.0, 0.0, 0.0, 0.0, 0.0, 0.0, 0.0]",0.0,OK
TLT_SERV_ON.png,toCheck_100006_00762s_TLT_SERV_ON.png,30736,Big,0.0,1.29,"[0.0, 0.0, 0.0, 1.29, 0.02, 0.0, 0.0, 1.0, 0.0, 0.0, 0.0, 0.0]",0.0,OK
TLT_SERV_ON.png,toCheck_100006_00785s_TLT_SERV_ON.png,30736,Big,0.0,1.29,"[0.0, 0.0, 0.0, 1.29, 0.02, 0.0, 0.0, 1.0, 0.0, 0.0, 0.0, 0.0]",0.0,OK
TLT_SERV_ON.png,toCheck_100006_00791s_TLT_SERV_ON.png,30736,Big,0.0,0.02,"[0.0, 0.0, 0.0, 0.0, 0.02, 0.0, 0.0, 0.0, 0.0, 0.0, 0.0, 0.0]",0.0,OK
TLT_SERV_ON.png,toCheck_100006_00193s_TLT_SERV_ON.png,30736,Big,0.0,1.29,"[0.0, 0.0, 0.0, 1.29, 0.02, 0.0, 0.0, 1.0, 0.0, 0.0, 0.0, 0.0]",0.0,OK
TLT_STOP_ON.png,toCheck_100006_00196s_TLT_STOP_ON.png,22176,Big,0.0,0.0,"[0.0, 0.0, 0.0, 0.0, 0.0, 0.0, 0.0, 0.0]",0.0,OK
TLT_SERV_ON.png,toCheck_100006_00196s_TLT_SERV_ON.png,30736,Big,0.0,1.29,"[0.0, 0.0, 0.0, 1.29, 0.02, 0.0, 0.0, 1.0, 0.0, 0.0, 0.0, 0.0]",0.0,OK
TLT_ABS_OFF.png,toCheck_100007_00224s_TLT_ABS_OFF.png,19456,Big,9.77,6.52,"[3.81, 3.12, 5.59, 6.52, 0.0, 0.0]",0.0,NOK
TLT_ABS_ON.png,toCheck_100007_00225s_TLT_ABS_ON.png,19456,Big,9.77,6.52,"[3.81, 3.12, 5.59, 6.52, 0.0, 0.0]",0.0,NOK
TLT_ABS_OFF.png,toCheck_100007_00226s_TLT_ABS_OFF.png,19456,Big,9.77,6.52,"[3.81, 3.12, 5.59, 6.52, 0.0, 0.0]",0.0,NOK
TLT_ABS_OFF.png,toCheck_100007_00222s_TLT_ABS_OFF.png,19456,Big,9.77,6.52,"[3.81, 3.12, 5.59, 6.52, 0.0, 0.0]",0.0,NOK
TLT_ABS_ON.png,toCheck_100007_00223s_TLT_ABS_ON.png,19456,Big,9.77,6.52,"[3.81, 3.12, 5.59, 6.52, 0.0, 0.0]",0.0,NOK
TLT_ABS_ON.png,toCheck_100008_00204s_TLT_ABS_ON.png,19456,Big,9.77,6.52,"[3.81, 3.12, 5.59, 6.52, 0.0, 0.0]",0.0,NOK
TLT_ABS_OFF.png,toCheck_100008_00197s_TLT_ABS_OFF.png,19456,Big,9.77,6.52,"[3.81, 3.12, 5.59, 6.52, 0.0, 0.0]",0.0,NOK
TLT_ABS_ON.png,toCheck_100008_00199s_TLT_ABS_ON.png,19456,Big,9.77,6.52,"[3.81, 3.12, 5.59, 6.52, 0.0, 0.0]",0.0,NOK
TLT_ABS_OFF.png,toCheck_100008_00202s_TLT_ABS_OFF.png,19456,Big,9.77,6.52,"[3.81, 3.12, 5.59, 6.52, 0.0, 0.0]",0.0,NOK
TLT_ABS_ON.png,toCheck_100009_00197s_TLT_ABS_ON.png,19456,Big,9.77,6.52,"[3.81, 3.12, 5.59, 6.52, 0.0, 0.0]",0.0,NOK
TLT_ABS_OFF.png,toCheck_100009_00198s_TLT_ABS_OFF.png,19456,Big,9.77,6.52,"[3.81, 3.12, 5.59, 6.52, 0.0, 0.0]",0.0,NOK
TLT_ABS_OFF.png,toCheck_100009_00194s_TLT_ABS_OFF.png,19456,Big,9.77,6.52,"[3.81, 3.12, 5.59, 6.52, 0.0, 0.0]",0.0,NOK
TLT_ABS_ON.png,toCheck_100009_00195s_TLT_ABS_ON.png,19456,Big,9.77,6.52,"[3.81, 3.12, 5.59, 6.52, 0.0, 0.0]",0.0,NOK
TLT_ABS_OFF.png,toCheck_100009_00196s_TLT_ABS_OFF.png,19456,Big,9.77,6.52,"[3.81, 3.12, 5.59, 6.52, 0.0, 0.0]",0.0,NOK
TLT_UREA_OFF.png,toCheck_100011_00517s_TLT_UREA_OFF.png,19456,Big,2.76,2.56,"[1.73, 1.93, 1.37, 2.56, 0.0, 0.0]",0.0,OK
TLT_UREA_OFF.png,toCheck_100011_00349s_TLT_UREA_OFF.png,19456,Big,2.76,2.56,"[1.73, 1.93, 1.37, 2.56, 0.0, 0.0]",0.0,OK
TLT_UREA_OFF.png,toCheck_100011_00354s_TLT_UREA_OFF.png,19456,Big,2.76,2.56,"[1.73, 1.93, 1.37, 2.56, 0.0, 0.0]",0.0,OK
TLT_UREA_OFF.png,toCheck_100012_00362s_TLT_UREA_OFF.png,19456,Big,10.79,7.59,"[6.1, 5.59, 6.64, 7.59, 0.0, 0.0]",0.0,NOK
TLT_UREA_ON.png,toCheck_100012_00364s_TLT_UREA_ON.png,19456,Big,8.28,7.4,"[3.66, 2.32, 5.74, 7.4, 0.0, 0.0]",0.0,NOK
TLT_UREA_OFF.png,toCheck_100012_00525s_TLT_UREA_OFF.png,19456,Big,2.76,2.56,"[1.73, 1.93, 1.37, 2.56, 0.0, 0.0]",0.0,OK
TLT_UREA_OFF.png,toCheck_100012_00325s_TLT_UREA_OFF.png,19456,Big,2.76,2.56,"[1.73, 1.93, 1.37, 2.56, 0.0, 0.0]",0.0,OK
TLT_UREA_OFF.png,toCheck_100012_00330s_TLT_UREA_OFF.png,19456,Big,2.76,2.56,"[1.73, 1.93, 1.37, 2.56, 0.0, 0.0]",0.0,OK
TLT_UREA_OFF.png,toCheck_100012_00357s_TLT_UREA_OFF.png,19456,Big,10.79,7.59,"[6.1, 5.59, 6.64, 7.59, 0.0, 0.0]",0.0,NOK
TLT_UREA_ON.png,toCheck_100012_00359s_TLT_UREA_ON.png,19456,Big,8.28,7.4,"[3.66, 2.32, 5.74, 7.4, 0.0, 0.0]",0.0,NOK
TLT_ESC_OFF.png,toCheck_100013_00229s_TLT_ESC_OFF.png,19456,Big,0.68,2.34,"[0.42, 0.29, 0.68, 2.34, 0.0, 0.0]",0.0,OK
TLT_ESC_OFF.png,toCheck_100013_00257s_TLT_ESC_OFF.png,19456,Big,0.68,2.34,"[0.42, 0.29, 0.68, 2.34, 0.0, 0.0]",0.0,OK
TLT_ESC_OFF.png,toCheck_100013_00202s_TLT_ESC_OFF.png,19456,Big,0.68,2.34,"[0.42, 0.29, 0.68, 2.34, 0.0, 0.0]",0.0,OK
TLT_ESC_OFF.png,toCheck_100013_00224s_TLT_ESC_OFF.png,19456,Big,0.68,2.34,"[0.42, 0.29, 0.68, 2.34, 0.0, 0.0]",0.0,OK
TLT_ODB_OFF.png,toCheck_100014_00190s_TLT_ODB_OFF.png,19456,Big,0.68,2.34,"[0.42, 0.29, 0.68, 2.34, 0.0, 0.0]",0.0,OK
TLT_ODB_OFF.png,toCheck_100014_00234s_TLT_ODB_OFF.png,19456,Big,0.68,2.34,"[0.42, 0.29, 0.68, 2.34, 0.0, 0.0]",0.0,OK
TLT_ECOMODE_ON.png,toCheck_100016_00592s_TLT_ECOMODE_ON.png,22256,Big,7.52,9.3,"[3.44, 7.69, 8.06, 9.3, 0.0, -0.05, 0.0, 0.0]",0.0,Investigate
TLT_ECOMODE_OFF.png,toCheck_100016_00577s_TLT_ECOMODE_OFF.png,22256,Big,7.52,9.3,"[3.44, 7.69, 8.06, 9.3, 0.0, -0.05, 0.0, 0.0]",0.0,Investigate
TLT_ECOMODE_ON.png,toCheck_100016_00582s_TLT_ECOMODE_ON.png,22256,Big,7.52,9.3,"[3.44, 7.69, 8.06, 9.3, 0.0, -0.05, 0.0, 0.0]",0.0,Investigate
TLT_ECOMODE_OFF.png,toCheck_100016_00587s_TLT_ECOMODE_OFF.png,22256,Big,7.52,9.3,"[3.44, 7.69, 8.06, 9.3, 0.0, -0.05, 0.0, 0.0]",0.0,Investigate
TLT_TPW_ON.png,toCheck_100017_00900s_TLT_TPW_ON.png,19456,Big,6.59,7.25,"[3.05, 3.39, 5.44, 7.25, 0.0, 0.0]",0.0,Investigate
TLT_TPW_OFF.png,toCheck_100017_00903s_TLT_TPW_OFF.png,19456,Big,6.59,7.25,"[3.05, 3.39, 5.44, 7.25, 0.0, 0.0]",0.0,Investigate
TLT_TPW_ON.png,toCheck_100017_00905s_TLT_TPW_ON.png,19456,Big,6.59,7.25,"[3.05, 3.39, 5.44, 7.25, 0.0, 0.0]",0.0,Investigate
TLT_TPW_OFF.png,toCheck_100017_00908s_TLT_TPW_OFF.png,19456,Big,6.59,7.25,"[3.05, 3.39, 5.44, 7.25, 0.0, 0.0]",0.0,Investigate
TLT_TPW_ON.png,toCheck_100017_00910s_TLT_TPW_ON.png,19456,Big,6.59,7.25,"[3.05, 3.39, 5.44, 7.25, 0.0, 0.0]",0.0,Investigate
TLT_TPW_OFF.png,toCheck_100017_00913s_TLT_TPW_OFF.png,19456,Big,6.59,7.25,"[3.05, 3.39, 5.44, 7.25, 0.0, 0.0]",0.0,Investigate
TLT_TPW_ON.png,toCheck_100017_00190s_TLT_TPW_ON.png,19456,Big,6.59,7.25,"[3.05, 3.39, 5.44, 7.25, 0.0, 0.0]",0.0,Investigate
TLT_TPW_OFF.png,toCheck_100017_00193s_TLT_TPW_OFF.png,19456,Big,6.59,7.25,"[3.05, 3.39, 5.44, 7.25, 0.0, 0.0]",0.0,Investigate
TLT_TPW_ON.png,toCheck_100017_00195s_TLT_TPW_ON.png,19456,Big,6.59,7.25,"[3.05, 3.39, 5.44, 7.25, 0.0, 0.0]",0.0,Investigate
FULL_ALTIA_WAKEUP_EV.png,toCheck_100020_00358s_FULL_ALTIA_WAKEUP_EV.png,1376640,Big,0.0,11.23,"[0.02, 0.0, -0.05, 0.0, 0.0, -0.05, 0.0, 0.0, 0.0, 0.0, -0.05, 0.0, 0.0, 0.0, 0.02, 0.02, -0.05, 0.0, 11.23, 0.0, 0.0, -0.05, 0.0, -0.05, -0.05, 0.0, 0.0, 0.0, -0.05, -0.05, 0.0, -0.05, -0.05, 0.02, -0.05, -0.05]",0.0,NOK
TLT_ODB_OFF.png,toCheck_100021_00197s_TLT_ODB_OFF.png,19456,Big,0.68,2.34,"[0.42, 0.29, 0.68, 2.34, 0.0, 0.0]",0.0,OK
TLT_ODB_OFF.png,toCheck_100021_00199s_TLT_ODB_OFF.png,19456,Big,0.68,2.34,"[0.42, 0.29, 0.68, 2.34, 0.0, 0.0]",0.0,OK
TLT_ODB_OFF.png,toCheck_100021_00223s_TLT_ODB_OFF.png,19456,Big,0.68,2.34,"[0.42, 0.29, 0.68, 2.34, 0.0, 0.0]",0.0,OK
TLT_ODB_OFF.png,toCheck_100021_00225s_TLT_ODB_OFF.png,19456,Big,0.68,2.34,"[0.42, 0.29, 0.68, 2.34, 0.0, 0.0]",0.0,OK
TLT_ODB_OFF.png,toCheck_100021_00227s_TLT_ODB_OFF.png,19456,Big,0.68,2.34,"[0.42, 0.29, 0.68, 2.34, 0.0, 0.0]",0.0,OK
TLT_ODB_OFF.png,toCheck_100021_00229s_TLT_ODB_OFF.png,19456,Big,0.68,2.34,"[0.42, 0.29, 0.68, 2.34, 0.0, 0.0]",0.0,OK
TLT_ODB_OFF.png,toCheck_100021_00231s_TLT_ODB_OFF.png,19456,Big,0.68,2.34,"[0.42, 0.29, 0.68, 2.34, 0.0, 0.0]",0.0,OK
TLT_ODB_OFF.png,toCheck_100021_00254s_TLT_ODB_OFF.png,19456,Big,9.89,5.66,"[3.91, 5.66, 5.49, 4.08, 0.0, 0.0]",0.0,NOK
TLT_ODB_ON.png,toCheck_100021_00259s_TLT_ODB_ON.png,19456,Big,9.06,6.13,"[3.61, 4.83, 5.88, 6.13, 0.0, 0.0]",0.0,NOK
TLT_ODB_OFF.png,toCheck_100021_00287s_TLT_ODB_OFF.png,19456,Big,0.68,2.34,"[0.42, 0.29, 0.68, 2.34, 0.0, 0.0]",0.0,OK
TLT_ODB_OFF.png,toCheck_100021_00191s_TLT_ODB_OFF.png,19456,Big,0.68,2.34,"[0.42, 0.29, 0.68, 2.34, 0.0, 0.0]",0.0,OK
TLT_ODB_OFF.png,toCheck_100021_00193s_TLT_ODB_OFF.png,19456,Big,0.68,2.34,"[0.42, 0.29, 0.68, 2.34, 0.0, 0.0]",0.0,OK
TLT_ODB_OFF.png,toCheck_100021_00195s_TLT_ODB_OFF.png,19456,Big,0.68,2.34,"[0.42, 0.29, 0.68, 2.34, 0.0, 0.0]",0.0,OK
TLT_ODB_OFF.png,toCheck_100022_00197s_TLT_ODB_OFF.png,19456,Big,0.68,2.34,"[0.42, 0.29, 0.68, 2.34, 0.0, 0.0]",0.0,OK
TLT_ODB_OFF.png,toCheck_100022_00199s_TLT_ODB_OFF.png,19456,Big,0.68,2.34,"[0.42, 0.29, 0.68, 2.34, 0.0, 0.0]",0.0,OK
TLT_ODB_ON.png,toCheck_100022_00221s_TLT_ODB_ON.png,19456,Big,9.06,6.13,"[3.61, 4.83, 5.88, 6.13, 0.0, 0.0]",0.0,NOK
TLT_ODB_OFF.png,toCheck_100022_00222s_TLT_ODB_OFF.png,19456,Big,9.89,5.66,"[3.91, 5.66, 5.49, 4.08, 0.0, 0.0]",0.0,NOK
TLT_ODB_ON.png,toCheck_100022_00223s_TLT_ODB_ON.png,19456,Big,9.06,6.13,"[3.61, 4.83, 5.88, 6.13, 0.0, 0.0]",0.0,NOK
TLT_ODB_OFF.png,toCheck_100022_00224s_TLT_ODB_OFF.png,19456,Big,9.89,5.66,"[3.91, 5.66, 5.49, 4.08, 0.0, 0.0]",0.0,NOK
TLT_ODB_ON.png,toCheck_100022_00225s_TLT_ODB_ON.png,19456,Big,9.06,6.13,"[3.61, 4.83, 5.88, 6.13, 0.0, 0.0]",0.0,NOK
TLT_ODB_OFF.png,toCheck_100022_00226s_TLT_ODB_OFF.png,19456,Big,9.89,5.66,"[3.91, 5.66, 5.49, 4.08, 0.0, 0.0]",0.0,NOK
TLT_ODB_ON.png,toCheck_100022_00227s_TLT_ODB_ON.png,19456,Big,9.06,6.13,"[3.61, 4.83, 5.88, 6.13, 0.0, 0.0]",0.0,NOK
TLT_ODB_OFF.png,toCheck_100022_00228s_TLT_ODB_OFF.png,19456,Big,9.89,5.66,"[3.91, 5.66, 5.49, 4.08, 0.0, 0.0]",0.0,NOK
TLT_ODB_ON.png,toCheck_100022_00229s_TLT_ODB_ON.png,19456,Big,9.06,6.13,"[3.61, 4.83, 5.88, 6.13, 0.0, 0.0]",0.0,NOK
TLT_ODB_OFF.png,toCheck_100022_00230s_TLT_ODB_OFF.png,19456,Big,9.89,5.66,"[3.91, 5.66, 5.49, 4.08, 0.0, 0.0]",0.0,NOK
TLT_ODB_OFF.png,toCheck_100022_00279s_TLT_ODB_OFF.png,19456,Big,0.68,2.34,"[0.42, 0.29, 0.68, 2.34, 0.0, 0.0]",0.0,OK
TLT_ODB_OFF.png,toCheck_100022_00191s_TLT_ODB_OFF.png,19456,Big,0.68,2.34,"[0.42, 0.29, 0.68, 2.34, 0.0, 0.0]",0.0,OK
TLT_ODB_OFF.png,toCheck_100022_00193s_TLT_ODB_OFF.png,19456,Big,0.68,2.34,"[0.42, 0.29, 0.68, 2.34, 0.0, 0.0]",0.0,OK
TLT_ODB_OFF.png,toCheck_100022_00195s_TLT_ODB_OFF.png,19456,Big,0.68,2.34,"[0.42, 0.29, 0.68, 2.34, 0.0, 0.0]",0.0,OK
FULL_ALTIA_WAKEUP_EV.png,toCheck_100025_00358s_FULL_ALTIA_WAKEUP_EV.png,1376640,Big,0.0,11.23,"[0.02, 0.0, -0.05, 0.0, 0.0, -0.05, 0.0, 0.0, 0.0, 0.0, -0.05, 0.0, 0.0, 0.0, 0.02, 0.02, -0.05, 0.0, 11.23, 0.0, 0.0, -0.05, 0.0, -0.05, -0.05, 0.0, 0.0, 0.0, -0.05, -0.05, 0.0, -0.05, -0.05, 0.02, -0.05, -0.05]",0.0,NOK
TLT_STOP_ON.png,toCheck_100026_00260s_TLT_STOP_ON.png,22176,Big,0.0,0.0,"[0.0, 0.0, 0.0, 0.0, 0.0, 0.0, 0.0, 0.0]",0.0,OK
TLT_SERV_ON.png,toCheck_100026_00260s_TLT_SERV_ON.png,30736,Big,0.0,0.93,"[0.0, 0.0, 0.0, 0.56, 0.02, 0.0, 0.0, 0.93, 0.0, 0.0, 0.0, 0.0]",0.0,OK
TLT_NIVOCOD_ON_DYNZ2.png,toCheck_100026_00260s_TLT_NIVOCOD_ON_DYNZ2.png,NA,NA,NA,0.93,"[0.0, 0.0, 0.0, 0.56, 0.02, 0.0, 0.0, 0.93, 0.0, 0.0, 0.0, 0.0]",52.21,Faulty
TLT_BAT_ON.png,toCheck_100026_00260s_TLT_BAT_ON.png,NA,NA,NA,0.93,"[0.0, 0.0, 0.0, 0.56, 0.02, 0.0, 0.0, 0.93, 0.0, 0.0, 0.0, 0.0]",51.84,Faulty
TLT_WASHER_ON.png,toCheck_100027_00480s_TLT_WASHER_ON.png,NA,NA,NA,0.93,"[0.0, 0.0, 0.0, 0.56, 0.02, 0.0, 0.0, 0.93, 0.0, 0.0, 0.0, 0.0]",15.75,Faulty
CHARGEDISPLAY_V2G_DISCHARGE.png,toCheck_100000_00473s_CHARGEDISPLAY_V2G_DISCHARGE.png,1376640,Big,15.94,14.31,"[5.64, 9.28, 6.23, 1.37, 3.49, 5.3, 6.1, 12.21, 0.0, 4.03, 3.98, 10.4, 10.35, 10.13, 11.94, 8.5, 4.71, 5.62, 5.15, 5.69, 9.62, 14.31, 2.15, 9.94, 6.57, 8.42, 0.15, 4.13, 5.93, 13.72, 0.49, 0.34, 0.39, 11.13, 1.73, 2.2]",0.0,NOK
CHARGEDISPLAY_V2G_CHARGE.png,toCheck_100000_00498s_CHARGEDISPLAY_V2G_CHARGE.png,1376640,Big,15.94,14.31,"[5.64, 9.28, 6.23, 1.37, 3.49, 5.3, 6.1, 12.21, 0.0, 4.03, 3.98, 10.4, 10.35, 10.13, 11.94, 8.5, 4.71, 5.62, 5.15, 5.69, 9.62, 14.31, 2.15, 9.94, 6.57, 8.42, 0.15, 4.13, 5.93, 13.72, 0.49, 0.34, 0.39, 11.13, 1.73, 2.2]",0.0,NOK
CHARGEDISPLAY_V2L.png,toCheck_100000_00523s_CHARGEDISPLAY_V2L.png,1376640,Big,15.94,14.31,"[5.64, 9.28, 6.23, 1.37, 3.49, 5.3, 6.1, 12.21, 0.0, 4.03, 3.98, 10.4, 10.35, 10.13, 11.94, 8.5, 4.71, 5.62, 5.15, 5.69, 9.62, 14.31, 2.15, 9.94, 6.57, 8.42, 0.15, 4.13, 5.93, 13.72, 0.49, 0.34, 0.39, 11.13, 1.73, 2.2]",0.0,NOK
MMI_OFF_EV.png,toCheck_100000_00548s_MMI_OFF_EV.png,1376640,Big,15.94,14.31,"[5.64, 9.28, 6.23, 1.37, 3.49, 5.3, 6.1, 12.21, 0.0, 4.03, 3.98, 10.4, 10.35, 10.13, 11.94, 8.5, 4.71, 5.62, 5.15, 5.69, 9.62, 14.31, 2.15, 9.94, 6.57, 8.42, 0.15, 4.13, 5.93, 13.72, 0.49, 0.34, 0.39, 11.13, 1.73, 2.2]",0.0,NOK
MMI_OFF_EV.png,toCheck_100000_00573s_MMI_OFF_EV.png,1376640,Big,15.94,14.31,"[5.64, 9.28, 6.23, 1.37, 3.49, 5.3, 6.1, 12.21, 0.0, 4.03, 3.98, 10.4, 10.35, 10.13, 11.94, 8.5, 4.71, 5.62, 5.15, 5.69, 9.62, 14.31, 2.15, 9.94, 6.57, 8.42, 0.15, 4.13, 5.93, 13.72, 0.49, 0.34, 0.39, 11.13, 1.73, 2.2]",0.0,NOK
MMI_OFF_EV.png,toCheck_100000_00251s_MMI_OFF_EV.png,1376640,Big,15.94,14.31,"[5.64, 9.28, 6.23, 1.37, 3.49, 5.3, 9.57, 12.21, 0.0, 4.03, 3.98, 10.4, 10.35, 10.13, 11.94, 3.52, 12.43, 5.62, 5.15, 5.69, 9.62, 14.31, 2.15, 9.94, 6.57, 8.42, 0.15, 4.13, 5.93, 13.72, 0.49, 0.34, 0.39, 11.13, 1.73, 2.2]",0.0,NOK
WAITING_FOR_PALNNED_CHARGE.png,toCheck_100000_00298s_WAITING_FOR_PALNNED_CHARGE.png,1376640,Big,15.94,14.31,"[5.64, 9.28, 6.23, 1.37, 3.49, 5.3, 6.1, 12.21, 0.0, 4.03, 3.98, 10.4, 10.35, 10.13, 11.94, 8.5, 4.71, 5.62, 5.15, 5.69, 9.62, 14.31, 2.15, 9.94, 6.57, 8.42, 0.15, 4.13, 5.93, 13.72, 0.49, 0.34, 0.39, 11.13, 1.73, 2.2]",0.0,NOK
CHARGE_INPROGRESS.png,toCheck_100000_00323s_CHARGE_INPROGRESS.png,1376640,Big,15.94,14.31,"[5.64, 9.28, 6.23, 1.37, 3.49, 5.3, 6.1, 12.21, 0.0, 4.03, 3.98, 10.4, 10.35, 10.13, 11.94, 8.5, 4.71, 5.62, 5.15, 5.69, 9.62, 14.31, 2.15, 9.94, 6.57, 8.42, 0.15, 4.13, 5.93, 13.72, 0.49, 0.34, 0.39, 11.13, 1.73, 2.2]",0.0,NOK
WAITINGCURRENT_CHARGE.png,toCheck_100000_00373s_WAITINGCURRENT_CHARGE.png,1376640,Big,17.48,16.89,"[5.64, 9.28, 6.23, 1.37, 3.49, 3.42, 7.54, 7.47, 4.15, 4.03, 3.98, 10.4, 10.35, 10.13, 9.86, 16.89, 9.84, 6.67, 5.15, 5.69, 9.62, 14.31, 2.15, 9.06, 7.69, 5.91, 0.15, 4.13, 5.93, 13.72, 0.49, 0.34, 0.39, 11.13, 1.73, 2.2]",0.0,NOK
CHARGE_FAILURE.png,toCheck_100000_00398s_CHARGE_FAILURE.png,1376640,Big,15.94,14.31,"[5.64, 9.28, 6.23, 1.37, 3.49, 5.3, 6.1, 12.21, 0.0, 4.03, 3.98, 10.4, 10.35, 10.13, 11.94, 8.5, 4.71, 5.62, 5.15, 5.69, 9.62, 14.31, 2.15, 9.94, 6.57, 8.42, 0.15, 4.13, 5.93, 13.72, 0.49, 0.34, 0.39, 11.13, 1.73, 2.2]",0.0,NOK
MMI_OFF_EV.png,toCheck_100000_00423s_MMI_OFF_EV.png,1376640,Big,15.94,14.31,"[5.64, 9.28, 6.23, 1.37, 3.49, 5.3, 6.1, 12.21, 0.0, 4.03, 3.98, 10.4, 10.35, 10.13, 11.94, 8.5, 4.71, 5.62, 5.15, 5.69, 9.62, 14.31, 2.15, 9.94, 6.57, 8.42, 0.15, 4.13, 5.93, 13.72, 0.49, 0.34, 0.39, 11.13, 1.73, 2.2]",0.0,NOK
CHARGEDISPLAY_V2G.png,toCheck_100000_00448s_CHARGEDISPLAY_V2G.png,1376640,Big,15.94,14.31,"[5.64, 9.28, 6.23, 1.37, 3.49, 5.3, 6.1, 12.21, 0.0, 4.03, 3.98, 10.4, 10.35, 10.13, 11.94, 8.5, 4.71, 5.62, 5.15, 5.69, 9.62, 14.31, 2.15, 9.94, 6.57, 8.42, 0.15, 4.13, 5.93, 13.72, 0.49, 0.34, 0.39, 11.13, 1.73, 2.2]",0.0,NOK
TXTALT_10101_12_FR_ST.png,toCheck_100001_00727s_TXTALT_10101_12_FR_ST.png,267388,Big,0.29,1.32,"[-0.05, -0.05, 1.32, -0.05, 0.0, 0.32]",0.0,OK
CHARGE_DISPLAY.png,toCheck_100005_00268s_CHARGE_DISPLAY.png,1376640,Big,1.07,3.0,"[0.95, 0.05, 0.1, 0.93, 1.44, 1.15, 0.07, 0.27, 0.05, 0.88, 0.12, 0.9, 1.25, 1.83, 0.81, 0.22, 0.73, 0.12, 1.05, 0.12, 0.22, 1.17, 3.0, 0.88, 0.07, 0.05, 0.07, 0.85, 0.1, 0.07, 0.05, 0.15, 0.46, 0.22, 0.15, 0.2]",0.0,OK
DIG_SPD_0_KM.png,toCheck_100013_00223s_DIG_SPD_0_KM.png,326772,Big,-0.05,0.81,"[0.0, -0.05, -0.05, 0.0, 0.0, -0.05, 0.81, 0.0, -0.05]",0.0,OK
DIG_SPD_0_MI.png,toCheck_100013_00245s_DIG_SPD_0_MI.png,326772,Big,0.02,0.81,"[0.0, -0.05, -0.05, 0.0, -0.05, -0.05, 0.81, 0.0, -0.05]",0.0,OK
DIG_SPD_0_MI.png,toCheck_100013_00275s_DIG_SPD_0_MI.png,326772,Big,0.02,0.81,"[0.0, -0.05, -0.05, 0.0, -0.05, -0.05, 0.81, 0.0, -0.05]",0.0,OK
DIG_SPD_0_KM.png,toCheck_100014_00218s_DIG_SPD_0_KM.png,326772,Big,-0.05,0.81,"[0.0, -0.05, -0.05, 0.0, 0.0, -0.05, 0.81, 0.0, -0.05]",0.0,OK
DIG_SPD_0_KM.png,toCheck_100014_00230s_DIG_SPD_0_KM.png,326772,Big,-0.05,0.81,"[0.0, -0.05, -0.05, 0.0, 0.0, -0.05, 0.81, 0.0, -0.05]",0.0,OK
DIG_SPD_0_MI.png,toCheck_100014_00252s_DIG_SPD_0_MI.png,326772,Big,0.02,0.81,"[0.0, -0.05, -0.05, 0.0, -0.05, -0.05, 0.81, 0.0, -0.05]",0.0,OK
DIG_SPD_0_MI.png,toCheck_100014_00282s_DIG_SPD_0_MI.png,326772,Big,0.02,0.81,"[0.0, -0.05, -0.05, 0.0, -0.05, -0.05, 0.81, 0.0, -0.05]",0.0,OK
FULL_ALTIA_WAKEUP_MMI_LPG.png,toCheck_100000_00878s_FULL_ALTIA_WAKEUP_MMI_LPG.png,1376640,Big,-0.05,1.81,"[0.02, 0.0, -0.05, 0.0, 0.0, -0.05, 0.0, -0.05, 0.0, -0.05, -0.05, 0.0, 0.0, 0.0, 0.0, 0.02, 0.02, 0.0, 0.02, 1.81, -0.05, -0.05, 0.0, 0.02, -0.05, 0.0, 0.0, -0.05, 1.56, 0.0, -0.05, -0.05, -0.05, -0.05, 0.02, -0.05]",0.0,OK
FULL_ALTIA_WAKEUP_20210_4.png,toCheck_100000_00916s_FULL_ALTIA_WAKEUP_20210_4.png,1376640,Big,0.0,7.35,"[0.02, 0.0, -0.05, 0.0, 0.0, 0.0, 0.0, 0.0, 0.0, 7.35, -0.05, 0.0, 0.0, 0.0, 0.02, 0.0, 0.0, 0.02, 0.02, 0.0, -0.05, -0.05, 0.0, -0.05, 0.0, -0.05, 0.0, -0.05, 0.02, -0.05, -0.05, -0.05, -0.05, -0.05, 0.02, -0.05]",0.0,Investigate
FULL_ALTIA_WAKEUP_MMI_LPG.png,toCheck_100001_00878s_FULL_ALTIA_WAKEUP_MMI_LPG.png,1376640,Big,-0.05,1.81,"[0.02, 0.0, -0.05, 0.0, 0.0, -0.05, 0.0, -0.05, 0.0, -0.05, -0.05, 0.0, 0.0, 0.0, 0.0, 0.02, 0.02, 0.0, 0.02, 1.81, -0.05, -0.05, 0.0, 0.02, -0.05, 0.0, 0.0, -0.05, 1.56, 0.0, -0.05, -0.05, -0.05, -0.05, 0.02, -0.05]",0.0,OK
FULL_ALTIA_WAKEUP_20210_7.png,toCheck_100001_00916s_FULL_ALTIA_WAKEUP_20210_7.png,1376640,Big,0.0,7.35,"[0.02, 0.0, -0.05, 0.0, 0.0, 0.0, 0.0, 0.0, 0.0, 7.35, -0.05, 0.0, 0.0, 0.0, 0.02, 0.02, -0.05, 0.02, 0.02, 0.0, -0.05, -0.05, 0.0, -0.05, 0.0, -0.05, 0.0, -0.05, 0.02, -0.05, -0.05, -0.05, -0.05, -0.05, 0.02, -0.05]",0.0,Investigate
TXTALT_20210_3_FR.png,toCheck_100002_02401s_TXTALT_20210_3_FR.png,267388,Big,0.56,3.71,"[0.68, 0.59, 0.37, 0.78, 1.37, 3.71]",0.0,Investigate
TXTALT_20210_3_FR.png,toCheck_100002_02461s_TXTALT_20210_3_FR.png,267388,Big,0.56,3.71,"[0.68, 0.59, 0.37, 0.78, 1.37, 3.71]",0.0,Investigate
TCI_LPG_SECGAU50PER_AUTO80KM.png,toCheck_100002_02466s_TCI_LPG_SECGAU50PER_AUTO80KM.png,254449,Big,4.57,14.01,"[6.62, 14.01, 3.98, 0.37, 0.12, 3.2, 0.0, 0.0, 0.0]",0.0,Investigate
TCI_Fuel_GAU80PER_AUTO330KM.png,toCheck_100002_02353s_TCI_Fuel_GAU80PER_AUTO330KM.png,NA,NA,NA,14.01,"[6.62, 14.01, 3.98, 0.37, 0.12, 3.2, 0.0, 0.0, 0.0]",4.36,Faulty
TCI_LPG_SECGAU50PER_AUTO80KM.png,toCheck_100002_02396s_TCI_LPG_SECGAU50PER_AUTO80KM.png,254449,Big,0.02,0.37,"[0.1, 0.0, -0.05, 0.37, 0.1, 0.0, 0.0, 0.0, 0.0]",0.0,OK
TXTALT_20210_3_FR.png,toCheck_100003_01333s_TXTALT_20210_3_FR.png,267388,Big,0.56,3.71,"[0.68, 0.59, 0.37, 0.78, 1.37, 3.71]",0.0,Investigate
TXTALT_20210_3_FR.png,toCheck_100003_01353s_TXTALT_20210_3_FR.png,267388,Big,0.56,3.71,"[0.68, 0.59, 0.37, 0.78, 1.37, 3.71]",0.0,Investigate
TCI_LPG_TripDist_5_KM.png,toCheck_100003_01358s_TCI_LPG_TripDist_5_KM.png,NA,NA,NA,3.71,"[0.68, 0.59, 0.37, 0.78, 1.37, 3.71]",18.33,Faulty
TCI_LPG_TripDist_5_KM.png,toCheck_100003_01398s_TCI_LPG_TripDist_5_KM.png,NA,NA,NA,3.71,"[0.68, 0.59, 0.37, 0.78, 1.37, 3.71]",18.33,Faulty
TCI_LPG_TRIP_0_KM.png,toCheck_100003_00313s_TCI_LPG_TRIP_0_KM.png,NA,NA,NA,3.71,"[0.68, 0.59, 0.37, 0.78, 1.37, 3.71]",18.33,Faulty
TCI_LPG_TripDist_5_KM.png,toCheck_100003_01328s_TCI_LPG_TripDist_5_KM.png,NA,NA,NA,3.71,"[0.68, 0.59, 0.37, 0.78, 1.37, 3.71]",18.33,Faulty
TXTALT_20210_3_FR.png,toCheck_100004_02383s_TXTALT_20210_3_FR.png,267388,Big,0.56,3.71,"[0.68, 0.59, 0.37, 0.78, 1.37, 3.71]",0.0,Investigate
TCI_ICE_TripDist_0_KM.png,toCheck_100004_02408s_TCI_ICE_TripDist_0_KM.png,254449,Big,3.32,8.96,"[7.37, 8.96, 4.17, 1.05, 0.9, 2.69, 4.13, 8.84, 0.0]",0.0,Investigate
TCI_Fuel_GAU80PER_AUTO330KM.png,toCheck_100004_04443s_TCI_Fuel_GAU80PER_AUTO330KM.png,NA,NA,NA,8.96,"[7.37, 8.96, 4.17, 1.05, 0.9, 2.69, 4.13, 8.84, 0.0]",4.36,Faulty
TCI_LPG_SECGAU20PER_AUTO50KM.png,toCheck_100004_04486s_TCI_LPG_SECGAU20PER_AUTO50KM.png,NA,NA,NA,8.96,"[7.37, 8.96, 4.17, 1.05, 0.9, 2.69, 4.13, 8.84, 0.0]",18.33,Faulty
TCI_LPG_SECGAU20PER_AUTO50KM.png,toCheck_100004_04491s_TCI_LPG_SECGAU20PER_AUTO50KM.png,NA,NA,NA,8.96,"[7.37, 8.96, 4.17, 1.05, 0.9, 2.69, 4.13, 8.84, 0.0]",18.33,Faulty
TCI_LPG_TRIP_0_KM.png,toCheck_100004_00313s_TCI_LPG_TRIP_0_KM.png,NA,NA,NA,8.96,"[7.37, 8.96, 4.17, 1.05, 0.9, 2.69, 4.13, 8.84, 0.0]",18.33,Faulty
TCI_LPG_TripDist_5_KM.png,toCheck_100004_01328s_TCI_LPG_TripDist_5_KM.png,NA,NA,NA,8.96,"[7.37, 8.96, 4.17, 1.05, 0.9, 2.69, 4.13, 8.84, 0.0]",18.33,Faulty
TCI_LPG_TripDist_10_KM.png,toCheck_100004_02378s_TCI_LPG_TripDist_10_KM.png,NA,NA,NA,8.96,"[7.37, 8.96, 4.17, 1.05, 0.9, 2.69, 4.13, 8.84, 0.0]",18.33,Faulty
TCI_LPG_TripDist_15_KM.png,toCheck_100005_03433s_TCI_LPG_TripDist_15_KM.png,NA,NA,NA,8.96,"[7.37, 8.96, 4.17, 1.05, 0.9, 2.69, 4.13, 8.84, 0.0]",18.33,Faulty
TCI_LPG_TripDist_15_KM.png,toCheck_100005_03588s_TCI_LPG_TripDist_15_KM.png,NA,NA,NA,8.96,"[7.37, 8.96, 4.17, 1.05, 0.9, 2.69, 4.13, 8.84, 0.0]",18.33,Faulty
TCI_LPG_TRIP_20KM_DISTANCE.png,toCheck_100005_04638s_TCI_LPG_TRIP_20KM_DISTANCE.png,NA,NA,NA,8.96,"[7.37, 8.96, 4.17, 1.05, 0.9, 2.69, 4.13, 8.84, 0.0]",18.33,Faulty
TCI_LPG_TRIP_20KM_DISTANCE.png,toCheck_100005_04793s_TCI_LPG_TRIP_20KM_DISTANCE.png,NA,NA,NA,8.96,"[7.37, 8.96, 4.17, 1.05, 0.9, 2.69, 4.13, 8.84, 0.0]",18.33,Faulty
TCI_LPG_TRIP_0_KM.png,toCheck_100005_00313s_TCI_LPG_TRIP_0_KM.png,NA,NA,NA,8.96,"[7.37, 8.96, 4.17, 1.05, 0.9, 2.69, 4.13, 8.84, 0.0]",18.33,Faulty
TCI_LPG_TripDist_5_KM.png,toCheck_100005_01323s_TCI_LPG_TripDist_5_KM.png,NA,NA,NA,8.96,"[7.37, 8.96, 4.17, 1.05, 0.9, 2.69, 4.13, 8.84, 0.0]",18.33,Faulty
TCI_LPG_TripDist_10_KM.png,toCheck_100005_02378s_TCI_LPG_TripDist_10_KM.png,NA,NA,NA,8.96,"[7.37, 8.96, 4.17, 1.05, 0.9, 2.69, 4.13, 8.84, 0.0]",18.33,Faulty
TCI_LPG_TRIP_0_KM.png,toCheck_100006_02676s_TCI_LPG_TRIP_0_KM.png,NA,NA,NA,8.96,"[7.37, 8.96, 4.17, 1.05, 0.9, 2.69, 4.13, 8.84, 0.0]",18.33,Faulty
TCI_Fuel_SECGAU75PER_AUTO300KM.png,toCheck_100006_02718s_TCI_Fuel_SECGAU75PER_AUTO300KM.png,NA,NA,NA,8.96,"[7.37, 8.96, 4.17, 1.05, 0.9, 2.69, 4.13, 8.84, 0.0]",18.33,Faulty
TCI_LPG_TripDist_5_KM.png,toCheck_100006_03821s_TCI_LPG_TripDist_5_KM.png,NA,NA,NA,8.96,"[7.37, 8.96, 4.17, 1.05, 0.9, 2.69, 4.13, 8.84, 0.0]",18.33,Faulty
TCI_Fuel_SECGAU75PER_AUTO300KM.png,toCheck_100006_03863s_TCI_Fuel_SECGAU75PER_AUTO300KM.png,NA,NA,NA,8.96,"[7.37, 8.96, 4.17, 1.05, 0.9, 2.69, 4.13, 8.84, 0.0]",18.33,Faulty
TXTALT_20210_8_FR.png,toCheck_100007_00801s_TXTALT_20210_8_FR.png,267388,Big,1.17,3.34,"[-0.05, 3.34, 1.56, 0.02, 0.0, 0.0]",0.0,Investigate
TXTALT_20210_8_FR.png,toCheck_100007_00318s_TXTALT_20210_8_FR.png,267388,Big,1.17,3.34,"[-0.05, 3.34, 1.56, 0.02, 0.0, 0.0]",0.0,Investigate
ADAC_LPG_10PER_AUTO_UNAVL.png,toCheck_100008_01327s_ADAC_LPG_10PER_AUTO_UNAVL.png,NA,NA,NA,3.34,"[-0.05, 3.34, 1.56, 0.02, 0.0, 0.0]",18.33,Faulty
TCI_LPG_SECGAU50PER_AUTO80KM.png,toCheck_100008_00371s_TCI_LPG_SECGAU50PER_AUTO80KM.png,254449,Big,0.02,0.37,"[0.1, 0.0, -0.05, 0.37, 0.1, 0.0, 0.0, 0.0, 0.0]",0.0,OK
TCI_LPG_SECGAU50PER_AUTO80KM.png,toCheck_100008_00897s_TCI_LPG_SECGAU50PER_AUTO80KM.png,254449,Big,4.57,14.01,"[6.62, 14.01, 3.98, 0.37, 0.12, 3.2, 0.0, 0.0, 0.0]",0.0,Investigate
TCI_Fuel_SECGAU0PER_AUTO_UNAVL.png,toCheck_100009_01097s_TCI_Fuel_SECGAU0PER_AUTO_UNAVL.png,NA,NA,NA,14.01,"[6.62, 14.01, 3.98, 0.37, 0.12, 3.2, 0.0, 0.0, 0.0]",18.33,Faulty
TCI_Fuel_SECGAU80PER_AUTO690KM.png,toCheck_100009_00546s_TCI_Fuel_SECGAU80PER_AUTO690KM.png,NA,NA,NA,14.01,"[6.62, 14.01, 3.98, 0.37, 0.12, 3.2, 0.0, 0.0, 0.0]",18.33,Faulty
TCI_LPG_SECGAU50PER_AUTO80KM.png,toCheck_100010_04516s_TCI_LPG_SECGAU50PER_AUTO80KM.png,254449,Big,0.02,0.37,"[0.1, 0.0, -0.05, 0.37, 0.1, 0.0, 0.0, 0.0, 0.0]",0.0,OK
TCI_Fuel_GAU80PER_AUTO330KM.png,toCheck_100010_02353s_TCI_Fuel_GAU80PER_AUTO330KM.png,NA,NA,NA,0.37,"[0.1, 0.0, -0.05, 0.37, 0.1, 0.0, 0.0, 0.0, 0.0]",4.36,Faulty
TCI_LPG_SECGAU50PER_AUTO80KM.png,toCheck_100010_02396s_TCI_LPG_SECGAU50PER_AUTO80KM.png,254449,Big,0.02,0.37,"[0.1, 0.0, -0.05, 0.37, 0.1, 0.0, 0.0, 0.0, 0.0]",0.0,OK
TCI_ICE_TripDist_20_KM.png,toCheck_100010_04473s_TCI_ICE_TripDist_20_KM.png,NA,NA,NA,0.37,"[0.1, 0.0, -0.05, 0.37, 0.1, 0.0, 0.0, 0.0, 0.0]",18.33,Faulty
TCI_LPG_TripDist_10_KM.png,toCheck_100011_02463s_TCI_LPG_TripDist_10_KM.png,NA,NA,NA,0.37,"[0.1, 0.0, -0.05, 0.37, 0.1, 0.0, 0.0, 0.0, 0.0]",18.33,Faulty
TCI_LPG_TripDist_5_KM.png,toCheck_100011_01323s_TCI_LPG_TripDist_5_KM.png,NA,NA,NA,0.37,"[0.1, 0.0, -0.05, 0.37, 0.1, 0.0, 0.0, 0.0, 0.0]",18.33,Faulty
TCI_LPG_TripDist_10_KM.png,toCheck_100011_02378s_TCI_LPG_TripDist_10_KM.png,NA,NA,NA,0.37,"[0.1, 0.0, -0.05, 0.37, 0.1, 0.0, 0.0, 0.0, 0.0]",18.33,Faulty
TCI_Fuel_SECGAU80PER_AUTO690KM.png,toCheck_100011_02421s_TCI_Fuel_SECGAU80PER_AUTO690KM.png,NA,NA,NA,0.37,"[0.1, 0.0, -0.05, 0.37, 0.1, 0.0, 0.0, 0.0, 0.0]",18.33,Faulty
TCI_LPG_TripDist_5_KM.png,toCheck_100012_03446s_TCI_LPG_TripDist_5_KM.png,NA,NA,NA,0.37,"[0.1, 0.0, -0.05, 0.37, 0.1, 0.0, 0.0, 0.0, 0.0]",18.33,Faulty
TCI_Fuel_SECGAU75PER_AUTO300KM.png,toCheck_100012_03488s_TCI_Fuel_SECGAU75PER_AUTO300KM.png,NA,NA,NA,0.37,"[0.1, 0.0, -0.05, 0.37, 0.1, 0.0, 0.0, 0.0, 0.0]",18.33,Faulty
TCI_Fuel_GAU80PER_AUTO330KM.png,toCheck_100012_02353s_TCI_Fuel_GAU80PER_AUTO330KM.png,NA,NA,NA,0.37,"[0.1, 0.0, -0.05, 0.37, 0.1, 0.0, 0.0, 0.0, 0.0]",4.36,Faulty
TCI_Fuel_SECGAU75PER_AUTO300KM.png,toCheck_100013_02473s_TCI_Fuel_SECGAU75PER_AUTO300KM.png,NA,NA,NA,0.37,"[0.1, 0.0, -0.05, 0.37, 0.1, 0.0, 0.0, 0.0, 0.0]",18.33,Faulty
TCI_LPG_TripDist_5_KM.png,toCheck_100013_03691s_TCI_LPG_TripDist_5_KM.png,NA,NA,NA,0.37,"[0.1, 0.0, -0.05, 0.37, 0.1, 0.0, 0.0, 0.0, 0.0]",18.33,Faulty
TCI_Fuel_SECGAU75PER_AUTO300KM.png,toCheck_100013_03853s_TCI_Fuel_SECGAU75PER_AUTO300KM.png,NA,NA,NA,0.37,"[0.1, 0.0, -0.05, 0.37, 0.1, 0.0, 0.0, 0.0, 0.0]",18.33,Faulty
TCI_Fuel_GAU80PER_AUTO330KM.png,toCheck_100013_02353s_TCI_Fuel_GAU80PER_AUTO330KM.png,NA,NA,NA,0.37,"[0.1, 0.0, -0.05, 0.37, 0.1, 0.0, 0.0, 0.0, 0.0]",4.36,Faulty
TAC_900_RPM.png,toCheck_100008_00449s_TAC_900_RPM.png,354105,Big,0.0,0.02,"[0.02, 0.0, 0.0, 0.02, 0.02, 0.0, 0.0, 0.0, 0.0]",0.0,OK
TAC_200_RPM.png,toCheck_100014_00266s_TAC_200_RPM.png,354105,Big,0.0,0.22,"[0.02, 0.0, 0.0, 0.0, 0.0, 0.0, 0.22, 0.0, 0.0]",0.0,OK
TAC_2000_RPM.png,toCheck_100014_00270s_TAC_2000_RPM.png,354105,Big,0.0,0.02,"[0.0, 0.0, 0.0, 0.02, -0.05, 0.0, 0.0, 0.0, 0.0]",0.0,OK
TLT_SERV_ON.png,toCheck_100000_00523s_TLT_SERV_ON.png,30736,Big,0.0,0.02,"[0.0, 0.0, 0.0, 0.0, 0.02, 0.0, 0.0, 0.0, 0.0, 0.0, 0.0, 0.0]",0.0,OK
TLT_SERV_ON.png,toCheck_100000_00191s_TLT_SERV_ON.png,30736,Big,0.0,0.02,"[0.0, 0.0, 0.0, 0.0, 0.02, 0.0, 0.0, 0.0, 0.0, 0.0, 0.0, 0.0]",0.0,OK
TLT_SERV_ON.png,toCheck_100000_00213s_TLT_SERV_ON.png,30736,Big,0.0,0.02,"[0.0, 0.0, 0.0, 0.0, 0.02, 0.0, 0.0, 0.0, 0.0, 0.0, 0.0, 0.0]",0.0,OK
TLT_SERV_ON.png,toCheck_100001_00558s_TLT_SERV_ON.png,30736,Big,0.0,0.02,"[0.0, 0.0, 0.0, 0.0, 0.02, 0.0, 0.0, 0.0, 0.0, 0.0, 0.0, 0.0]",0.0,OK
TLT_SERV_ON.png,toCheck_100001_00226s_TLT_SERV_ON.png,30736,Big,0.0,0.02,"[0.0, 0.0, 0.0, 0.0, 0.02, 0.0, 0.0, 0.0, 0.0, 0.0, 0.0, 0.0]",0.0,OK
TLT_SERV_ON.png,toCheck_100001_00248s_TLT_SERV_ON.png,30736,Big,0.0,0.02,"[0.0, 0.0, 0.0, 0.0, 0.02, 0.0, 0.0, 0.0, 0.0, 0.0, 0.0, 0.0]",0.0,OK
TLT_SERV_ON.png,toCheck_100002_00523s_TLT_SERV_ON.png,30736,Big,0.0,0.02,"[0.0, 0.0, 0.0, 0.0, 0.02, 0.0, 0.0, 0.0, 0.0, 0.0, 0.0, 0.0]",0.0,OK
TLT_SERV_ON.png,toCheck_100002_00191s_TLT_SERV_ON.png,30736,Big,0.0,0.02,"[0.0, 0.0, 0.0, 0.0, 0.02, 0.0, 0.0, 0.0, 0.0, 0.0, 0.0, 0.0]",0.0,OK
TLT_SERV_ON.png,toCheck_100002_00213s_TLT_SERV_ON.png,30736,Big,0.0,0.02,"[0.0, 0.0, 0.0, 0.0, 0.02, 0.0, 0.0, 0.0, 0.0, 0.0, 0.0, 0.0]",0.0,OK
TLT_SERV_ON.png,toCheck_100004_00558s_TLT_SERV_ON.png,30736,Big,0.0,0.02,"[0.0, 0.0, 0.0, 0.0, 0.02, 0.0, 0.0, 0.0, 0.0, 0.0, 0.0, 0.0]",0.0,OK
TLT_SERV_ON.png,toCheck_100004_00226s_TLT_SERV_ON.png,30736,Big,0.0,0.02,"[0.0, 0.0, 0.0, 0.0, 0.02, 0.0, 0.0, 0.0, 0.0, 0.0, 0.0, 0.0]",0.0,OK
TLT_SERV_ON.png,toCheck_100004_00248s_TLT_SERV_ON.png,30736,Big,0.0,0.02,"[0.0, 0.0, 0.0, 0.0, 0.02, 0.0, 0.0, 0.0, 0.0, 0.0, 0.0, 0.0]",0.0,OK
TLT_SERV_ON.png,toCheck_100005_00558s_TLT_SERV_ON.png,30736,Big,0.0,0.02,"[0.0, 0.0, 0.0, 0.0, 0.02, 0.0, 0.0, 0.0, 0.0, 0.0, 0.0, 0.0]",0.0,OK
TLT_SERV_ON.png,toCheck_100005_00226s_TLT_SERV_ON.png,30736,Big,0.0,0.02,"[0.0, 0.0, 0.0, 0.0, 0.02, 0.0, 0.0, 0.0, 0.0, 0.0, 0.0, 0.0]",0.0,OK
TLT_SERV_ON.png,toCheck_100005_00248s_TLT_SERV_ON.png,30736,Big,0.0,0.02,"[0.0, 0.0, 0.0, 0.0, 0.02, 0.0, 0.0, 0.0, 0.0, 0.0, 0.0, 0.0]",0.0,OK
TLT_SERV_ON.png,toCheck_100006_00558s_TLT_SERV_ON.png,30736,Big,0.0,0.02,"[0.0, 0.0, 0.0, 0.0, 0.02, 0.0, 0.0, 0.0, 0.0, 0.0, 0.0, 0.0]",0.0,OK
TLT_SERV_ON.png,toCheck_100006_00226s_TLT_SERV_ON.png,30736,Big,0.0,0.02,"[0.0, 0.0, 0.0, 0.0, 0.02, 0.0, 0.0, 0.0, 0.0, 0.0, 0.0, 0.0]",0.0,OK
TLT_SERV_ON.png,toCheck_100006_00248s_TLT_SERV_ON.png,30736,Big,0.0,0.02,"[0.0, 0.0, 0.0, 0.0, 0.02, 0.0, 0.0, 0.0, 0.0, 0.0, 0.0, 0.0]",0.0,OK
NO_ALERT.png,toCheck_100008_00666s_NO_ALERT.png,267388,Big,0.44,5.2,"[0.54, -0.05, 0.0, 5.2, 0.02, 2.42]",0.0,Investigate
NO_ALERT.png,toCheck_100008_00343s_NO_ALERT.png,267388,Big,10.4,8.3,"[1.22, 8.15, 2.88, 6.25, 8.3, 5.4]",0.0,NOK
BUZ_00_OFF.png,toCheck_100009_00386s_BUZ_00_OFF.png,38400,Big,3.61,2.71,"[0.05, 0.15, 0.05, 0.02, 0.07, 2.71, 0.37, 0.02, 0.05, 0.32, 0.12, 0.05]",0.0,NOK
BUZ_08_ON.png,toCheck_100009_00696s_BUZ_08_ON.png,38400,Big,3.59,4.3,"[0.0, 0.02, 0.02, 0.05, 0.02, 4.3, 0.76, 0.02, 0.05, 0.54, 0.15, 0.05]",0.0,NOK
NO_ALERT.png,toCheck_100009_00709s_NO_ALERT.png,267388,Big,0.44,5.2,"[0.54, -0.05, 0.0, 5.2, 0.02, 2.42]",0.0,Investigate
NO_ALERT.png,toCheck_100009_00386s_NO_ALERT.png,267388,Big,0.44,5.2,"[0.54, -0.05, 0.0, 5.2, 0.02, 2.42]",0.0,Investigate
TLT_SERV_ON.png,toCheck_100011_00523s_TLT_SERV_ON.png,30736,Big,0.0,0.02,"[0.0, 0.0, 0.0, 0.0, 0.02, 0.0, 0.0, 0.0, 0.0, 0.0, 0.0, 0.0]",0.0,OK
TLT_SERV_ON.png,toCheck_100011_00191s_TLT_SERV_ON.png,30736,Big,0.0,0.02,"[0.0, 0.0, 0.0, 0.0, 0.02, 0.0, 0.0, 0.0, 0.0, 0.0, 0.0, 0.0]",0.0,OK
TLT_SERV_ON.png,toCheck_100011_00213s_TLT_SERV_ON.png,30736,Big,0.0,0.02,"[0.0, 0.0, 0.0, 0.0, 0.02, 0.0, 0.0, 0.0, 0.0, 0.0, 0.0, 0.0]",0.0,OK
TLT_SERV_ON.png,toCheck_100012_00523s_TLT_SERV_ON.png,30736,Big,0.0,0.02,"[0.0, 0.0, 0.0, 0.0, 0.02, 0.0, 0.0, 0.0, 0.0, 0.0, 0.0, 0.0]",0.0,OK
TLT_SERV_ON.png,toCheck_100012_00191s_TLT_SERV_ON.png,30736,Big,0.0,0.02,"[0.0, 0.0, 0.0, 0.0, 0.02, 0.0, 0.0, 0.0, 0.0, 0.0, 0.0, 0.0]",0.0,OK
TLT_SERV_ON.png,toCheck_100012_00213s_TLT_SERV_ON.png,30736,Big,0.0,0.02,"[0.0, 0.0, 0.0, 0.0, 0.02, 0.0, 0.0, 0.0, 0.0, 0.0, 0.0, 0.0]",0.0,OK
TLT_SERV_OFF.png,toCheck_100014_00523s_TLT_SERV_OFF.png,30736,Big,0.02,3.54,"[0.0, -0.05, 0.02, 2.27, 0.02, 0.0, 0.0, 3.54, 0.0, 0.0, 0.0, 0.0]",0.0,Investigate
TLT_SERV_OFF.png,toCheck_100014_00191s_TLT_SERV_OFF.png,30736,Big,0.02,3.54,"[0.0, -0.05, 0.02, 2.27, 0.02, 0.0, 0.0, 3.54, 0.0, 0.0, 0.0, 0.0]",0.0,Investigate
TLT_SERV_OFF.png,toCheck_100014_00213s_TLT_SERV_OFF.png,30736,Big,0.02,3.54,"[0.0, -0.05, 0.02, 2.27, 0.02, 0.0, 0.0, 3.54, 0.0, 0.0, 0.0, 0.0]",0.0,Investigate
BUZ_00_OFF.png,toCheck_100015_00233s_BUZ_00_OFF.png,38400,Big,5.66,5.57,"[0.15, 0.51, 0.56, 0.22, 2.03, 5.57, 3.66, 0.02, 0.15, 1.9, 3.2, 0.66]",0.0,NOK
BUZ_00_OFF.png,toCheck_100016_00213s_BUZ_00_OFF.png,38400,Big,5.83,4.54,"[0.17, 0.66, 0.51, 0.24, 2.1, 4.54, 1.0, 0.1, 0.27, 1.95, 1.46, 0.83]",0.0,NOK
TLT_SERV_ON.png,toCheck_100019_00523s_TLT_SERV_ON.png,30736,Big,0.0,0.02,"[0.0, 0.0, 0.0, 0.0, 0.02, 0.0, 0.0, 0.0, 0.0, 0.0, 0.0, 0.0]",0.0,OK
TLT_SERV_ON.png,toCheck_100019_00191s_TLT_SERV_ON.png,30736,Big,0.0,0.02,"[0.0, 0.0, 0.0, 0.0, 0.02, 0.0, 0.0, 0.0, 0.0, 0.0, 0.0, 0.0]",0.0,OK
TLT_SERV_ON.png,toCheck_100019_00213s_TLT_SERV_ON.png,30736,Big,0.0,0.02,"[0.0, 0.0, 0.0, 0.0, 0.02, 0.0, 0.0, 0.0, 0.0, 0.0, 0.0, 0.0]",0.0,OK
TLT_SERV_ON.png,toCheck_100020_00555s_TLT_SERV_ON.png,30736,Big,0.0,0.02,"[0.0, 0.0, 0.0, 0.0, 0.02, 0.0, 0.0, 0.0, 0.0, 0.0, 0.0, 0.0]",0.0,OK
TLT_SERV_ON.png,toCheck_100020_00223s_TLT_SERV_ON.png,30736,Big,0.0,0.02,"[0.0, 0.0, 0.0, 0.0, 0.02, 0.0, 0.0, 0.0, 0.0, 0.0, 0.0, 0.0]",0.0,OK
TLT_SERV_ON.png,toCheck_100020_00245s_TLT_SERV_ON.png,30736,Big,0.0,0.02,"[0.0, 0.0, 0.0, 0.0, 0.02, 0.0, 0.0, 0.0, 0.0, 0.0, 0.0, 0.0]",0.0,OK
TLT_SERV_ON.png,toCheck_100021_00523s_TLT_SERV_ON.png,30736,Big,0.0,0.02,"[0.0, 0.0, 0.0, 0.0, 0.02, 0.0, 0.0, 0.0, 0.0, 0.0, 0.0, 0.0]",0.0,OK
TLT_SERV_ON.png,toCheck_100021_00191s_TLT_SERV_ON.png,30736,Big,0.0,0.02,"[0.0, 0.0, 0.0, 0.0, 0.02, 0.0, 0.0, 0.0, 0.0, 0.0, 0.0, 0.0]",0.0,OK
TLT_SERV_ON.png,toCheck_100021_00213s_TLT_SERV_ON.png,30736,Big,0.0,0.02,"[0.0, 0.0, 0.0, 0.0, 0.02, 0.0, 0.0, 0.0, 0.0, 0.0, 0.0, 0.0]",0.0,OK
TLT_SERV_ON.png,toCheck_100022_00523s_TLT_SERV_ON.png,30736,Big,0.0,0.02,"[0.0, 0.0, 0.0, 0.0, 0.02, 0.0, 0.0, 0.0, 0.0, 0.0, 0.0, 0.0]",0.0,OK
TLT_SERV_ON.png,toCheck_100022_00191s_TLT_SERV_ON.png,30736,Big,0.0,0.02,"[0.0, 0.0, 0.0, 0.0, 0.02, 0.0, 0.0, 0.0, 0.0, 0.0, 0.0, 0.0]",0.0,OK
TLT_SERV_ON.png,toCheck_100022_00213s_TLT_SERV_ON.png,30736,Big,0.0,0.02,"[0.0, 0.0, 0.0, 0.0, 0.02, 0.0, 0.0, 0.0, 0.0, 0.0, 0.0, 0.0]",0.0,OK
TLT_SERV_ON.png,toCheck_100023_00523s_TLT_SERV_ON.png,30736,Big,0.0,0.02,"[0.0, 0.0, 0.0, 0.0, 0.02, 0.0, 0.0, 0.0, 0.0, 0.0, 0.0, 0.0]",0.0,OK
TLT_SERV_ON.png,toCheck_100023_00191s_TLT_SERV_ON.png,30736,Big,0.0,0.02,"[0.0, 0.0, 0.0, 0.0, 0.02, 0.0, 0.0, 0.0, 0.0, 0.0, 0.0, 0.0]",0.0,OK
TLT_SERV_ON.png,toCheck_100023_00213s_TLT_SERV_ON.png,30736,Big,0.0,0.02,"[0.0, 0.0, 0.0, 0.0, 0.02, 0.0, 0.0, 0.0, 0.0, 0.0, 0.0, 0.0]",0.0,OK
TLT_SERV_ON.png,toCheck_100024_00523s_TLT_SERV_ON.png,30736,Big,0.0,0.02,"[0.0, 0.0, 0.0, 0.0, 0.02, 0.0, 0.0, 0.0, 0.0, 0.0, 0.0, 0.0]",0.0,OK
TLT_SERV_ON.png,toCheck_100024_00191s_TLT_SERV_ON.png,30736,Big,0.0,0.02,"[0.0, 0.0, 0.0, 0.0, 0.02, 0.0, 0.0, 0.0, 0.0, 0.0, 0.0, 0.0]",0.0,OK
TLT_SERV_ON.png,toCheck_100024_00213s_TLT_SERV_ON.png,30736,Big,0.0,0.02,"[0.0, 0.0, 0.0, 0.0, 0.02, 0.0, 0.0, 0.0, 0.0, 0.0, 0.0, 0.0]",0.0,OK
TLT_SERV_ON.png,toCheck_100027_00523s_TLT_SERV_ON.png,30736,Big,0.0,0.02,"[0.0, 0.0, 0.0, 0.0, 0.02, 0.0, 0.0, 0.0, 0.0, 0.0, 0.0, 0.0]",0.0,OK
TLT_SERV_ON.png,toCheck_100027_00191s_TLT_SERV_ON.png,30736,Big,0.0,0.02,"[0.0, 0.0, 0.0, 0.0, 0.02, 0.0, 0.0, 0.0, 0.0, 0.0, 0.0, 0.0]",0.0,OK
TLT_SERV_ON.png,toCheck_100027_00213s_TLT_SERV_ON.png,30736,Big,0.0,0.02,"[0.0, 0.0, 0.0, 0.0, 0.02, 0.0, 0.0, 0.0, 0.0, 0.0, 0.0, 0.0]",0.0,OK
TLT_SERV_ON.png,toCheck_100028_00523s_TLT_SERV_ON.png,30736,Big,0.0,0.02,"[0.0, 0.0, 0.0, 0.0, 0.02, 0.0, 0.0, 0.0, 0.0, 0.0, 0.0, 0.0]",0.0,OK
TLT_SERV_ON.png,toCheck_100028_00191s_TLT_SERV_ON.png,30736,Big,0.0,0.02,"[0.0, 0.0, 0.0, 0.0, 0.02, 0.0, 0.0, 0.0, 0.0, 0.0, 0.0, 0.0]",0.0,OK
TLT_SERV_ON.png,toCheck_100028_00213s_TLT_SERV_ON.png,30736,Big,0.0,0.02,"[0.0, 0.0, 0.0, 0.0, 0.02, 0.0, 0.0, 0.0, 0.0, 0.0, 0.0, 0.0]",0.0,OK
TLT_SERV_ON.png,toCheck_100029_00523s_TLT_SERV_ON.png,30736,Big,0.0,0.02,"[0.0, 0.0, 0.0, 0.0, 0.02, 0.0, 0.0, 0.0, 0.0, 0.0, 0.0, 0.0]",0.0,OK
TLT_SERV_ON.png,toCheck_100029_00191s_TLT_SERV_ON.png,30736,Big,0.0,0.02,"[0.0, 0.0, 0.0, 0.0, 0.02, 0.0, 0.0, 0.0, 0.0, 0.0, 0.0, 0.0]",0.0,OK
TLT_SERV_ON.png,toCheck_100029_00213s_TLT_SERV_ON.png,30736,Big,0.0,0.02,"[0.0, 0.0, 0.0, 0.0, 0.02, 0.0, 0.0, 0.0, 0.0, 0.0, 0.0, 0.0]",0.0,OK
BUZ_00_OFF.png,toCheck_100038_00213s_BUZ_00_OFF.png,38400,Big,4.3,5.32,"[0.05, 0.46, 0.05, 0.1, 0.02, 5.32, 1.15, 0.07, 0.05, 2.08, 0.37, 0.24]",0.0,NOK
BUZ_00_OFF.png,toCheck_100039_00213s_BUZ_00_OFF.png,38400,Big,4.3,5.32,"[0.05, 0.46, 0.05, 0.1, 0.02, 5.32, 1.15, 0.07, 0.05, 2.08, 0.37, 0.24]",0.0,NOK
TLT_SERV_ON.png,toCheck_100043_00523s_TLT_SERV_ON.png,30736,Big,0.0,0.02,"[0.0, 0.0, 0.0, 0.0, 0.02, 0.0, 0.0, 0.0, 0.0, 0.0, 0.0, 0.0]",0.0,OK
TLT_SERV_ON.png,toCheck_100043_00191s_TLT_SERV_ON.png,30736,Big,0.0,0.02,"[0.0, 0.0, 0.0, 0.0, 0.02, 0.0, 0.0, 0.0, 0.0, 0.0, 0.0, 0.0]",0.0,OK
TLT_SERV_ON.png,toCheck_100043_00213s_TLT_SERV_ON.png,30736,Big,0.0,0.02,"[0.0, 0.0, 0.0, 0.0, 0.02, 0.0, 0.0, 0.0, 0.0, 0.0, 0.0, 0.0]",0.0,OK
TLT_SERV_ON.png,toCheck_100044_00523s_TLT_SERV_ON.png,30736,Big,0.0,0.93,"[0.0, 0.0, 0.0, 0.56, 0.02, 0.0, 0.0, 0.93, 0.0, 0.0, 0.0, 0.0]",0.0,OK
TLT_SERV_ON.png,toCheck_100044_00191s_TLT_SERV_ON.png,30736,Big,0.0,0.02,"[0.0, 0.0, 0.0, 0.0, 0.02, 0.0, 0.0, 0.0, 0.0, 0.0, 0.0, 0.0]",0.0,OK
TLT_SERV_ON.png,toCheck_100044_00213s_TLT_SERV_ON.png,30736,Big,0.0,0.02,"[0.0, 0.0, 0.0, 0.0, 0.02, 0.0, 0.0, 0.0, 0.0, 0.0, 0.0, 0.0]",0.0,OK
TLT_SERV_OFF.png,toCheck_100045_00523s_TLT_SERV_OFF.png,30736,Big,0.02,4.35,"[0.0, -0.05, 0.02, 1.42, 0.02, 0.0, 0.0, 4.35, 0.0, 0.0, 0.0, 0.0]",0.0,Investigate
TLT_SERV_OFF.png,toCheck_100045_00191s_TLT_SERV_OFF.png,30736,Big,0.02,4.35,"[0.0, -0.05, 0.02, 1.42, 0.02, 0.0, 0.0, 4.35, 0.0, 0.0, 0.0, 0.0]",0.0,Investigate
TLT_SERV_OFF.png,toCheck_100045_00213s_TLT_SERV_OFF.png,30736,Big,0.02,4.35,"[0.0, -0.05, 0.02, 1.42, 0.02, 0.0, 0.0, 4.35, 0.0, 0.0, 0.0, 0.0]",0.0,Investigate
TLT_SERV_ON.png,toCheck_100048_00523s_TLT_SERV_ON.png,30736,Big,0.0,0.17,"[0.0, 0.0, 0.0, 0.0, 0.02, 0.0, 0.0, 0.17, 0.0, 0.0, 0.0, 0.0]",0.0,OK
TLT_SERV_ON.png,toCheck_100048_00191s_TLT_SERV_ON.png,30736,Big,0.0,0.17,"[0.0, 0.0, 0.0, 0.0, 0.02, 0.0, 0.0, 0.17, 0.0, 0.0, 0.0, 0.0]",0.0,OK
TLT_SERV_ON.png,toCheck_100048_00213s_TLT_SERV_ON.png,30736,Big,0.0,0.17,"[0.0, 0.0, 0.0, 0.0, 0.02, 0.0, 0.0, 0.17, 0.0, 0.0, 0.0, 0.0]",0.0,OK
TLT_SERV_ON.png,toCheck_100051_00555s_TLT_SERV_ON.png,30736,Big,0.0,0.02,"[0.0, 0.0, 0.0, 0.0, 0.02, 0.0, 0.0, 0.0, 0.0, 0.0, 0.0, 0.0]",0.0,OK
TLT_SERV_ON.png,toCheck_100051_00223s_TLT_SERV_ON.png,30736,Big,0.0,0.02,"[0.0, 0.0, 0.0, 0.0, 0.02, 0.0, 0.0, 0.0, 0.0, 0.0, 0.0, 0.0]",0.0,OK
TLT_SERV_ON.png,toCheck_100051_00245s_TLT_SERV_ON.png,30736,Big,0.0,0.02,"[0.0, 0.0, 0.0, 0.0, 0.02, 0.0, 0.0, 0.0, 0.0, 0.0, 0.0, 0.0]",0.0,OK
TLT_SERV_ON.png,toCheck_100052_00523s_TLT_SERV_ON.png,30736,Big,0.0,0.02,"[0.0, 0.0, 0.0, 0.0, 0.02, 0.0, 0.0, 0.0, 0.0, 0.0, 0.0, 0.0]",0.0,OK
TLT_SERV_ON.png,toCheck_100052_00191s_TLT_SERV_ON.png,30736,Big,0.0,0.02,"[0.0, 0.0, 0.0, 0.0, 0.02, 0.0, 0.0, 0.0, 0.0, 0.0, 0.0, 0.0]",0.0,OK
TLT_SERV_ON.png,toCheck_100052_00213s_TLT_SERV_ON.png,30736,Big,0.0,0.02,"[0.0, 0.0, 0.0, 0.0, 0.02, 0.0, 0.0, 0.0, 0.0, 0.0, 0.0, 0.0]",0.0,OK
TLT_SERV_ON.png,toCheck_100055_00523s_TLT_SERV_ON.png,30736,Big,0.0,0.02,"[0.0, 0.0, 0.0, 0.0, 0.02, 0.0, 0.0, 0.0, 0.0, 0.0, 0.0, 0.0]",0.0,OK
TLT_SERV_ON.png,toCheck_100055_00191s_TLT_SERV_ON.png,30736,Big,0.0,0.02,"[0.0, 0.0, 0.0, 0.0, 0.02, 0.0, 0.0, 0.0, 0.0, 0.0, 0.0, 0.0]",0.0,OK
TLT_SERV_ON.png,toCheck_100055_00213s_TLT_SERV_ON.png,30736,Big,0.0,0.02,"[0.0, 0.0, 0.0, 0.0, 0.02, 0.0, 0.0, 0.0, 0.0, 0.0, 0.0, 0.0]",0.0,OK
NO_ALERT.png,toCheck_100057_00681s_NO_ALERT.png,267388,Big,9.64,9.25,"[2.44, 9.25, 2.88, 1.42, 9.03, 1.54]",0.0,NOK
NO_ALERT.png,toCheck_100057_00288s_NO_ALERT.png,267388,Big,9.64,9.25,"[2.44, 9.25, 2.88, 1.42, 9.03, 1.54]",0.0,NOK
NO_ALERT.png,toCheck_100059_01223s_NO_ALERT.png,267388,Big,0.0,1.22,"[0.02, -0.05, 1.22, 0.0, 0.02, 0.0]",0.0,OK
NO_ALERT.png,toCheck_100059_00913s_NO_ALERT.png,267388,Big,0.0,1.22,"[0.02, -0.05, 1.22, 0.0, 0.02, 0.0]",0.0,OK
TLT_SERV_ON.png,toCheck_100060_00523s_TLT_SERV_ON.png,30736,Big,0.0,0.02,"[0.0, 0.0, 0.0, 0.0, 0.02, 0.0, 0.0, 0.0, 0.0, 0.0, 0.0, 0.0]",0.0,OK
TLT_SERV_ON.png,toCheck_100060_00191s_TLT_SERV_ON.png,30736,Big,0.0,0.02,"[0.0, 0.0, 0.0, 0.0, 0.02, 0.0, 0.0, 0.0, 0.0, 0.0, 0.0, 0.0]",0.0,OK
TLT_SERV_ON.png,toCheck_100060_00213s_TLT_SERV_ON.png,30736,Big,0.0,0.02,"[0.0, 0.0, 0.0, 0.0, 0.02, 0.0, 0.0, 0.0, 0.0, 0.0, 0.0, 0.0]",0.0,OK
TLT_SERV_ON.png,toCheck_100062_00523s_TLT_SERV_ON.png,30736,Big,0.0,1.29,"[0.0, 0.0, 0.0, 1.29, 0.02, 0.0, 0.0, 1.0, 0.0, 0.0, 0.0, 0.0]",0.0,OK
TLT_SERV_ON.png,toCheck_100062_00191s_TLT_SERV_ON.png,30736,Big,0.0,1.29,"[0.0, 0.0, 0.0, 1.29, 0.02, 0.0, 0.0, 1.0, 0.0, 0.0, 0.0, 0.0]",0.0,OK
TLT_SERV_ON.png,toCheck_100062_00213s_TLT_SERV_ON.png,30736,Big,0.0,1.29,"[0.0, 0.0, 0.0, 1.29, 0.02, 0.0, 0.0, 1.0, 0.0, 0.0, 0.0, 0.0]",0.0,OK
TLT_SERV_ON.png,toCheck_100063_00523s_TLT_SERV_ON.png,30736,Big,0.0,0.02,"[0.0, 0.0, 0.0, 0.0, 0.02, 0.0, 0.0, 0.0, 0.0, 0.0, 0.0, 0.0]",0.0,OK
TLT_SERV_ON.png,toCheck_100063_00191s_TLT_SERV_ON.png,30736,Big,0.0,0.02,"[0.0, 0.0, 0.0, 0.0, 0.02, 0.0, 0.0, 0.0, 0.0, 0.0, 0.0, 0.0]",0.0,OK
TLT_SERV_ON.png,toCheck_100063_00213s_TLT_SERV_ON.png,30736,Big,0.0,0.02,"[0.0, 0.0, 0.0, 0.0, 0.02, 0.0, 0.0, 0.0, 0.0, 0.0, 0.0, 0.0]",0.0,OK
TLT_SERV_ON.png,toCheck_100064_00523s_TLT_SERV_ON.png,30736,Big,0.0,0.02,"[0.0, 0.0, 0.0, 0.0, 0.02, 0.0, 0.0, 0.0, 0.0, 0.0, 0.0, 0.0]",0.0,OK
TLT_SERV_ON.png,toCheck_100064_00191s_TLT_SERV_ON.png,30736,Big,0.0,0.02,"[0.0, 0.0, 0.0, 0.0, 0.02, 0.0, 0.0, 0.0, 0.0, 0.0, 0.0, 0.0]",0.0,OK
TLT_SERV_ON.png,toCheck_100064_00213s_TLT_SERV_ON.png,30736,Big,0.0,0.02,"[0.0, 0.0, 0.0, 0.0, 0.02, 0.0, 0.0, 0.0, 0.0, 0.0, 0.0, 0.0]",0.0,OK
BUZ_00_OFF.png,toCheck_100066_00213s_BUZ_00_OFF.png,38400,Big,3.22,2.39,"[0.02, 0.1, 0.05, 0.05, 0.05, 2.39, 0.27, 0.05, 0.05, 0.42, 0.22, 0.12]",0.0,NOK
TLT_SERV_ON.png,toCheck_100067_00523s_TLT_SERV_ON.png,30736,Big,0.0,0.02,"[0.0, 0.0, 0.0, 0.0, 0.02, 0.0, 0.0, 0.0, 0.0, 0.0, 0.0, 0.0]",0.0,OK
TLT_SERV_ON.png,toCheck_100067_00191s_TLT_SERV_ON.png,30736,Big,0.0,0.02,"[0.0, 0.0, 0.0, 0.0, 0.02, 0.0, 0.0, 0.0, 0.0, 0.0, 0.0, 0.0]",0.0,OK
TLT_SERV_ON.png,toCheck_100067_00213s_TLT_SERV_ON.png,30736,Big,0.0,0.02,"[0.0, 0.0, 0.0, 0.0, 0.02, 0.0, 0.0, 0.0, 0.0, 0.0, 0.0, 0.0]",0.0,OK
TLT_SERV_ON.png,toCheck_100068_00523s_TLT_SERV_ON.png,30736,Big,0.0,0.02,"[0.0, 0.0, 0.0, 0.0, 0.02, 0.0, 0.0, 0.0, 0.0, 0.0, 0.0, 0.0]",0.0,OK
TLT_SERV_ON.png,toCheck_100068_00191s_TLT_SERV_ON.png,30736,Big,0.0,0.02,"[0.0, 0.0, 0.0, 0.0, 0.02, 0.0, 0.0, 0.0, 0.0, 0.0, 0.0, 0.0]",0.0,OK
TLT_SERV_ON.png,toCheck_100068_00213s_TLT_SERV_ON.png,30736,Big,0.0,0.02,"[0.0, 0.0, 0.0, 0.0, 0.02, 0.0, 0.0, 0.0, 0.0, 0.0, 0.0, 0.0]",0.0,OK
TLT_SERV_ON.png,toCheck_100069_00558s_TLT_SERV_ON.png,30736,Big,0.0,0.02,"[0.0, 0.0, 0.0, 0.0, 0.02, 0.0, 0.0, 0.0, 0.0, 0.0, 0.0, 0.0]",0.0,OK
TLT_SERV_ON.png,toCheck_100069_00226s_TLT_SERV_ON.png,30736,Big,0.0,0.02,"[0.0, 0.0, 0.0, 0.0, 0.02, 0.0, 0.0, 0.0, 0.0, 0.0, 0.0, 0.0]",0.0,OK
TLT_SERV_ON.png,toCheck_100069_00248s_TLT_SERV_ON.png,30736,Big,0.0,0.02,"[0.0, 0.0, 0.0, 0.0, 0.02, 0.0, 0.0, 0.0, 0.0, 0.0, 0.0, 0.0]",0.0,OK
TLT_TPW_OFF.png,toCheck_100070_00368s_TLT_TPW_OFF.png,19456,Big,6.59,7.25,"[3.05, 3.39, 5.44, 7.25, 0.0, 0.0]",0.0,Investigate
TLT_TPW_ON.png,toCheck_100070_00371s_TLT_TPW_ON.png,19456,Big,6.59,7.25,"[3.05, 3.39, 5.44, 7.25, 0.0, 0.0]",0.0,Investigate
TLT_TPW_OFF.png,toCheck_100070_00373s_TLT_TPW_OFF.png,19456,Big,6.59,7.25,"[3.05, 3.39, 5.44, 7.25, 0.0, 0.0]",0.0,Investigate
TLT_TPW_ON.png,toCheck_100070_00376s_TLT_TPW_ON.png,19456,Big,6.59,7.25,"[3.05, 3.39, 5.44, 7.25, 0.0, 0.0]",0.0,Investigate
TLT_SERV_ON.png,toCheck_100070_00378s_TLT_SERV_ON.png,30736,Big,0.0,0.24,"[0.0, 0.0, 0.0, 0.24, 0.02, 0.0, 0.0, 0.24, 0.0, 0.0, 0.0, 0.0]",0.0,OK
TLT_TPW_OFF.png,toCheck_100070_00688s_TLT_TPW_OFF.png,19456,Big,6.59,7.25,"[3.05, 3.39, 5.44, 7.25, 0.0, 0.0]",0.0,Investigate
TLT_TPW_ON.png,toCheck_100070_00691s_TLT_TPW_ON.png,19456,Big,6.59,7.25,"[3.05, 3.39, 5.44, 7.25, 0.0, 0.0]",0.0,Investigate
TLT_TPW_OFF.png,toCheck_100070_00693s_TLT_TPW_OFF.png,19456,Big,6.59,7.25,"[3.05, 3.39, 5.44, 7.25, 0.0, 0.0]",0.0,Investigate
TLT_TPW_ON.png,toCheck_100070_00696s_TLT_TPW_ON.png,19456,Big,6.59,7.25,"[3.05, 3.39, 5.44, 7.25, 0.0, 0.0]",0.0,Investigate
TLT_SERV_ON.png,toCheck_100070_00698s_TLT_SERV_ON.png,30736,Big,0.0,0.24,"[0.0, 0.0, 0.0, 0.24, 0.02, 0.0, 0.0, 0.24, 0.0, 0.0, 0.0, 0.0]",0.0,OK
TLT_SERV_ON.png,toCheck_100070_00346s_TLT_SERV_ON.png,30736,Big,0.0,0.02,"[0.0, 0.0, 0.0, 0.0, 0.02, 0.0, 0.0, 0.0, 0.0, 0.0, 0.0, 0.0]",0.0,OK
TLT_TPW_OFF.png,toCheck_100071_00223s_TLT_TPW_OFF.png,19456,Big,6.59,7.25,"[3.05, 3.39, 5.44, 7.25, 0.0, 0.0]",0.0,Investigate
TLT_TPW_ON.png,toCheck_100071_00226s_TLT_TPW_ON.png,19456,Big,6.59,7.25,"[3.05, 3.39, 5.44, 7.25, 0.0, 0.0]",0.0,Investigate
TLT_TPW_OFF.png,toCheck_100071_00228s_TLT_TPW_OFF.png,19456,Big,6.59,7.25,"[3.05, 3.39, 5.44, 7.25, 0.0, 0.0]",0.0,Investigate
TLT_TPW_ON.png,toCheck_100071_00231s_TLT_TPW_ON.png,19456,Big,6.59,7.25,"[3.05, 3.39, 5.44, 7.25, 0.0, 0.0]",0.0,Investigate
TLT_SERV_ON.png,toCheck_100071_00233s_TLT_SERV_ON.png,30736,Big,0.0,0.24,"[0.0, 0.0, 0.0, 0.24, 0.02, 0.0, 0.0, 0.24, 0.0, 0.0, 0.0, 0.0]",0.0,OK
TLT_TPW_OFF.png,toCheck_100071_00543s_TLT_TPW_OFF.png,19456,Big,6.59,7.25,"[3.05, 3.39, 5.44, 7.25, 0.0, 0.0]",0.0,Investigate
TLT_TPW_ON.png,toCheck_100071_00546s_TLT_TPW_ON.png,19456,Big,6.59,7.25,"[3.05, 3.39, 5.44, 7.25, 0.0, 0.0]",0.0,Investigate
TLT_TPW_OFF.png,toCheck_100071_00548s_TLT_TPW_OFF.png,19456,Big,6.59,7.25,"[3.05, 3.39, 5.44, 7.25, 0.0, 0.0]",0.0,Investigate
TLT_TPW_ON.png,toCheck_100071_00551s_TLT_TPW_ON.png,19456,Big,6.59,7.25,"[3.05, 3.39, 5.44, 7.25, 0.0, 0.0]",0.0,Investigate
TLT_SERV_ON.png,toCheck_100071_00553s_TLT_SERV_ON.png,30736,Big,0.0,0.24,"[0.0, 0.0, 0.0, 0.24, 0.02, 0.0, 0.0, 0.24, 0.0, 0.0, 0.0, 0.0]",0.0,OK
TLT_SERV_ON.png,toCheck_100071_00201s_TLT_SERV_ON.png,30736,Big,0.0,0.02,"[0.0, 0.0, 0.0, 0.0, 0.02, 0.0, 0.0, 0.0, 0.0, 0.0, 0.0, 0.0]",0.0,OK
TLT_SERV_OFF.png,toCheck_100072_00523s_TLT_SERV_OFF.png,30736,Big,0.02,3.81,"[0.0, -0.05, 0.02, 1.2, 0.02, 0.0, 0.0, 3.81, 0.0, 0.0, 0.0, 0.0]",0.0,Investigate
TLT_SERV_OFF.png,toCheck_100072_00191s_TLT_SERV_OFF.png,30736,Big,0.02,3.81,"[0.0, -0.05, 0.02, 1.2, 0.02, 0.0, 0.0, 3.81, 0.0, 0.0, 0.0, 0.0]",0.0,Investigate
TLT_SERV_OFF.png,toCheck_100072_00213s_TLT_SERV_OFF.png,30736,Big,0.02,3.81,"[0.0, -0.05, 0.02, 1.2, 0.02, 0.0, 0.0, 3.81, 0.0, 0.0, 0.0, 0.0]",0.0,Investigate
TLT_SERV_OFF.png,toCheck_100073_00523s_TLT_SERV_OFF.png,30736,Big,0.02,3.81,"[0.0, -0.05, 0.02, 1.2, 0.02, 0.0, 0.0, 3.81, 0.0, 0.0, 0.0, 0.0]",0.0,Investigate
TLT_SERV_OFF.png,toCheck_100073_00191s_TLT_SERV_OFF.png,30736,Big,0.02,3.81,"[0.0, -0.05, 0.02, 1.2, 0.02, 0.0, 0.0, 3.81, 0.0, 0.0, 0.0, 0.0]",0.0,Investigate
TLT_SERV_OFF.png,toCheck_100073_00213s_TLT_SERV_OFF.png,30736,Big,0.02,3.81,"[0.0, -0.05, 0.02, 1.2, 0.02, 0.0, 0.0, 3.81, 0.0, 0.0, 0.0, 0.0]",0.0,Investigate
TLT_TPW_OFF.png,toCheck_100074_00223s_TLT_TPW_OFF.png,19456,Big,6.59,7.25,"[3.05, 3.39, 5.44, 7.25, 0.0, 0.0]",0.0,Investigate
TLT_TPW_ON.png,toCheck_100074_00226s_TLT_TPW_ON.png,19456,Big,6.59,7.25,"[3.05, 3.39, 5.44, 7.25, 0.0, 0.0]",0.0,Investigate
TLT_TPW_OFF.png,toCheck_100074_00228s_TLT_TPW_OFF.png,19456,Big,6.59,7.25,"[3.05, 3.39, 5.44, 7.25, 0.0, 0.0]",0.0,Investigate
TLT_TPW_ON.png,toCheck_100074_00231s_TLT_TPW_ON.png,19456,Big,6.59,7.25,"[3.05, 3.39, 5.44, 7.25, 0.0, 0.0]",0.0,Investigate
TLT_SERV_ON.png,toCheck_100074_00233s_TLT_SERV_ON.png,30736,Big,0.0,0.24,"[0.0, 0.0, 0.0, 0.24, 0.02, 0.0, 0.0, 0.24, 0.0, 0.0, 0.0, 0.0]",0.0,OK
TLT_TPW_OFF.png,toCheck_100074_00543s_TLT_TPW_OFF.png,19456,Big,6.59,7.25,"[3.05, 3.39, 5.44, 7.25, 0.0, 0.0]",0.0,Investigate
TLT_TPW_ON.png,toCheck_100074_00546s_TLT_TPW_ON.png,19456,Big,6.59,7.25,"[3.05, 3.39, 5.44, 7.25, 0.0, 0.0]",0.0,Investigate
TLT_TPW_OFF.png,toCheck_100074_00548s_TLT_TPW_OFF.png,19456,Big,6.59,7.25,"[3.05, 3.39, 5.44, 7.25, 0.0, 0.0]",0.0,Investigate
TLT_TPW_ON.png,toCheck_100074_00551s_TLT_TPW_ON.png,19456,Big,6.59,7.25,"[3.05, 3.39, 5.44, 7.25, 0.0, 0.0]",0.0,Investigate
TLT_SERV_ON.png,toCheck_100074_00553s_TLT_SERV_ON.png,30736,Big,0.0,0.24,"[0.0, 0.0, 0.0, 0.24, 0.02, 0.0, 0.0, 0.24, 0.0, 0.0, 0.0, 0.0]",0.0,OK
TLT_SERV_ON.png,toCheck_100074_00201s_TLT_SERV_ON.png,30736,Big,0.0,0.02,"[0.0, 0.0, 0.0, 0.0, 0.02, 0.0, 0.0, 0.0, 0.0, 0.0, 0.0, 0.0]",0.0,OK
TLT_TPW_OFF.png,toCheck_100075_00223s_TLT_TPW_OFF.png,19456,Big,6.59,7.25,"[3.05, 3.39, 5.44, 7.25, 0.0, 0.0]",0.0,Investigate
TLT_TPW_ON.png,toCheck_100075_00226s_TLT_TPW_ON.png,19456,Big,6.59,7.25,"[3.05, 3.39, 5.44, 7.25, 0.0, 0.0]",0.0,Investigate
TLT_TPW_OFF.png,toCheck_100075_00228s_TLT_TPW_OFF.png,19456,Big,6.59,7.25,"[3.05, 3.39, 5.44, 7.25, 0.0, 0.0]",0.0,Investigate
TLT_TPW_ON.png,toCheck_100075_00231s_TLT_TPW_ON.png,19456,Big,6.59,7.25,"[3.05, 3.39, 5.44, 7.25, 0.0, 0.0]",0.0,Investigate
TLT_SERV_OFF.png,toCheck_100075_00233s_TLT_SERV_OFF.png,30736,Big,0.02,3.81,"[0.0, -0.05, 0.02, 1.2, 0.02, 0.0, 0.0, 3.81, 0.0, 0.0, 0.0, 0.0]",0.0,Investigate
TLT_TPW_OFF.png,toCheck_100075_00543s_TLT_TPW_OFF.png,19456,Big,6.59,7.25,"[3.05, 3.39, 5.44, 7.25, 0.0, 0.0]",0.0,Investigate
TLT_TPW_ON.png,toCheck_100075_00546s_TLT_TPW_ON.png,19456,Big,6.59,7.25,"[3.05, 3.39, 5.44, 7.25, 0.0, 0.0]",0.0,Investigate
TLT_TPW_OFF.png,toCheck_100075_00548s_TLT_TPW_OFF.png,19456,Big,6.59,7.25,"[3.05, 3.39, 5.44, 7.25, 0.0, 0.0]",0.0,Investigate
TLT_TPW_ON.png,toCheck_100075_00551s_TLT_TPW_ON.png,19456,Big,6.59,7.25,"[3.05, 3.39, 5.44, 7.25, 0.0, 0.0]",0.0,Investigate
TLT_SERV_OFF.png,toCheck_100075_00553s_TLT_SERV_OFF.png,30736,Big,0.02,3.81,"[0.0, -0.05, 0.02, 1.2, 0.02, 0.0, 0.0, 3.81, 0.0, 0.0, 0.0, 0.0]",0.0,Investigate
TLT_SERV_ON.png,toCheck_100078_00523s_TLT_SERV_ON.png,30736,Big,0.0,0.02,"[0.0, 0.0, 0.0, 0.0, 0.02, 0.0, 0.0, 0.0, 0.0, 0.0, 0.0, 0.0]",0.0,OK
TLT_SERV_ON.png,toCheck_100078_00191s_TLT_SERV_ON.png,30736,Big,0.0,0.02,"[0.0, 0.0, 0.0, 0.0, 0.02, 0.0, 0.0, 0.0, 0.0, 0.0, 0.0, 0.0]",0.0,OK
TLT_SERV_ON.png,toCheck_100078_00213s_TLT_SERV_ON.png,30736,Big,0.0,0.02,"[0.0, 0.0, 0.0, 0.0, 0.02, 0.0, 0.0, 0.0, 0.0, 0.0, 0.0, 0.0]",0.0,OK
BUZ_00_OFF.png,toCheck_100079_00213s_BUZ_00_OFF.png,38400,Big,5.83,4.54,"[0.17, 0.66, 0.51, 0.24, 2.1, 4.54, 1.0, 0.1, 0.27, 1.95, 1.46, 0.83]",0.0,NOK
TLT_SERV_ON.png,toCheck_100080_00523s_TLT_SERV_ON.png,30736,Big,0.0,0.02,"[0.0, 0.0, 0.0, 0.0, 0.02, 0.0, 0.0, 0.0, 0.0, 0.0, 0.0, 0.0]",0.0,OK
TLT_SERV_ON.png,toCheck_100080_00191s_TLT_SERV_ON.png,30736,Big,0.0,0.02,"[0.0, 0.0, 0.0, 0.0, 0.02, 0.0, 0.0, 0.0, 0.0, 0.0, 0.0, 0.0]",0.0,OK
TLT_SERV_ON.png,toCheck_100080_00213s_TLT_SERV_ON.png,30736,Big,0.0,0.02,"[0.0, 0.0, 0.0, 0.0, 0.02, 0.0, 0.0, 0.0, 0.0, 0.0, 0.0, 0.0]",0.0,OK
TLT_LBEAM_OFF.png,toCheck_100081_00223s_TLT_LBEAM_OFF.png,13800,Big,8.25,8.06,"[7.67, 6.59, 0.0, 8.06, 7.52, 0.0]",0.0,NOK
TLT_LBEAM_ON.png,toCheck_100081_00226s_TLT_LBEAM_ON.png,13800,Big,8.25,8.06,"[7.67, 6.59, 0.0, 8.06, 7.52, 0.0]",0.0,NOK
TLT_LBEAM_OFF.png,toCheck_100081_00228s_TLT_LBEAM_OFF.png,13800,Big,8.25,8.06,"[7.67, 6.59, 0.0, 8.06, 7.52, 0.0]",0.0,NOK
TLT_LBEAM_ON.png,toCheck_100081_00231s_TLT_LBEAM_ON.png,13800,Big,8.25,8.06,"[7.67, 6.59, 0.0, 8.06, 7.52, 0.0]",0.0,NOK
TLT_LBEAM_OFF.png,toCheck_100081_00543s_TLT_LBEAM_OFF.png,13800,Big,8.25,8.06,"[7.67, 6.59, 0.0, 8.06, 7.52, 0.0]",0.0,NOK
TLT_LBEAM_ON.png,toCheck_100081_00546s_TLT_LBEAM_ON.png,13800,Big,8.25,8.06,"[7.67, 6.59, 0.0, 8.06, 7.52, 0.0]",0.0,NOK
TLT_LBEAM_OFF.png,toCheck_100081_00548s_TLT_LBEAM_OFF.png,13800,Big,8.25,8.06,"[7.67, 6.59, 0.0, 8.06, 7.52, 0.0]",0.0,NOK
TLT_LBEAM_ON.png,toCheck_100081_00551s_TLT_LBEAM_ON.png,13800,Big,8.25,8.06,"[7.67, 6.59, 0.0, 8.06, 7.52, 0.0]",0.0,NOK
TLT_LBEAM_OFF.png,toCheck_100082_00258s_TLT_LBEAM_OFF.png,13800,Big,8.25,8.06,"[7.67, 6.59, 0.0, 8.06, 7.52, 0.0]",0.0,NOK
TLT_LBEAM_ON.png,toCheck_100082_00261s_TLT_LBEAM_ON.png,13800,Big,8.25,8.06,"[7.67, 6.59, 0.0, 8.06, 7.52, 0.0]",0.0,NOK
TLT_LBEAM_OFF.png,toCheck_100082_00263s_TLT_LBEAM_OFF.png,13800,Big,8.25,8.06,"[7.67, 6.59, 0.0, 8.06, 7.52, 0.0]",0.0,NOK
TLT_LBEAM_ON.png,toCheck_100082_00266s_TLT_LBEAM_ON.png,13800,Big,8.25,8.06,"[7.67, 6.59, 0.0, 8.06, 7.52, 0.0]",0.0,NOK
TLT_LBEAM_OFF.png,toCheck_100082_00578s_TLT_LBEAM_OFF.png,13800,Big,8.25,8.06,"[7.67, 6.59, 0.0, 8.06, 7.52, 0.0]",0.0,NOK
TLT_LBEAM_ON.png,toCheck_100082_00581s_TLT_LBEAM_ON.png,13800,Big,8.25,8.06,"[7.67, 6.59, 0.0, 8.06, 7.52, 0.0]",0.0,NOK
TLT_LBEAM_OFF.png,toCheck_100082_00583s_TLT_LBEAM_OFF.png,13800,Big,8.25,8.06,"[7.67, 6.59, 0.0, 8.06, 7.52, 0.0]",0.0,NOK
TLT_LBEAM_ON.png,toCheck_100082_00586s_TLT_LBEAM_ON.png,13800,Big,8.25,8.06,"[7.67, 6.59, 0.0, 8.06, 7.52, 0.0]",0.0,NOK
TLT_SERV_OFF.png,toCheck_100083_00523s_TLT_SERV_OFF.png,30736,Big,0.02,3.86,"[0.0, -0.05, 0.02, 2.08, 0.02, 0.0, 0.0, 3.86, 0.0, 0.0, 0.0, 0.0]",0.0,Investigate
TLT_SERV_OFF.png,toCheck_100083_00191s_TLT_SERV_OFF.png,30736,Big,0.02,3.86,"[0.0, -0.05, 0.02, 2.08, 0.02, 0.0, 0.0, 3.86, 0.0, 0.0, 0.0, 0.0]",0.0,Investigate
TLT_SERV_OFF.png,toCheck_100083_00213s_TLT_SERV_OFF.png,30736,Big,0.02,3.86,"[0.0, -0.05, 0.02, 2.08, 0.02, 0.0, 0.0, 3.86, 0.0, 0.0, 0.0, 0.0]",0.0,Investigate
TLT_LBEAM_OFF.png,toCheck_100085_00223s_TLT_LBEAM_OFF.png,13800,Big,8.25,8.06,"[7.67, 6.59, 0.0, 8.06, 7.52, 0.0]",0.0,NOK
TLT_LBEAM_ON.png,toCheck_100085_00226s_TLT_LBEAM_ON.png,13800,Big,8.25,8.06,"[7.67, 6.59, 0.0, 8.06, 7.52, 0.0]",0.0,NOK
TLT_LBEAM_OFF.png,toCheck_100085_00228s_TLT_LBEAM_OFF.png,13800,Big,8.25,8.06,"[7.67, 6.59, 0.0, 8.06, 7.52, 0.0]",0.0,NOK
TLT_LBEAM_ON.png,toCheck_100085_00231s_TLT_LBEAM_ON.png,13800,Big,8.25,8.06,"[7.67, 6.59, 0.0, 8.06, 7.52, 0.0]",0.0,NOK
TLT_LBEAM_OFF.png,toCheck_100085_00543s_TLT_LBEAM_OFF.png,13800,Big,8.25,8.06,"[7.67, 6.59, 0.0, 8.06, 7.52, 0.0]",0.0,NOK
TLT_LBEAM_ON.png,toCheck_100085_00546s_TLT_LBEAM_ON.png,13800,Big,8.25,8.06,"[7.67, 6.59, 0.0, 8.06, 7.52, 0.0]",0.0,NOK
TLT_LBEAM_OFF.png,toCheck_100085_00548s_TLT_LBEAM_OFF.png,13800,Big,8.25,8.06,"[7.67, 6.59, 0.0, 8.06, 7.52, 0.0]",0.0,NOK
TLT_LBEAM_ON.png,toCheck_100085_00551s_TLT_LBEAM_ON.png,13800,Big,8.25,8.06,"[7.67, 6.59, 0.0, 8.06, 7.52, 0.0]",0.0,NOK
TLT_SERV_OFF.png,toCheck_100086_00523s_TLT_SERV_OFF.png,30736,Big,0.02,3.86,"[0.0, -0.05, 0.02, 2.08, 0.02, 0.0, 0.0, 3.86, 0.0, 0.0, 0.0, 0.0]",0.0,Investigate
TLT_SERV_OFF.png,toCheck_100086_00191s_TLT_SERV_OFF.png,30736,Big,0.02,3.86,"[0.0, -0.05, 0.02, 2.08, 0.02, 0.0, 0.0, 3.86, 0.0, 0.0, 0.0, 0.0]",0.0,Investigate
TLT_SERV_OFF.png,toCheck_100086_00213s_TLT_SERV_OFF.png,30736,Big,0.02,3.86,"[0.0, -0.05, 0.02, 2.08, 0.02, 0.0, 0.0, 3.86, 0.0, 0.0, 0.0, 0.0]",0.0,Investigate
TLT_SERV_ON.png,toCheck_100087_00523s_TLT_SERV_ON.png,30736,Big,0.0,0.02,"[0.0, 0.0, 0.0, 0.0, 0.02, 0.0, 0.0, 0.0, 0.0, 0.0, 0.0, 0.0]",0.0,OK
TLT_SERV_ON.png,toCheck_100087_00191s_TLT_SERV_ON.png,30736,Big,0.0,0.02,"[0.0, 0.0, 0.0, 0.0, 0.02, 0.0, 0.0, 0.0, 0.0, 0.0, 0.0, 0.0]",0.0,OK
TLT_SERV_ON.png,toCheck_100087_00213s_TLT_SERV_ON.png,30736,Big,0.0,0.02,"[0.0, 0.0, 0.0, 0.0, 0.02, 0.0, 0.0, 0.0, 0.0, 0.0, 0.0, 0.0]",0.0,OK
TLT_SERV_ON.png,toCheck_100088_00523s_TLT_SERV_ON.png,30736,Big,0.0,1.95,"[0.0, 0.0, 0.0, 0.0, 0.02, 0.0, 0.0, 1.95, 0.0, 0.0, 0.0, 0.0]",0.0,OK
TLT_SERV_ON.png,toCheck_100088_00191s_TLT_SERV_ON.png,30736,Big,0.0,1.95,"[0.0, 0.0, 0.0, 0.0, 0.02, 0.0, 0.0, 1.95, 0.0, 0.0, 0.0, 0.0]",0.0,OK
TLT_SERV_ON.png,toCheck_100088_00213s_TLT_SERV_ON.png,30736,Big,0.0,1.95,"[0.0, 0.0, 0.0, 0.0, 0.02, 0.0, 0.0, 1.95, 0.0, 0.0, 0.0, 0.0]",0.0,OK
TLT_SERV_ON.png,toCheck_100089_00523s_TLT_SERV_ON.png,30736,Big,0.0,0.02,"[0.0, 0.0, 0.0, 0.0, 0.02, 0.0, 0.0, 0.0, 0.0, 0.0, 0.0, 0.0]",0.0,OK
TLT_SERV_ON.png,toCheck_100089_00191s_TLT_SERV_ON.png,30736,Big,0.0,0.02,"[0.0, 0.0, 0.0, 0.0, 0.02, 0.0, 0.0, 0.0, 0.0, 0.0, 0.0, 0.0]",0.0,OK
TLT_SERV_ON.png,toCheck_100089_00213s_TLT_SERV_ON.png,30736,Big,0.0,0.02,"[0.0, 0.0, 0.0, 0.0, 0.02, 0.0, 0.0, 0.0, 0.0, 0.0, 0.0, 0.0]",0.0,OK
TLT_SERV_ON.png,toCheck_100102_00523s_TLT_SERV_ON.png,30736,Big,0.0,0.02,"[0.0, 0.0, 0.0, 0.0, 0.02, 0.0, 0.0, 0.0, 0.0, 0.0, 0.0, 0.0]",0.0,OK
TLT_SERV_ON.png,toCheck_100102_00191s_TLT_SERV_ON.png,30736,Big,0.0,0.02,"[0.0, 0.0, 0.0, 0.0, 0.02, 0.0, 0.0, 0.0, 0.0, 0.0, 0.0, 0.0]",0.0,OK
TLT_SERV_ON.png,toCheck_100102_00213s_TLT_SERV_ON.png,30736,Big,0.0,0.02,"[0.0, 0.0, 0.0, 0.0, 0.02, 0.0, 0.0, 0.0, 0.0, 0.0, 0.0, 0.0]",0.0,OK
TLT_SERV_ON.png,toCheck_100103_00688s_TLT_SERV_ON.png,30736,Big,0.0,0.02,"[0.0, 0.0, 0.0, 0.0, 0.02, 0.0, 0.0, 0.0, 0.0, 0.0, 0.0, 0.0]",0.0,OK
TLT_SERV_ON.png,toCheck_100103_00356s_TLT_SERV_ON.png,30736,Big,0.0,0.02,"[0.0, 0.0, 0.0, 0.0, 0.02, 0.0, 0.0, 0.0, 0.0, 0.0, 0.0, 0.0]",0.0,OK
TLT_SERV_ON.png,toCheck_100103_00378s_TLT_SERV_ON.png,30736,Big,0.0,0.02,"[0.0, 0.0, 0.0, 0.0, 0.02, 0.0, 0.0, 0.0, 0.0, 0.0, 0.0, 0.0]",0.0,OK
NO_ALERT.png,toCheck_100107_00343s_NO_ALERT.png,267388,Big,9.64,9.25,"[2.44, 9.25, 2.88, 1.42, 9.03, 1.54]",0.0,NOK
BUZ_00_OFF.png,toCheck_100111_00213s_BUZ_00_OFF.png,38400,Big,4.88,3.71,"[0.02, 0.17, 0.07, 0.17, 0.12, 3.71, 1.88, 0.07, 0.1, 3.15, 0.98, 0.12]",0.0,NOK
TLT_SERV_ON.png,toCheck_100117_00523s_TLT_SERV_ON.png,30736,Big,0.0,0.02,"[0.0, 0.0, 0.0, 0.0, 0.02, 0.0, 0.0, 0.0, 0.0, 0.0, 0.0, 0.0]",0.0,OK
TLT_SERV_ON.png,toCheck_100117_00191s_TLT_SERV_ON.png,30736,Big,0.0,0.02,"[0.0, 0.0, 0.0, 0.0, 0.02, 0.0, 0.0, 0.0, 0.0, 0.0, 0.0, 0.0]",0.0,OK
TLT_SERV_ON.png,toCheck_100117_00213s_TLT_SERV_ON.png,30736,Big,0.0,0.02,"[0.0, 0.0, 0.0, 0.0, 0.02, 0.0, 0.0, 0.0, 0.0, 0.0, 0.0, 0.0]",0.0,OK
NO_ALERT.png,toCheck_100122_00693s_NO_ALERT.png,267388,Big,0.44,5.2,"[0.54, -0.05, 0.0, 5.2, 0.02, 2.42]",0.0,Investigate
NO_ALERT.png,toCheck_100122_00706s_NO_ALERT.png,267388,Big,0.44,5.2,"[0.54, -0.05, 0.0, 5.2, 0.02, 2.42]",0.0,Investigate
TXTALT_80126_10_FR.png,toCheck_100122_00361s_TXTALT_80126_10_FR.png,267388,Big,7.69,17.38,"[13.18, 15.36, 17.38, 9.13, 16.63, 13.13]",0.0,Investigate
NO_ALERT.png,toCheck_100122_00383s_NO_ALERT.png,267388,Big,0.44,5.2,"[0.54, -0.05, 0.0, 5.2, 0.02, 2.42]",0.0,Investigate
TXTALT_80126_3_FR.png,toCheck_100123_00653s_TXTALT_80126_3_FR.png,267388,Big,0.12,1.12,"[0.05, 0.59, 0.17, -0.05, 1.12, 0.05]",0.0,OK
NO_ALERT.png,toCheck_100123_00343s_NO_ALERT.png,267388,Big,9.64,9.25,"[2.44, 9.25, 2.88, 1.42, 9.03, 1.54]",0.0,NOK
NO_ALERT.png,toCheck_100124_00343s_NO_ALERT.png,267388,Big,9.64,9.25,"[2.44, 9.25, 2.88, 1.42, 9.03, 1.54]",0.0,NOK
NO_ALERT.png,toCheck_100125_00343s_NO_ALERT.png,267388,Big,9.64,9.25,"[2.44, 9.25, 2.88, 1.42, 9.03, 1.54]",0.0,NOK
TXTALT_80126_9_FR.png,toCheck_100126_00191s_TXTALT_80126_9_FR.png,267388,Big,19.65,14.21,"[10.47, 12.18, 13.6, 4.32, 12.79, 14.21]",0.0,NOK
NO_ALERT.png,toCheck_100126_00213s_NO_ALERT.png,267388,Big,2.27,3.56,"[0.02, 3.56, 2.32, 0.0, 1.68, 0.24]",0.0,Investigate
BUZ_4_ON.png,toCheck_100127_00523s_BUZ_4_ON.png,38400,Big,5.91,5.08,"[0.05, 0.44, 0.07, 0.1, 0.15, 5.08, 0.66, 0.1, 0.07, 1.98, 0.29, 0.44]",0.0,NOK
TLT_SERV_ON.png,toCheck_100127_00523s_TLT_SERV_ON.png,30736,Big,0.0,0.02,"[0.0, 0.0, 0.0, 0.0, 0.02, 0.0, 0.0, 0.0, 0.0, 0.0, 0.0, 0.0]",0.0,OK
TLT_SERV_ON.png,toCheck_100127_00191s_TLT_SERV_ON.png,30736,Big,0.0,0.02,"[0.0, 0.0, 0.0, 0.0, 0.02, 0.0, 0.0, 0.0, 0.0, 0.0, 0.0, 0.0]",0.0,OK
TLT_SERV_ON.png,toCheck_100127_00213s_TLT_SERV_ON.png,30736,Big,0.0,0.02,"[0.0, 0.0, 0.0, 0.0, 0.02, 0.0, 0.0, 0.0, 0.0, 0.0, 0.0, 0.0]",0.0,OK
BUZ_00_OFF.png,toCheck_100127_00213s_BUZ_00_OFF.png,38400,Big,4.3,5.32,"[0.05, 0.46, 0.05, 0.1, 0.02, 5.32, 1.15, 0.07, 0.05, 2.08, 0.37, 0.24]",0.0,NOK
BUZ_00_OFF.png,toCheck_100128_00213s_BUZ_00_OFF.png,38400,Big,5.83,4.54,"[0.17, 0.66, 0.51, 0.24, 2.1, 4.54, 1.0, 0.1, 0.27, 1.95, 1.46, 0.83]",0.0,NOK
TLT_SERV_ON.png,toCheck_100129_00523s_TLT_SERV_ON.png,30736,Big,0.0,0.02,"[0.0, 0.0, 0.0, 0.0, 0.02, 0.0, 0.0, 0.0, 0.0, 0.0, 0.0, 0.0]",0.0,OK
TLT_SERV_ON.png,toCheck_100129_00191s_TLT_SERV_ON.png,30736,Big,0.0,0.02,"[0.0, 0.0, 0.0, 0.0, 0.02, 0.0, 0.0, 0.0, 0.0, 0.0, 0.0, 0.0]",0.0,OK
TLT_SERV_ON.png,toCheck_100129_00213s_TLT_SERV_ON.png,30736,Big,0.0,0.02,"[0.0, 0.0, 0.0, 0.0, 0.02, 0.0, 0.0, 0.0, 0.0, 0.0, 0.0, 0.0]",0.0,OK
TLT_SERV_ON.png,toCheck_100134_00523s_TLT_SERV_ON.png,30736,Big,0.0,0.02,"[0.0, 0.0, 0.0, 0.0, 0.02, 0.0, 0.0, 0.0, 0.0, 0.0, 0.0, 0.0]",0.0,OK
TLT_SERV_ON.png,toCheck_100134_00191s_TLT_SERV_ON.png,30736,Big,0.0,0.02,"[0.0, 0.0, 0.0, 0.0, 0.02, 0.0, 0.0, 0.0, 0.0, 0.0, 0.0, 0.0]",0.0,OK
TLT_SERV_ON.png,toCheck_100134_00213s_TLT_SERV_ON.png,30736,Big,0.0,0.02,"[0.0, 0.0, 0.0, 0.0, 0.02, 0.0, 0.0, 0.0, 0.0, 0.0, 0.0, 0.0]",0.0,OK
RMLARV_38_MI_NAV_LY.png,toCheck_100001_00552s_RMLARV_38_MI_NAV_LY.png,1376640,Big,0.02,0.1,"[0.05, 0.0, 0.02, 0.0, 0.02, 0.0, 0.02, 0.0, 0.1, -0.05, 0.0, 0.0, 0.0, 0.0, 0.0, -0.05, 0.0, 0.0, 0.0, 0.0, 0.0, 0.02, 0.0, 0.02, 0.02, 0.0, 0.0, 0.0, 0.0, 0.02, 0.0, 0.0, 0.0, -0.05, 0.0, 0.0]",0.0,OK
RMLARV_555p9_NAV_LY.png,toCheck_100001_00577s_RMLARV_555p9_NAV_LY.png,1376640,Big,0.02,0.1,"[0.05, 0.0, 0.02, 0.0, 0.02, 0.0, 0.02, 0.0, 0.1, -0.05, 0.0, 0.0, 0.0, 0.0, 0.0, -0.05, 0.0, 0.0, 0.0, 0.0, 0.0, 0.02, 0.0, 0.02, 0.02, 0.0, 0.0, 0.0, 0.0, 0.02, 0.0, 0.0, 0.0, -0.05, 0.0, 0.0]",0.0,OK
NAV_EMPTY_LY.png,toCheck_100001_00602s_NAV_EMPTY_LY.png,1376640,Big,0.0,0.1,"[0.05, 0.0, 0.02, 0.0, 0.02, 0.0, 0.02, 0.0, 0.1, -0.05, 0.0, 0.0, 0.02, 0.0, 0.0, -0.05, 0.0, 0.0, 0.0, 0.0, 0.0, 0.02, 0.0, 0.02, 0.02, 0.0, 0.0, 0.0, 0.0, 0.02, 0.0, 0.0, 0.0, -0.05, 0.0, 0.0]",0.0,OK
NAV_LY_NOVIDEOSTREAM_W_SBR.png,toCheck_100001_00377s_NAV_LY_NOVIDEOSTREAM_W_SBR.png,1376640,Big,0.0,0.1,"[0.05, 0.0, 0.02, 0.0, 0.02, 0.0, 0.02, 0.0, 0.1, -0.05, 0.0, 0.0, 0.02, 0.0, 0.0, -0.05, 0.0, 0.0, 0.0, 0.0, 0.0, 0.02, 0.0, 0.02, 0.02, 0.0, 0.0, 0.0, 0.0, 0.02, 0.0, 0.0, 0.0, -0.05, 0.0, 0.0]",0.0,OK
REG_MNVR_SLIGHT_LEFT_NAY_LY.png,toCheck_100001_00402s_REG_MNVR_SLIGHT_LEFT_NAY_LY.png,1376640,Big,0.02,0.1,"[0.05, 0.0, 0.02, 0.0, 0.02, 0.0, 0.02, 0.0, 0.1, -0.05, 0.0, 0.0, 0.0, 0.0, 0.0, -0.05, 0.0, 0.0, 0.0, 0.0, 0.0, 0.02, 0.0, 0.02, 0.02, 0.0, 0.0, 0.0, 0.0, 0.02, 0.0, 0.0, 0.0, -0.05, 0.0, 0.0]",0.0,OK
RMLARV_23000_FT_NAV_LY.png,toCheck_100001_00427s_RMLARV_23000_FT_NAV_LY.png,1376640,Big,0.0,0.1,"[0.05, 0.0, 0.02, -0.05, 0.02, 0.0, 0.02, 0.0, 0.1, -0.05, 0.0, 0.0, 0.0, 0.0, 0.0, -0.05, 0.0, 0.0, 0.0, 0.0, 0.0, 0.02, 0.0, 0.02, 0.02, 0.0, 0.0, 0.0, 0.0, 0.02, 0.0, 0.0, 0.0, -0.05, 0.0, 0.0]",0.0,OK
RMLARV_478p50_KM_NAV_LY.png,toCheck_100001_00452s_RMLARV_478p50_KM_NAV_LY.png,1376640,Big,0.0,0.1,"[0.05, 0.0, 0.02, 0.0, 0.02, 0.0, 0.02, 0.0, 0.1, -0.05, 0.0, 0.0, 0.0, 0.0, 0.0, -0.05, 0.0, 0.0, 0.0, 0.0, 0.0, 0.02, 0.0, 0.02, 0.02, 0.0, 0.0, 0.0, 0.0, 0.02, 0.0, 0.0, 0.0, -0.05, 0.0, 0.0]",0.0,OK
RMLARV_12345_M_NAV_LY.png,toCheck_100001_00477s_RMLARV_12345_M_NAV_LY.png,1376640,Big,0.0,0.1,"[0.05, 0.0, 0.02, 0.0, 0.0, 0.0, 0.02, 0.0, 0.1, -0.05, 0.0, 0.0, 0.0, 0.0, 0.0, -0.05, 0.0, 0.0, 0.0, 0.0, 0.0, 0.02, 0.0, 0.02, 0.02, 0.0, 0.0, 0.0, 0.0, 0.02, 0.0, 0.0, 0.0, -0.05, 0.0, 0.0]",0.0,OK
RMLARV_1_FT_NAV_LY.png,toCheck_100001_00502s_RMLARV_1_FT_NAV_LY.png,1376640,Big,0.0,0.1,"[0.05, 0.0, 0.02, 0.02, 0.02, 0.0, 0.02, 0.0, 0.1, -0.05, 0.0, 0.0, 0.0, 0.0, 0.0, -0.05, 0.0, 0.0, 0.0, 0.0, 0.0, 0.02, 0.0, 0.02, 0.02, 0.0, 0.0, 0.0, 0.0, 0.02, 0.0, 0.0, 0.0, -0.05, 0.0, 0.0]",0.0,OK
RMLARV_1_MI_NAV_LY.png,toCheck_100001_00527s_RMLARV_1_MI_NAV_LY.png,1376640,Big,0.0,0.1,"[0.05, 0.0, 0.02, 0.0, 0.02, 0.0, 0.02, 0.0, 0.1, -0.05, 0.0, 0.0, 0.0, 0.0, 0.0, -0.05, 0.0, 0.0, 0.0, 0.0, 0.0, 0.02, 0.0, 0.02, 0.02, 0.0, 0.0, 0.0, 0.0, 0.02, 0.0, 0.0, 0.0, -0.05, 0.0, 0.0]",0.0,OK
NAV_LY_NOVIDEOSTREAM_W_SBR.png,toCheck_100003_00377s_NAV_LY_NOVIDEOSTREAM_W_SBR.png,1376640,Big,0.0,0.1,"[0.05, 0.0, 0.02, 0.0, 0.02, 0.0, 0.02, 0.0, 0.1, -0.05, 0.0, 0.0, 0.02, 0.0, 0.0, -0.05, 0.0, 0.0, 0.0, 0.0, 0.0, 0.02, 0.0, 0.02, 0.02, 0.0, 0.0, 0.0, 0.0, 0.02, 0.0, 0.0, 0.0, -0.05, 0.0, 0.0]",0.0,OK
GBM_DYNGRID_GEAR_P_BRAKEPEDAL.png,toCheck_100000_00368s_GBM_DYNGRID_GEAR_P_BRAKEPEDAL.png,120176,Big,0.37,1.42,"[0.17, 0.24, 1.12, 0.12, 0.39, 0.71, 0.22, 0.15, 1.42, 0.66, 0.37, 0.07]",0.0,OK
GBM_DYNGRID_GEAR_D.png,toCheck_100000_00383s_GBM_DYNGRID_GEAR_D.png,120176,Big,0.27,0.68,"[0.22, 0.07, 0.44, 0.12, 0.12, 0.63, 0.34, 0.15, 0.29, 0.68, 0.37, 0.07]",0.0,OK
GBM_DYNGRID_GEAR_D1.png,toCheck_100000_00398s_GBM_DYNGRID_GEAR_D1.png,120176,Big,0.12,0.76,"[0.22, 0.07, 0.44, 0.12, 0.2, 0.27, 0.39, 0.15, 0.76, 0.73, 0.22, 0.07]",0.0,OK
GBM_DYNGRID_GEAR_P_BRAKEPEDAL.png,toCheck_100001_00368s_GBM_DYNGRID_GEAR_P_BRAKEPEDAL.png,120176,Big,0.37,1.42,"[0.17, 0.24, 1.12, 0.12, 0.39, 0.71, 0.22, 0.15, 1.42, 0.66, 0.37, 0.07]",0.0,OK
GBM_DYNGRID_GEAR_D.png,toCheck_100001_00383s_GBM_DYNGRID_GEAR_D.png,120176,Big,0.27,0.68,"[0.22, 0.07, 0.44, 0.12, 0.12, 0.63, 0.34, 0.15, 0.29, 0.68, 0.37, 0.07]",0.0,OK
GBM_DYNGRID_GEAR_D1.png,toCheck_100001_00398s_GBM_DYNGRID_GEAR_D1.png,120176,Big,0.12,0.76,"[0.22, 0.07, 0.44, 0.12, 0.2, 0.27, 0.39, 0.15, 0.76, 0.73, 0.22, 0.07]",0.0,OK
GBM_DYNGRID_GEAR_P_BRAKEPEDAL.png,toCheck_100002_00368s_GBM_DYNGRID_GEAR_P_BRAKEPEDAL.png,120176,Big,0.37,1.42,"[0.17, 0.24, 1.12, 0.12, 0.39, 0.71, 0.22, 0.15, 1.42, 0.66, 0.37, 0.07]",0.0,OK
GBM_DYNGRID_GEAR_D.png,toCheck_100002_00383s_GBM_DYNGRID_GEAR_D.png,120176,Big,0.27,0.68,"[0.22, 0.07, 0.44, 0.12, 0.12, 0.63, 0.34, 0.15, 0.29, 0.68, 0.37, 0.07]",0.0,OK
GBM_DYNGRID_GEAR_D1.png,toCheck_100002_00398s_GBM_DYNGRID_GEAR_D1.png,120176,Big,0.12,0.76,"[0.22, 0.07, 0.44, 0.12, 0.2, 0.27, 0.39, 0.15, 0.76, 0.73, 0.22, 0.07]",0.0,OK
GBM_DYNGRID_GEAR_M6.png,toCheck_100003_00478s_GBM_DYNGRID_GEAR_M6.png,120176,Big,0.2,0.76,"[0.22, 0.07, 0.44, 0.12, 0.34, 0.51, 0.39, 0.15, 0.76, 0.29, 0.22, 0.07]",0.0,OK
GBM_DYNGRID_GEAR_M7.png,toCheck_100003_00493s_GBM_DYNGRID_GEAR_M7.png,120176,Big,0.24,0.93,"[0.22, 0.07, 0.44, 0.12, 0.34, 0.93, 0.39, 0.15, 0.76, 0.34, 0.22, 0.07]",0.0,OK
GBM_DYNGRID_GEAR_M8.png,toCheck_100003_00508s_GBM_DYNGRID_GEAR_M8.png,120176,Big,0.22,0.88,"[0.22, 0.07, 0.44, 0.12, 0.34, 0.88, 0.39, 0.15, 0.76, 0.22, 0.22, 0.07]",0.0,OK
GBM_DYNGRID_GEAR_M9.png,toCheck_100003_00523s_GBM_DYNGRID_GEAR_M9.png,120176,Big,0.2,0.66,"[0.22, 0.07, 0.44, 0.12, 0.34, 0.66, 0.39, 0.15, 0.61, 0.44, 0.22, 0.07]",0.0,OK
GBM_DYNGRID_GEAR_M10.png,toCheck_100003_00538s_GBM_DYNGRID_GEAR_M10.png,120176,Big,0.2,0.93,"[0.22, 0.07, 0.44, 0.12, 0.34, 0.93, 0.39, 0.15, 0.76, 0.46, 0.22, 0.07]",0.0,OK
GBM_DYNGRID_GEAR_P_BRAKEPEDAL.png,toCheck_100003_00368s_GBM_DYNGRID_GEAR_P_BRAKEPEDAL.png,120176,Big,0.37,1.42,"[0.17, 0.24, 1.12, 0.12, 0.39, 0.71, 0.22, 0.15, 1.42, 0.66, 0.37, 0.07]",0.0,OK
GBM_DYNGRID_GEAR_D.png,toCheck_100003_00383s_GBM_DYNGRID_GEAR_D.png,120176,Big,0.27,0.68,"[0.22, 0.07, 0.44, 0.12, 0.12, 0.63, 0.34, 0.15, 0.29, 0.68, 0.37, 0.07]",0.0,OK
GBM_DYNGRID_GEAR_D1.png,toCheck_100003_00398s_GBM_DYNGRID_GEAR_D1.png,120176,Big,0.12,0.76,"[0.22, 0.07, 0.44, 0.12, 0.2, 0.27, 0.39, 0.15, 0.76, 0.73, 0.22, 0.07]",0.0,OK
GBM_DYNGRID_GEAR_M1.png,toCheck_100003_00403s_GBM_DYNGRID_GEAR_M1.png,120176,Big,0.17,0.76,"[0.22, 0.07, 0.44, 0.12, 0.34, 0.15, 0.39, 0.15, 0.76, 0.27, 0.22, 0.07]",0.0,OK
GBM_DYNGRID_GEAR_M2.png,toCheck_100003_00418s_GBM_DYNGRID_GEAR_M2.png,120176,Big,0.17,1.25,"[0.22, 0.07, 0.44, 0.12, 0.34, 0.59, 0.39, 0.15, 0.76, 1.25, 0.22, 0.07]",0.0,OK
GBM_DYNGRID_GEAR_M3.png,toCheck_100003_00433s_GBM_DYNGRID_GEAR_M3.png,120176,Big,0.2,0.76,"[0.22, 0.07, 0.44, 0.12, 0.34, 0.24, 0.39, 0.15, 0.76, 0.17, 0.22, 0.07]",0.0,OK
GBM_DYNGRID_GEAR_M4.png,toCheck_100003_00448s_GBM_DYNGRID_GEAR_M4.png,120176,Big,0.24,0.76,"[0.22, 0.07, 0.44, 0.12, 0.34, 0.71, 0.39, 0.15, 0.76, 0.39, 0.22, 0.07]",0.0,OK
GBM_DYNGRID_GEAR_M5.png,toCheck_100003_00463s_GBM_DYNGRID_GEAR_M5.png,120176,Big,0.17,0.76,"[0.22, 0.07, 0.44, 0.12, 0.34, 0.27, 0.39, 0.15, 0.76, 0.29, 0.22, 0.07]",0.0,OK
GBM_RND_DYNGRID_GEAR_R_ENG_D_OFF.png,toCheck_100008_00393s_GBM_RND_DYNGRID_GEAR_R_ENG_D_OFF.png,120176,Big,4.76,4.32,"[-0.05, -0.05, 0.0, -0.05, 4.32, 0.0, 0.02, -0.05, 1.0, -0.05, 0.0, -0.05]",0.0,Investigate
GBM_RND_DYNGRID_GEAR_R.png,toCheck_100008_00395s_GBM_RND_DYNGRID_GEAR_R.png,120176,Big,4.76,4.32,"[-0.05, -0.05, 0.0, -0.05, 4.32, 0.0, 0.02, -0.05, 1.0, -0.05, 0.0, -0.05]",0.0,Investigate
GBM_RND_DYNGRID_GEAR_R_ENG_D_OFF.png,toCheck_100008_00397s_GBM_RND_DYNGRID_GEAR_R_ENG_D_OFF.png,120176,Big,4.76,4.32,"[-0.05, -0.05, 0.0, -0.05, 4.32, 0.0, 0.02, -0.05, 1.0, -0.05, 0.0, -0.05]",0.0,Investigate
GBM_RND_DYNGRID_GEAR_R.png,toCheck_100008_00399s_GBM_RND_DYNGRID_GEAR_R.png,120176,Big,4.76,4.32,"[-0.05, -0.05, 0.0, -0.05, 4.32, 0.0, 0.02, -0.05, 1.0, -0.05, 0.0, -0.05]",0.0,Investigate
GBM_RND_DYNGRID_GEAR_R_ENG_D_OFF.png,toCheck_100008_00401s_GBM_RND_DYNGRID_GEAR_R_ENG_D_OFF.png,120176,Big,4.76,4.32,"[-0.05, -0.05, 0.0, -0.05, 4.32, 0.0, 0.02, -0.05, 1.0, -0.05, 0.0, -0.05]",0.0,Investigate
GBM_RND_DYNGRID_GEAR_R_ENG_N_OFF.png,toCheck_100010_00393s_GBM_RND_DYNGRID_GEAR_R_ENG_N_OFF.png,120176,Big,3.69,2.54,"[0.54, -0.05, 0.0, -0.05, 2.54, 0.0, 0.02, -0.05, 0.0, -0.05, 0.0, -0.05]",0.0,Investigate
GBM_RND_DYNGRID_GEAR_R.png,toCheck_100010_00395s_GBM_RND_DYNGRID_GEAR_R.png,120176,Big,3.69,2.54,"[0.54, -0.05, 0.0, -0.05, 2.54, 0.0, 0.02, -0.05, 0.0, -0.05, 0.0, -0.05]",0.0,Investigate
GBM_RND_DYNGRID_GEAR_R_ENG_N_OFF.png,toCheck_100010_00397s_GBM_RND_DYNGRID_GEAR_R_ENG_N_OFF.png,120176,Big,3.69,2.54,"[0.54, -0.05, 0.0, -0.05, 2.54, 0.0, 0.02, -0.05, 0.0, -0.05, 0.0, -0.05]",0.0,Investigate
GBM_RND_DYNGRID_GEAR_R.png,toCheck_100010_00399s_GBM_RND_DYNGRID_GEAR_R.png,120176,Big,3.69,2.54,"[0.54, -0.05, 0.0, -0.05, 2.54, 0.0, 0.02, -0.05, 0.0, -0.05, 0.0, -0.05]",0.0,Investigate
GBM_RND_DYNGRID_GEAR_R_ENG_N_OFF.png,toCheck_100010_00401s_GBM_RND_DYNGRID_GEAR_R_ENG_N_OFF.png,120176,Big,3.69,2.54,"[0.54, -0.05, 0.0, -0.05, 2.54, 0.0, 0.02, -0.05, 0.0, -0.05, 0.0, -0.05]",0.0,Investigate
GBM_RND_DYNGRID_GEAR_M2_ENG_R_OFF.png,toCheck_100012_00462s_GBM_RND_DYNGRID_GEAR_M2_ENG_R_OFF.png,120176,Big,0.9,2.61,"[2.61, 0.0, 0.0, -0.05, 0.0, 0.02, -0.05, -0.05, -0.05, -0.05, 0.0, -0.05]",0.0,OK
GBM_RND_DYNGRID_GEAR_M2.png,toCheck_100012_00464s_GBM_RND_DYNGRID_GEAR_M2.png,120176,Big,0.9,2.61,"[2.61, 0.0, 0.0, -0.05, 0.0, 0.02, -0.05, -0.05, -0.05, -0.05, 0.0, -0.05]",0.0,OK
GBM_RND_DYNGRID_GEAR_M2_ENG_R_OFF.png,toCheck_100012_00466s_GBM_RND_DYNGRID_GEAR_M2_ENG_R_OFF.png,120176,Big,0.9,2.61,"[2.61, 0.0, 0.0, -0.05, 0.0, 0.02, -0.05, -0.05, -0.05, -0.05, 0.0, -0.05]",0.0,OK
GBM_RND_DYNGRID_GEAR_M2_ENG_R_OFF.png,toCheck_100012_00458s_GBM_RND_DYNGRID_GEAR_M2_ENG_R_OFF.png,120176,Big,0.9,2.61,"[2.61, 0.0, 0.0, -0.05, 0.0, 0.02, -0.05, -0.05, -0.05, -0.05, 0.0, -0.05]",0.0,OK
GBM_RND_DYNGRID_GEAR_M2.png,toCheck_100012_00460s_GBM_RND_DYNGRID_GEAR_M2.png,120176,Big,0.9,2.61,"[2.61, 0.0, 0.0, -0.05, 0.0, 0.02, -0.05, -0.05, -0.05, -0.05, 0.0, -0.05]",0.0,OK
GBM_DYNGRID_GEAR_P_BRAKEPEDAL.png,toCheck_100016_00368s_GBM_DYNGRID_GEAR_P_BRAKEPEDAL.png,120176,Big,0.37,1.42,"[0.17, 0.24, 1.12, 0.12, 0.39, 0.71, 0.22, 0.15, 1.42, 0.66, 0.37, 0.07]",0.0,OK
GBM_DYNGRID_GEAR_R_ENG_D_OFF.png,toCheck_100016_00393s_GBM_DYNGRID_GEAR_R_ENG_D_OFF.png,120176,Big,4.86,4.32,"[-0.05, -0.05, 0.0, -0.05, 4.32, 0.0, 0.02, -0.05, 1.0, -0.05, 0.0, -0.05]",0.0,Investigate
GBM_DYNGRID_GEAR_R.png,toCheck_100016_00395s_GBM_DYNGRID_GEAR_R.png,120176,Big,4.86,4.32,"[-0.05, -0.05, 0.0, -0.05, 4.32, 0.0, 0.02, -0.05, 1.0, -0.05, 0.0, -0.05]",0.0,Investigate
GBM_DYNGRID_GEAR_R_ENG_D_OFF.png,toCheck_100016_00397s_GBM_DYNGRID_GEAR_R_ENG_D_OFF.png,120176,Big,4.86,4.32,"[-0.05, -0.05, 0.0, -0.05, 4.32, 0.0, 0.02, -0.05, 1.0, -0.05, 0.0, -0.05]",0.0,Investigate
GBM_DYNGRID_GEAR_R.png,toCheck_100016_00399s_GBM_DYNGRID_GEAR_R.png,120176,Big,4.86,4.32,"[-0.05, -0.05, 0.0, -0.05, 4.32, 0.0, 0.02, -0.05, 1.0, -0.05, 0.0, -0.05]",0.0,Investigate
GBM_DYNGRID_GEAR_R_ENG_D_OFF.png,toCheck_100016_00401s_GBM_DYNGRID_GEAR_R_ENG_D_OFF.png,120176,Big,4.86,4.32,"[-0.05, -0.05, 0.0, -0.05, 4.32, 0.0, 0.02, -0.05, 1.0, -0.05, 0.0, -0.05]",0.0,Investigate
GBM_DYNGRID_GEAR_P_BRAKEPEDAL.png,toCheck_100017_00368s_GBM_DYNGRID_GEAR_P_BRAKEPEDAL.png,120176,Big,0.37,1.42,"[0.17, 0.24, 1.12, 0.12, 0.39, 0.71, 0.22, 0.15, 1.42, 0.66, 0.37, 0.07]",0.0,OK
GBM_DYNGRID_GEAR_D.png,toCheck_100017_00383s_GBM_DYNGRID_GEAR_D.png,120176,Big,0.27,0.68,"[0.22, 0.07, 0.44, 0.12, 0.12, 0.63, 0.34, 0.15, 0.29, 0.68, 0.37, 0.07]",0.0,OK
GBM_DYNGRID_GEAR_D1.png,toCheck_100017_00398s_GBM_DYNGRID_GEAR_D1.png,120176,Big,0.12,0.76,"[0.22, 0.07, 0.44, 0.12, 0.2, 0.27, 0.39, 0.15, 0.76, 0.73, 0.22, 0.07]",0.0,OK
GBM_DYNGRID_GEAR_D1.png,toCheck_100017_00410s_GBM_DYNGRID_GEAR_D1.png,120176,Big,0.12,0.76,"[0.22, 0.07, 0.44, 0.12, 0.2, 0.27, 0.39, 0.15, 0.76, 0.73, 0.22, 0.07]",0.0,OK
GBM_DYNGRID_GEAR_D1.png,toCheck_100017_00414s_GBM_DYNGRID_GEAR_D1.png,120176,Big,0.12,0.76,"[0.22, 0.07, 0.44, 0.12, 0.2, 0.27, 0.39, 0.15, 0.76, 0.73, 0.22, 0.07]",0.0,OK
GBM_DYNGRID_GEAR_P_BRAKEPEDAL.png,toCheck_100018_00368s_GBM_DYNGRID_GEAR_P_BRAKEPEDAL.png,120176,Big,0.37,1.42,"[0.17, 0.24, 1.12, 0.12, 0.39, 0.71, 0.22, 0.15, 1.42, 0.66, 0.37, 0.07]",0.0,OK
GBM_DYNGRID_GEAR_P_BRAKEPEDAL.png,toCheck_100019_00443s_GBM_DYNGRID_GEAR_P_BRAKEPEDAL.png,120176,Big,0.37,1.42,"[0.17, 0.24, 1.12, 0.12, 0.39, 0.71, 0.22, 0.15, 1.42, 0.66, 0.37, 0.07]",0.0,OK
GBM_DYNGRID_GEAR_P_BRAKEPEDAL.png,toCheck_100019_00368s_GBM_DYNGRID_GEAR_P_BRAKEPEDAL.png,120176,Big,0.37,1.42,"[0.17, 0.24, 1.12, 0.12, 0.39, 0.71, 0.22, 0.15, 1.42, 0.66, 0.37, 0.07]",0.0,OK
GBM_DYNGRID_GEAR_D.png,toCheck_100019_00383s_GBM_DYNGRID_GEAR_D.png,120176,Big,0.27,0.68,"[0.22, 0.07, 0.44, 0.12, 0.12, 0.63, 0.34, 0.15, 0.29, 0.68, 0.37, 0.07]",0.0,OK
GBM_DYNGRID_GEAR_D1.png,toCheck_100019_00398s_GBM_DYNGRID_GEAR_D1.png,120176,Big,0.12,0.76,"[0.22, 0.07, 0.44, 0.12, 0.2, 0.27, 0.39, 0.15, 0.76, 0.73, 0.22, 0.07]",0.0,OK
GBM_DYNGRID_GEAR_M2.png,toCheck_100020_00462s_GBM_DYNGRID_GEAR_M2.png,120176,Big,0.17,1.25,"[0.22, 0.07, 0.44, 0.12, 0.34, 0.59, 0.39, 0.15, 0.76, 1.25, 0.22, 0.07]",0.0,OK
GBM_DYNGRID_GEAR_M2.png,toCheck_100020_00466s_GBM_DYNGRID_GEAR_M2.png,120176,Big,0.17,1.25,"[0.22, 0.07, 0.44, 0.12, 0.34, 0.59, 0.39, 0.15, 0.76, 1.25, 0.22, 0.07]",0.0,OK
GBM_DYNGRID_GEAR_P_BRAKEPEDAL.png,toCheck_100020_00478s_GBM_DYNGRID_GEAR_P_BRAKEPEDAL.png,120176,Big,0.37,1.42,"[0.17, 0.24, 1.12, 0.12, 0.39, 0.71, 0.22, 0.15, 1.42, 0.66, 0.37, 0.07]",0.0,OK
GBM_DYNGRID_GEAR_P_BRAKEPEDAL.png,toCheck_100020_00368s_GBM_DYNGRID_GEAR_P_BRAKEPEDAL.png,120176,Big,0.37,1.42,"[0.17, 0.24, 1.12, 0.12, 0.39, 0.71, 0.22, 0.15, 1.42, 0.66, 0.37, 0.07]",0.0,OK
GBM_DYNGRID_GEAR_D.png,toCheck_100020_00383s_GBM_DYNGRID_GEAR_D.png,120176,Big,0.27,0.68,"[0.22, 0.07, 0.44, 0.12, 0.12, 0.63, 0.34, 0.15, 0.29, 0.68, 0.37, 0.07]",0.0,OK
GBM_DYNGRID_GEAR_D1.png,toCheck_100020_00398s_GBM_DYNGRID_GEAR_D1.png,120176,Big,0.12,0.76,"[0.22, 0.07, 0.44, 0.12, 0.2, 0.27, 0.39, 0.15, 0.76, 0.73, 0.22, 0.07]",0.0,OK
GBM_DYNGRID_GEAR_M1.png,toCheck_100020_00433s_GBM_DYNGRID_GEAR_M1.png,120176,Big,0.17,0.76,"[0.22, 0.07, 0.44, 0.12, 0.34, 0.15, 0.39, 0.15, 0.76, 0.27, 0.22, 0.07]",0.0,OK
GBM_DYNGRID_GEAR_M2.png,toCheck_100020_00448s_GBM_DYNGRID_GEAR_M2.png,120176,Big,0.17,1.25,"[0.22, 0.07, 0.44, 0.12, 0.34, 0.59, 0.39, 0.15, 0.76, 1.25, 0.22, 0.07]",0.0,OK
GBM_DYNGRID_GEAR_M2.png,toCheck_100020_00458s_GBM_DYNGRID_GEAR_M2.png,120176,Big,0.17,1.25,"[0.22, 0.07, 0.44, 0.12, 0.34, 0.59, 0.39, 0.15, 0.76, 1.25, 0.22, 0.07]",0.0,OK
GBM_DYNGRID_GEAR_P_BRAKEPEDAL.png,toCheck_100021_00368s_GBM_DYNGRID_GEAR_P_BRAKEPEDAL.png,120176,Big,0.37,1.42,"[0.17, 0.24, 1.12, 0.12, 0.39, 0.71, 0.22, 0.15, 1.42, 0.66, 0.37, 0.07]",0.0,OK
GBM_DYNGRID_GEAR_P_BRAKEPEDAL.png,toCheck_100021_00413s_GBM_DYNGRID_GEAR_P_BRAKEPEDAL.png,120176,Big,0.37,1.42,"[0.17, 0.24, 1.12, 0.12, 0.39, 0.71, 0.22, 0.15, 1.42, 0.66, 0.37, 0.07]",0.0,OK
GBM_DYNGRID_GEAR_P_BRAKEPEDAL.png,toCheck_100022_00368s_GBM_DYNGRID_GEAR_P_BRAKEPEDAL.png,120176,Big,0.37,1.42,"[0.17, 0.24, 1.12, 0.12, 0.39, 0.71, 0.22, 0.15, 1.42, 0.66, 0.37, 0.07]",0.0,OK
GBM_DYNGRID_GEAR_D.png,toCheck_100022_00383s_GBM_DYNGRID_GEAR_D.png,120176,Big,0.27,0.68,"[0.22, 0.07, 0.44, 0.12, 0.12, 0.63, 0.34, 0.15, 0.29, 0.68, 0.37, 0.07]",0.0,OK
GBM_DYNGRID_GEAR_D1.png,toCheck_100022_00398s_GBM_DYNGRID_GEAR_D1.png,120176,Big,0.12,0.76,"[0.22, 0.07, 0.44, 0.12, 0.2, 0.27, 0.39, 0.15, 0.76, 0.73, 0.22, 0.07]",0.0,OK
GBM_DYNGRID_GEAR_M2.png,toCheck_100023_00462s_GBM_DYNGRID_GEAR_M2.png,120176,Big,0.17,1.25,"[0.22, 0.07, 0.44, 0.12, 0.34, 0.59, 0.39, 0.15, 0.76, 1.25, 0.22, 0.07]",0.0,OK
GBM_DYNGRID_GEAR_M2.png,toCheck_100023_00466s_GBM_DYNGRID_GEAR_M2.png,120176,Big,0.17,1.25,"[0.22, 0.07, 0.44, 0.12, 0.34, 0.59, 0.39, 0.15, 0.76, 1.25, 0.22, 0.07]",0.0,OK
GBM_DYNGRID_GEAR_P_BRAKEPEDAL.png,toCheck_100023_00368s_GBM_DYNGRID_GEAR_P_BRAKEPEDAL.png,120176,Big,0.37,1.42,"[0.17, 0.24, 1.12, 0.12, 0.39, 0.71, 0.22, 0.15, 1.42, 0.66, 0.37, 0.07]",0.0,OK
GBM_DYNGRID_GEAR_D.png,toCheck_100023_00383s_GBM_DYNGRID_GEAR_D.png,120176,Big,0.27,0.68,"[0.22, 0.07, 0.44, 0.12, 0.12, 0.63, 0.34, 0.15, 0.29, 0.68, 0.37, 0.07]",0.0,OK
GBM_DYNGRID_GEAR_D1.png,toCheck_100023_00398s_GBM_DYNGRID_GEAR_D1.png,120176,Big,0.12,0.76,"[0.22, 0.07, 0.44, 0.12, 0.2, 0.27, 0.39, 0.15, 0.76, 0.73, 0.22, 0.07]",0.0,OK
GBM_DYNGRID_GEAR_M1.png,toCheck_100023_00433s_GBM_DYNGRID_GEAR_M1.png,120176,Big,0.17,0.76,"[0.22, 0.07, 0.44, 0.12, 0.34, 0.15, 0.39, 0.15, 0.76, 0.27, 0.22, 0.07]",0.0,OK
GBM_DYNGRID_GEAR_M2.png,toCheck_100023_00448s_GBM_DYNGRID_GEAR_M2.png,120176,Big,0.17,1.25,"[0.22, 0.07, 0.44, 0.12, 0.34, 0.59, 0.39, 0.15, 0.76, 1.25, 0.22, 0.07]",0.0,OK
GBM_DYNGRID_GEAR_M2.png,toCheck_100023_00458s_GBM_DYNGRID_GEAR_M2.png,120176,Big,0.17,1.25,"[0.22, 0.07, 0.44, 0.12, 0.34, 0.59, 0.39, 0.15, 0.76, 1.25, 0.22, 0.07]",0.0,OK
GBM_DYNGRID_GEAR_P_BRAKEPEDAL.png,toCheck_100024_00368s_GBM_DYNGRID_GEAR_P_BRAKEPEDAL.png,120176,Big,0.37,1.42,"[0.17, 0.24, 1.12, 0.12, 0.39, 0.71, 0.22, 0.15, 1.42, 0.66, 0.37, 0.07]",0.0,OK
GBM_DYNGRID_GEAR_P_BRAKEPEDAL.png,toCheck_100025_00368s_GBM_DYNGRID_GEAR_P_BRAKEPEDAL.png,120176,Big,0.37,1.42,"[0.17, 0.24, 1.12, 0.12, 0.39, 0.71, 0.22, 0.15, 1.42, 0.66, 0.37, 0.07]",0.0,OK
GBM_DYNGRID_GEAR_P_BRAKEPEDAL.png,toCheck_100026_00368s_GBM_DYNGRID_GEAR_P_BRAKEPEDAL.png,120176,Big,0.37,1.42,"[0.17, 0.24, 1.12, 0.12, 0.39, 0.71, 0.22, 0.15, 1.42, 0.66, 0.37, 0.07]",0.0,OK
GBM_DYNGRID_GEAR_D.png,toCheck_100026_00383s_GBM_DYNGRID_GEAR_D.png,120176,Big,0.27,0.68,"[0.22, 0.07, 0.44, 0.12, 0.12, 0.63, 0.34, 0.15, 0.29, 0.68, 0.37, 0.07]",0.0,OK
GBM_DYNGRID_GEAR_P_BRAKEPEDAL.png,toCheck_100027_00366s_GBM_DYNGRID_GEAR_P_BRAKEPEDAL.png,120176,Big,0.37,1.42,"[0.17, 0.24, 1.12, 0.12, 0.39, 0.71, 0.22, 0.15, 1.42, 0.66, 0.37, 0.07]",0.0,OK
GBM_DYNGRID_GEAR_D1.png,toCheck_100027_00376s_GBM_DYNGRID_GEAR_D1.png,120176,Big,0.12,0.76,"[0.22, 0.07, 0.44, 0.12, 0.2, 0.27, 0.39, 0.15, 0.76, 0.73, 0.22, 0.07]",0.0,OK
FULL_ALTIA_WAKEUP_MMI.png,toCheck_100027_00799s_FULL_ALTIA_WAKEUP_MMI.png,1376640,Big,-0.05,1.95,"[0.02, 0.0, -0.05, 0.0, 0.0, -0.05, 0.0, -0.05, 0.0, -0.05, -0.05, 0.0, 0.0, 0.0, 0.0, 0.02, 0.02, 0.0, 1.95, 1.34, -0.05, -0.05, 0.0, 0.02, -0.05, 0.0, 0.0, 0.0, 0.0, 0.0, -0.05, -0.05, -0.05, -0.05, 0.02, -0.05]",0.0,OK
GBM_DYNGRID_GEAR_P_BRAKEPEDAL.png,toCheck_100028_00366s_GBM_DYNGRID_GEAR_P_BRAKEPEDAL.png,120176,Big,0.37,1.42,"[0.17, 0.24, 1.12, 0.12, 0.39, 0.71, 0.22, 0.15, 1.42, 0.66, 0.37, 0.07]",0.0,OK
GBM_DYNGRID_GEAR_D1.png,toCheck_100028_00376s_GBM_DYNGRID_GEAR_D1.png,120176,Big,0.12,0.76,"[0.22, 0.07, 0.44, 0.12, 0.2, 0.27, 0.39, 0.15, 0.76, 0.73, 0.22, 0.07]",0.0,OK
GBM_DYNGRID_GEAR_M2.png,toCheck_100029_00411s_GBM_DYNGRID_GEAR_M2.png,120176,Big,0.17,1.25,"[0.22, 0.07, 0.44, 0.12, 0.34, 0.59, 0.39, 0.15, 0.76, 1.25, 0.22, 0.07]",0.0,OK
GBM_DYNGRID_GEAR_M2.png,toCheck_100029_00411s_GBM_DYNGRID_GEAR_M2.png,120176,Big,0.17,1.25,"[0.22, 0.07, 0.44, 0.12, 0.34, 0.59, 0.39, 0.15, 0.76, 1.25, 0.22, 0.07]",0.0,OK
GBM_DYNGRID_GEAR_M4.png,toCheck_100029_00426s_GBM_DYNGRID_GEAR_M4.png,120176,Big,0.24,0.76,"[0.22, 0.07, 0.44, 0.12, 0.34, 0.71, 0.39, 0.15, 0.76, 0.39, 0.22, 0.07]",0.0,OK
GBM_DYNGRID_GEAR_M5.png,toCheck_100029_00441s_GBM_DYNGRID_GEAR_M5.png,120176,Big,0.17,0.76,"[0.22, 0.07, 0.44, 0.12, 0.34, 0.27, 0.39, 0.15, 0.76, 0.29, 0.22, 0.07]",0.0,OK
GBM_DYNGRID_GEAR_M6.png,toCheck_100029_00456s_GBM_DYNGRID_GEAR_M6.png,120176,Big,0.2,0.76,"[0.22, 0.07, 0.44, 0.12, 0.34, 0.51, 0.39, 0.15, 0.76, 0.29, 0.22, 0.07]",0.0,OK
GBM_DYNGRID_GEAR_M7.png,toCheck_100029_00471s_GBM_DYNGRID_GEAR_M7.png,120176,Big,0.24,0.93,"[0.22, 0.07, 0.44, 0.12, 0.34, 0.93, 0.39, 0.15, 0.76, 0.34, 0.22, 0.07]",0.0,OK
GBM_DYNGRID_GEAR_M8.png,toCheck_100029_00486s_GBM_DYNGRID_GEAR_M8.png,120176,Big,0.22,0.88,"[0.22, 0.07, 0.44, 0.12, 0.34, 0.88, 0.39, 0.15, 0.76, 0.22, 0.22, 0.07]",0.0,OK
GBM_DYNGRID_GEAR_M9.png,toCheck_100029_00501s_GBM_DYNGRID_GEAR_M9.png,120176,Big,0.2,0.66,"[0.22, 0.07, 0.44, 0.12, 0.34, 0.66, 0.39, 0.15, 0.61, 0.44, 0.22, 0.07]",0.0,OK
GBM_DYNGRID_GEAR_M10.png,toCheck_100029_00516s_GBM_DYNGRID_GEAR_M10.png,120176,Big,0.2,0.93,"[0.22, 0.07, 0.44, 0.12, 0.34, 0.93, 0.39, 0.15, 0.76, 0.46, 0.22, 0.07]",0.0,OK
GBM_DYNGRID_GEAR_P_BRAKEPEDAL.png,toCheck_100029_00366s_GBM_DYNGRID_GEAR_P_BRAKEPEDAL.png,120176,Big,0.37,1.42,"[0.17, 0.24, 1.12, 0.12, 0.39, 0.71, 0.22, 0.15, 1.42, 0.66, 0.37, 0.07]",0.0,OK
GBM_DYNGRID_GEAR_D1.png,toCheck_100029_00376s_GBM_DYNGRID_GEAR_D1.png,120176,Big,0.12,0.76,"[0.22, 0.07, 0.44, 0.12, 0.2, 0.27, 0.39, 0.15, 0.76, 0.73, 0.22, 0.07]",0.0,OK
GBM_DYNGRID_GEAR_M1.png,toCheck_100029_00396s_GBM_DYNGRID_GEAR_M1.png,120176,Big,0.17,0.76,"[0.22, 0.07, 0.44, 0.12, 0.34, 0.15, 0.39, 0.15, 0.76, 0.27, 0.22, 0.07]",0.0,OK
GBM_DYNGRID_GEAR_P_BRAKEPEDAL.png,toCheck_100030_00366s_GBM_DYNGRID_GEAR_P_BRAKEPEDAL.png,120176,Big,0.37,1.42,"[0.17, 0.24, 1.12, 0.12, 0.39, 0.71, 0.22, 0.15, 1.42, 0.66, 0.37, 0.07]",0.0,OK
GBM_DYNGRID_GEAR_M2.png,toCheck_100033_00411s_GBM_DYNGRID_GEAR_M2.png,120176,Big,4.54,7.62,"[6.01, 6.32, 1.86, 0.12, 3.3, 3.03, 3.34, 0.15, 7.62, 6.08, 1.15, 0.07]",0.0,Investigate
GBM_DYNGRID_GEAR_P_BRAKEPEDAL.png,toCheck_100035_00366s_GBM_DYNGRID_GEAR_P_BRAKEPEDAL.png,120176,Big,0.37,1.42,"[0.17, 0.24, 1.12, 0.12, 0.39, 0.71, 0.22, 0.15, 1.42, 0.66, 0.37, 0.07]",0.0,OK
GBM_DYNGRID_GEAR_D1.png,toCheck_100035_00376s_GBM_DYNGRID_GEAR_D1.png,120176,Big,0.12,0.76,"[0.22, 0.07, 0.44, 0.12, 0.2, 0.27, 0.39, 0.15, 0.76, 0.73, 0.22, 0.07]",0.0,OK
TLT_STOP_ON.png,toCheck_100035_00381s_TLT_STOP_ON.png,22176,Big,0.0,0.0,"[0.0, 0.0, 0.0, 0.0, 0.0, 0.0, 0.0, 0.0]",0.0,OK
GBM_DYNGRID_GEAR_P_BRAKEPEDAL.png,toCheck_100036_00366s_GBM_DYNGRID_GEAR_P_BRAKEPEDAL.png,120176,Big,0.37,1.42,"[0.17, 0.24, 1.12, 0.12, 0.39, 0.71, 0.22, 0.15, 1.42, 0.66, 0.37, 0.07]",0.0,OK
GBM_DYNGRID_GEAR_D1.png,toCheck_100036_00376s_GBM_DYNGRID_GEAR_D1.png,120176,Big,0.12,0.76,"[0.22, 0.07, 0.44, 0.12, 0.2, 0.27, 0.39, 0.15, 0.76, 0.73, 0.22, 0.07]",0.0,OK
TLT_SERV_ON.png,toCheck_100036_00381s_TLT_SERV_ON.png,30736,Big,0.0,0.02,"[0.0, 0.0, 0.0, 0.0, 0.02, 0.0, 0.0, 0.0, 0.0, 0.0, 0.0, 0.0]",0.0,OK
GBM_DYNGRID_GEAR_P_BRAKEPEDAL.png,toCheck_100037_00366s_GBM_DYNGRID_GEAR_P_BRAKEPEDAL.png,120176,Big,0.37,1.42,"[0.17, 0.24, 1.12, 0.12, 0.39, 0.71, 0.22, 0.15, 1.42, 0.66, 0.37, 0.07]",0.0,OK
GBM_DYNGRID_GEAR_D1.png,toCheck_100037_00376s_GBM_DYNGRID_GEAR_D1.png,120176,Big,0.12,0.76,"[0.22, 0.07, 0.44, 0.12, 0.2, 0.27, 0.39, 0.15, 0.76, 0.73, 0.22, 0.07]",0.0,OK
GBM_DYNGRID_GEAR_P_BRAKEPEDAL.png,toCheck_100038_00366s_GBM_DYNGRID_GEAR_P_BRAKEPEDAL.png,120176,Big,0.37,1.42,"[0.17, 0.24, 1.12, 0.12, 0.39, 0.71, 0.22, 0.15, 1.42, 0.66, 0.37, 0.07]",0.0,OK
GBM_DYNGRID_GEAR_D1.png,toCheck_100038_00376s_GBM_DYNGRID_GEAR_D1.png,120176,Big,0.12,0.76,"[0.22, 0.07, 0.44, 0.12, 0.2, 0.27, 0.39, 0.15, 0.76, 0.73, 0.22, 0.07]",0.0,OK
GBM_P_ON.png,toCheck_100039_00416s_GBM_P_ON.png,120176,Big,5.62,3.56,"[1.98, 3.1, 0.0, -0.05, 3.54, 3.56, 0.02, -0.05, 0.02, 0.0, 0.0, -0.05]",0.0,Investigate
GBM_P_OFF.png,toCheck_100039_00418s_GBM_P_OFF.png,120176,Big,5.62,3.56,"[1.98, 3.1, 0.0, -0.05, 3.54, 3.56, 0.02, -0.05, 0.02, 0.0, 0.0, -0.05]",0.0,Investigate
GBM_P_ON.png,toCheck_100039_00420s_GBM_P_ON.png,120176,Big,5.62,3.56,"[1.98, 3.1, 0.0, -0.05, 3.54, 3.56, 0.02, -0.05, 0.02, 0.0, 0.0, -0.05]",0.0,Investigate
GBM_P_OFF.png,toCheck_100039_00422s_GBM_P_OFF.png,120176,Big,5.62,3.56,"[1.98, 3.1, 0.0, -0.05, 3.54, 3.56, 0.02, -0.05, 0.02, 0.0, 0.0, -0.05]",0.0,Investigate
GBM_D7.png,toCheck_100040_00633s_GBM_D7.png,120176,Big,0.24,0.81,"[0.78, 0.81, 0.0, -0.05, 0.02, 0.02, 0.02, -0.05, 0.02, 0.0, 0.0, -0.05]",0.0,OK
GBM_D8.png,toCheck_100040_00668s_GBM_D8.png,120176,Big,0.29,1.88,"[0.49, 0.9, 1.88, -0.05, 0.02, 0.0, 0.02, -0.05, 0.02, 0.0, 0.0, -0.05]",0.0,OK
GBM_D9.png,toCheck_100040_00703s_GBM_D9.png,120176,Big,0.46,3.49,"[0.51, 0.61, 3.49, 2.61, 0.05, 0.02, 0.17, 0.63, 0.02, 0.0, -0.05, -0.05]",0.0,Investigate
GBM_D10.png,toCheck_100040_00738s_GBM_D10.png,120176,Big,0.68,3.74,"[0.46, 0.49, 3.0, 3.74, 0.02, 0.0, 0.24, 0.93, 0.02, 0.0, 0.0, -0.05]",0.0,Investigate
GBM_D6.png,toCheck_100040_00598s_GBM_D6.png,120176,Big,-0.05,0.02,"[0.0, 0.02, 0.0, -0.05, 0.0, 0.02, 0.02, -0.05, 0.02, 0.0, 0.0, -0.05]",0.0,OK
GBM_M6.png,toCheck_100041_00638s_GBM_M6.png,120176,Big,-0.05,0.02,"[0.0, 0.0, 0.0, -0.05, 0.0, -0.05, 0.02, -0.05, 0.02, 0.0, 0.0, -0.05]",0.0,OK
GBM_M7.png,toCheck_100041_00673s_GBM_M7.png,120176,Big,0.22,1.25,"[0.54, 1.25, 0.0, -0.05, 0.02, -0.05, 0.02, -0.05, 0.02, 0.0, 0.0, -0.05]",0.0,OK
GBM_M8.png,toCheck_100041_00708s_GBM_M8.png,120176,Big,0.2,1.88,"[0.88, 1.25, 1.88, -0.05, 0.0, 0.0, 0.02, -0.05, 0.02, 0.0, 0.0, -0.05]",0.0,OK
GBM_M9.png,toCheck_100041_00743s_GBM_M9.png,120176,Big,0.56,3.49,"[1.15, 0.46, 3.49, 2.61, 0.02, 0.0, 0.17, 0.63, 0.02, 0.0, -0.05, -0.05]",0.0,Investigate
GBM_M10.png,toCheck_100041_00778s_GBM_M10.png,120176,Big,0.66,3.74,"[0.95, 0.44, 3.0, 3.74, 0.0, 0.02, 0.24, 0.93, 0.02, 0.0, 0.0, -0.05]",0.0,Investigate
GBM_P_WITH_PEDAL_PRESS.png,toCheck_100045_00373s_GBM_P_WITH_PEDAL_PRESS.png,120176,Big,2.71,5.86,"[0.0, 0.02, 0.0, -0.05, 5.15, 5.86, 0.02, -0.05, 0.02, 0.0, 0.0, -0.05]",0.0,Investigate
GBM_B_EV.png,toCheck_100045_00393s_GBM_B_EV.png,120176,Big,5.54,4.47,"[2.47, 2.81, 0.0, -0.05, 3.22, 4.47, 0.02, -0.05, 0.02, 0.0, 0.0, -0.05]",0.0,Investigate
GBM_D8.png,toCheck_100046_00623s_GBM_D8.png,120176,Big,0.71,3.22,"[-0.05, 0.12, 3.22, -0.05, 0.0, 0.15, 0.39, -0.05, 0.02, 0.0, 0.0, -0.05]",0.0,Investigate
GBM_D9.png,toCheck_100046_00658s_GBM_D9.png,120176,Big,-0.05,0.88,"[0.24, -0.05, 0.0, 0.42, 0.27, 0.02, 0.44, 0.88, 0.02, 0.0, 0.0, -0.05]",0.0,OK
GBM_D10.png,toCheck_100046_00693s_GBM_D10.png,120176,Big,0.32,1.39,"[1.39, -0.05, 0.0, -0.05, 0.05, 0.0, 0.02, -0.05, 0.02, 0.0, 0.0, -0.05]",0.0,OK
CHARGE_NO_ALERT.png,toCheck_100046_00828s_CHARGE_NO_ALERT.png,267388,Big,7.18,13.4,"[10.84, 8.72, 11.35, 8.33, 13.23, 13.4]",0.0,Investigate
GBM_M6_EV.png,toCheck_100046_00988s_GBM_M6_EV.png,120176,Big,-0.05,0.02,"[0.0, 0.0, 0.0, -0.05, 0.0, -0.05, 0.02, -0.05, 0.02, 0.0, 0.0, -0.05]",0.0,OK
GBM_M7_EV.png,toCheck_100046_01023s_GBM_M7_EV.png,120176,Big,0.22,1.25,"[0.54, 1.25, 0.0, -0.05, 0.02, -0.05, 0.02, -0.05, 0.02, 0.0, 0.0, -0.05]",0.0,OK
GBM_M8_EV.png,toCheck_100046_01058s_GBM_M8_EV.png,120176,Big,0.2,1.88,"[0.88, 1.25, 1.88, -0.05, 0.0, 0.0, 0.02, -0.05, 0.02, 0.0, 0.0, -0.05]",0.0,OK
GBM_M9_EV.png,toCheck_100046_01093s_GBM_M9_EV.png,120176,Big,0.56,3.49,"[1.15, 0.46, 3.49, 2.61, 0.02, 0.0, 0.17, 0.63, 0.02, 0.0, -0.05, -0.05]",0.0,Investigate
GBM_M10_EV.png,toCheck_100046_01128s_GBM_M10_EV.png,120176,Big,0.66,3.74,"[0.95, 0.44, 3.0, 3.74, 0.0, 0.02, 0.24, 0.93, 0.02, 0.0, 0.0, -0.05]",0.0,Investigate
GBM_D6.png,toCheck_100046_00553s_GBM_D6.png,120176,Big,-0.05,0.24,"[0.22, 0.02, 0.0, -0.05, 0.24, 0.02, 0.02, -0.05, 0.02, 0.0, 0.0, -0.05]",0.0,OK
GBM_D7.png,toCheck_100046_00588s_GBM_D7.png,120176,Big,0.76,0.9,"[0.37, 0.9, 0.0, -0.05, 0.0, 0.0, 0.02, -0.05, 0.02, 0.0, 0.0, -0.05]",0.0,OK
TXTALT_20301_1.png,toCheck_100051_00403s_TXTALT_20301_1.png,267388,Big,0.0,0.81,"[0.81, -0.05, -0.05, -0.05, 0.0, 0.0]",0.0,OK
GBM_P_ON.png,toCheck_100057_00418s_GBM_P_ON.png,120176,Big,5.62,3.56,"[1.98, 3.1, 0.0, -0.05, 3.54, 3.56, 0.02, -0.05, 0.02, 0.0, 0.0, -0.05]",0.0,Investigate
GBM_P_OFF.png,toCheck_100057_00420s_GBM_P_OFF.png,120176,Big,5.62,3.56,"[1.98, 3.1, 0.0, -0.05, 3.54, 3.56, 0.02, -0.05, 0.02, 0.0, 0.0, -0.05]",0.0,Investigate
GBM_P_ON.png,toCheck_100057_00422s_GBM_P_ON.png,120176,Big,5.62,3.56,"[1.98, 3.1, 0.0, -0.05, 3.54, 3.56, 0.02, -0.05, 0.02, 0.0, 0.0, -0.05]",0.0,Investigate
GBM_P_OFF.png,toCheck_100057_00424s_GBM_P_OFF.png,120176,Big,5.62,3.56,"[1.98, 3.1, 0.0, -0.05, 3.54, 3.56, 0.02, -0.05, 0.02, 0.0, 0.0, -0.05]",0.0,Investigate
NO_ALERT_PHEV.png,toCheck_100000_00541s_NO_ALERT_PHEV.png,267388,Big,9.72,8.3,"[1.76, 8.13, 2.93, 0.46, 8.3, 1.46]",0.0,NOK
FULL_ALTIA_WAKEUP_EV.png,toCheck_100001_00358s_FULL_ALTIA_WAKEUP_EV.png,1376640,Big,0.0,11.23,"[0.02, 0.0, -0.05, 0.0, 0.0, -0.05, 0.0, 0.0, 0.0, 0.0, -0.05, 0.0, 0.0, 0.0, 0.02, 0.02, -0.05, 0.0, 11.23, 0.0, 0.0, -0.05, 0.0, -0.05, -0.05, 0.0, 0.0, 0.0, -0.05, -0.05, 0.0, -0.05, -0.05, 0.02, -0.05, -0.05]",0.0,NOK
FULL_ALTIA_WAKEUP_EV.png,toCheck_100001_00476s_FULL_ALTIA_WAKEUP_EV.png,1376640,Big,0.0,11.23,"[0.02, 0.0, -0.05, 0.0, 0.0, -0.05, 0.0, 0.0, 0.0, 0.0, -0.05, 0.0, 0.0, 0.0, 0.02, 0.02, -0.05, 0.0, 11.23, 0.0, 0.0, -0.05, 0.0, -0.05, -0.05, 0.0, 0.0, 0.0, -0.05, -0.05, 0.0, -0.05, -0.05, 0.02, -0.05, -0.05]",0.0,NOK
ENGFLOW_NO_FLOW_2WD.png,toCheck_100001_00548s_ENGFLOW_NO_FLOW_2WD.png,254449,Big,3.96,8.08,"[7.62, 8.08, 0.05, 3.93, 0.0, 5.98, 6.01, 0.0, 2.15]",0.0,Investigate
FULL_ALTIA_WAKEUP_EV.png,toCheck_100002_00358s_FULL_ALTIA_WAKEUP_EV.png,1376640,Big,0.0,11.23,"[0.02, 0.0, -0.05, 0.0, 0.0, -0.05, 0.0, 0.0, 0.0, 0.0, -0.05, 0.0, 0.0, 0.0, 0.02, 0.02, -0.05, 0.0, 11.23, 0.0, 0.0, -0.05, 0.0, -0.05, -0.05, 0.0, 0.0, 0.0, -0.05, -0.05, 0.0, -0.05, -0.05, 0.02, -0.05, -0.05]",0.0,NOK
FULL_ALTIA_WAKEUP_EV.png,toCheck_100002_00476s_FULL_ALTIA_WAKEUP_EV.png,1376640,Big,0.0,11.23,"[0.02, 0.0, -0.05, 0.0, 0.0, -0.05, 0.0, 0.0, 0.0, 0.0, -0.05, 0.0, 0.0, 0.0, 0.02, 0.02, -0.05, 0.0, 11.23, 0.0, 0.0, -0.05, 0.0, -0.05, -0.05, 0.0, 0.0, 0.0, -0.05, -0.05, 0.0, -0.05, -0.05, 0.02, -0.05, -0.05]",0.0,NOK
ENGFLOW_NO_FLOW_2WD.png,toCheck_100002_00548s_ENGFLOW_NO_FLOW_2WD.png,254449,Big,3.96,8.08,"[7.62, 8.08, 0.05, 3.93, 0.0, 5.98, 6.01, 0.0, 2.15]",0.0,Investigate
FULL_ALTIA_WAKEUP_EV.png,toCheck_100003_00358s_FULL_ALTIA_WAKEUP_EV.png,1376640,Big,0.0,11.23,"[0.02, 0.0, -0.05, 0.0, 0.0, -0.05, 0.0, 0.0, 0.0, 0.0, -0.05, 0.0, 0.0, 0.0, 0.02, 0.02, -0.05, 0.0, 11.23, 0.0, 0.0, -0.05, 0.0, -0.05, -0.05, 0.0, 0.0, 0.0, -0.05, -0.05, 0.0, -0.05, -0.05, 0.02, -0.05, -0.05]",0.0,NOK
FULL_ALTIA_WAKEUP_EV.png,toCheck_100003_00476s_FULL_ALTIA_WAKEUP_EV.png,1376640,Big,0.0,11.23,"[0.02, 0.0, -0.05, 0.0, 0.0, -0.05, 0.0, 0.0, 0.0, 0.0, -0.05, 0.0, 0.0, 0.0, 0.02, 0.02, -0.05, 0.0, 11.23, 0.0, 0.0, -0.05, 0.0, -0.05, -0.05, 0.0, 0.0, 0.0, -0.05, -0.05, 0.0, -0.05, -0.05, 0.02, -0.05, -0.05]",0.0,NOK
ENGFLOW_NO_FLOW_4WD.png,toCheck_100003_00548s_ENGFLOW_NO_FLOW_4WD.png,254449,Big,3.61,8.11,"[7.62, 8.11, -0.05, 0.0, 0.0, 0.02, 0.0, -0.05, 0.02]",0.0,Investigate
FULL_ALTIA_WAKEUP_EV.png,toCheck_100004_00358s_FULL_ALTIA_WAKEUP_EV.png,1376640,Big,0.0,11.23,"[0.02, 0.0, -0.05, 0.0, 0.0, -0.05, 0.0, 0.0, 0.0, 0.0, -0.05, 0.0, 0.0, 0.0, 0.02, 0.02, -0.05, 0.0, 11.23, 0.0, 0.0, -0.05, 0.0, -0.05, -0.05, 0.0, 0.0, 0.0, -0.05, -0.05, 0.0, -0.05, -0.05, 0.02, -0.05, -0.05]",0.0,NOK
FULL_ALTIA_WAKEUP_EV.png,toCheck_100004_00366s_FULL_ALTIA_WAKEUP_EV.png,1376640,Big,0.0,11.23,"[0.02, 0.0, -0.05, 0.0, 0.0, -0.05, 0.0, 0.0, 0.0, 0.0, -0.05, 0.0, 0.0, 0.0, 0.02, 0.02, -0.05, 0.0, 11.23, 0.0, 0.0, -0.05, 0.0, -0.05, -0.05, 0.0, 0.0, 0.0, -0.05, -0.05, 0.0, -0.05, -0.05, 0.02, -0.05, -0.05]",0.0,NOK
ENGFLOW_NO_FLOW_4WD.png,toCheck_100004_00438s_ENGFLOW_NO_FLOW_4WD.png,254449,Big,3.61,8.11,"[7.62, 8.11, -0.05, 0.0, 0.0, 0.02, 0.0, -0.05, 0.02]",0.0,Investigate
ENGFLOW_NO_FLOW_2WD.png,toCheck_100005_00548s_ENGFLOW_NO_FLOW_2WD.png,254449,Big,3.96,8.08,"[7.62, 8.08, 0.05, 3.93, 0.0, 5.98, 6.01, 0.0, 2.15]",0.0,Investigate
ENGFLOW_NO_FLOW_2WD.png,toCheck_100006_00548s_ENGFLOW_NO_FLOW_2WD.png,254449,Big,3.96,8.08,"[7.62, 8.08, 0.05, 3.93, 0.0, 5.98, 6.01, 0.0, 2.15]",0.0,Investigate
ENGFLOW_NO_FLOW_2WD.png,toCheck_100007_00548s_ENGFLOW_NO_FLOW_2WD.png,254449,Big,3.96,8.08,"[7.62, 8.08, 0.05, 3.93, 0.0, 5.98, 6.01, 0.0, 2.15]",0.0,Investigate
ENGFLOW_NO_FLOW_4WD.png,toCheck_100008_00548s_ENGFLOW_NO_FLOW_4WD.png,254449,Big,3.61,8.11,"[7.62, 8.11, -0.05, 0.0, 0.0, 0.02, 0.0, -0.05, 0.02]",0.0,Investigate
ENGFLOW_NO_FLOW_4WD.png,toCheck_100009_00548s_ENGFLOW_NO_FLOW_4WD.png,254449,Big,3.61,8.11,"[7.62, 8.11, -0.05, 0.0, 0.0, 0.02, 0.0, -0.05, 0.02]",0.0,Investigate
ENGFLOW_NO_FLOW_4WD.png,toCheck_100010_00548s_ENGFLOW_NO_FLOW_4WD.png,254449,Big,3.61,8.11,"[7.62, 8.11, -0.05, 0.0, 0.0, 0.02, 0.0, -0.05, 0.02]",0.0,Investigate
ENGFLOW_NO_FLOW_2WD.png,toCheck_100011_00548s_ENGFLOW_NO_FLOW_2WD.png,254449,Big,3.96,8.08,"[7.62, 8.08, 0.05, 3.93, 0.0, 5.98, 6.01, 0.0, 2.12]",0.0,Investigate
ENGFLOW_NO_FLOW_2WD.png,toCheck_100012_00548s_ENGFLOW_NO_FLOW_2WD.png,254449,Big,3.96,8.08,"[7.62, 8.08, 0.05, 3.93, 0.0, 5.98, 6.01, 0.0, 2.12]",0.0,Investigate
ENGFLOW_NO_FLOW_2WD.png,toCheck_100013_00548s_ENGFLOW_NO_FLOW_2WD.png,254449,Big,3.96,8.08,"[7.62, 8.08, 0.05, 3.93, 0.0, 5.98, 6.01, 0.0, 2.12]",0.0,Investigate
ENGFLOW_NO_FLOW_4WD.png,toCheck_100014_00548s_ENGFLOW_NO_FLOW_4WD.png,254449,Big,3.61,8.11,"[7.62, 8.11, -0.05, 0.0, 0.0, 0.02, 0.02, -0.05, 0.0]",0.0,Investigate
ENGFLOW_NO_FLOW_4WD.png,toCheck_100015_00548s_ENGFLOW_NO_FLOW_4WD.png,254449,Big,3.61,8.11,"[7.62, 8.11, -0.05, 0.0, 0.0, 0.02, 0.02, -0.05, 0.0]",0.0,Investigate
ENGFLOW_NO_FLOW_4WD.png,toCheck_100016_00548s_ENGFLOW_NO_FLOW_4WD.png,254449,Big,3.61,8.11,"[7.62, 8.11, -0.05, 0.0, 0.0, 0.02, 0.02, -0.05, 0.0]",0.0,Investigate
MMI_ConfortNominal_mHEV.png,toCheck_100017_00240s_MMI_ConfortNominal_mHEV.png,1376640,Big,0.0,0.1,"[0.02, 0.0, -0.05, 0.0, 0.02, 0.0, 0.0, -0.05, 0.1, 0.0, 0.0, 0.0, 0.0, 0.0, -0.05, 0.0, 0.02, 0.0, 0.0, 0.02, -0.05, 0.0, 0.0, 0.02, -0.05, 0.0, 0.0, 0.02, 0.0, 0.0, -0.05, -0.05, -0.05, 0.0, 0.02, 0.0]",0.0,OK
FULL_ALTIA_WAKEUP_mHEV.png,toCheck_100017_00358s_FULL_ALTIA_WAKEUP_mHEV.png,1376640,Big,0.0,0.1,"[0.02, 0.0, -0.05, 0.0, 0.02, 0.0, 0.0, -0.05, 0.1, 0.02, 0.0, 0.0, 0.0, 0.0, -0.05, 0.0, 0.02, 0.0, 0.0, 0.02, -0.05, 0.0, 0.0, 0.02, -0.05, 0.0, 0.0, 0.02, 0.0, 0.02, -0.05, -0.05, -0.05, 0.0, 0.02, 0.0]",0.0,OK
FULL_ALTIA_WAKEUP_mHEV_ECOSKIN.png,toCheck_100017_00476s_FULL_ALTIA_WAKEUP_mHEV_ECOSKIN.png,1376640,Big,0.0,0.1,"[0.02, 0.0, -0.05, 0.0, 0.02, 0.0, 0.0, -0.05, 0.1, 0.02, 0.0, 0.0, 0.0, 0.0, -0.05, 0.0, 0.02, 0.0, 0.0, 0.02, -0.05, 0.0, 0.0, 0.02, -0.05, 0.0, 0.0, 0.02, 0.0, 0.02, -0.05, -0.05, -0.05, 0.0, 0.02, 0.0]",0.0,OK
ENGFLOW_NO_FLOW_2WD.png,toCheck_100017_00548s_ENGFLOW_NO_FLOW_2WD.png,254449,Big,4.71,8.08,"[7.64, 8.08, 0.05, 0.0, 0.0, 0.0, 0.0, 0.0, 0.0]",0.0,Investigate
MMI_ConfortNominal_mHEV.png,toCheck_100018_00240s_MMI_ConfortNominal_mHEV.png,1376640,Big,0.0,0.1,"[0.02, 0.0, -0.05, 0.0, 0.02, 0.0, 0.0, -0.05, 0.1, 0.0, 0.0, 0.0, 0.0, 0.0, -0.05, 0.0, 0.02, 0.0, 0.0, 0.02, -0.05, 0.0, 0.0, 0.02, -0.05, 0.0, 0.0, 0.02, 0.0, 0.0, -0.05, -0.05, -0.05, 0.0, 0.02, 0.0]",0.0,OK
FULL_ALTIA_WAKEUP_mHEV.png,toCheck_100018_00358s_FULL_ALTIA_WAKEUP_mHEV.png,1376640,Big,0.0,0.1,"[0.02, 0.0, -0.05, 0.0, 0.02, 0.0, 0.0, -0.05, 0.1, 0.02, 0.0, 0.0, 0.0, 0.0, -0.05, 0.0, 0.02, 0.0, 0.0, 0.02, -0.05, 0.0, 0.0, 0.02, -0.05, 0.0, 0.0, 0.02, 0.0, 0.02, -0.05, -0.05, -0.05, 0.0, 0.02, 0.0]",0.0,OK
FULL_ALTIA_WAKEUP_mHEV_ECOSKIN.png,toCheck_100018_00476s_FULL_ALTIA_WAKEUP_mHEV_ECOSKIN.png,1376640,Big,0.0,0.1,"[0.02, 0.0, -0.05, 0.0, 0.02, 0.0, 0.0, -0.05, 0.1, 0.02, 0.0, 0.0, 0.0, 0.0, -0.05, 0.0, 0.02, 0.0, 0.0, 0.02, -0.05, 0.0, 0.0, 0.02, -0.05, 0.0, 0.0, 0.02, 0.0, 0.02, -0.05, -0.05, -0.05, 0.0, 0.02, 0.0]",0.0,OK
2WD_mHEV_ENGto_BATTo_FRWHL_Low.png,toCheck_100018_00498s_2WD_mHEV_ENGto_BATTo_FRWHL_Low.png,254449,Big,0.0,0.07,"[0.0, 0.0, 0.07, 0.0, 0.0, 0.02, 0.0, 0.0, 0.0]",0.0,OK
2WD_mHEV_ENGto_BATTo_FRWHL_High.png,toCheck_100018_00523s_2WD_mHEV_ENGto_BATTo_FRWHL_High.png,254449,Big,0.0,0.07,"[0.0, 0.0, 0.07, 0.0, 0.0, 0.02, 0.0, 0.0, 0.0]",0.0,OK
ENGFLOW_NO_FLOW_2WD.png,toCheck_100018_00548s_ENGFLOW_NO_FLOW_2WD.png,254449,Big,4.71,8.08,"[7.64, 8.08, 0.05, 0.0, 0.0, 0.0, 0.0, 0.0, 0.0]",0.0,Investigate
MMI_ConfortNominal_mHEV.png,toCheck_100019_00240s_MMI_ConfortNominal_mHEV.png,1376640,Big,0.0,0.1,"[0.02, 0.0, -0.05, 0.0, 0.02, 0.0, 0.0, -0.05, 0.1, 0.0, 0.0, 0.0, 0.0, 0.0, -0.05, 0.0, 0.02, 0.0, 0.0, 0.02, -0.05, 0.0, 0.0, 0.02, -0.05, 0.0, 0.0, 0.02, 0.0, 0.0, -0.05, -0.05, -0.05, 0.0, 0.02, 0.0]",0.0,OK
FULL_ALTIA_WAKEUP_mHEV.png,toCheck_100019_00358s_FULL_ALTIA_WAKEUP_mHEV.png,1376640,Big,0.0,0.1,"[0.02, 0.0, -0.05, 0.0, 0.02, 0.0, 0.0, -0.05, 0.1, 0.02, 0.0, 0.0, 0.0, 0.0, -0.05, 0.0, 0.02, 0.0, 0.0, 0.02, -0.05, 0.0, 0.0, 0.02, -0.05, 0.0, 0.0, 0.02, 0.0, 0.02, -0.05, -0.05, -0.05, 0.0, 0.02, 0.0]",0.0,OK
FULL_ALTIA_WAKEUP_mHEV_ECOSKIN.png,toCheck_100019_00476s_FULL_ALTIA_WAKEUP_mHEV_ECOSKIN.png,1376640,Big,0.0,0.1,"[0.02, 0.0, -0.05, 0.0, 0.02, 0.0, 0.0, -0.05, 0.1, 0.02, 0.0, 0.0, 0.0, 0.0, -0.05, 0.0, 0.02, 0.0, 0.0, 0.02, -0.05, 0.0, 0.0, 0.02, -0.05, 0.0, 0.0, 0.02, 0.0, 0.02, -0.05, -0.05, -0.05, 0.0, 0.02, 0.0]",0.0,OK
ENGFLOW_NO_FLOW_2WD.png,toCheck_100019_00548s_ENGFLOW_NO_FLOW_2WD.png,254449,Big,4.71,8.08,"[7.64, 8.08, 0.05, 0.0, 0.0, 0.0, 0.0, 0.0, 0.0]",0.0,Investigate
ENG_FLOW_2WD_ENG_BAT_ENG_FRWHEEL_HIGH_HEV.png,toCheck_100020_00548s_ENG_FLOW_2WD_ENG_BAT_ENG_FRWHEEL_HIGH_HEV.png,254449,Big,3.61,8.11,"[7.62, 8.11, -0.05, 0.0, 0.0, 0.02, 0.0, -0.05, 0.02]",0.0,Investigate
ENGFLOW_NO_FLOW_2WD.png,toCheck_100020_00573s_ENGFLOW_NO_FLOW_2WD.png,254449,Big,3.96,8.08,"[7.62, 8.08, 0.05, 3.93, 0.0, 5.98, 6.01, 0.0, 2.15]",0.0,Investigate
ENG_FLOW_4WD_ENG_BAT_ENG_FRWHEEL_MID_HEV.png,toCheck_100021_00548s_ENG_FLOW_4WD_ENG_BAT_ENG_FRWHEEL_MID_HEV.png,254449,Big,4.59,8.84,"[8.25, 8.84, 4.1, 2.73, 2.17, 3.52, 0.0, -0.05, 0.02]",0.0,Investigate
ENGFLOW_NO_FLOW_4WD.png,toCheck_100021_00573s_ENGFLOW_NO_FLOW_4WD.png,254449,Big,3.61,8.11,"[7.62, 8.11, -0.05, 0.0, 0.0, 0.02, 0.0, -0.05, 0.02]",0.0,Investigate
ENG_FLOW_2WD_ENG_BAT_ENG_FRWHEEL_HIGH_PHEV.png,toCheck_100022_00548s_ENG_FLOW_2WD_ENG_BAT_ENG_FRWHEEL_HIGH_PHEV.png,254449,Big,3.61,8.11,"[7.62, 8.11, -0.05, 0.0, 0.0, 0.02, -0.05, -0.05, 0.0]",0.0,Investigate
ENGFLOW_NO_FLOW_2WD.png,toCheck_100022_00573s_ENGFLOW_NO_FLOW_2WD.png,254449,Big,3.96,8.08,"[7.62, 8.08, 0.05, 3.93, 0.0, 5.98, 6.01, 0.0, 2.12]",0.0,Investigate
ENG_FLOW_4WD_ENG_BAT_FR_WHL_HIGH_PHEV.png,toCheck_100023_00548s_ENG_FLOW_4WD_ENG_BAT_FR_WHL_HIGH_PHEV.png,254449,Big,3.61,8.11,"[7.62, 8.11, -0.05, 0.0, 0.0, 0.02, -0.05, -0.05, 0.0]",0.0,Investigate
ENGFLOW_NO_FLOW_4WD.png,toCheck_100023_00573s_ENGFLOW_NO_FLOW_4WD.png,254449,Big,3.61,8.11,"[7.62, 8.11, -0.05, 0.0, 0.0, 0.02, 0.02, -0.05, 0.0]",0.0,Investigate
MMI_ConfortNominal_mHEV.png,toCheck_100024_00240s_MMI_ConfortNominal_mHEV.png,1376640,Big,0.0,0.1,"[0.02, 0.0, -0.05, 0.0, 0.02, 0.0, 0.0, -0.05, 0.1, 0.0, 0.0, 0.0, 0.0, 0.0, -0.05, 0.0, 0.02, 0.0, 0.0, 0.02, -0.05, 0.0, 0.0, 0.02, -0.05, 0.0, 0.0, 0.02, 0.0, 0.0, -0.05, -0.05, -0.05, 0.0, 0.02, 0.0]",0.0,OK
FULL_ALTIA_WAKEUP_mHEV.png,toCheck_100024_00358s_FULL_ALTIA_WAKEUP_mHEV.png,1376640,Big,0.0,0.1,"[0.02, 0.0, -0.05, 0.0, 0.02, 0.0, 0.0, -0.05, 0.1, 0.02, 0.0, 0.0, 0.0, 0.0, -0.05, 0.0, 0.02, 0.0, 0.0, 0.02, -0.05, 0.0, 0.0, 0.02, -0.05, 0.0, 0.0, 0.02, 0.0, 0.02, -0.05, -0.05, -0.05, 0.0, 0.02, 0.0]",0.0,OK
FULL_ALTIA_WAKEUP_mHEV_ECOSKIN.png,toCheck_100024_00476s_FULL_ALTIA_WAKEUP_mHEV_ECOSKIN.png,1376640,Big,0.0,0.1,"[0.02, 0.0, -0.05, 0.0, 0.02, 0.0, 0.0, -0.05, 0.1, 0.02, 0.0, 0.0, 0.0, 0.0, -0.05, 0.0, 0.02, 0.0, 0.0, 0.02, -0.05, 0.0, 0.0, 0.02, -0.05, 0.0, 0.0, 0.02, 0.0, 0.02, -0.05, -0.05, -0.05, 0.0, 0.02, 0.0]",0.0,OK
ENG_FLOW_2WD_ENG_BAT_ENG_FRWHEEL_HIGH_MHEV.png,toCheck_100024_00548s_ENG_FLOW_2WD_ENG_BAT_ENG_FRWHEEL_HIGH_MHEV.png,254449,Big,4.66,8.08,"[7.62, 8.08, 0.0, 0.0, 0.0, 0.0, 0.0, 0.0, 0.0]",0.0,Investigate
ENG_FLOW_NO_FLOW.png,toCheck_100024_00573s_ENG_FLOW_NO_FLOW.png,254449,Big,4.66,8.08,"[7.62, 8.08, 0.0, 0.0, 0.0, 0.0, 0.0, 0.0, 0.0]",0.0,Investigate
FULL_ALTIA_WAKEUP_EV.png,toCheck_100020_00358s_FULL_ALTIA_WAKEUP_EV.png,1376640,Big,0.0,11.23,"[0.02, 0.0, -0.05, 0.0, 0.0, -0.05, 0.0, 0.0, 0.0, 0.0, -0.05, 0.0, 0.0, 0.0, 0.02, 0.02, -0.05, 0.0, 11.23, 0.0, 0.0, -0.05, 0.0, -0.05, -0.05, 0.0, 0.0, 0.0, -0.05, -0.05, 0.0, -0.05, -0.05, 0.02, -0.05, -0.05]",0.0,NOK
EV_AvgCons_100pt0_KWH.png,toCheck_100020_00403s_EV_AvgCons_100pt0_KWH.png,NA,NA,NA,11.23,"[0.02, 0.0, -0.05, 0.0, 0.0, -0.05, 0.0, 0.0, 0.0, 0.0, -0.05, 0.0, 0.0, 0.0, 0.02, 0.02, -0.05, 0.0, 11.23, 0.0, 0.0, -0.05, 0.0, -0.05, -0.05, 0.0, 0.0, 0.0, -0.05, -0.05, 0.0, -0.05, -0.05, 0.02, -0.05, -0.05]",18.33,Faulty
EV_AvgCons_101pt0_KWH.png,toCheck_100020_00418s_EV_AvgCons_101pt0_KWH.png,NA,NA,NA,11.23,"[0.02, 0.0, -0.05, 0.0, 0.0, -0.05, 0.0, 0.0, 0.0, 0.0, -0.05, 0.0, 0.0, 0.0, 0.02, 0.02, -0.05, 0.0, 11.23, 0.0, 0.0, -0.05, 0.0, -0.05, -0.05, 0.0, 0.0, 0.0, -0.05, -0.05, 0.0, -0.05, -0.05, 0.02, -0.05, -0.05]",18.33,Faulty
EV_AvgCons_102pt0_KWH.png,toCheck_100020_00433s_EV_AvgCons_102pt0_KWH.png,NA,NA,NA,11.23,"[0.02, 0.0, -0.05, 0.0, 0.0, -0.05, 0.0, 0.0, 0.0, 0.0, -0.05, 0.0, 0.0, 0.0, 0.02, 0.02, -0.05, 0.0, 11.23, 0.0, 0.0, -0.05, 0.0, -0.05, -0.05, 0.0, 0.0, 0.0, -0.05, -0.05, 0.0, -0.05, -0.05, 0.02, -0.05, -0.05]",18.33,Faulty
EV_AvgCons_102pt1_KWH.png,toCheck_100020_00448s_EV_AvgCons_102pt1_KWH.png,NA,NA,NA,11.23,"[0.02, 0.0, -0.05, 0.0, 0.0, -0.05, 0.0, 0.0, 0.0, 0.0, -0.05, 0.0, 0.0, 0.0, 0.02, 0.02, -0.05, 0.0, 11.23, 0.0, 0.0, -0.05, 0.0, -0.05, -0.05, 0.0, 0.0, 0.0, -0.05, -0.05, 0.0, -0.05, -0.05, 0.02, -0.05, -0.05]",18.33,Faulty
EV_AvgCons_102pt2_KWH.png,toCheck_100020_00463s_EV_AvgCons_102pt2_KWH.png,NA,NA,NA,11.23,"[0.02, 0.0, -0.05, 0.0, 0.0, -0.05, 0.0, 0.0, 0.0, 0.0, -0.05, 0.0, 0.0, 0.0, 0.02, 0.02, -0.05, 0.0, 11.23, 0.0, 0.0, -0.05, 0.0, -0.05, -0.05, 0.0, 0.0, 0.0, -0.05, -0.05, 0.0, -0.05, -0.05, 0.02, -0.05, -0.05]",18.33,Faulty
EV_AvgCons_INV_KWH.png,toCheck_100020_00478s_EV_AvgCons_INV_KWH.png,NA,NA,NA,11.23,"[0.02, 0.0, -0.05, 0.0, 0.0, -0.05, 0.0, 0.0, 0.0, 0.0, -0.05, 0.0, 0.0, 0.0, 0.02, 0.02, -0.05, 0.0, 11.23, 0.0, 0.0, -0.05, 0.0, -0.05, -0.05, 0.0, 0.0, 0.0, -0.05, -0.05, 0.0, -0.05, -0.05, 0.02, -0.05, -0.05]",18.33,Faulty
FULL_ALTIA_WAKEUP_EV.png,toCheck_100021_00358s_FULL_ALTIA_WAKEUP_EV.png,1376640,Big,0.0,11.23,"[0.02, 0.0, -0.05, 0.0, 0.0, -0.05, 0.0, 0.0, 0.0, 0.0, -0.05, 0.0, 0.0, 0.0, 0.02, 0.02, -0.05, 0.0, 11.23, 0.0, 0.0, -0.05, 0.0, -0.05, -0.05, 0.0, 0.0, 0.0, -0.05, -0.05, 0.0, -0.05, -0.05, 0.02, -0.05, -0.05]",0.0,NOK
EV_AvgCons_100pt0_KWHP100.png,toCheck_100021_00403s_EV_AvgCons_100pt0_KWHP100.png,NA,NA,NA,11.23,"[0.02, 0.0, -0.05, 0.0, 0.0, -0.05, 0.0, 0.0, 0.0, 0.0, -0.05, 0.0, 0.0, 0.0, 0.02, 0.02, -0.05, 0.0, 11.23, 0.0, 0.0, -0.05, 0.0, -0.05, -0.05, 0.0, 0.0, 0.0, -0.05, -0.05, 0.0, -0.05, -0.05, 0.02, -0.05, -0.05]",18.33,Faulty
EV_AvgCons_101pt0_KWHP100.png,toCheck_100021_00418s_EV_AvgCons_101pt0_KWHP100.png,NA,NA,NA,11.23,"[0.02, 0.0, -0.05, 0.0, 0.0, -0.05, 0.0, 0.0, 0.0, 0.0, -0.05, 0.0, 0.0, 0.0, 0.02, 0.02, -0.05, 0.0, 11.23, 0.0, 0.0, -0.05, 0.0, -0.05, -0.05, 0.0, 0.0, 0.0, -0.05, -0.05, 0.0, -0.05, -0.05, 0.02, -0.05, -0.05]",18.33,Faulty
EV_AvgCons_102pt0_KWHP100.png,toCheck_100021_00433s_EV_AvgCons_102pt0_KWHP100.png,NA,NA,NA,11.23,"[0.02, 0.0, -0.05, 0.0, 0.0, -0.05, 0.0, 0.0, 0.0, 0.0, -0.05, 0.0, 0.0, 0.0, 0.02, 0.02, -0.05, 0.0, 11.23, 0.0, 0.0, -0.05, 0.0, -0.05, -0.05, 0.0, 0.0, 0.0, -0.05, -0.05, 0.0, -0.05, -0.05, 0.02, -0.05, -0.05]",18.33,Faulty
EV_AvgCons_102pt1_KWHP100.png,toCheck_100021_00448s_EV_AvgCons_102pt1_KWHP100.png,NA,NA,NA,11.23,"[0.02, 0.0, -0.05, 0.0, 0.0, -0.05, 0.0, 0.0, 0.0, 0.0, -0.05, 0.0, 0.0, 0.0, 0.02, 0.02, -0.05, 0.0, 11.23, 0.0, 0.0, -0.05, 0.0, -0.05, -0.05, 0.0, 0.0, 0.0, -0.05, -0.05, 0.0, -0.05, -0.05, 0.02, -0.05, -0.05]",18.33,Faulty
EV_AvgCons_102pt2_KWHP100.png,toCheck_100021_00463s_EV_AvgCons_102pt2_KWHP100.png,NA,NA,NA,11.23,"[0.02, 0.0, -0.05, 0.0, 0.0, -0.05, 0.0, 0.0, 0.0, 0.0, -0.05, 0.0, 0.0, 0.0, 0.02, 0.02, -0.05, 0.0, 11.23, 0.0, 0.0, -0.05, 0.0, -0.05, -0.05, 0.0, 0.0, 0.0, -0.05, -0.05, 0.0, -0.05, -0.05, 0.02, -0.05, -0.05]",18.33,Faulty
EV_AvgCons_6pt0_KWH.png,toCheck_100022_00493s_EV_AvgCons_6pt0_KWH.png,NA,NA,NA,11.23,"[0.02, 0.0, -0.05, 0.0, 0.0, -0.05, 0.0, 0.0, 0.0, 0.0, -0.05, 0.0, 0.0, 0.0, 0.02, 0.02, -0.05, 0.0, 11.23, 0.0, 0.0, -0.05, 0.0, -0.05, -0.05, 0.0, 0.0, 0.0, -0.05, -0.05, 0.0, -0.05, -0.05, 0.02, -0.05, -0.05]",18.33,Faulty
EV_AvgCons_7pt0_KWH.png,toCheck_100022_00508s_EV_AvgCons_7pt0_KWH.png,NA,NA,NA,11.23,"[0.02, 0.0, -0.05, 0.0, 0.0, -0.05, 0.0, 0.0, 0.0, 0.0, -0.05, 0.0, 0.0, 0.0, 0.02, 0.02, -0.05, 0.0, 11.23, 0.0, 0.0, -0.05, 0.0, -0.05, -0.05, 0.0, 0.0, 0.0, -0.05, -0.05, 0.0, -0.05, -0.05, 0.02, -0.05, -0.05]",18.33,Faulty
EV_AvgCons_8pt0_KWH.png,toCheck_100022_00523s_EV_AvgCons_8pt0_KWH.png,NA,NA,NA,11.23,"[0.02, 0.0, -0.05, 0.0, 0.0, -0.05, 0.0, 0.0, 0.0, 0.0, -0.05, 0.0, 0.0, 0.0, 0.02, 0.02, -0.05, 0.0, 11.23, 0.0, 0.0, -0.05, 0.0, -0.05, -0.05, 0.0, 0.0, 0.0, -0.05, -0.05, 0.0, -0.05, -0.05, 0.02, -0.05, -0.05]",18.33,Faulty
EV_AvgCons_9pt0_KWH.png,toCheck_100022_00538s_EV_AvgCons_9pt0_KWH.png,NA,NA,NA,11.23,"[0.02, 0.0, -0.05, 0.0, 0.0, -0.05, 0.0, 0.0, 0.0, 0.0, -0.05, 0.0, 0.0, 0.0, 0.02, 0.02, -0.05, 0.0, 11.23, 0.0, 0.0, -0.05, 0.0, -0.05, -0.05, 0.0, 0.0, 0.0, -0.05, -0.05, 0.0, -0.05, -0.05, 0.02, -0.05, -0.05]",18.33,Faulty
EV_AvgCons_10pt0_KWH.png,toCheck_100022_00553s_EV_AvgCons_10pt0_KWH.png,NA,NA,NA,11.23,"[0.02, 0.0, -0.05, 0.0, 0.0, -0.05, 0.0, 0.0, 0.0, 0.0, -0.05, 0.0, 0.0, 0.0, 0.02, 0.02, -0.05, 0.0, 11.23, 0.0, 0.0, -0.05, 0.0, -0.05, -0.05, 0.0, 0.0, 0.0, -0.05, -0.05, 0.0, -0.05, -0.05, 0.02, -0.05, -0.05]",18.33,Faulty
EV_AvgCons_20pt0_KWH.png,toCheck_100022_00568s_EV_AvgCons_20pt0_KWH.png,NA,NA,NA,11.23,"[0.02, 0.0, -0.05, 0.0, 0.0, -0.05, 0.0, 0.0, 0.0, 0.0, -0.05, 0.0, 0.0, 0.0, 0.02, 0.02, -0.05, 0.0, 11.23, 0.0, 0.0, -0.05, 0.0, -0.05, -0.05, 0.0, 0.0, 0.0, -0.05, -0.05, 0.0, -0.05, -0.05, 0.02, -0.05, -0.05]",18.33,Faulty
EV_AvgCons_30pt0_KWH.png,toCheck_100022_00583s_EV_AvgCons_30pt0_KWH.png,NA,NA,NA,11.23,"[0.02, 0.0, -0.05, 0.0, 0.0, -0.05, 0.0, 0.0, 0.0, 0.0, -0.05, 0.0, 0.0, 0.0, 0.02, 0.02, -0.05, 0.0, 11.23, 0.0, 0.0, -0.05, 0.0, -0.05, -0.05, 0.0, 0.0, 0.0, -0.05, -0.05, 0.0, -0.05, -0.05, 0.02, -0.05, -0.05]",18.33,Faulty
EV_AvgCons_40pt0_KWH.png,toCheck_100022_00598s_EV_AvgCons_40pt0_KWH.png,NA,NA,NA,11.23,"[0.02, 0.0, -0.05, 0.0, 0.0, -0.05, 0.0, 0.0, 0.0, 0.0, -0.05, 0.0, 0.0, 0.0, 0.02, 0.02, -0.05, 0.0, 11.23, 0.0, 0.0, -0.05, 0.0, -0.05, -0.05, 0.0, 0.0, 0.0, -0.05, -0.05, 0.0, -0.05, -0.05, 0.02, -0.05, -0.05]",18.33,Faulty
EV_AvgCons_50pt0_KWH.png,toCheck_100022_00613s_EV_AvgCons_50pt0_KWH.png,NA,NA,NA,11.23,"[0.02, 0.0, -0.05, 0.0, 0.0, -0.05, 0.0, 0.0, 0.0, 0.0, -0.05, 0.0, 0.0, 0.0, 0.02, 0.02, -0.05, 0.0, 11.23, 0.0, 0.0, -0.05, 0.0, -0.05, -0.05, 0.0, 0.0, 0.0, -0.05, -0.05, 0.0, -0.05, -0.05, 0.02, -0.05, -0.05]",18.33,Faulty
EV_AvgCons_60pt0_KWH.png,toCheck_100022_00628s_EV_AvgCons_60pt0_KWH.png,NA,NA,NA,11.23,"[0.02, 0.0, -0.05, 0.0, 0.0, -0.05, 0.0, 0.0, 0.0, 0.0, -0.05, 0.0, 0.0, 0.0, 0.02, 0.02, -0.05, 0.0, 11.23, 0.0, 0.0, -0.05, 0.0, -0.05, -0.05, 0.0, 0.0, 0.0, -0.05, -0.05, 0.0, -0.05, -0.05, 0.02, -0.05, -0.05]",18.33,Faulty
EV_AvgCons_70pt0_KWH.png,toCheck_100022_00643s_EV_AvgCons_70pt0_KWH.png,NA,NA,NA,11.23,"[0.02, 0.0, -0.05, 0.0, 0.0, -0.05, 0.0, 0.0, 0.0, 0.0, -0.05, 0.0, 0.0, 0.0, 0.02, 0.02, -0.05, 0.0, 11.23, 0.0, 0.0, -0.05, 0.0, -0.05, -0.05, 0.0, 0.0, 0.0, -0.05, -0.05, 0.0, -0.05, -0.05, 0.02, -0.05, -0.05]",18.33,Faulty
EV_AvgCons_80pt0_KWH.png,toCheck_100022_00658s_EV_AvgCons_80pt0_KWH.png,NA,NA,NA,11.23,"[0.02, 0.0, -0.05, 0.0, 0.0, -0.05, 0.0, 0.0, 0.0, 0.0, -0.05, 0.0, 0.0, 0.0, 0.02, 0.02, -0.05, 0.0, 11.23, 0.0, 0.0, -0.05, 0.0, -0.05, -0.05, 0.0, 0.0, 0.0, -0.05, -0.05, 0.0, -0.05, -0.05, 0.02, -0.05, -0.05]",18.33,Faulty
EV_AvgCons_90pt0_KWH.png,toCheck_100022_00673s_EV_AvgCons_90pt0_KWH.png,NA,NA,NA,11.23,"[0.02, 0.0, -0.05, 0.0, 0.0, -0.05, 0.0, 0.0, 0.0, 0.0, -0.05, 0.0, 0.0, 0.0, 0.02, 0.02, -0.05, 0.0, 11.23, 0.0, 0.0, -0.05, 0.0, -0.05, -0.05, 0.0, 0.0, 0.0, -0.05, -0.05, 0.0, -0.05, -0.05, 0.02, -0.05, -0.05]",18.33,Faulty
EV_AvgCons_100pt0_KWH.png,toCheck_100022_00688s_EV_AvgCons_100pt0_KWH.png,NA,NA,NA,11.23,"[0.02, 0.0, -0.05, 0.0, 0.0, -0.05, 0.0, 0.0, 0.0, 0.0, -0.05, 0.0, 0.0, 0.0, 0.02, 0.02, -0.05, 0.0, 11.23, 0.0, 0.0, -0.05, 0.0, -0.05, -0.05, 0.0, 0.0, 0.0, -0.05, -0.05, 0.0, -0.05, -0.05, 0.02, -0.05, -0.05]",18.33,Faulty
FULL_ALTIA_WAKEUP_EV.png,toCheck_100022_00358s_FULL_ALTIA_WAKEUP_EV.png,1376640,Big,0.0,11.23,"[0.02, 0.0, -0.05, 0.0, 0.0, -0.05, 0.0, 0.0, 0.0, 0.0, -0.05, 0.0, 0.0, 0.0, 0.02, 0.02, -0.05, 0.0, 11.23, 0.0, 0.0, -0.05, 0.0, -0.05, -0.05, 0.0, 0.0, 0.0, -0.05, -0.05, 0.0, -0.05, -0.05, 0.02, -0.05, -0.05]",0.0,NOK
EV_AvgCons_0pt5_KWH.png,toCheck_100022_00403s_EV_AvgCons_0pt5_KWH.png,NA,NA,NA,11.23,"[0.02, 0.0, -0.05, 0.0, 0.0, -0.05, 0.0, 0.0, 0.0, 0.0, -0.05, 0.0, 0.0, 0.0, 0.02, 0.02, -0.05, 0.0, 11.23, 0.0, 0.0, -0.05, 0.0, -0.05, -0.05, 0.0, 0.0, 0.0, -0.05, -0.05, 0.0, -0.05, -0.05, 0.02, -0.05, -0.05]",18.33,Faulty
EV_AvgCons_1pt0_KWH.png,toCheck_100022_00418s_EV_AvgCons_1pt0_KWH.png,NA,NA,NA,11.23,"[0.02, 0.0, -0.05, 0.0, 0.0, -0.05, 0.0, 0.0, 0.0, 0.0, -0.05, 0.0, 0.0, 0.0, 0.02, 0.02, -0.05, 0.0, 11.23, 0.0, 0.0, -0.05, 0.0, -0.05, -0.05, 0.0, 0.0, 0.0, -0.05, -0.05, 0.0, -0.05, -0.05, 0.02, -0.05, -0.05]",18.33,Faulty
EV_AvgCons_2pt0_KWH.png,toCheck_100022_00433s_EV_AvgCons_2pt0_KWH.png,NA,NA,NA,11.23,"[0.02, 0.0, -0.05, 0.0, 0.0, -0.05, 0.0, 0.0, 0.0, 0.0, -0.05, 0.0, 0.0, 0.0, 0.02, 0.02, -0.05, 0.0, 11.23, 0.0, 0.0, -0.05, 0.0, -0.05, -0.05, 0.0, 0.0, 0.0, -0.05, -0.05, 0.0, -0.05, -0.05, 0.02, -0.05, -0.05]",18.33,Faulty
EV_AvgCons_3pt0_KWH.png,toCheck_100022_00448s_EV_AvgCons_3pt0_KWH.png,NA,NA,NA,11.23,"[0.02, 0.0, -0.05, 0.0, 0.0, -0.05, 0.0, 0.0, 0.0, 0.0, -0.05, 0.0, 0.0, 0.0, 0.02, 0.02, -0.05, 0.0, 11.23, 0.0, 0.0, -0.05, 0.0, -0.05, -0.05, 0.0, 0.0, 0.0, -0.05, -0.05, 0.0, -0.05, -0.05, 0.02, -0.05, -0.05]",18.33,Faulty
EV_AvgCons_4pt0_KWH.png,toCheck_100022_00463s_EV_AvgCons_4pt0_KWH.png,NA,NA,NA,11.23,"[0.02, 0.0, -0.05, 0.0, 0.0, -0.05, 0.0, 0.0, 0.0, 0.0, -0.05, 0.0, 0.0, 0.0, 0.02, 0.02, -0.05, 0.0, 11.23, 0.0, 0.0, -0.05, 0.0, -0.05, -0.05, 0.0, 0.0, 0.0, -0.05, -0.05, 0.0, -0.05, -0.05, 0.02, -0.05, -0.05]",18.33,Faulty
EV_AvgCons_5pt0_KWH.png,toCheck_100022_00478s_EV_AvgCons_5pt0_KWH.png,NA,NA,NA,11.23,"[0.02, 0.0, -0.05, 0.0, 0.0, -0.05, 0.0, 0.0, 0.0, 0.0, -0.05, 0.0, 0.0, 0.0, 0.02, 0.02, -0.05, 0.0, 11.23, 0.0, 0.0, -0.05, 0.0, -0.05, -0.05, 0.0, 0.0, 0.0, -0.05, -0.05, 0.0, -0.05, -0.05, 0.02, -0.05, -0.05]",18.33,Faulty
FULL_ALTIA_WAKEUP_EV.png,toCheck_100023_00358s_FULL_ALTIA_WAKEUP_EV.png,1376640,Big,0.0,11.23,"[0.02, 0.0, -0.05, 0.0, 0.0, -0.05, 0.0, 0.0, 0.0, 0.0, -0.05, 0.0, 0.0, 0.0, 0.02, 0.02, -0.05, 0.0, 11.23, 0.0, 0.0, -0.05, 0.0, -0.05, -0.05, 0.0, 0.0, 0.0, -0.05, -0.05, 0.0, -0.05, -0.05, 0.02, -0.05, -0.05]",0.0,NOK
EV_AvgCons_40pt0_KWH.png,toCheck_100023_00403s_EV_AvgCons_40pt0_KWH.png,NA,NA,NA,11.23,"[0.02, 0.0, -0.05, 0.0, 0.0, -0.05, 0.0, 0.0, 0.0, 0.0, -0.05, 0.0, 0.0, 0.0, 0.02, 0.02, -0.05, 0.0, 11.23, 0.0, 0.0, -0.05, 0.0, -0.05, -0.05, 0.0, 0.0, 0.0, -0.05, -0.05, 0.0, -0.05, -0.05, 0.02, -0.05, -0.05]",18.33,Faulty
EV_AvgCons_40KmpKWh_ON.png,toCheck_100023_00418s_EV_AvgCons_40KmpKWh_ON.png,NA,NA,NA,11.23,"[0.02, 0.0, -0.05, 0.0, 0.0, -0.05, 0.0, 0.0, 0.0, 0.0, -0.05, 0.0, 0.0, 0.0, 0.02, 0.02, -0.05, 0.0, 11.23, 0.0, 0.0, -0.05, 0.0, -0.05, -0.05, 0.0, 0.0, 0.0, -0.05, -0.05, 0.0, -0.05, -0.05, 0.02, -0.05, -0.05]",18.33,Faulty
EV_AvgCons_40KmpKWh_OFF.png,toCheck_100023_00423s_EV_AvgCons_40KmpKWh_OFF.png,NA,NA,NA,11.23,"[0.02, 0.0, -0.05, 0.0, 0.0, -0.05, 0.0, 0.0, 0.0, 0.0, -0.05, 0.0, 0.0, 0.0, 0.02, 0.02, -0.05, 0.0, 11.23, 0.0, 0.0, -0.05, 0.0, -0.05, -0.05, 0.0, 0.0, 0.0, -0.05, -0.05, 0.0, -0.05, -0.05, 0.02, -0.05, -0.05]",18.33,Faulty
EV_AvgCons_40KmpKWh_ON.png,toCheck_100023_00428s_EV_AvgCons_40KmpKWh_ON.png,NA,NA,NA,11.23,"[0.02, 0.0, -0.05, 0.0, 0.0, -0.05, 0.0, 0.0, 0.0, 0.0, -0.05, 0.0, 0.0, 0.0, 0.02, 0.02, -0.05, 0.0, 11.23, 0.0, 0.0, -0.05, 0.0, -0.05, -0.05, 0.0, 0.0, 0.0, -0.05, -0.05, 0.0, -0.05, -0.05, 0.02, -0.05, -0.05]",18.33,Faulty
EV_AvgCons_40KmpKWh_OFF.png,toCheck_100023_00433s_EV_AvgCons_40KmpKWh_OFF.png,NA,NA,NA,11.23,"[0.02, 0.0, -0.05, 0.0, 0.0, -0.05, 0.0, 0.0, 0.0, 0.0, -0.05, 0.0, 0.0, 0.0, 0.02, 0.02, -0.05, 0.0, 11.23, 0.0, 0.0, -0.05, 0.0, -0.05, -0.05, 0.0, 0.0, 0.0, -0.05, -0.05, 0.0, -0.05, -0.05, 0.02, -0.05, -0.05]",18.33,Faulty
EV_AvgCons_40pt0_KWH.png,toCheck_100023_00458s_EV_AvgCons_40pt0_KWH.png,NA,NA,NA,11.23,"[0.02, 0.0, -0.05, 0.0, 0.0, -0.05, 0.0, 0.0, 0.0, 0.0, -0.05, 0.0, 0.0, 0.0, 0.02, 0.02, -0.05, 0.0, 11.23, 0.0, 0.0, -0.05, 0.0, -0.05, -0.05, 0.0, 0.0, 0.0, -0.05, -0.05, 0.0, -0.05, -0.05, 0.02, -0.05, -0.05]",18.33,Faulty
FULL_ALTIA_WAKEUP_EV.png,toCheck_100024_00358s_FULL_ALTIA_WAKEUP_EV.png,1376640,Big,0.0,11.23,"[0.02, 0.0, -0.05, 0.0, 0.0, -0.05, 0.0, 0.0, 0.0, 0.0, -0.05, 0.0, 0.0, 0.0, 0.02, 0.02, -0.05, 0.0, 11.23, 0.0, 0.0, -0.05, 0.0, -0.05, -0.05, 0.0, 0.0, 0.0, -0.05, -0.05, 0.0, -0.05, -0.05, 0.02, -0.05, -0.05]",0.0,NOK
EVAvgCons_20pt0_kmpkwh_ON.png,toCheck_100024_00443s_EVAvgCons_20pt0_kmpkwh_ON.png,254449,Big,2.2,4.22,"[4.22, 1.68, -0.05, -0.05, 0.0, 0.02, 0.0, -0.05, 0.02]",0.0,Investigate
EVAvgCons_20pt0_kmpkwh_OFF.png,toCheck_100024_00448s_EVAvgCons_20pt0_kmpkwh_OFF.png,254449,Big,2.2,4.22,"[4.22, 1.68, -0.05, -0.05, 0.0, 0.02, 0.0, -0.05, 0.02]",0.0,Investigate
EVAvgCons_20pt0_kmpkwh_ON.png,toCheck_100024_00453s_EVAvgCons_20pt0_kmpkwh_ON.png,254449,Big,2.2,4.22,"[4.22, 1.68, -0.05, -0.05, 0.0, 0.02, 0.0, -0.05, 0.02]",0.0,Investigate
EVAvgCons_20pt0_kmpkwh_OFF.png,toCheck_100024_00458s_EVAvgCons_20pt0_kmpkwh_OFF.png,254449,Big,2.2,4.22,"[4.22, 1.68, -0.05, -0.05, 0.0, 0.02, 0.0, -0.05, 0.02]",0.0,Investigate
FULL_ALTIA_WAKEUP_EV.png,toCheck_100025_00358s_FULL_ALTIA_WAKEUP_EV.png,1376640,Big,0.0,11.23,"[0.02, 0.0, -0.05, 0.0, 0.0, -0.05, 0.0, 0.0, 0.0, 0.0, -0.05, 0.0, 0.0, 0.0, 0.02, 0.02, -0.05, 0.0, 11.23, 0.0, 0.0, -0.05, 0.0, -0.05, -0.05, 0.0, 0.0, 0.0, -0.05, -0.05, 0.0, -0.05, -0.05, 0.02, -0.05, -0.05]",0.0,NOK
EVAvgCons_40pt0_kwhp100_ON.png,toCheck_100025_00443s_EVAvgCons_40pt0_kwhp100_ON.png,254449,Big,0.71,4.42,"[4.42, 1.44, -0.05, -0.05, 0.0, 0.02, 0.0, -0.05, 0.02]",0.0,Investigate
EVAvgCons_40pt0_kwhp100_OFF.png,toCheck_100025_00448s_EVAvgCons_40pt0_kwhp100_OFF.png,254449,Big,0.71,4.42,"[4.42, 1.44, -0.05, -0.05, 0.0, 0.02, 0.0, -0.05, 0.02]",0.0,Investigate
EVAvgCons_40pt0_kwhp100_ON.png,toCheck_100025_00453s_EVAvgCons_40pt0_kwhp100_ON.png,254449,Big,0.71,4.42,"[4.42, 1.44, -0.05, -0.05, 0.0, 0.02, 0.0, -0.05, 0.02]",0.0,Investigate
EVAvgCons_40pt0_kwhp100_OFF.png,toCheck_100025_00458s_EVAvgCons_40pt0_kwhp100_OFF.png,254449,Big,0.71,4.42,"[4.42, 1.44, -0.05, -0.05, 0.0, 0.02, 0.0, -0.05, 0.02]",0.0,Investigate
AvgCons_INV_lp100KM.png,toCheck_100059_27671s_AvgCons_INV_lp100KM.png,254449,Big,5.69,8.84,"[4.52, 4.81, 3.37, 7.2, 3.59, 7.74, 8.15, 8.84, 2.12]",0.0,Investigate
PHEVAvgCons_20pt0_kmpkwh_ON.png,toCheck_100061_00431s_PHEVAvgCons_20pt0_kmpkwh_ON.png,254449,Big,2.2,4.22,"[4.22, 1.68, -0.05, -0.05, 0.0, 0.02, -0.05, -0.05, 0.0]",0.0,Investigate
PHEVAvgCons_20pt0_kmpkwh_OFF.png,toCheck_100061_00436s_PHEVAvgCons_20pt0_kmpkwh_OFF.png,254449,Big,2.2,4.22,"[4.22, 1.68, -0.05, -0.05, 0.0, 0.02, -0.05, -0.05, 0.0]",0.0,Investigate
PHEVAvgCons_20pt0_kmpkwh_ON.png,toCheck_100061_00441s_PHEVAvgCons_20pt0_kmpkwh_ON.png,254449,Big,2.2,4.22,"[4.22, 1.68, -0.05, -0.05, 0.0, 0.02, -0.05, -0.05, 0.0]",0.0,Investigate
PHEVAvgCons_20pt0_kmpkwh_OFF.png,toCheck_100061_00446s_PHEVAvgCons_20pt0_kmpkwh_OFF.png,254449,Big,2.2,4.22,"[4.22, 1.68, -0.05, -0.05, 0.0, 0.02, -0.05, -0.05, 0.0]",0.0,Investigate
PHEVAvgCons_20pt0_kmpkwh.png,toCheck_100061_00471s_PHEVAvgCons_20pt0_kmpkwh.png,254449,Big,3.17,8.84,"[4.59, 2.81, 3.27, 1.93, 3.76, 3.54, 1.39, 8.84, 0.0]",0.0,Investigate
PHEVAvgCons_40pt0_kwhp100_ON.png,toCheck_100062_00431s_PHEVAvgCons_40pt0_kwhp100_ON.png,254449,Big,0.71,4.42,"[4.42, 1.44, -0.05, -0.05, 0.0, 0.02, -0.05, -0.05, 0.0]",0.0,Investigate
PHEVAvgCons_40pt0_kwhp100_OFF.png,toCheck_100062_00436s_PHEVAvgCons_40pt0_kwhp100_OFF.png,254449,Big,0.71,4.42,"[4.42, 1.44, -0.05, -0.05, 0.0, 0.02, -0.05, -0.05, 0.0]",0.0,Investigate
PHEVAvgCons_40pt0_kwhp100_ON.png,toCheck_100062_00441s_PHEVAvgCons_40pt0_kwhp100_ON.png,254449,Big,0.71,4.42,"[4.42, 1.44, -0.05, -0.05, 0.0, 0.02, -0.05, -0.05, 0.0]",0.0,Investigate
PHEVAvgCons_40pt0_kwhp100_OFF.png,toCheck_100062_00446s_PHEVAvgCons_40pt0_kwhp100_OFF.png,254449,Big,0.71,4.42,"[4.42, 1.44, -0.05, -0.05, 0.0, 0.02, -0.05, -0.05, 0.0]",0.0,Investigate
PHEV_Avg40p0kwhp100.png,toCheck_100062_00471s_PHEV_Avg40p0kwhp100.png,254449,Big,2.91,8.84,"[2.69, 4.88, 3.27, 1.93, 2.08, 3.54, 1.39, 8.84, 0.0]",0.0,Investigate
EV_AvgCons_100pt0_KWH.png,toCheck_100065_00883s_EV_AvgCons_100pt0_KWH.png,NA,NA,NA,8.84,"[2.69, 4.88, 3.27, 1.93, 2.08, 3.54, 1.39, 8.84, 0.0]",18.33,Faulty
FULL_ALTIA_WAKEUP_EV.png,toCheck_100065_00358s_FULL_ALTIA_WAKEUP_EV.png,1376640,Big,0.0,11.23,"[0.02, 0.0, -0.05, 0.0, 0.0, -0.05, 0.0, 0.0, 0.0, 0.0, -0.05, 0.0, 0.0, 0.0, 0.02, 0.02, -0.05, 0.0, 11.23, 0.0, 0.0, -0.05, 0.0, -0.05, -0.05, 0.0, 0.0, 0.0, -0.05, -0.05, 0.0, -0.05, -0.05, 0.02, -0.05, -0.05]",0.0,NOK
EV_AvgCons_10pt0_KWH.png,toCheck_100065_00403s_EV_AvgCons_10pt0_KWH.png,NA,NA,NA,11.23,"[0.02, 0.0, -0.05, 0.0, 0.0, -0.05, 0.0, 0.0, 0.0, 0.0, -0.05, 0.0, 0.0, 0.0, 0.02, 0.02, -0.05, 0.0, 11.23, 0.0, 0.0, -0.05, 0.0, -0.05, -0.05, 0.0, 0.0, 0.0, -0.05, -0.05, 0.0, -0.05, -0.05, 0.02, -0.05, -0.05]",18.33,Faulty
EV_AvgCons_INV_KWH.png,toCheck_100065_00538s_EV_AvgCons_INV_KWH.png,NA,NA,NA,11.23,"[0.02, 0.0, -0.05, 0.0, 0.0, -0.05, 0.0, 0.0, 0.0, 0.0, -0.05, 0.0, 0.0, 0.0, 0.02, 0.02, -0.05, 0.0, 11.23, 0.0, 0.0, -0.05, 0.0, -0.05, -0.05, 0.0, 0.0, 0.0, -0.05, -0.05, 0.0, -0.05, -0.05, 0.02, -0.05, -0.05]",18.33,Faulty
EV_AvgCons_10pt0_KWH.png,toCheck_100065_00623s_EV_AvgCons_10pt0_KWH.png,NA,NA,NA,11.23,"[0.02, 0.0, -0.05, 0.0, 0.0, -0.05, 0.0, 0.0, 0.0, 0.0, -0.05, 0.0, 0.0, 0.0, 0.02, 0.02, -0.05, 0.0, 11.23, 0.0, 0.0, -0.05, 0.0, -0.05, -0.05, 0.0, 0.0, 0.0, -0.05, -0.05, 0.0, -0.05, -0.05, 0.02, -0.05, -0.05]",18.33,Faulty
EV_AvgCons_50pt0_KWH.png,toCheck_100065_00643s_EV_AvgCons_50pt0_KWH.png,NA,NA,NA,11.23,"[0.02, 0.0, -0.05, 0.0, 0.0, -0.05, 0.0, 0.0, 0.0, 0.0, -0.05, 0.0, 0.0, 0.0, 0.02, 0.02, -0.05, 0.0, 11.23, 0.0, 0.0, -0.05, 0.0, -0.05, -0.05, 0.0, 0.0, 0.0, -0.05, -0.05, 0.0, -0.05, -0.05, 0.02, -0.05, -0.05]",18.33,Faulty
EV_AvgCons_INV_KWH.png,toCheck_100065_00778s_EV_AvgCons_INV_KWH.png,NA,NA,NA,11.23,"[0.02, 0.0, -0.05, 0.0, 0.0, -0.05, 0.0, 0.0, 0.0, 0.0, -0.05, 0.0, 0.0, 0.0, 0.02, 0.02, -0.05, 0.0, 11.23, 0.0, 0.0, -0.05, 0.0, -0.05, -0.05, 0.0, 0.0, 0.0, -0.05, -0.05, 0.0, -0.05, -0.05, 0.02, -0.05, -0.05]",18.33,Faulty
EV_AvgCons_50pt0_KWH.png,toCheck_100065_00863s_EV_AvgCons_50pt0_KWH.png,NA,NA,NA,11.23,"[0.02, 0.0, -0.05, 0.0, 0.0, -0.05, 0.0, 0.0, 0.0, 0.0, -0.05, 0.0, 0.0, 0.0, 0.02, 0.02, -0.05, 0.0, 11.23, 0.0, 0.0, -0.05, 0.0, -0.05, -0.05, 0.0, 0.0, 0.0, -0.05, -0.05, 0.0, -0.05, -0.05, 0.02, -0.05, -0.05]",18.33,Faulty
PHEVAvgCons_20pt0_kmpkwh_ON.png,toCheck_100066_00431s_PHEVAvgCons_20pt0_kmpkwh_ON.png,254449,Big,2.2,4.22,"[4.22, 1.68, -0.05, -0.05, 0.0, 0.02, -0.05, -0.05, 0.0]",0.0,Investigate
PHEVAvgCons_20pt0_kmpkwh_OFF.png,toCheck_100066_00436s_PHEVAvgCons_20pt0_kmpkwh_OFF.png,254449,Big,2.2,4.22,"[4.22, 1.68, -0.05, -0.05, 0.0, 0.02, -0.05, -0.05, 0.0]",0.0,Investigate
PHEVAvgCons_20pt0_kmpkwh_ON.png,toCheck_100066_00441s_PHEVAvgCons_20pt0_kmpkwh_ON.png,254449,Big,2.2,4.22,"[4.22, 1.68, -0.05, -0.05, 0.0, 0.02, -0.05, -0.05, 0.0]",0.0,Investigate
PHEVAvgCons_20pt0_kmpkwh_OFF.png,toCheck_100066_00446s_PHEVAvgCons_20pt0_kmpkwh_OFF.png,254449,Big,2.2,4.22,"[4.22, 1.68, -0.05, -0.05, 0.0, 0.02, -0.05, -0.05, 0.0]",0.0,Investigate
PHEVAvgCons_20pt0_kmpkwh.png,toCheck_100066_00471s_PHEVAvgCons_20pt0_kmpkwh.png,254449,Big,3.17,8.84,"[4.59, 2.81, 3.27, 1.93, 3.76, 3.54, 1.39, 8.84, 0.0]",0.0,Investigate
EVAvgCons_INV_mpkwh.png,toCheck_100067_01153s_EVAvgCons_INV_mpkwh.png,254449,Big,0.0,0.02,"[-0.05, 0.02, 0.02, 0.0, 0.0, 0.0, 0.0, -0.05, 0.02]",0.0,OK
EVInstCons_3p0_mpkwh.png,toCheck_100067_00573s_EVInstCons_3p0_mpkwh.png,254449,Big,3.71,8.84,"[6.88, 6.37, 2.34, 0.78, 1.2, 3.25, 1.51, 8.84, 0.02]",0.0,Investigate
EVAvgCons_INV_mpkwh.png,toCheck_100067_00753s_EVAvgCons_INV_mpkwh.png,254449,Big,2.2,3.27,"[-0.05, 0.02, 0.02, 3.27, 1.83, 0.0, 0.0, -0.05, 0.02]",0.0,Investigate
EV_Avg25p0Inst18p0kmpkwh.png,toCheck_100068_00923s_EV_Avg25p0Inst18p0kmpkwh.png,254449,Big,0.02,0.02,"[0.0, 0.02, 0.02, 0.0, 0.0, 0.0, 0.0, -0.05, 0.02]",0.0,OK
EV_Avg25p0InstEmptykmpkwh.png,toCheck_100068_01053s_EV_Avg25p0InstEmptykmpkwh.png,254449,Big,-0.05,0.02,"[0.0, 0.0, 0.02, 0.0, 0.0, 0.0, 0.0, -0.05, 0.02]",0.0,OK
EV_Avg25p0Inst18p0kmpkwh.png,toCheck_100068_01083s_EV_Avg25p0Inst18p0kmpkwh.png,254449,Big,0.02,0.02,"[0.0, 0.02, 0.02, 0.0, 0.0, 0.0, 0.0, -0.05, 0.02]",0.0,OK
FULL_ALTIA_WAKEUP_EV.png,toCheck_100068_00358s_FULL_ALTIA_WAKEUP_EV.png,1376640,Big,0.0,11.23,"[0.02, 0.0, -0.05, 0.0, 0.0, -0.05, 0.0, 0.0, 0.0, 0.0, -0.05, 0.0, 0.0, 0.0, 0.02, 0.02, -0.05, 0.0, 11.23, 0.0, 0.0, -0.05, 0.0, -0.05, -0.05, 0.0, 0.0, 0.0, -0.05, -0.05, 0.0, -0.05, -0.05, 0.02, -0.05, -0.05]",0.0,NOK
FULL_ALTIA_WAKEUP_EV.png,toCheck_100069_00358s_FULL_ALTIA_WAKEUP_EV.png,1376640,Big,0.0,11.23,"[0.02, 0.0, -0.05, 0.0, 0.0, -0.05, 0.0, 0.0, 0.0, 0.0, -0.05, 0.0, 0.0, 0.0, 0.02, 0.02, -0.05, 0.0, 11.23, 0.0, 0.0, -0.05, 0.0, -0.05, -0.05, 0.0, 0.0, 0.0, -0.05, -0.05, 0.0, -0.05, -0.05, 0.02, -0.05, -0.05]",0.0,NOK
EVInstCons_3p0_kwhp100.png,toCheck_100069_00573s_EVInstCons_3p0_kwhp100.png,254449,Big,4.57,8.84,"[6.88, 6.79, 2.34, 0.68, 1.51, 3.25, 1.51, 8.84, 0.02]",0.0,Investigate
FULL_ALTIA_WAKEUP_EV.png,toCheck_100071_00358s_FULL_ALTIA_WAKEUP_EV.png,1376640,Big,0.0,11.23,"[0.02, 0.0, -0.05, 0.0, 0.0, -0.05, 0.0, 0.0, 0.0, 0.0, -0.05, 0.0, 0.0, 0.0, 0.02, 0.02, -0.05, 0.0, 11.23, 0.0, 0.0, -0.05, 0.0, -0.05, -0.05, 0.0, 0.0, 0.0, -0.05, -0.05, 0.0, -0.05, -0.05, 0.02, -0.05, -0.05]",0.0,NOK
FULL_ALTIA_WAKEUP_EV.png,toCheck_100072_00358s_FULL_ALTIA_WAKEUP_EV.png,1376640,Big,0.0,11.23,"[0.02, 0.0, -0.05, 0.0, 0.0, -0.05, 0.0, 0.0, 0.0, 0.0, -0.05, 0.0, 0.0, 0.0, 0.02, 0.02, -0.05, 0.0, 11.23, 0.0, 0.0, -0.05, 0.0, -0.05, -0.05, 0.0, 0.0, 0.0, -0.05, -0.05, 0.0, -0.05, -0.05, 0.02, -0.05, -0.05]",0.0,NOK
FULL_ALTIA_WAKEUP_EV.png,toCheck_100074_00358s_FULL_ALTIA_WAKEUP_EV.png,1376640,Big,0.0,11.23,"[0.02, 0.0, -0.05, 0.0, 0.0, -0.05, 0.0, 0.0, 0.0, 0.0, -0.05, 0.0, 0.0, 0.0, 0.02, 0.02, -0.05, 0.0, 11.23, 0.0, 0.0, -0.05, 0.0, -0.05, -0.05, 0.0, 0.0, 0.0, -0.05, -0.05, 0.0, -0.05, -0.05, 0.02, -0.05, -0.05]",0.0,NOK
FULL_ALTIA_WAKEUP_EV.png,toCheck_100075_00358s_FULL_ALTIA_WAKEUP_EV.png,1376640,Big,0.0,11.23,"[0.02, 0.0, -0.05, 0.0, 0.0, -0.05, 0.0, 0.0, 0.0, 0.0, -0.05, 0.0, 0.0, 0.0, 0.02, 0.02, -0.05, 0.0, 11.23, 0.0, 0.0, -0.05, 0.0, -0.05, -0.05, 0.0, 0.0, 0.0, -0.05, -0.05, 0.0, -0.05, -0.05, 0.02, -0.05, -0.05]",0.0,NOK
TCI_AvgCons_15p3_Inst_14p6_mpg.png,toCheck_100077_02598s_TCI_AvgCons_15p3_Inst_14p6_mpg.png,254449,Big,1.51,3.0,"[-0.05, 2.44, -0.05, 0.0, 3.0, 0.02, 0.0, -0.05, 0.02]",0.0,OK
PHEV_Avg10p0Instm12pt0kwhp100.png,toCheck_100088_00451s_PHEV_Avg10p0Instm12pt0kwhp100.png,254449,Big,0.0,0.02,"[-0.05, 0.0, 0.02, 0.0, -0.05, 0.0, -0.05, -0.05, 0.0]",0.0,OK
TCI_AUTO_100_KM.png,toCheck_100093_00568s_TCI_AUTO_100_KM.png,48216,Big,0.0,0.27,"[0.27, -0.05, 0.0]",0.0,OK
APC_ON_TXTALT_10203_32_FR.png,toCheck_100093_00699s_APC_ON_TXTALT_10203_32_FR.png,1376640,Big,-0.05,0.02,"[0.02, 0.0, -0.05, 0.0, 0.0, 0.0, -0.05, 0.02, 0.0, 0.02, -0.05, 0.0, 0.0, 0.0, 0.0, -0.05, 0.0, 0.0, -0.05, 0.0, 0.02, -0.05, 0.0, 0.02, -0.05, 0.0, 0.0, 0.0, 0.0, 0.02, -0.05, -0.05, -0.05, -0.05, 0.02, -0.05]",0.0,OK
TCI_AUTO_100_KM.png,toCheck_100093_00709s_TCI_AUTO_100_KM.png,48216,Big,0.0,0.27,"[0.27, -0.05, 0.0]",0.0,OK
BUZ_08_OFF.png,toCheck_100093_01526s_BUZ_08_OFF.png,38400,Big,5.96,5.71,"[2.08, 3.47, 1.56, 1.59, 2.25, 5.71, 2.71, 2.56, 2.37, 2.47, 1.34, 2.2]",0.0,NOK
TCI_AUTO_100_KM.png,toCheck_100093_01526s_TCI_AUTO_100_KM.png,48216,Big,0.0,0.17,"[0.17, -0.05, 0.0]",0.0,OK
TCI_SecGau_AUTO_690_KM.png,toCheck_100094_15466s_TCI_SecGau_AUTO_690_KM.png,254449,Big,0.24,0.37,"[0.05, 0.1, -0.05, 0.37, 0.22, 0.0, 0.0, 0.0, 0.0]",0.0,OK
TCI_AUTOCNG_330_KM.png,toCheck_100095_21466s_TCI_AUTOCNG_330_KM.png,254449,Big,0.22,0.29,"[0.12, 0.02, -0.05, 0.29, 0.22, 0.0, 0.0, 0.0, 0.0]",0.0,OK
InstCons_6p6_KMPL.png,toCheck_100114_02403s_InstCons_6p6_KMPL.png,254449,Big,0.63,6.03,"[-0.05, 0.0, 0.0, 4.54, 0.0, 5.96, 6.03, 0.0, 2.12]",0.0,Investigate
InstCons_INV_KMPL.png,toCheck_100114_02427s_InstCons_INV_KMPL.png,254449,Big,0.68,6.03,"[-0.05, 0.0, 0.0, 4.54, -0.05, 5.96, 6.03, 0.0, 2.12]",0.0,Investigate
InstCons_6p6_KMPL.png,toCheck_100115_02403s_InstCons_6p6_KMPL.png,254449,Big,0.63,6.03,"[-0.05, 0.0, 0.0, 4.54, 0.0, 5.96, 6.03, 0.0, 2.12]",0.0,Investigate
InstCons_6p6_KMPL.png,toCheck_100116_02403s_InstCons_6p6_KMPL.png,254449,Big,0.63,6.03,"[-0.05, 0.0, 0.0, 4.54, 0.0, 5.96, 6.03, 0.0, 2.12]",0.0,Investigate
InstCons_4p0_Lp100KM.png,toCheck_100117_02403s_InstCons_4p0_Lp100KM.png,254449,Big,0.56,6.03,"[-0.05, -0.05, 0.0, 5.79, 0.0, 5.96, 6.03, 0.0, 2.12]",0.0,Investigate
AvgCons_INVALID_KMPKWH.png,toCheck_100119_00616s_AvgCons_INVALID_KMPKWH.png,254449,Big,3.3,8.84,"[6.88, 6.2, 3.27, 1.12, 2.61, 3.54, 1.39, 8.84, 0.0]",0.0,Investigate
AvgCons_INVALID_KMPKWH.png,toCheck_100119_00626s_AvgCons_INVALID_KMPKWH.png,254449,Big,3.3,8.84,"[6.88, 6.2, 3.27, 1.12, 2.61, 3.54, 1.39, 8.84, 0.0]",0.0,Investigate
TCI_AUTO_100_KM.png,toCheck_100121_00568s_TCI_AUTO_100_KM.png,48216,Big,0.0,0.27,"[0.27, -0.05, 0.0]",0.0,OK
APC_ON_TXTALT_10203_32_FR.png,toCheck_100121_00699s_APC_ON_TXTALT_10203_32_FR.png,1376640,Big,-0.05,0.02,"[0.02, 0.0, -0.05, 0.0, 0.0, 0.0, -0.05, 0.02, 0.0, 0.02, -0.05, 0.0, 0.0, 0.0, 0.0, -0.05, 0.0, 0.0, -0.05, 0.0, 0.02, -0.05, 0.0, 0.02, -0.05, 0.0, 0.0, 0.0, 0.0, 0.02, -0.05, -0.05, -0.05, -0.05, 0.02, -0.05]",0.0,OK
TCI_AUTO_100_KM.png,toCheck_100121_00709s_TCI_AUTO_100_KM.png,48216,Big,0.0,0.27,"[0.27, -0.05, 0.0]",0.0,OK
BUZ_08_OFF.png,toCheck_100121_01526s_BUZ_08_OFF.png,38400,Big,5.96,5.71,"[2.08, 3.47, 1.56, 1.59, 2.25, 5.71, 2.71, 2.56, 2.37, 2.47, 1.34, 2.2]",0.0,NOK
TCI_AUTO_100_KM.png,toCheck_100121_01526s_TCI_AUTO_100_KM.png,48216,Big,0.0,0.17,"[0.17, -0.05, 0.0]",0.0,OK
SECGAU_LPG_AUTO_410_KM.png,toCheck_100122_21466s_SECGAU_LPG_AUTO_410_KM.png,254449,Big,0.2,1.0,"[0.05, 0.07, -0.05, 1.0, 0.22, 0.0, 0.0, 0.0, 0.0]",0.0,OK
TCI_SecGau_AUTO_690_KM.png,toCheck_100123_15466s_TCI_SecGau_AUTO_690_KM.png,254449,Big,0.24,0.37,"[0.05, 0.1, -0.05, 0.37, 0.22, 0.0, 0.0, 0.0, 0.0]",0.0,OK
TCI_AUTO_100_KM.png,toCheck_100137_00568s_TCI_AUTO_100_KM.png,48216,Big,0.0,0.27,"[0.27, -0.05, 0.0]",0.0,OK
TCI_AUTO_100_KM.png,toCheck_100137_00709s_TCI_AUTO_100_KM.png,48216,Big,0.0,0.27,"[0.27, -0.05, 0.0]",0.0,OK
APC_ON_TXTALT_10203_32_FR_eAWD.png,toCheck_100137_01035s_APC_ON_TXTALT_10203_32_FR_eAWD.png,1376640,Big,0.0,0.02,"[0.02, 0.0, -0.05, 0.0, 0.0, 0.02, 0.0, 0.0, 0.0, 0.02, -0.05, 0.0, 0.0, 0.0, 0.0, -0.05, 0.02, 0.0, -0.05, 0.0, 0.02, -0.05, 0.0, 0.0, 0.0, -0.05, 0.0, 0.0, 0.0, 0.02, -0.05, -0.05, -0.05, -0.05, 0.02, -0.05]",0.0,OK
BUZ_08_OFF.png,toCheck_100137_01526s_BUZ_08_OFF.png,38400,Big,5.96,5.71,"[2.08, 3.47, 1.56, 1.59, 2.25, 5.71, 2.71, 2.56, 2.37, 2.47, 1.34, 2.2]",0.0,NOK
TCI_AUTO_100_KM.png,toCheck_100137_01526s_TCI_AUTO_100_KM.png,48216,Big,0.0,0.17,"[0.17, -0.05, 0.0]",0.0,OK
SECGAU_LPG_eAWD_AUTO_410_KM.png,toCheck_100138_21466s_SECGAU_LPG_eAWD_AUTO_410_KM.png,254449,Big,0.2,0.88,"[0.05, 0.05, 0.02, 0.88, 0.24, 0.02, -0.05, -0.05, 0.0]",0.0,OK
TCI_SecGau_Petrol_eAWD_AUTO_690_KM.png,toCheck_100139_15466s_TCI_SecGau_Petrol_eAWD_AUTO_690_KM.png,254449,Big,0.2,0.22,"[0.05, 0.1, 0.02, 0.17, 0.22, 0.02, -0.05, -0.05, 0.0]",0.0,OK
FULL_ALTIA_WAKEUP_MMI_ZEV.png,toCheck_100154_00245s_FULL_ALTIA_WAKEUP_MMI_ZEV.png,1376640,Big,0.0,1.81,"[0.02, 0.0, -0.05, 0.0, 0.0, -0.05, 0.0, 0.0, 0.0, -0.05, -0.05, 0.0, 0.0, 0.0, 0.02, 1.81, -0.05, 0.0, 0.0, 0.02, -0.05, -0.05, 0.0, 0.0, 0.02, 0.0, 0.0, 0.0, 0.0, 0.0, -0.05, -0.05, -0.05, -0.05, 0.02, -0.05]",0.0,OK
FULL_ALTIA_WAKEUP_MMI_ZEV.png,toCheck_100155_00245s_FULL_ALTIA_WAKEUP_MMI_ZEV.png,1376640,Big,0.0,1.81,"[0.02, 0.0, -0.05, 0.0, 0.0, -0.05, 0.0, 0.0, 0.0, -0.05, -0.05, 0.0, 0.0, 0.0, 0.02, 1.81, -0.05, 0.0, 0.0, 0.02, -0.05, -0.05, 0.0, 0.0, 0.02, 0.0, 0.0, 0.0, 0.0, 0.0, -0.05, -0.05, -0.05, -0.05, 0.02, -0.05]",0.0,OK
TCI_AUTO_100_KM.png,toCheck_100156_00563s_TCI_AUTO_100_KM.png,48216,Big,0.0,0.27,"[0.27, -0.05, 0.0]",0.0,OK
APC_ON_TXTALT_10203_32_FR.png,toCheck_100156_00694s_APC_ON_TXTALT_10203_32_FR.png,1376640,Big,-0.05,0.02,"[0.02, 0.0, -0.05, 0.0, 0.0, 0.0, -0.05, 0.02, 0.0, 0.02, -0.05, 0.0, 0.0, 0.0, 0.0, -0.05, 0.0, 0.0, -0.05, 0.0, 0.02, -0.05, 0.0, 0.02, -0.05, 0.0, 0.0, 0.0, 0.0, 0.02, -0.05, -0.05, -0.05, -0.05, 0.02, -0.05]",0.0,OK
TCI_AUTO_100_KM.png,toCheck_100156_00704s_TCI_AUTO_100_KM.png,48216,Big,0.0,0.27,"[0.27, -0.05, 0.0]",0.0,OK
APC_ON_TXTALT_10202_1_FR.png,toCheck_100156_01348s_APC_ON_TXTALT_10202_1_FR.png,1376640,Big,1.76,6.03,"[0.02, 0.0, -0.05, 0.0, 0.0, 0.0, 0.0, 0.0, 0.0, 0.02, -0.05, 0.0, 0.0, 0.0, 0.0, -0.05, -0.05, 0.0, -0.05, 0.0, 5.32, -0.05, 0.0, -0.05, 0.0, -0.05, 0.0, 0.02, 0.0, 6.03, 0.39, -0.05, -0.05, -0.05, 0.02, -0.05]",0.0,Investigate
BUZ_08_OFF.png,toCheck_100156_01553s_BUZ_08_OFF.png,38400,Big,5.96,5.71,"[2.08, 3.47, 1.56, 1.59, 2.25, 5.71, 2.71, 2.56, 2.37, 2.47, 1.34, 2.2]",0.0,NOK
TCI_AUTO_100_KM.png,toCheck_100156_01553s_TCI_AUTO_100_KM.png,48216,Big,0.0,0.17,"[0.17, -0.05, 0.0]",0.0,OK
FULL_ALTIA_WAKEUP_EV.png,toCheck_100170_00358s_FULL_ALTIA_WAKEUP_EV.png,1376640,Big,0.0,11.23,"[0.02, 0.0, -0.05, 0.0, 0.0, -0.05, 0.0, 0.0, 0.0, 0.0, -0.05, 0.0, 0.0, 0.0, 0.02, 0.02, -0.05, 0.0, 11.23, 0.0, 0.0, -0.05, 0.0, -0.05, -0.05, 0.0, 0.0, 0.0, -0.05, -0.05, 0.0, -0.05, -0.05, 0.02, -0.05, -0.05]",0.0,NOK
FULL_ALTIA_WAKEUP_EV.png,toCheck_100172_00358s_FULL_ALTIA_WAKEUP_EV.png,1376640,Big,0.0,11.23,"[0.02, 0.0, -0.05, 0.0, 0.0, -0.05, 0.0, 0.0, 0.0, 0.0, -0.05, 0.0, 0.0, 0.0, 0.02, 0.02, -0.05, 0.0, 11.23, 0.0, 0.0, -0.05, 0.0, -0.05, -0.05, 0.0, 0.0, 0.0, -0.05, -0.05, 0.0, -0.05, -0.05, 0.02, -0.05, -0.05]",0.0,NOK
FULL_ALTIA_WAKEUP_EV.png,toCheck_100173_00358s_FULL_ALTIA_WAKEUP_EV.png,1376640,Big,0.0,11.23,"[0.02, 0.0, -0.05, 0.0, 0.0, -0.05, 0.0, 0.0, 0.0, 0.0, -0.05, 0.0, 0.0, 0.0, 0.02, 0.02, -0.05, 0.0, 11.23, 0.0, 0.0, -0.05, 0.0, -0.05, -0.05, 0.0, 0.0, 0.0, -0.05, -0.05, 0.0, -0.05, -0.05, 0.02, -0.05, -0.05]",0.0,NOK
FULL_ALTIA_WAKEUP_EV.png,toCheck_100174_00358s_FULL_ALTIA_WAKEUP_EV.png,1376640,Big,0.0,11.23,"[0.02, 0.0, -0.05, 0.0, 0.0, -0.05, 0.0, 0.0, 0.0, 0.0, -0.05, 0.0, 0.0, 0.0, 0.02, 0.02, -0.05, 0.0, 11.23, 0.0, 0.0, -0.05, 0.0, -0.05, -0.05, 0.0, 0.0, 0.0, -0.05, -0.05, 0.0, -0.05, -0.05, 0.02, -0.05, -0.05]",0.0,NOK
TCI_ODO_10_TRIP_10_KM_ON.png,toCheck_100174_01101s_TCI_ODO_10_TRIP_10_KM_ON.png,254449,Big,1.0,6.01,"[-0.05, 0.0, 0.0, 5.57, 3.96, 5.96, 6.01, 0.0, 2.15]",0.0,Investigate
TCI_ODO_10_TRIP_10_KM_OFF.png,toCheck_100174_01106s_TCI_ODO_10_TRIP_10_KM_OFF.png,254449,Big,0.49,6.01,"[-0.05, 0.0, 0.0, 5.57, 3.91, 5.96, 6.01, 0.0, 2.15]",0.0,Investigate
TCI_ODO_10_TRIP_10_KM_ON.png,toCheck_100174_01111s_TCI_ODO_10_TRIP_10_KM_ON.png,254449,Big,1.0,6.01,"[-0.05, 0.0, 0.0, 5.57, 3.96, 5.96, 6.01, 0.0, 2.15]",0.0,Investigate
TCI_ODO_10_TRIP_10_KM_OFF.png,toCheck_100174_01116s_TCI_ODO_10_TRIP_10_KM_OFF.png,254449,Big,0.49,6.01,"[-0.05, 0.0, 0.0, 5.57, 3.91, 5.96, 6.01, 0.0, 2.15]",0.0,Investigate
TCI_ODO_15_TRIP_0KM.png,toCheck_100175_00388s_TCI_ODO_15_TRIP_0KM.png,254449,Big,0.32,6.01,"[-0.05, -0.05, 0.0, 5.57, 0.0, 5.96, 6.01, 0.0, 2.15]",0.0,Investigate
TCI_ODO_18_TRIP_1_KM.png,toCheck_100175_00548s_TCI_ODO_18_TRIP_1_KM.png,254449,Big,0.29,6.01,"[-0.05, 0.0, 0.0, 5.57, 0.0, 5.96, 6.01, 0.0, 2.15]",0.0,Investigate
TCI_ODO_18_TRIP_1_KM.png,toCheck_100175_00600s_TCI_ODO_18_TRIP_1_KM.png,254449,Big,0.29,6.01,"[-0.05, 0.0, 0.0, 5.57, 0.0, 5.96, 6.01, 0.0, 2.15]",0.0,Investigate
TCI_ODO_18_TRIP_1_KM.png,toCheck_100175_00630s_TCI_ODO_18_TRIP_1_KM.png,254449,Big,0.29,6.01,"[-0.05, 0.0, 0.0, 5.57, 0.0, 5.96, 6.01, 0.0, 2.15]",0.0,Investigate
TCI_ODO_10_TRIP_10_KM_HEV.png,toCheck_100180_01086s_TCI_ODO_10_TRIP_10_KM_HEV.png,254449,Big,0.0,0.02,"[-0.05, 0.0, -0.05, 0.0, -0.05, 0.02, 0.02, -0.05, 0.0]",0.0,OK
TCI_ODO_6_TRIP_6p2_MI_HEV.png,toCheck_100181_01086s_TCI_ODO_6_TRIP_6p2_MI_HEV.png,254449,Big,-0.05,0.02,"[-0.05, 0.02, -0.05, 0.0, 0.0, 0.02, 0.02, -0.05, 0.0]",0.0,OK
TCI_ODO_10_TRIP_0_KM.png,toCheck_100189_01162s_TCI_ODO_10_TRIP_0_KM.png,254449,Big,1.61,8.84,"[4.2, 2.25, 3.44, 1.05, 0.93, 2.42, 4.13, 8.84, 0.0]",0.0,Investigate
TCI_ODO_10_TRIP_0_KM_eAWD.png,toCheck_100197_01162s_TCI_ODO_10_TRIP_0_KM_eAWD.png,254449,Big,1.56,8.84,"[4.22, 2.25, 3.39, 0.49, 0.95, 2.88, 1.39, 8.84, 0.0]",0.0,Investigate
FULL_ALTIA_WAKEUP_MMI_ZEV_INV_TRIP.png,toCheck_100200_00245s_FULL_ALTIA_WAKEUP_MMI_ZEV_INV_TRIP.png,1376640,Big,0.0,2.93,"[0.02, 0.0, -0.05, 0.0, 0.0, -0.05, 2.93, 0.0, 0.0, -0.05, -0.05, 0.0, 0.0, 0.0, 0.02, 0.81, -0.05, 0.0, 0.0, 0.02, -0.05, -0.05, 0.0, 0.0, 0.02, 0.0, 0.0, 0.0, 0.0, 0.0, -0.05, -0.05, -0.05, -0.05, 0.02, -0.05]",0.0,OK
TCI_ODO_10_TRIP_INV_KM.png,toCheck_100200_01086s_TCI_ODO_10_TRIP_INV_KM.png,254449,Big,0.39,6.03,"[-0.05, 0.0, 0.0, 5.57, 0.02, 5.96, 6.03, 0.0, 2.12]",0.0,Investigate
TCI_ODO_10_TRIP_10_KM_OFF.png,toCheck_100204_01096s_TCI_ODO_10_TRIP_10_KM_OFF.png,254449,Big,0.49,3.93,"[-0.05, 0.0, 0.0, -0.05, 3.93, 0.0, 0.0, 0.0, 0.0]",0.0,Investigate
TCI_ODO_10_TRIP_10_KM_ON.png,toCheck_100204_01101s_TCI_ODO_10_TRIP_10_KM_ON.png,254449,Big,0.49,3.93,"[-0.05, 0.0, 0.0, -0.05, 3.93, 0.0, 0.0, 0.0, 0.0]",0.0,Investigate
TCI_ODO_10_TRIP_10_KM_OFF.png,toCheck_100204_01106s_TCI_ODO_10_TRIP_10_KM_OFF.png,254449,Big,0.49,3.93,"[-0.05, 0.0, 0.0, -0.05, 3.93, 0.0, 0.0, 0.0, 0.0]",0.0,Investigate
TCI_ODO_10_TRIP_10_KM_ON.png,toCheck_100204_01111s_TCI_ODO_10_TRIP_10_KM_ON.png,254449,Big,0.49,3.93,"[-0.05, 0.0, 0.0, -0.05, 3.93, 0.0, 0.0, 0.0, 0.0]",0.0,Investigate
FULL_ALTIA_WAKEUP_MMI_ZEV.png,toCheck_100205_00245s_FULL_ALTIA_WAKEUP_MMI_ZEV.png,1376640,Big,0.0,1.81,"[0.02, 0.0, -0.05, 0.0, 0.0, -0.05, 0.0, 0.0, 0.0, -0.05, -0.05, 0.0, 0.0, 0.0, 0.02, 1.81, -0.05, 0.0, 0.0, 0.02, -0.05, -0.05, 0.0, 0.0, 0.02, 0.0, 0.0, 0.0, 0.0, 0.0, -0.05, -0.05, -0.05, -0.05, 0.02, -0.05]",0.0,OK
TCI_ODO_6_TRIP_6p2_MI_HEV.png,toCheck_100210_05591s_TCI_ODO_6_TRIP_6p2_MI_HEV.png,254449,Big,-0.05,0.02,"[-0.05, 0.02, -0.05, 0.0, 0.0, 0.02, 0.02, -0.05, 0.0]",0.0,OK
TCI_ODO_6_TRIP_6p2_MI_HEV.png,toCheck_100211_05591s_TCI_ODO_6_TRIP_6p2_MI_HEV.png,254449,Big,-0.05,0.02,"[-0.05, 0.02, -0.05, 0.0, 0.0, 0.02, 0.02, -0.05, 0.0]",0.0,OK
NO_ALERT.png,toCheck_100001_00338s_NO_ALERT.png,267388,Big,24.29,16.8,"[1.64, 10.28, 2.34, 7.76, 16.8, 3.44]",0.0,NOK
NO_ALERT.png,toCheck_100001_00373s_NO_ALERT.png,267388,Big,9.33,7.86,"[2.44, 7.47, 2.88, 1.42, 7.86, 1.54]",0.0,NOK
TLT_FUELCAPOPEN_OFF.png,toCheck_100002_00536s_TLT_FUELCAPOPEN_OFF.png,19456,Big,2.76,2.56,"[1.73, 1.93, 1.37, 2.56, 0.0, 0.0]",0.0,OK
TLT_FUELCAPOPEN_ON.png,toCheck_100002_00383s_TLT_FUELCAPOPEN_ON.png,19456,Big,0.51,0.66,"[0.39, 0.34, 0.66, 0.59, 0.0, 0.0]",0.0,OK
TLT_FUELCAPOPEN_ON.png,toCheck_100002_00526s_TLT_FUELCAPOPEN_ON.png,19456,Big,0.51,0.66,"[0.39, 0.34, 0.66, 0.59, 0.0, 0.0]",0.0,OK
FUELCAP_PREV_PAGE.png,toCheck_100002_00536s_FUELCAP_PREV_PAGE.png,267388,Big,18.92,14.99,"[11.25, 12.35, 7.71, 9.11, 14.99, 7.86]",0.0,NOK
TLT_FUELCAPOPEN_ON.png,toCheck_100003_00383s_TLT_FUELCAPOPEN_ON.png,19456,Big,0.51,0.66,"[0.39, 0.34, 0.66, 0.59, 0.0, 0.0]",0.0,OK
TLT_FUELCAPOPEN_ON.png,toCheck_100003_00388s_TLT_FUELCAPOPEN_ON.png,19456,Big,0.51,0.66,"[0.39, 0.34, 0.66, 0.59, 0.0, 0.0]",0.0,OK
TLT_FUELCAPOPEN_ON.png,toCheck_100004_00448s_TLT_FUELCAPOPEN_ON.png,19456,Big,0.51,0.66,"[0.39, 0.34, 0.66, 0.59, 0.0, 0.0]",0.0,OK
TLT_FUELCAPOPEN_ON.png,toCheck_100004_00383s_TLT_FUELCAPOPEN_ON.png,19456,Big,0.51,0.66,"[0.39, 0.34, 0.66, 0.59, 0.0, 0.0]",0.0,OK
TLT_FUELCAPOPEN_ON.png,toCheck_100004_00388s_TLT_FUELCAPOPEN_ON.png,19456,Big,0.51,0.66,"[0.39, 0.34, 0.66, 0.59, 0.0, 0.0]",0.0,OK
TLT_FUELCAPOPEN_ON.png,toCheck_100005_00448s_TLT_FUELCAPOPEN_ON.png,19456,Big,0.51,0.66,"[0.39, 0.34, 0.66, 0.59, 0.0, 0.0]",0.0,OK
TLT_FUELCAPOPEN_ON.png,toCheck_100005_00438s_TLT_FUELCAPOPEN_ON.png,19456,Big,0.51,0.66,"[0.39, 0.34, 0.66, 0.59, 0.0, 0.0]",0.0,OK
TLT_FUELCAPOPEN_ON.png,toCheck_100006_00438s_TLT_FUELCAPOPEN_ON.png,19456,Big,0.51,0.66,"[0.39, 0.34, 0.66, 0.59, 0.0, 0.0]",0.0,OK
TLT_FUELCAPOPEN_ON.png,toCheck_100006_00383s_TLT_FUELCAPOPEN_ON.png,19456,Big,0.51,0.66,"[0.39, 0.34, 0.66, 0.59, 0.0, 0.0]",0.0,OK
TLT_FUELCAPOPEN_ON.png,toCheck_100006_00388s_TLT_FUELCAPOPEN_ON.png,19456,Big,0.51,0.66,"[0.39, 0.34, 0.66, 0.59, 0.0, 0.0]",0.0,OK
FULL_ALTIA_WAKEUP_MMI.png,toCheck_100000_00240s_FULL_ALTIA_WAKEUP_MMI.png,1376640,Big,-0.05,1.73,"[0.02, 0.0, -0.05, 0.0, 0.0, -0.05, 0.0, -0.05, 0.0, -0.05, -0.05, 0.0, 0.0, 0.0, 0.0, 0.02, 0.02, 0.0, 0.0, 1.44, -0.05, -0.05, 0.0, 0.02, -0.05, 0.0, 0.0, 0.0, 1.73, 0.0, -0.05, -0.05, -0.05, -0.05, 0.02, -0.05]",0.0,OK
TXTALT_10202_1_FR.png,toCheck_100000_00543s_TXTALT_10202_1_FR.png,267388,Big,0.29,0.95,"[0.95, 0.81, 0.83, 0.2, 0.51, 0.66]",0.0,OK
SPD_180_KMPH_WITH_SBRPICTO.png,toCheck_100001_00381s_SPD_180_KMPH_WITH_SBRPICTO.png,NA,NA,NA,0.95,"[0.95, 0.81, 0.83, 0.2, 0.51, 0.66]",4.24,Faulty
SPD_0_KMH.png,toCheck_100001_10419s_SPD_0_KMH.png,NA,NA,NA,0.95,"[0.95, 0.81, 0.83, 0.2, 0.51, 0.66]",4.24,Faulty
FULL_ALTIA_WAKEUP_MMI.png,toCheck_100017_00240s_FULL_ALTIA_WAKEUP_MMI.png,1376640,Big,-0.05,1.73,"[0.02, 0.0, -0.05, 0.0, 0.0, -0.05, 0.0, -0.05, 0.0, -0.05, -0.05, 0.0, 0.0, 0.0, 0.0, 0.02, 0.02, 0.0, 0.0, 1.44, -0.05, -0.05, 0.0, 0.02, -0.05, 0.0, 0.0, 0.0, 1.73, 0.0, -0.05, -0.05, -0.05, -0.05, 0.02, -0.05]",0.0,OK
SPD_180_KMPH_WITH_SBRPICTO.png,toCheck_100018_00381s_SPD_180_KMPH_WITH_SBRPICTO.png,NA,NA,NA,1.73,"[0.02, 0.0, -0.05, 0.0, 0.0, -0.05, 0.0, -0.05, 0.0, -0.05, -0.05, 0.0, 0.0, 0.0, 0.0, 0.02, 0.02, 0.0, 0.0, 1.44, -0.05, -0.05, 0.0, 0.02, -0.05, 0.0, 0.0, 0.0, 1.73, 0.0, -0.05, -0.05, -0.05, -0.05, 0.02, -0.05]",4.24,Faulty
SPD_0_KMH.png,toCheck_100018_10419s_SPD_0_KMH.png,NA,NA,NA,1.73,"[0.02, 0.0, -0.05, 0.0, 0.0, -0.05, 0.0, -0.05, 0.0, -0.05, -0.05, 0.0, 0.0, 0.0, 0.0, 0.02, 0.02, 0.0, 0.0, 1.44, -0.05, -0.05, 0.0, 0.02, -0.05, 0.0, 0.0, 0.0, 1.73, 0.0, -0.05, -0.05, -0.05, -0.05, 0.02, -0.05]",4.24,Faulty
SPD_180_KMPH_WITH_SBRPICTO.png,toCheck_100023_00381s_SPD_180_KMPH_WITH_SBRPICTO.png,NA,NA,NA,1.73,"[0.02, 0.0, -0.05, 0.0, 0.0, -0.05, 0.0, -0.05, 0.0, -0.05, -0.05, 0.0, 0.0, 0.0, 0.0, 0.02, 0.02, 0.0, 0.0, 1.44, -0.05, -0.05, 0.0, 0.02, -0.05, 0.0, 0.0, 0.0, 1.73, 0.0, -0.05, -0.05, -0.05, -0.05, 0.02, -0.05]",4.24,Faulty
SPD_0_KMH.png,toCheck_100023_10419s_SPD_0_KMH.png,NA,NA,NA,1.73,"[0.02, 0.0, -0.05, 0.0, 0.0, -0.05, 0.0, -0.05, 0.0, -0.05, -0.05, 0.0, 0.0, 0.0, 0.0, 0.02, 0.02, 0.0, 0.0, 1.44, -0.05, -0.05, 0.0, 0.02, -0.05, 0.0, 0.0, 0.0, 1.73, 0.0, -0.05, -0.05, -0.05, -0.05, 0.02, -0.05]",4.24,Faulty
SPD_180_KMPH_WITH_SBRPICTO.png,toCheck_100032_00381s_SPD_180_KMPH_WITH_SBRPICTO.png,NA,NA,NA,1.73,"[0.02, 0.0, -0.05, 0.0, 0.0, -0.05, 0.0, -0.05, 0.0, -0.05, -0.05, 0.0, 0.0, 0.0, 0.0, 0.02, 0.02, 0.0, 0.0, 1.44, -0.05, -0.05, 0.0, 0.02, -0.05, 0.0, 0.0, 0.0, 1.73, 0.0, -0.05, -0.05, -0.05, -0.05, 0.02, -0.05]",4.24,Faulty
SPD_0_KMH.png,toCheck_100032_10541s_SPD_0_KMH.png,NA,NA,NA,1.73,"[0.02, 0.0, -0.05, 0.0, 0.0, -0.05, 0.0, -0.05, 0.0, -0.05, -0.05, 0.0, 0.0, 0.0, 0.0, 0.02, 0.02, 0.0, 0.0, 1.44, -0.05, -0.05, 0.0, 0.02, -0.05, 0.0, 0.0, 0.0, 1.73, 0.0, -0.05, -0.05, -0.05, -0.05, 0.02, -0.05]",4.24,Faulty
SPD_180_KMPH_WITH_SBRPICTO.png,toCheck_100033_00381s_SPD_180_KMPH_WITH_SBRPICTO.png,NA,NA,NA,1.73,"[0.02, 0.0, -0.05, 0.0, 0.0, -0.05, 0.0, -0.05, 0.0, -0.05, -0.05, 0.0, 0.0, 0.0, 0.0, 0.02, 0.02, 0.0, 0.0, 1.44, -0.05, -0.05, 0.0, 0.02, -0.05, 0.0, 0.0, 0.0, 1.73, 0.0, -0.05, -0.05, -0.05, -0.05, 0.02, -0.05]",4.24,Faulty
SPD_0_KMH.png,toCheck_100033_10471s_SPD_0_KMH.png,NA,NA,NA,1.73,"[0.02, 0.0, -0.05, 0.0, 0.0, -0.05, 0.0, -0.05, 0.0, -0.05, -0.05, 0.0, 0.0, 0.0, 0.0, 0.02, 0.02, 0.0, 0.0, 1.44, -0.05, -0.05, 0.0, 0.02, -0.05, 0.0, 0.0, 0.0, 1.73, 0.0, -0.05, -0.05, -0.05, -0.05, 0.02, -0.05]",4.24,Faulty
SPD_0_KMH.png,toCheck_100033_10563s_SPD_0_KMH.png,NA,NA,NA,1.73,"[0.02, 0.0, -0.05, 0.0, 0.0, -0.05, 0.0, -0.05, 0.0, -0.05, -0.05, 0.0, 0.0, 0.0, 0.0, 0.02, 0.02, 0.0, 0.0, 1.44, -0.05, -0.05, 0.0, 0.02, -0.05, 0.0, 0.0, 0.0, 1.73, 0.0, -0.05, -0.05, -0.05, -0.05, 0.02, -0.05]",4.24,Faulty
SPD_180_KMPH_WITH_SBRPICTO.png,toCheck_100034_00381s_SPD_180_KMPH_WITH_SBRPICTO.png,NA,NA,NA,1.73,"[0.02, 0.0, -0.05, 0.0, 0.0, -0.05, 0.0, -0.05, 0.0, -0.05, -0.05, 0.0, 0.0, 0.0, 0.0, 0.02, 0.02, 0.0, 0.0, 1.44, -0.05, -0.05, 0.0, 0.02, -0.05, 0.0, 0.0, 0.0, 1.73, 0.0, -0.05, -0.05, -0.05, -0.05, 0.02, -0.05]",4.24,Faulty
SPD_Invalid_KMPH.png,toCheck_100034_10541s_SPD_Invalid_KMPH.png,NA,NA,NA,1.73,"[0.02, 0.0, -0.05, 0.0, 0.0, -0.05, 0.0, -0.05, 0.0, -0.05, -0.05, 0.0, 0.0, 0.0, 0.0, 0.02, 0.02, 0.0, 0.0, 1.44, -0.05, -0.05, 0.0, 0.02, -0.05, 0.0, 0.0, 0.0, 1.73, 0.0, -0.05, -0.05, -0.05, -0.05, 0.02, -0.05]",4.24,Faulty
SPD_0_KMH.png,toCheck_100034_10624s_SPD_0_KMH.png,NA,NA,NA,1.73,"[0.02, 0.0, -0.05, 0.0, 0.0, -0.05, 0.0, -0.05, 0.0, -0.05, -0.05, 0.0, 0.0, 0.0, 0.0, 0.02, 0.02, 0.0, 0.0, 1.44, -0.05, -0.05, 0.0, 0.02, -0.05, 0.0, 0.0, 0.0, 1.73, 0.0, -0.05, -0.05, -0.05, -0.05, 0.02, -0.05]",4.24,Faulty
TLT_SERV_ON.png,toCheck_100000_00241s_TLT_SERV_ON.png,30736,Big,0.0,0.02,"[0.0, 0.0, 0.0, 0.0, 0.02, 0.0, 0.0, 0.0, 0.0, 0.0, 0.0, 0.0]",0.0,OK
TLT_SERV_ON.png,toCheck_100000_00841s_TLT_SERV_ON.png,30736,Big,0.0,0.02,"[0.0, 0.0, 0.0, 0.0, 0.02, 0.0, 0.0, 0.0, 0.0, 0.0, 0.0, 0.0]",0.0,OK
TLT_SERV_ON.png,toCheck_100001_00276s_TLT_SERV_ON.png,30736,Big,0.0,0.02,"[0.0, 0.0, 0.0, 0.0, 0.02, 0.0, 0.0, 0.0, 0.0, 0.0, 0.0, 0.0]",0.0,OK
TLT_SERV_ON.png,toCheck_100001_00876s_TLT_SERV_ON.png,30736,Big,0.0,0.02,"[0.0, 0.0, 0.0, 0.0, 0.02, 0.0, 0.0, 0.0, 0.0, 0.0, 0.0, 0.0]",0.0,OK
TLT_SERV_ON.png,toCheck_100002_00241s_TLT_SERV_ON.png,30736,Big,0.0,0.02,"[0.0, 0.0, 0.0, 0.0, 0.02, 0.0, 0.0, 0.0, 0.0, 0.0, 0.0, 0.0]",0.0,OK
TLT_SERV_ON.png,toCheck_100002_00841s_TLT_SERV_ON.png,30736,Big,0.0,0.02,"[0.0, 0.0, 0.0, 0.0, 0.02, 0.0, 0.0, 0.0, 0.0, 0.0, 0.0, 0.0]",0.0,OK
TLT_STOP_ON.png,toCheck_100004_00841s_TLT_STOP_ON.png,22176,Big,0.0,0.0,"[0.0, 0.0, 0.0, 0.0, 0.0, 0.0, 0.0, 0.0]",0.0,OK
TLT_STOP_ON.png,toCheck_100004_00241s_TLT_STOP_ON.png,22176,Big,0.0,0.0,"[0.0, 0.0, 0.0, 0.0, 0.0, 0.0, 0.0, 0.0]",0.0,OK
NO_ALERT.png,toCheck_100005_01009s_NO_ALERT.png,267388,Big,9.64,9.25,"[2.44, 9.25, 2.88, 1.42, 9.03, 1.54]",0.0,NOK
TLT_STOP_ON.png,toCheck_100006_00841s_TLT_STOP_ON.png,22176,Big,0.0,0.0,"[0.0, 0.0, 0.0, 0.0, 0.0, 0.0, 0.0, 0.0]",0.0,OK
TLT_STOP_ON.png,toCheck_100006_00241s_TLT_STOP_ON.png,22176,Big,0.0,0.0,"[0.0, 0.0, 0.0, 0.0, 0.0, 0.0, 0.0, 0.0]",0.0,OK
TLT_SERV_ON.png,toCheck_100007_00276s_TLT_SERV_ON.png,30736,Big,0.0,0.02,"[0.0, 0.0, 0.0, 0.0, 0.02, 0.0, 0.0, 0.0, 0.0, 0.0, 0.0, 0.0]",0.0,OK
TLT_SERV_ON.png,toCheck_100007_00876s_TLT_SERV_ON.png,30736,Big,0.0,0.02,"[0.0, 0.0, 0.0, 0.0, 0.02, 0.0, 0.0, 0.0, 0.0, 0.0, 0.0, 0.0]",0.0,OK
TLT_SERV_ON.png,toCheck_100008_00276s_TLT_SERV_ON.png,30736,Big,0.0,0.02,"[0.0, 0.0, 0.0, 0.0, 0.02, 0.0, 0.0, 0.0, 0.0, 0.0, 0.0, 0.0]",0.0,OK
TLT_SERV_ON.png,toCheck_100008_00876s_TLT_SERV_ON.png,30736,Big,0.0,0.02,"[0.0, 0.0, 0.0, 0.0, 0.02, 0.0, 0.0, 0.0, 0.0, 0.0, 0.0, 0.0]",0.0,OK
TLT_SERV_ON.png,toCheck_100009_00276s_TLT_SERV_ON.png,30736,Big,0.0,0.02,"[0.0, 0.0, 0.0, 0.0, 0.02, 0.0, 0.0, 0.0, 0.0, 0.0, 0.0, 0.0]",0.0,OK
TLT_SERV_ON.png,toCheck_100009_00876s_TLT_SERV_ON.png,30736,Big,0.0,0.02,"[0.0, 0.0, 0.0, 0.0, 0.02, 0.0, 0.0, 0.0, 0.0, 0.0, 0.0, 0.0]",0.0,OK
NO_ALERT.png,toCheck_100012_00976s_NO_ALERT.png,267388,Big,10.4,8.3,"[1.22, 8.15, 2.88, 6.25, 8.3, 5.4]",0.0,NOK
NO_ALERT.png,toCheck_100013_01001s_NO_ALERT.png,267388,Big,10.4,8.3,"[1.22, 8.15, 2.88, 6.25, 8.3, 5.4]",0.0,NOK
TLT_BATT_TRACTWARN_ON_EV.png,toCheck_100013_00376s_TLT_BATT_TRACTWARN_ON_EV.png,20160,Big,0.15,0.27,"[0.2, 0.27, 0.22, 0.1, 0.24, 0.07]",0.0,OK
TLT_BATT_TRACTWARN_ON_EV.png,toCheck_100013_00986s_TLT_BATT_TRACTWARN_ON_EV.png,20160,Big,0.15,0.27,"[0.2, 0.27, 0.22, 0.1, 0.24, 0.07]",0.0,OK
NO_ALERT.png,toCheck_100014_01019s_NO_ALERT.png,267388,Big,0.44,5.2,"[0.54, -0.05, 0.0, 5.2, 0.02, 2.42]",0.0,Investigate
TLT_SERV_ON.png,toCheck_100016_00241s_TLT_SERV_ON.png,30736,Big,0.0,0.02,"[0.0, 0.0, 0.0, 0.0, 0.02, 0.0, 0.0, 0.0, 0.0, 0.0, 0.0, 0.0]",0.0,OK
TLT_SERV_ON.png,toCheck_100016_00841s_TLT_SERV_ON.png,30736,Big,0.0,0.02,"[0.0, 0.0, 0.0, 0.0, 0.02, 0.0, 0.0, 0.0, 0.0, 0.0, 0.0, 0.0]",0.0,OK
TLT_SERV_ON.png,toCheck_100017_00241s_TLT_SERV_ON.png,30736,Big,0.0,0.02,"[0.0, 0.0, 0.0, 0.0, 0.02, 0.0, 0.0, 0.0, 0.0, 0.0, 0.0, 0.0]",0.0,OK
TLT_SERV_ON.png,toCheck_100017_00841s_TLT_SERV_ON.png,30736,Big,0.0,0.02,"[0.0, 0.0, 0.0, 0.0, 0.02, 0.0, 0.0, 0.0, 0.0, 0.0, 0.0, 0.0]",0.0,OK
TLT_SERV_OFF.png,toCheck_100018_00268s_TLT_SERV_OFF.png,30736,Big,0.02,2.66,"[0.0, -0.05, 0.02, 2.66, 0.02, 0.0, 0.0, 2.32, 0.0, 0.0, 0.0, 0.0]",0.0,OK
TLT_SERV_OFF.png,toCheck_100018_00868s_TLT_SERV_OFF.png,30736,Big,0.02,2.66,"[0.0, -0.05, 0.02, 2.66, 0.02, 0.0, 0.0, 2.32, 0.0, 0.0, 0.0, 0.0]",0.0,OK
TLT_STOP_ON.png,toCheck_100019_00873s_TLT_STOP_ON.png,22176,Big,0.0,0.0,"[0.0, 0.0, 0.0, 0.0, 0.0, 0.0, 0.0, 0.0]",0.0,OK
TLT_STOP_ON.png,toCheck_100019_00273s_TLT_STOP_ON.png,22176,Big,0.0,0.0,"[0.0, 0.0, 0.0, 0.0, 0.0, 0.0, 0.0, 0.0]",0.0,OK
TLT_STOP_ON.png,toCheck_100020_00873s_TLT_STOP_ON.png,22176,Big,0.0,0.0,"[0.0, 0.0, 0.0, 0.0, 0.0, 0.0, 0.0, 0.0]",0.0,OK
TLT_STOP_ON.png,toCheck_100020_00273s_TLT_STOP_ON.png,22176,Big,0.0,0.0,"[0.0, 0.0, 0.0, 0.0, 0.0, 0.0, 0.0, 0.0]",0.0,OK
TLT_STOP_ON.png,toCheck_100021_00841s_TLT_STOP_ON.png,22176,Big,0.0,0.0,"[0.0, 0.0, 0.0, 0.0, 0.0, 0.0, 0.0, 0.0]",0.0,OK
TLT_STOP_ON.png,toCheck_100021_00241s_TLT_STOP_ON.png,22176,Big,0.0,0.0,"[0.0, 0.0, 0.0, 0.0, 0.0, 0.0, 0.0, 0.0]",0.0,OK
TLT_SERV_OFF.png,toCheck_100022_00241s_TLT_SERV_OFF.png,30736,Big,0.02,3.54,"[0.0, -0.05, 0.02, 2.27, 0.02, 0.0, 0.0, 3.54, 0.0, 0.0, 0.0, 0.0]",0.0,Investigate
TLT_SERV_OFF.png,toCheck_100022_00841s_TLT_SERV_OFF.png,30736,Big,0.02,3.54,"[0.0, -0.05, 0.02, 2.27, 0.02, 0.0, 0.0, 3.54, 0.0, 0.0, 0.0, 0.0]",0.0,Investigate
BUZ_00_OFF.png,toCheck_100024_00542s_BUZ_00_OFF.png,38400,Big,5.83,4.54,"[0.17, 0.66, 0.51, 0.24, 2.1, 4.54, 1.0, 0.1, 0.27, 1.95, 1.46, 0.83]",0.0,NOK
TLT_SERV_ON.png,toCheck_100030_00241s_TLT_SERV_ON.png,30736,Big,0.0,0.02,"[0.0, 0.0, 0.0, 0.0, 0.02, 0.0, 0.0, 0.0, 0.0, 0.0, 0.0, 0.0]",0.0,OK
TLT_SERV_ON.png,toCheck_100030_00841s_TLT_SERV_ON.png,30736,Big,0.0,0.02,"[0.0, 0.0, 0.0, 0.0, 0.02, 0.0, 0.0, 0.0, 0.0, 0.0, 0.0, 0.0]",0.0,OK
TLT_SERV_ON.png,toCheck_100031_00273s_TLT_SERV_ON.png,30736,Big,0.0,0.02,"[0.0, 0.0, 0.0, 0.0, 0.02, 0.0, 0.0, 0.0, 0.0, 0.0, 0.0, 0.0]",0.0,OK
TLT_SERV_ON.png,toCheck_100031_00873s_TLT_SERV_ON.png,30736,Big,0.0,0.02,"[0.0, 0.0, 0.0, 0.0, 0.02, 0.0, 0.0, 0.0, 0.0, 0.0, 0.0, 0.0]",0.0,OK
TLT_SERV_ON.png,toCheck_100032_00241s_TLT_SERV_ON.png,30736,Big,0.0,0.02,"[0.0, 0.0, 0.0, 0.0, 0.02, 0.0, 0.0, 0.0, 0.0, 0.0, 0.0, 0.0]",0.0,OK
TLT_SERV_ON.png,toCheck_100032_00841s_TLT_SERV_ON.png,30736,Big,0.0,0.02,"[0.0, 0.0, 0.0, 0.0, 0.02, 0.0, 0.0, 0.0, 0.0, 0.0, 0.0, 0.0]",0.0,OK
TLT_SERV_ON.png,toCheck_100033_00311s_TLT_SERV_ON.png,30736,Big,0.0,0.02,"[0.0, 0.0, 0.0, 0.0, 0.02, 0.0, 0.0, 0.0, 0.0, 0.0, 0.0, 0.0]",0.0,OK
TLT_STOP_ON.png,toCheck_100033_00311s_TLT_STOP_ON.png,22176,Big,0.0,0.0,"[0.0, 0.0, 0.0, 0.0, 0.0, 0.0, 0.0, 0.0]",0.0,OK
TLT_SERV_ON.png,toCheck_100033_00911s_TLT_SERV_ON.png,30736,Big,0.0,0.02,"[0.0, 0.0, 0.0, 0.0, 0.02, 0.0, 0.0, 0.0, 0.0, 0.0, 0.0, 0.0]",0.0,OK
TLT_STOP_ON.png,toCheck_100033_00911s_TLT_STOP_ON.png,22176,Big,0.0,0.0,"[0.0, 0.0, 0.0, 0.0, 0.0, 0.0, 0.0, 0.0]",0.0,OK
TLT_SERV_ON.png,toCheck_100034_00241s_TLT_SERV_ON.png,30736,Big,0.0,0.02,"[0.0, 0.0, 0.0, 0.0, 0.02, 0.0, 0.0, 0.0, 0.0, 0.0, 0.0, 0.0]",0.0,OK
TLT_STOP_ON.png,toCheck_100034_00241s_TLT_STOP_ON.png,22176,Big,0.0,0.0,"[0.0, 0.0, 0.0, 0.0, 0.0, 0.0, 0.0, 0.0]",0.0,OK
TLT_SERV_ON.png,toCheck_100034_00841s_TLT_SERV_ON.png,30736,Big,0.0,0.02,"[0.0, 0.0, 0.0, 0.0, 0.02, 0.0, 0.0, 0.0, 0.0, 0.0, 0.0, 0.0]",0.0,OK
TLT_STOP_ON.png,toCheck_100034_00841s_TLT_STOP_ON.png,22176,Big,0.0,0.0,"[0.0, 0.0, 0.0, 0.0, 0.0, 0.0, 0.0, 0.0]",0.0,OK
TLT_SERV_ON.png,toCheck_100035_00273s_TLT_SERV_ON.png,30736,Big,0.0,0.02,"[0.0, 0.0, 0.0, 0.0, 0.02, 0.0, 0.0, 0.0, 0.0, 0.0, 0.0, 0.0]",0.0,OK
TLT_SERV_ON.png,toCheck_100035_00873s_TLT_SERV_ON.png,30736,Big,0.0,0.02,"[0.0, 0.0, 0.0, 0.0, 0.02, 0.0, 0.0, 0.0, 0.0, 0.0, 0.0, 0.0]",0.0,OK
TLT_SERV_ON.png,toCheck_100036_00241s_TLT_SERV_ON.png,30736,Big,0.0,0.02,"[0.0, 0.0, 0.0, 0.0, 0.02, 0.0, 0.0, 0.0, 0.0, 0.0, 0.0, 0.0]",0.0,OK
TLT_SERV_ON.png,toCheck_100036_00841s_TLT_SERV_ON.png,30736,Big,0.0,0.02,"[0.0, 0.0, 0.0, 0.0, 0.02, 0.0, 0.0, 0.0, 0.0, 0.0, 0.0, 0.0]",0.0,OK
TLT_SERV_ON.png,toCheck_100037_00241s_TLT_SERV_ON.png,30736,Big,0.0,0.02,"[0.0, 0.0, 0.0, 0.0, 0.02, 0.0, 0.0, 0.0, 0.0, 0.0, 0.0, 0.0]",0.0,OK
TLT_SERV_ON.png,toCheck_100037_00841s_TLT_SERV_ON.png,30736,Big,0.0,0.02,"[0.0, 0.0, 0.0, 0.0, 0.02, 0.0, 0.0, 0.0, 0.0, 0.0, 0.0, 0.0]",0.0,OK
TLT_SERV_ON.png,toCheck_100038_00241s_TLT_SERV_ON.png,30736,Big,0.0,0.02,"[0.0, 0.0, 0.0, 0.0, 0.02, 0.0, 0.0, 0.0, 0.0, 0.0, 0.0, 0.0]",0.0,OK
TLT_SERV_ON.png,toCheck_100038_00841s_TLT_SERV_ON.png,30736,Big,0.0,0.02,"[0.0, 0.0, 0.0, 0.0, 0.02, 0.0, 0.0, 0.0, 0.0, 0.0, 0.0, 0.0]",0.0,OK
BUZ_00_OFF.png,toCheck_100044_00392s_BUZ_00_OFF.png,38400,Big,5.83,4.54,"[0.17, 0.66, 0.51, 0.24, 2.1, 4.54, 1.0, 0.1, 0.27, 1.95, 1.46, 0.83]",0.0,NOK
TLT_SERV_ON.png,toCheck_100045_00241s_TLT_SERV_ON.png,30736,Big,0.0,0.02,"[0.0, 0.0, 0.0, 0.0, 0.02, 0.0, 0.0, 0.0, 0.0, 0.0, 0.0, 0.0]",0.0,OK
TLT_SERV_ON.png,toCheck_100045_00841s_TLT_SERV_ON.png,30736,Big,0.0,0.02,"[0.0, 0.0, 0.0, 0.0, 0.02, 0.0, 0.0, 0.0, 0.0, 0.0, 0.0, 0.0]",0.0,OK
TLT_SERV_ON.png,toCheck_100046_00241s_TLT_SERV_ON.png,30736,Big,0.0,0.02,"[0.0, 0.0, 0.0, 0.0, 0.02, 0.0, 0.0, 0.0, 0.0, 0.0, 0.0, 0.0]",0.0,OK
TLT_SERV_ON.png,toCheck_100046_00841s_TLT_SERV_ON.png,30736,Big,0.0,0.02,"[0.0, 0.0, 0.0, 0.0, 0.02, 0.0, 0.0, 0.0, 0.0, 0.0, 0.0, 0.0]",0.0,OK
TLT_SERV_ON.png,toCheck_100047_00241s_TLT_SERV_ON.png,30736,Big,0.0,0.02,"[0.0, 0.0, 0.0, 0.0, 0.02, 0.0, 0.0, 0.0, 0.0, 0.0, 0.0, 0.0]",0.0,OK
TLT_SERV_ON.png,toCheck_100047_00841s_TLT_SERV_ON.png,30736,Big,0.0,0.02,"[0.0, 0.0, 0.0, 0.0, 0.02, 0.0, 0.0, 0.0, 0.0, 0.0, 0.0, 0.0]",0.0,OK
ADAS_TXTALT_10913_11_FR.png,toCheck_100064_00241s_ADAS_TXTALT_10913_11_FR.png,267388,Big,2.25,11.35,"[4.69, 8.74, 11.35, 7.23, 4.08, 5.15]",0.0,Investigate
ADAS_TXTALT_10913_11_FR.png,toCheck_100064_00841s_ADAS_TXTALT_10913_11_FR.png,267388,Big,2.25,11.35,"[4.69, 8.74, 11.35, 7.23, 4.08, 5.15]",0.0,Investigate
TXTALT_10913_19_FR.png,toCheck_100066_01001s_TXTALT_10913_19_FR.png,267388,Big,2.25,11.35,"[4.69, 8.74, 11.35, 7.23, 4.08, 5.15]",0.0,Investigate
TXTALT_10913_19_FR.png,toCheck_100066_00401s_TXTALT_10913_19_FR.png,267388,Big,2.25,11.35,"[4.69, 8.74, 11.35, 7.23, 4.08, 5.15]",0.0,Investigate
TXTALT_10925_3_FR.png,toCheck_100067_00241s_TXTALT_10925_3_FR.png,202806,Big,8.57,7.35,"[4.96, 7.35, 6.62, 7.08, 7.28, 3.83]",0.0,NOK
TXTALT_10925_3_FR.png,toCheck_100067_00841s_TXTALT_10925_3_FR.png,202806,Big,8.57,7.35,"[4.96, 7.35, 6.62, 7.08, 7.28, 3.83]",0.0,NOK
TLT_SERV_ON.png,toCheck_100076_00241s_TLT_SERV_ON.png,30736,Big,0.0,0.02,"[0.0, 0.0, 0.0, 0.0, 0.02, 0.0, 0.0, 0.0, 0.0, 0.0, 0.0, 0.0]",0.0,OK
TLT_SERV_ON.png,toCheck_100076_00841s_TLT_SERV_ON.png,30736,Big,0.0,0.02,"[0.0, 0.0, 0.0, 0.0, 0.02, 0.0, 0.0, 0.0, 0.0, 0.0, 0.0, 0.0]",0.0,OK
TLT_SERV_ON.png,toCheck_100077_00241s_TLT_SERV_ON.png,30736,Big,0.0,0.93,"[0.0, 0.0, 0.0, 0.56, 0.02, 0.0, 0.0, 0.93, 0.0, 0.0, 0.0, 0.0]",0.0,OK
TLT_SERV_ON.png,toCheck_100077_00841s_TLT_SERV_ON.png,30736,Big,0.0,0.93,"[0.0, 0.0, 0.0, 0.56, 0.02, 0.0, 0.0, 0.93, 0.0, 0.0, 0.0, 0.0]",0.0,OK
TLT_STOP_ON.png,toCheck_100078_00241s_TLT_STOP_ON.png,22176,Big,0.0,0.0,"[0.0, 0.0, 0.0, 0.0, 0.0, 0.0, 0.0, 0.0]",0.0,OK
TLT_STOP_ON.png,toCheck_100078_00841s_TLT_STOP_ON.png,22176,Big,0.0,0.0,"[0.0, 0.0, 0.0, 0.0, 0.0, 0.0, 0.0, 0.0]",0.0,OK
TLT_STOP_ON.png,toCheck_100079_00841s_TLT_STOP_ON.png,22176,Big,0.0,0.0,"[0.0, 0.0, 0.0, 0.0, 0.0, 0.0, 0.0, 0.0]",0.0,OK
TLT_STOP_ON.png,toCheck_100079_00241s_TLT_STOP_ON.png,22176,Big,0.0,0.0,"[0.0, 0.0, 0.0, 0.0, 0.0, 0.0, 0.0, 0.0]",0.0,OK
TLT_STOP_ON.png,toCheck_100081_00241s_TLT_STOP_ON.png,22176,Big,0.0,0.0,"[0.0, 0.0, 0.0, 0.0, 0.0, 0.0, 0.0, 0.0]",0.0,OK
TLT_STOP_ON.png,toCheck_100081_00841s_TLT_STOP_ON.png,22176,Big,0.0,0.0,"[0.0, 0.0, 0.0, 0.0, 0.0, 0.0, 0.0, 0.0]",0.0,OK
TLT_SERV_OFF.png,toCheck_100082_00241s_TLT_SERV_OFF.png,30736,Big,0.02,4.35,"[0.0, -0.05, 0.02, 1.42, 0.02, 0.0, 0.0, 4.35, 0.0, 0.0, 0.0, 0.0]",0.0,Investigate
TLT_SERV_OFF.png,toCheck_100082_00841s_TLT_SERV_OFF.png,30736,Big,0.02,4.35,"[0.0, -0.05, 0.02, 1.42, 0.02, 0.0, 0.0, 4.35, 0.0, 0.0, 0.0, 0.0]",0.0,Investigate
TLT_SERV_ON.png,toCheck_100085_00241s_TLT_SERV_ON.png,30736,Big,0.0,0.17,"[0.0, 0.0, 0.0, 0.0, 0.02, 0.0, 0.0, 0.17, 0.0, 0.0, 0.0, 0.0]",0.0,OK
TLT_SERV_ON.png,toCheck_100085_00841s_TLT_SERV_ON.png,30736,Big,0.0,0.17,"[0.0, 0.0, 0.0, 0.0, 0.02, 0.0, 0.0, 0.17, 0.0, 0.0, 0.0, 0.0]",0.0,OK
TLT_STOP_ON.png,toCheck_100086_00841s_TLT_STOP_ON.png,22176,Big,0.0,0.0,"[0.0, 0.0, 0.0, 0.0, 0.0, 0.0, 0.0, 0.0]",0.0,OK
TLT_STOP_ON.png,toCheck_100086_00241s_TLT_STOP_ON.png,22176,Big,0.0,0.0,"[0.0, 0.0, 0.0, 0.0, 0.0, 0.0, 0.0, 0.0]",0.0,OK
TLT_STOP_ON.png,toCheck_100089_00276s_TLT_STOP_ON.png,22176,Big,0.0,0.0,"[0.0, 0.0, 0.0, 0.0, 0.0, 0.0, 0.0, 0.0]",0.0,OK
TLT_STOP_ON.png,toCheck_100089_00876s_TLT_STOP_ON.png,22176,Big,0.0,0.0,"[0.0, 0.0, 0.0, 0.0, 0.0, 0.0, 0.0, 0.0]",0.0,OK
TLT_SERV_ON.png,toCheck_100091_00273s_TLT_SERV_ON.png,30736,Big,0.0,0.02,"[0.0, 0.0, 0.0, 0.0, 0.02, 0.0, 0.0, 0.0, 0.0, 0.0, 0.0, 0.0]",0.0,OK
TLT_SERV_ON.png,toCheck_100091_00873s_TLT_SERV_ON.png,30736,Big,0.0,0.02,"[0.0, 0.0, 0.0, 0.0, 0.02, 0.0, 0.0, 0.0, 0.0, 0.0, 0.0, 0.0]",0.0,OK
TLT_STOP_ON.png,toCheck_100092_00241s_TLT_STOP_ON.png,22176,Big,0.0,0.0,"[0.0, 0.0, 0.0, 0.0, 0.0, 0.0, 0.0, 0.0]",0.0,OK
TLT_STOP_ON.png,toCheck_100092_00841s_TLT_STOP_ON.png,22176,Big,0.0,0.0,"[0.0, 0.0, 0.0, 0.0, 0.0, 0.0, 0.0, 0.0]",0.0,OK
TLT_SERV_ON.png,toCheck_100097_00241s_TLT_SERV_ON.png,30736,Big,0.0,0.02,"[0.0, 0.0, 0.0, 0.0, 0.02, 0.0, 0.0, 0.0, 0.0, 0.0, 0.0, 0.0]",0.0,OK
TLT_SERV_ON.png,toCheck_100097_00841s_TLT_SERV_ON.png,30736,Big,0.0,0.02,"[0.0, 0.0, 0.0, 0.0, 0.02, 0.0, 0.0, 0.0, 0.0, 0.0, 0.0, 0.0]",0.0,OK
TLT_SERV_ON.png,toCheck_100100_00241s_TLT_SERV_ON.png,30736,Big,0.0,0.02,"[0.0, 0.0, 0.0, 0.0, 0.02, 0.0, 0.0, 0.0, 0.0, 0.0, 0.0, 0.0]",0.0,OK
TLT_SERV_ON.png,toCheck_100100_00841s_TLT_SERV_ON.png,30736,Big,0.0,0.02,"[0.0, 0.0, 0.0, 0.0, 0.02, 0.0, 0.0, 0.0, 0.0, 0.0, 0.0, 0.0]",0.0,OK
TLT_SERV_ON.png,toCheck_100102_00241s_TLT_SERV_ON.png,30736,Big,0.0,0.02,"[0.0, 0.0, 0.0, 0.0, 0.02, 0.0, 0.0, 0.0, 0.0, 0.0, 0.0, 0.0]",0.0,OK
TLT_SERV_ON.png,toCheck_100102_00841s_TLT_SERV_ON.png,30736,Big,0.0,0.02,"[0.0, 0.0, 0.0, 0.0, 0.02, 0.0, 0.0, 0.0, 0.0, 0.0, 0.0, 0.0]",0.0,OK
NO_ALERT.png,toCheck_100106_00992s_NO_ALERT.png,267388,Big,0.0,1.22,"[0.02, -0.05, 1.22, 0.0, 0.02, 0.0]",0.0,OK
TLT_SERV_ON.png,toCheck_100107_00241s_TLT_SERV_ON.png,30736,Big,0.0,0.02,"[0.0, 0.0, 0.0, 0.0, 0.02, 0.0, 0.0, 0.0, 0.0, 0.0, 0.0, 0.0]",0.0,OK
TLT_SERV_ON.png,toCheck_100107_00841s_TLT_SERV_ON.png,30736,Big,0.0,0.02,"[0.0, 0.0, 0.0, 0.0, 0.02, 0.0, 0.0, 0.0, 0.0, 0.0, 0.0, 0.0]",0.0,OK
TLT_SERV_ON.png,toCheck_100109_00241s_TLT_SERV_ON.png,30736,Big,0.0,1.29,"[0.0, 0.0, 0.0, 1.29, 0.02, 0.0, 0.0, 1.0, 0.0, 0.0, 0.0, 0.0]",0.0,OK
TLT_SERV_ON.png,toCheck_100109_00841s_TLT_SERV_ON.png,30736,Big,0.0,1.29,"[0.0, 0.0, 0.0, 1.29, 0.02, 0.0, 0.0, 1.0, 0.0, 0.0, 0.0, 0.0]",0.0,OK
TLT_SERV_ON.png,toCheck_100111_00241s_TLT_SERV_ON.png,30736,Big,0.0,0.02,"[0.0, 0.0, 0.0, 0.0, 0.02, 0.0, 0.0, 0.0, 0.0, 0.0, 0.0, 0.0]",0.0,OK
TLT_SERV_ON.png,toCheck_100111_00841s_TLT_SERV_ON.png,30736,Big,0.0,0.02,"[0.0, 0.0, 0.0, 0.0, 0.02, 0.0, 0.0, 0.0, 0.0, 0.0, 0.0, 0.0]",0.0,OK
TLT_SERV_ON.png,toCheck_100113_00276s_TLT_SERV_ON.png,30736,Big,0.0,1.29,"[0.0, 0.0, 0.0, 1.29, 0.02, 0.0, 0.0, 1.0, 0.0, 0.0, 0.0, 0.0]",0.0,OK
TLT_SERV_ON.png,toCheck_100113_00876s_TLT_SERV_ON.png,30736,Big,0.0,1.29,"[0.0, 0.0, 0.0, 1.29, 0.02, 0.0, 0.0, 1.0, 0.0, 0.0, 0.0, 0.0]",0.0,OK
TLT_STOP_ON.png,toCheck_100114_00241s_TLT_STOP_ON.png,22176,Big,0.0,0.0,"[0.0, 0.0, 0.0, 0.0, 0.0, 0.0, 0.0, 0.0]",0.0,OK
TLT_STOP_ON.png,toCheck_100114_00841s_TLT_STOP_ON.png,22176,Big,0.0,0.0,"[0.0, 0.0, 0.0, 0.0, 0.0, 0.0, 0.0, 0.0]",0.0,OK
TLT_SERV_ON.png,toCheck_100115_00241s_TLT_SERV_ON.png,30736,Big,0.0,0.02,"[0.0, 0.0, 0.0, 0.0, 0.02, 0.0, 0.0, 0.0, 0.0, 0.0, 0.0, 0.0]",0.0,OK
TLT_SERV_ON.png,toCheck_100115_00841s_TLT_SERV_ON.png,30736,Big,0.0,0.02,"[0.0, 0.0, 0.0, 0.0, 0.02, 0.0, 0.0, 0.0, 0.0, 0.0, 0.0, 0.0]",0.0,OK
TLT_SERV_ON.png,toCheck_100119_00241s_TLT_SERV_ON.png,30736,Big,0.0,0.02,"[0.0, 0.0, 0.0, 0.0, 0.02, 0.0, 0.0, 0.0, 0.0, 0.0, 0.0, 0.0]",0.0,OK
TLT_SERV_ON.png,toCheck_100119_00841s_TLT_SERV_ON.png,30736,Big,0.0,0.02,"[0.0, 0.0, 0.0, 0.0, 0.02, 0.0, 0.0, 0.0, 0.0, 0.0, 0.0, 0.0]",0.0,OK
TLT_SERV_ON.png,toCheck_100120_00241s_TLT_SERV_ON.png,30736,Big,0.0,0.02,"[0.0, 0.0, 0.0, 0.0, 0.02, 0.0, 0.0, 0.0, 0.0, 0.0, 0.0, 0.0]",0.0,OK
TLT_SERV_ON.png,toCheck_100120_00841s_TLT_SERV_ON.png,30736,Big,0.0,0.02,"[0.0, 0.0, 0.0, 0.0, 0.02, 0.0, 0.0, 0.0, 0.0, 0.0, 0.0, 0.0]",0.0,OK
TLT_SERV_ON.png,toCheck_100121_00241s_TLT_SERV_ON.png,30736,Big,0.0,0.02,"[0.0, 0.0, 0.0, 0.0, 0.02, 0.0, 0.0, 0.0, 0.0, 0.0, 0.0, 0.0]",0.0,OK
TLT_SERV_ON.png,toCheck_100121_00841s_TLT_SERV_ON.png,30736,Big,0.0,0.02,"[0.0, 0.0, 0.0, 0.0, 0.02, 0.0, 0.0, 0.0, 0.0, 0.0, 0.0, 0.0]",0.0,OK
TLT_SERV_ON.png,toCheck_100122_00246s_TLT_SERV_ON.png,30736,Big,0.0,0.02,"[0.0, 0.0, 0.0, 0.0, 0.02, 0.0, 0.0, 0.0, 0.0, 0.0, 0.0, 0.0]",0.0,OK
TLT_SERV_ON.png,toCheck_100122_00846s_TLT_SERV_ON.png,30736,Big,0.0,0.02,"[0.0, 0.0, 0.0, 0.0, 0.02, 0.0, 0.0, 0.0, 0.0, 0.0, 0.0, 0.0]",0.0,OK
TLT_SERV_ON.png,toCheck_100123_00276s_TLT_SERV_ON.png,30736,Big,0.0,0.02,"[0.0, 0.0, 0.0, 0.0, 0.02, 0.0, 0.0, 0.0, 0.0, 0.0, 0.0, 0.0]",0.0,OK
TLT_SERV_ON.png,toCheck_100123_00876s_TLT_SERV_ON.png,30736,Big,0.0,0.02,"[0.0, 0.0, 0.0, 0.0, 0.02, 0.0, 0.0, 0.0, 0.0, 0.0, 0.0, 0.0]",0.0,OK
TLT_TPW_OFF.png,toCheck_100124_00996s_TLT_TPW_OFF.png,19456,Big,6.59,7.25,"[3.05, 3.39, 5.44, 7.25, 0.0, 0.0]",0.0,Investigate
TLT_TPW_OFF.png,toCheck_100124_01001s_TLT_TPW_OFF.png,19456,Big,6.59,7.25,"[3.05, 3.39, 5.44, 7.25, 0.0, 0.0]",0.0,Investigate
TLT_SERV_ON.png,toCheck_100124_01006s_TLT_SERV_ON.png,30736,Big,0.0,0.24,"[0.0, 0.0, 0.0, 0.24, 0.02, 0.0, 0.0, 0.24, 0.0, 0.0, 0.0, 0.0]",0.0,OK
TLT_SERV_ON.png,toCheck_100124_00396s_TLT_SERV_ON.png,30736,Big,0.0,0.02,"[0.0, 0.0, 0.0, 0.0, 0.02, 0.0, 0.0, 0.0, 0.0, 0.0, 0.0, 0.0]",0.0,OK
TLT_SERV_ON.png,toCheck_100125_00861s_TLT_SERV_ON.png,30736,Big,0.0,0.02,"[0.0, 0.0, 0.0, 0.0, 0.02, 0.0, 0.0, 0.0, 0.0, 0.0, 0.0, 0.0]",0.0,OK
TLT_SERV_ON.png,toCheck_100125_00251s_TLT_SERV_ON.png,30736,Big,0.0,0.02,"[0.0, 0.0, 0.0, 0.0, 0.02, 0.0, 0.0, 0.0, 0.0, 0.0, 0.0, 0.0]",0.0,OK
TLT_SERV_OFF.png,toCheck_100126_00241s_TLT_SERV_OFF.png,30736,Big,0.02,3.81,"[0.0, -0.05, 0.02, 1.2, 0.02, 0.0, 0.0, 3.81, 0.0, 0.0, 0.0, 0.0]",0.0,Investigate
TLT_SERV_OFF.png,toCheck_100126_00841s_TLT_SERV_OFF.png,30736,Big,0.02,3.81,"[0.0, -0.05, 0.02, 1.2, 0.02, 0.0, 0.0, 3.81, 0.0, 0.0, 0.0, 0.0]",0.0,Investigate
TLT_STOP_ON.png,toCheck_100127_00841s_TLT_STOP_ON.png,22176,Big,0.0,0.0,"[0.0, 0.0, 0.0, 0.0, 0.0, 0.0, 0.0, 0.0]",0.0,OK
TLT_SERV_OFF.png,toCheck_100127_00241s_TLT_SERV_OFF.png,30736,Big,0.02,3.81,"[0.0, -0.05, 0.02, 1.2, 0.02, 0.0, 0.0, 3.81, 0.0, 0.0, 0.0, 0.0]",0.0,Investigate
TLT_STOP_ON.png,toCheck_100127_00241s_TLT_STOP_ON.png,22176,Big,0.0,0.0,"[0.0, 0.0, 0.0, 0.0, 0.0, 0.0, 0.0, 0.0]",0.0,OK
TLT_SERV_OFF.png,toCheck_100127_00841s_TLT_SERV_OFF.png,30736,Big,0.02,3.81,"[0.0, -0.05, 0.02, 1.2, 0.02, 0.0, 0.0, 3.81, 0.0, 0.0, 0.0, 0.0]",0.0,Investigate
TLT_TPW_ON.png,toCheck_100128_00241s_TLT_TPW_ON.png,19456,Big,6.59,7.25,"[3.05, 3.39, 5.44, 7.25, 0.0, 0.0]",0.0,Investigate
TLT_TPW_ON.png,toCheck_100128_00841s_TLT_TPW_ON.png,19456,Big,6.59,7.25,"[3.05, 3.39, 5.44, 7.25, 0.0, 0.0]",0.0,Investigate
TLT_SERV_OFF.png,toCheck_100129_00241s_TLT_SERV_OFF.png,30736,Big,0.02,3.81,"[0.0, -0.05, 0.02, 1.2, 0.02, 0.0, 0.0, 3.81, 0.0, 0.0, 0.0, 0.0]",0.0,Investigate
TLT_SERV_OFF.png,toCheck_100129_00841s_TLT_SERV_OFF.png,30736,Big,0.02,3.81,"[0.0, -0.05, 0.02, 1.2, 0.02, 0.0, 0.0, 3.81, 0.0, 0.0, 0.0, 0.0]",0.0,Investigate
TLT_SERV_ON.png,toCheck_100130_00861s_TLT_SERV_ON.png,30736,Big,0.0,0.02,"[0.0, 0.0, 0.0, 0.0, 0.02, 0.0, 0.0, 0.0, 0.0, 0.0, 0.0, 0.0]",0.0,OK
TLT_SERV_ON.png,toCheck_100130_00251s_TLT_SERV_ON.png,30736,Big,0.0,0.02,"[0.0, 0.0, 0.0, 0.0, 0.02, 0.0, 0.0, 0.0, 0.0, 0.0, 0.0, 0.0]",0.0,OK
TLT_TPW_OFF.png,toCheck_100131_01211s_TLT_TPW_OFF.png,NA,NA,NA,0.02,"[0.0, 0.0, 0.0, 0.0, 0.02, 0.0, 0.0, 0.0, 0.0, 0.0, 0.0, 0.0]",8.8,Faulty
TLT_TPW_ON.png,toCheck_100131_01213s_TLT_TPW_ON.png,NA,NA,NA,0.02,"[0.0, 0.0, 0.0, 0.0, 0.02, 0.0, 0.0, 0.0, 0.0, 0.0, 0.0, 0.0]",8.8,Faulty
TLT_TPW_OFF.png,toCheck_100131_01216s_TLT_TPW_OFF.png,NA,NA,NA,0.02,"[0.0, 0.0, 0.0, 0.0, 0.02, 0.0, 0.0, 0.0, 0.0, 0.0, 0.0, 0.0]",8.8,Faulty
TLT_TPW_ON.png,toCheck_100131_01218s_TLT_TPW_ON.png,NA,NA,NA,0.02,"[0.0, 0.0, 0.0, 0.0, 0.02, 0.0, 0.0, 0.0, 0.0, 0.0, 0.0, 0.0]",8.8,Faulty
TLT_SERV_ON.png,toCheck_100131_01221s_TLT_SERV_ON.png,30736,Big,0.0,1.29,"[0.0, 0.0, 0.0, 1.29, 0.02, 0.0, 0.0, 1.0, 0.0, 0.0, 0.0, 0.0]",0.0,OK
TXTALT_30103_2_FR.png,toCheck_100131_01221s_TXTALT_30103_2_FR.png,267388,Big,0.12,2.93,"[0.37, 1.37, 2.93, 1.83, 0.68, 0.61]",0.0,OK
TLT_TPW_OFF.png,toCheck_100131_00601s_TLT_TPW_OFF.png,NA,NA,NA,2.93,"[0.37, 1.37, 2.93, 1.83, 0.68, 0.61]",8.8,Faulty
TLT_TPW_ON.png,toCheck_100131_00603s_TLT_TPW_ON.png,NA,NA,NA,2.93,"[0.37, 1.37, 2.93, 1.83, 0.68, 0.61]",8.8,Faulty
TLT_TPW_OFF.png,toCheck_100131_00606s_TLT_TPW_OFF.png,NA,NA,NA,2.93,"[0.37, 1.37, 2.93, 1.83, 0.68, 0.61]",8.8,Faulty
TLT_TPW_ON.png,toCheck_100131_00608s_TLT_TPW_ON.png,NA,NA,NA,2.93,"[0.37, 1.37, 2.93, 1.83, 0.68, 0.61]",8.8,Faulty
TLT_SERV_ON.png,toCheck_100131_00611s_TLT_SERV_ON.png,30736,Big,0.0,1.29,"[0.0, 0.0, 0.0, 1.29, 0.02, 0.0, 0.0, 1.0, 0.0, 0.0, 0.0, 0.0]",0.0,OK
TLT_SERV_ON.png,toCheck_100135_00241s_TLT_SERV_ON.png,30736,Big,0.0,0.02,"[0.0, 0.0, 0.0, 0.0, 0.02, 0.0, 0.0, 0.0, 0.0, 0.0, 0.0, 0.0]",0.0,OK
TLT_SERV_ON.png,toCheck_100135_00841s_TLT_SERV_ON.png,30736,Big,0.0,0.02,"[0.0, 0.0, 0.0, 0.0, 0.02, 0.0, 0.0, 0.0, 0.0, 0.0, 0.0, 0.0]",0.0,OK
TLT_STOP_ON.png,toCheck_100137_00381s_TLT_STOP_ON.png,22176,Big,0.0,0.0,"[0.0, 0.0, 0.0, 0.0, 0.0, 0.0, 0.0, 0.0]",0.0,OK
TLT_STOP_ON.png,toCheck_100137_00981s_TLT_STOP_ON.png,22176,Big,0.0,0.0,"[0.0, 0.0, 0.0, 0.0, 0.0, 0.0, 0.0, 0.0]",0.0,OK
BUZ_00_OFF.png,toCheck_100138_00392s_BUZ_00_OFF.png,38400,Big,5.83,4.54,"[0.17, 0.66, 0.51, 0.24, 2.1, 4.54, 1.0, 0.1, 0.27, 1.95, 1.46, 0.83]",0.0,NOK
TLT_SERV_ON.png,toCheck_100139_00241s_TLT_SERV_ON.png,30736,Big,0.0,0.02,"[0.0, 0.0, 0.0, 0.0, 0.02, 0.0, 0.0, 0.0, 0.0, 0.0, 0.0, 0.0]",0.0,OK
TLT_SERV_ON.png,toCheck_100139_00841s_TLT_SERV_ON.png,30736,Big,0.0,0.02,"[0.0, 0.0, 0.0, 0.0, 0.02, 0.0, 0.0, 0.0, 0.0, 0.0, 0.0, 0.0]",0.0,OK
TLT_SERV_OFF.png,toCheck_100142_00241s_TLT_SERV_OFF.png,30736,Big,0.02,3.86,"[0.0, -0.05, 0.02, 2.08, 0.02, 0.0, 0.0, 3.86, 0.0, 0.0, 0.0, 0.0]",0.0,Investigate
TLT_SERV_OFF.png,toCheck_100142_00841s_TLT_SERV_OFF.png,30736,Big,0.02,3.86,"[0.0, -0.05, 0.02, 2.08, 0.02, 0.0, 0.0, 3.86, 0.0, 0.0, 0.0, 0.0]",0.0,Investigate
TLT_SERV_OFF.png,toCheck_100145_00241s_TLT_SERV_OFF.png,30736,Big,0.02,3.86,"[0.0, -0.05, 0.02, 2.08, 0.02, 0.0, 0.0, 3.86, 0.0, 0.0, 0.0, 0.0]",0.0,Investigate
TLT_SERV_OFF.png,toCheck_100145_00841s_TLT_SERV_OFF.png,30736,Big,0.02,3.86,"[0.0, -0.05, 0.02, 2.08, 0.02, 0.0, 0.0, 3.86, 0.0, 0.0, 0.0, 0.0]",0.0,Investigate
TLT_SERV_ON.png,toCheck_100146_00241s_TLT_SERV_ON.png,30736,Big,0.0,0.02,"[0.0, 0.0, 0.0, 0.0, 0.02, 0.0, 0.0, 0.0, 0.0, 0.0, 0.0, 0.0]",0.0,OK
TLT_SERV_ON.png,toCheck_100146_00841s_TLT_SERV_ON.png,30736,Big,0.0,0.02,"[0.0, 0.0, 0.0, 0.0, 0.02, 0.0, 0.0, 0.0, 0.0, 0.0, 0.0, 0.0]",0.0,OK
TLT_SERV_ON.png,toCheck_100147_00241s_TLT_SERV_ON.png,30736,Big,0.0,1.95,"[0.0, 0.0, 0.0, 0.0, 0.02, 0.0, 0.0, 1.95, 0.0, 0.0, 0.0, 0.0]",0.0,OK
TLT_SERV_ON.png,toCheck_100147_00841s_TLT_SERV_ON.png,30736,Big,0.0,1.95,"[0.0, 0.0, 0.0, 0.0, 0.02, 0.0, 0.0, 1.95, 0.0, 0.0, 0.0, 0.0]",0.0,OK
TLT_SERV_OFF.png,toCheck_100148_00641s_TLT_SERV_OFF.png,30736,Big,0.02,2.56,"[0.0, -0.05, 0.02, 1.03, 0.02, 0.0, 0.0, 2.56, 0.0, 0.0, 0.0, 0.0]",0.0,OK
TLT_SERV_OFF.png,toCheck_100148_01241s_TLT_SERV_OFF.png,30736,Big,0.02,2.56,"[0.0, -0.05, 0.02, 1.03, 0.02, 0.0, 0.0, 2.56, 0.0, 0.0, 0.0, 0.0]",0.0,OK
TLT_SERV_ON.png,toCheck_100149_00241s_TLT_SERV_ON.png,30736,Big,0.0,0.02,"[0.0, 0.0, 0.0, 0.0, 0.02, 0.0, 0.0, 0.0, 0.0, 0.0, 0.0, 0.0]",0.0,OK
TLT_SERV_ON.png,toCheck_100149_00841s_TLT_SERV_ON.png,30736,Big,0.0,0.02,"[0.0, 0.0, 0.0, 0.0, 0.02, 0.0, 0.0, 0.0, 0.0, 0.0, 0.0, 0.0]",0.0,OK
TLT_SERV_ON.png,toCheck_100150_00276s_TLT_SERV_ON.png,30736,Big,0.0,0.02,"[0.0, 0.0, 0.0, 0.0, 0.02, 0.0, 0.0, 0.0, 0.0, 0.0, 0.0, 0.0]",0.0,OK
TLT_SERV_ON.png,toCheck_100150_00876s_TLT_SERV_ON.png,30736,Big,0.0,0.02,"[0.0, 0.0, 0.0, 0.0, 0.02, 0.0, 0.0, 0.0, 0.0, 0.0, 0.0, 0.0]",0.0,OK
TLT_SERV_ON.png,toCheck_100151_00271s_TLT_SERV_ON.png,30736,Big,0.0,0.02,"[0.0, 0.0, 0.0, 0.0, 0.02, 0.0, 0.0, 0.0, 0.0, 0.0, 0.0, 0.0]",0.0,OK
TLT_SERV_ON.png,toCheck_100151_00871s_TLT_SERV_ON.png,30736,Big,0.0,0.02,"[0.0, 0.0, 0.0, 0.0, 0.02, 0.0, 0.0, 0.0, 0.0, 0.0, 0.0, 0.0]",0.0,OK
TLT_SERV_ON.png,toCheck_100165_00241s_TLT_SERV_ON.png,30736,Big,0.0,0.02,"[0.0, 0.0, 0.0, 0.0, 0.02, 0.0, 0.0, 0.0, 0.0, 0.0, 0.0, 0.0]",0.0,OK
TLT_SERV_ON.png,toCheck_100165_00841s_TLT_SERV_ON.png,30736,Big,0.0,0.02,"[0.0, 0.0, 0.0, 0.0, 0.02, 0.0, 0.0, 0.0, 0.0, 0.0, 0.0, 0.0]",0.0,OK
TLT_SERV_ON.png,toCheck_100166_00406s_TLT_SERV_ON.png,30736,Big,0.0,0.02,"[0.0, 0.0, 0.0, 0.0, 0.02, 0.0, 0.0, 0.0, 0.0, 0.0, 0.0, 0.0]",0.0,OK
TLT_SERV_ON.png,toCheck_100166_01006s_TLT_SERV_ON.png,30736,Big,0.0,0.02,"[0.0, 0.0, 0.0, 0.0, 0.02, 0.0, 0.0, 0.0, 0.0, 0.0, 0.0, 0.0]",0.0,OK
NO_ALERT.png,toCheck_100171_00522s_NO_ALERT.png,267388,Big,9.64,9.25,"[2.44, 9.25, 2.88, 1.42, 9.03, 1.54]",0.0,NOK
NO_ALERT.png,toCheck_100171_00527s_NO_ALERT.png,267388,Big,9.64,9.25,"[2.44, 9.25, 2.88, 1.42, 9.03, 1.54]",0.0,NOK
BUZ_00_OFF.png,toCheck_100175_00392s_BUZ_00_OFF.png,38400,Big,5.83,4.54,"[0.17, 0.66, 0.51, 0.24, 2.1, 4.54, 1.0, 0.1, 0.27, 1.95, 1.46, 0.83]",0.0,NOK
BUZ_00_OFF.png,toCheck_100177_00542s_BUZ_00_OFF.png,38400,Big,4.88,3.71,"[0.02, 0.17, 0.07, 0.17, 0.12, 3.71, 1.88, 0.07, 0.1, 3.15, 0.98, 0.12]",0.0,NOK
TLT_SERV_ON.png,toCheck_100184_00241s_TLT_SERV_ON.png,30736,Big,0.0,0.02,"[0.0, 0.0, 0.0, 0.0, 0.02, 0.0, 0.0, 0.0, 0.0, 0.0, 0.0, 0.0]",0.0,OK
TLT_SERV_ON.png,toCheck_100184_00841s_TLT_SERV_ON.png,30736,Big,0.0,0.02,"[0.0, 0.0, 0.0, 0.0, 0.02, 0.0, 0.0, 0.0, 0.0, 0.0, 0.0, 0.0]",0.0,OK
TLT_STOP_ON.png,toCheck_100185_00241s_TLT_STOP_ON.png,22176,Big,0.0,0.0,"[0.0, 0.0, 0.0, 0.0, 0.0, 0.0, 0.0, 0.0]",0.0,OK
TLT_STOP_ON.png,toCheck_100185_00841s_TLT_STOP_ON.png,22176,Big,0.0,0.0,"[0.0, 0.0, 0.0, 0.0, 0.0, 0.0, 0.0, 0.0]",0.0,OK
TXTALT_80106_17_FR.png,toCheck_100186_00841s_TXTALT_80106_17_FR.png,267388,Big,5.66,14.5,"[11.6, 12.11, 14.5, 5.81, 13.18, 8.89]",0.0,Investigate
TLT_SERV_ON.png,toCheck_100186_00241s_TLT_SERV_ON.png,30736,Big,0.0,0.02,"[0.0, 0.0, 0.0, 0.0, 0.02, 0.0, 0.0, 0.0, 0.0, 0.0, 0.0, 0.0]",0.0,OK
TXTALT_80106_17_FR.png,toCheck_100186_00241s_TXTALT_80106_17_FR.png,267388,Big,5.66,14.5,"[11.6, 12.11, 14.5, 5.81, 13.18, 8.89]",0.0,Investigate
TLT_SERV_ON.png,toCheck_100186_00841s_TLT_SERV_ON.png,30736,Big,0.0,0.02,"[0.0, 0.0, 0.0, 0.0, 0.02, 0.0, 0.0, 0.0, 0.0, 0.0, 0.0, 0.0]",0.0,OK
TXTALT_80106_19_FR.png,toCheck_100188_00841s_TXTALT_80106_19_FR.png,267388,Big,8.23,16.38,"[11.65, 10.5, 16.38, 8.47, 11.6, 8.74]",0.0,NOK
TLT_CHARGE_FAIL_ON.png,toCheck_100188_00241s_TLT_CHARGE_FAIL_ON.png,17136,Big,0.0,0.0,"[0.0, 0.0, 0.0, 0.0, 0.0, 0.0]",0.0,OK
TLT_SERV_ON.png,toCheck_100188_00241s_TLT_SERV_ON.png,30736,Big,0.0,0.02,"[0.0, 0.0, 0.0, 0.0, 0.02, 0.0, 0.0, 0.0, 0.0, 0.0, 0.0, 0.0]",0.0,OK
TXTALT_80106_19_FR.png,toCheck_100188_00241s_TXTALT_80106_19_FR.png,267388,Big,8.23,16.38,"[11.65, 10.5, 16.38, 8.47, 11.6, 8.74]",0.0,NOK
TLT_CHARGE_FAIL_ON.png,toCheck_100188_00841s_TLT_CHARGE_FAIL_ON.png,17136,Big,0.0,0.0,"[0.0, 0.0, 0.0, 0.0, 0.0, 0.0]",0.0,OK
TLT_SERV_ON.png,toCheck_100188_00841s_TLT_SERV_ON.png,30736,Big,0.0,0.02,"[0.0, 0.0, 0.0, 0.0, 0.02, 0.0, 0.0, 0.0, 0.0, 0.0, 0.0, 0.0]",0.0,OK
NO_ALERT.png,toCheck_100192_01016s_NO_ALERT.png,267388,Big,0.44,5.2,"[0.54, -0.05, 0.0, 5.2, 0.02, 2.42]",0.0,Investigate
TXTALT_80126_10_FR.png,toCheck_100192_00411s_TXTALT_80126_10_FR.png,267388,Big,7.69,17.38,"[13.18, 15.36, 17.38, 9.13, 16.63, 13.13]",0.0,Investigate
TXTALT_80126_10_FR.png,toCheck_100192_01011s_TXTALT_80126_10_FR.png,267388,Big,7.69,17.38,"[13.18, 15.36, 17.38, 9.13, 16.63, 13.13]",0.0,Investigate
NO_ALERT.png,toCheck_100193_00976s_NO_ALERT.png,267388,Big,9.64,9.25,"[2.44, 9.25, 2.88, 1.42, 9.03, 1.54]",0.0,NOK
NO_ALERT.png,toCheck_100194_00976s_NO_ALERT.png,267388,Big,9.64,9.25,"[2.44, 9.25, 2.88, 1.42, 9.03, 1.54]",0.0,NOK
NO_ALERT.png,toCheck_100195_00522s_NO_ALERT.png,267388,Big,9.64,9.25,"[2.44, 9.25, 2.88, 1.42, 9.03, 1.54]",0.0,NOK
NO_ALERT.png,toCheck_100195_00527s_NO_ALERT.png,267388,Big,9.64,9.25,"[2.44, 9.25, 2.88, 1.42, 9.03, 1.54]",0.0,NOK
TXTALT_80126_9_FR.png,toCheck_100196_00241s_TXTALT_80126_9_FR.png,267388,Big,19.65,14.21,"[10.47, 12.18, 13.6, 4.32, 12.79, 14.21]",0.0,NOK
TXTALT_80126_9_FR.png,toCheck_100196_00841s_TXTALT_80126_9_FR.png,267388,Big,19.65,14.21,"[10.47, 12.18, 13.6, 4.32, 12.79, 14.21]",0.0,NOK
TLT_SERV_ON.png,toCheck_100197_00241s_TLT_SERV_ON.png,30736,Big,0.0,0.02,"[0.0, 0.0, 0.0, 0.0, 0.02, 0.0, 0.0, 0.0, 0.0, 0.0, 0.0, 0.0]",0.0,OK
TLT_SERV_ON.png,toCheck_100197_00841s_TLT_SERV_ON.png,30736,Big,0.0,0.02,"[0.0, 0.0, 0.0, 0.0, 0.02, 0.0, 0.0, 0.0, 0.0, 0.0, 0.0, 0.0]",0.0,OK
TLT_SERV_ON.png,toCheck_100200_00241s_TLT_SERV_ON.png,30736,Big,0.0,0.02,"[0.0, 0.0, 0.0, 0.0, 0.02, 0.0, 0.0, 0.0, 0.0, 0.0, 0.0, 0.0]",0.0,OK
TLT_SERV_ON.png,toCheck_100200_00841s_TLT_SERV_ON.png,30736,Big,0.0,0.02,"[0.0, 0.0, 0.0, 0.0, 0.02, 0.0, 0.0, 0.0, 0.0, 0.0, 0.0, 0.0]",0.0,OK
TLT_STOP_ON.png,toCheck_100201_00841s_TLT_STOP_ON.png,22176,Big,0.0,0.0,"[0.0, 0.0, 0.0, 0.0, 0.0, 0.0, 0.0, 0.0]",0.0,OK
TLT_STOP_ON.png,toCheck_100201_00241s_TLT_STOP_ON.png,22176,Big,0.0,0.0,"[0.0, 0.0, 0.0, 0.0, 0.0, 0.0, 0.0, 0.0]",0.0,OK
TLT_STOP_ON.png,toCheck_100202_00841s_TLT_STOP_ON.png,22176,Big,0.0,0.0,"[0.0, 0.0, 0.0, 0.0, 0.0, 0.0, 0.0, 0.0]",0.0,OK
TLT_STOP_ON.png,toCheck_100202_00241s_TLT_STOP_ON.png,22176,Big,0.0,0.0,"[0.0, 0.0, 0.0, 0.0, 0.0, 0.0, 0.0, 0.0]",0.0,OK
TLT_STOP_ON.png,toCheck_100205_00841s_TLT_STOP_ON.png,22176,Big,0.0,0.0,"[0.0, 0.0, 0.0, 0.0, 0.0, 0.0, 0.0, 0.0]",0.0,OK
TLT_STOP_ON.png,toCheck_100205_00241s_TLT_STOP_ON.png,22176,Big,0.0,0.0,"[0.0, 0.0, 0.0, 0.0, 0.0, 0.0, 0.0, 0.0]",0.0,OK
TLT_STOP_ON.png,toCheck_100206_00841s_TLT_STOP_ON.png,22176,Big,0.0,0.0,"[0.0, 0.0, 0.0, 0.0, 0.0, 0.0, 0.0, 0.0]",0.0,OK
TLT_STOP_ON.png,toCheck_100206_00241s_TLT_STOP_ON.png,22176,Big,0.0,0.0,"[0.0, 0.0, 0.0, 0.0, 0.0, 0.0, 0.0, 0.0]",0.0,OK
TLT_SERV_ON.png,toCheck_100212_00241s_TLT_SERV_ON.png,30736,Big,0.0,0.02,"[0.0, 0.0, 0.0, 0.0, 0.02, 0.0, 0.0, 0.0, 0.0, 0.0, 0.0, 0.0]",0.0,OK
TLT_SERV_ON.png,toCheck_100212_00841s_TLT_SERV_ON.png,30736,Big,0.0,0.02,"[0.0, 0.0, 0.0, 0.0, 0.02, 0.0, 0.0, 0.0, 0.0, 0.0, 0.0, 0.0]",0.0,OK
TLT_SERV_ON.png,toCheck_100007_00395s_TLT_SERV_ON.png,30736,Big,0.0,0.02,"[0.0, 0.0, 0.0, 0.0, 0.02, 0.0, 0.0, 0.0, 0.0, 0.0, 0.0, 0.0]",0.0,OK
TLT_SERV_ON.png,toCheck_100008_00163s_TLT_SERV_ON.png,30736,Big,0.0,0.02,"[0.0, 0.0, 0.0, 0.0, 0.02, 0.0, 0.0, 0.0, 0.0, 0.0, 0.0, 0.0]",0.0,OK
TXTALT_10913_17_FR.png,toCheck_100008_00163s_TXTALT_10913_17_FR.png,267388,Big,0.0,0.0,"[-0.05, -0.05, 0.0, -0.05, 0.0, 0.0]",0.0,OK
TXTALT_10913_2_FR.png,toCheck_100009_00163s_TXTALT_10913_2_FR.png,267388,Big,0.46,1.32,"[0.85, 0.88, 1.17, 1.32, 0.68, 0.71]",0.0,OK
SL_WHT_INV.png,toCheck_100016_00163s_SL_WHT_INV.png,38076,Big,0.2,0.88,"[0.88, 0.32, 0.0]",0.0,OK
TLT_SERV_OFF.png,toCheck_100022_00395s_TLT_SERV_OFF.png,30736,Big,0.02,3.64,"[0.0, -0.05, 0.02, 1.51, 0.02, 0.0, 0.0, 3.64, 0.0, 0.0, 0.0, 0.0]",0.0,Investigate
TXTALT_20601_21_FR.png,toCheck_100024_00223s_TXTALT_20601_21_FR.png,267388,Big,1.1,2.03,"[1.34, 2.03, 1.95, 0.0, 0.02, 0.0]",0.0,OK
TXTALT_20601_21_FR.png,toCheck_100026_00223s_TXTALT_20601_21_FR.png,267388,Big,1.95,3.47,"[1.73, 3.47, 1.95, 0.0, 0.02, 0.0]",0.0,Investigate
TXTALT_10911_1_FR.png,toCheck_100028_00243s_TXTALT_10911_1_FR.png,267388,Big,0.2,2.66,"[0.17, 2.66, 0.95, 0.59, 0.78, 0.24]",0.0,OK
TXTALT_10911_9_FR.png,toCheck_100028_00211s_TXTALT_10911_9_FR.png,267388,Big,0.46,2.03,"[1.05, 1.66, 1.76, 2.03, 0.78, 0.42]",0.0,OK
TXTALT_10911_1_FR.png,toCheck_100028_00221s_TXTALT_10911_1_FR.png,267388,Big,0.2,2.66,"[0.17, 2.66, 0.95, 0.59, 0.78, 0.24]",0.0,OK
TLT_SERV_OFF.png,toCheck_100029_00478s_TLT_SERV_OFF.png,30736,Big,0.02,3.64,"[0.0, -0.05, 0.02, 1.51, 0.02, 0.0, 0.0, 3.64, 0.0, 0.0, 0.0, 0.0]",0.0,Investigate
TLT_SERV_OFF.png,toCheck_100029_00478s_TLT_SERV_OFF.png,30736,Big,0.02,3.64,"[0.0, -0.05, 0.02, 1.51, 0.02, 0.0, 0.0, 3.64, 0.0, 0.0, 0.0, 0.0]",0.0,Investigate
TLT_HFP_ON.png,toCheck_100030_00449s_TLT_HFP_ON.png,19456,Big,0.78,0.56,"[0.27, 0.56, 0.2, 0.56, 0.0, 0.0]",0.0,OK
TLT_SERV_OFF.png,toCheck_100030_00449s_TLT_SERV_OFF.png,30736,Big,0.02,2.66,"[0.0, -0.05, 0.02, 2.66, 0.02, 0.0, 0.0, 2.32, 0.0, 0.0, 0.0, 0.0]",0.0,OK
TLT_HFP_ON.png,toCheck_100030_00614s_TLT_HFP_ON.png,19456,Big,0.78,0.56,"[0.27, 0.56, 0.2, 0.56, 0.0, 0.0]",0.0,OK
TLT_SERV_OFF.png,toCheck_100030_00614s_TLT_SERV_OFF.png,30736,Big,0.02,2.66,"[0.0, -0.05, 0.02, 2.66, 0.02, 0.0, 0.0, 2.32, 0.0, 0.0, 0.0, 0.0]",0.0,OK
TLT_HFP_ON.png,toCheck_100030_00631s_TLT_HFP_ON.png,19456,Big,0.78,0.56,"[0.27, 0.56, 0.2, 0.56, 0.0, 0.0]",0.0,OK
TLT_SERV_OFF.png,toCheck_100030_00631s_TLT_SERV_OFF.png,30736,Big,0.02,2.66,"[0.0, -0.05, 0.02, 2.66, 0.02, 0.0, 0.0, 2.32, 0.0, 0.0, 0.0, 0.0]",0.0,OK
TLT_HFP_ON.png,toCheck_100030_00429s_TLT_HFP_ON.png,19456,Big,0.78,0.56,"[0.27, 0.56, 0.2, 0.56, 0.0, 0.0]",0.0,OK
TLT_SERV_OFF.png,toCheck_100030_00429s_TLT_SERV_OFF.png,30736,Big,0.02,2.66,"[0.0, -0.05, 0.02, 2.66, 0.02, 0.0, 0.0, 2.32, 0.0, 0.0, 0.0, 0.0]",0.0,OK
TXTALT_10306_1_FR.png,toCheck_100034_00216s_TXTALT_10306_1_FR.png,267388,Big,0.0,0.0,"[0.0, -0.05, 0.0, 0.0, 0.0, 0.0]",0.0,OK
TXTALT_10306_2_FR.png,toCheck_100034_00226s_TXTALT_10306_2_FR.png,267388,Big,0.0,0.0,"[0.0, 0.0, 0.0, 0.0, -0.05, 0.0]",0.0,OK
TLT_WDA_ON.png,toCheck_100035_00518s_TLT_WDA_ON.png,19456,Big,0.61,0.42,"[0.42, 0.27, 0.29, 0.27, 0.0, 0.0]",0.0,OK
TLT_SERV_OFF.png,toCheck_100035_00518s_TLT_SERV_OFF.png,30736,Big,0.02,4.0,"[0.0, -0.05, 0.02, 2.66, 0.02, 0.0, 0.0, 4.0, 0.0, 0.0, 0.0, 0.0]",0.0,Investigate
TLT_SERV_OFF.png,toCheck_100035_00518s_TLT_SERV_OFF.png,30736,Big,0.02,4.0,"[0.0, -0.05, 0.02, 2.66, 0.02, 0.0, 0.0, 4.0, 0.0, 0.0, 0.0, 0.0]",0.0,Investigate
TLT_WDA_ON.png,toCheck_100036_00378s_TLT_WDA_ON.png,19456,Big,0.61,0.42,"[0.42, 0.27, 0.29, 0.27, 0.0, 0.0]",0.0,OK
TLT_SERV_OFF.png,toCheck_100036_00378s_TLT_SERV_OFF.png,30736,Big,0.02,4.0,"[0.0, -0.05, 0.02, 2.66, 0.02, 0.0, 0.0, 4.0, 0.0, 0.0, 0.0, 0.0]",0.0,Investigate
TLT_WDA_ON.png,toCheck_100037_00378s_TLT_WDA_ON.png,19456,Big,0.61,0.42,"[0.42, 0.27, 0.29, 0.27, 0.0, 0.0]",0.0,OK
TLT_SERV_OFF.png,toCheck_100037_00378s_TLT_SERV_OFF.png,30736,Big,0.02,4.0,"[0.0, -0.05, 0.02, 2.66, 0.02, 0.0, 0.0, 4.0, 0.0, 0.0, 0.0, 0.0]",0.0,Investigate
TXTALT_20601_21_FR.png,toCheck_100038_00223s_TXTALT_20601_21_FR.png,267388,Big,1.95,3.47,"[1.73, 3.47, 1.95, 0.0, 0.02, 0.0]",0.0,Investigate
TXTALT_20601_21_FR.png,toCheck_100040_00223s_TXTALT_20601_21_FR.png,267388,Big,1.95,3.47,"[1.73, 3.47, 1.95, 0.0, 0.02, 0.0]",0.0,Investigate
TXTALT_20601_21_FR.png,toCheck_100040_00699s_TXTALT_20601_21_FR.png,267388,Big,1.95,3.47,"[1.73, 3.47, 1.95, 0.0, 0.02, 0.0]",0.0,Investigate
TLT_SERV_OFF.png,toCheck_100043_00453s_TLT_SERV_OFF.png,30736,Big,0.02,3.64,"[0.0, -0.05, 0.02, 1.51, 0.02, 0.0, 0.0, 3.64, 0.0, 0.0, 0.0, 0.0]",0.0,Investigate
TLT_WDA_ON.png,toCheck_100044_00288s_TLT_WDA_ON.png,19456,Big,0.61,0.42,"[0.42, 0.27, 0.29, 0.27, 0.0, 0.0]",0.0,OK
TLT_SERV_OFF.png,toCheck_100044_00288s_TLT_SERV_OFF.png,30736,Big,0.02,4.0,"[0.0, -0.05, 0.02, 2.66, 0.02, 0.0, 0.0, 4.0, 0.0, 0.0, 0.0, 0.0]",0.0,Investigate
TLT_WDA_ON.png,toCheck_100044_00298s_TLT_WDA_ON.png,19456,Big,0.61,0.42,"[0.42, 0.27, 0.29, 0.27, 0.0, 0.0]",0.0,OK
TLT_SERV_OFF.png,toCheck_100044_00298s_TLT_SERV_OFF.png,30736,Big,0.02,4.0,"[0.0, -0.05, 0.02, 2.66, 0.02, 0.0, 0.0, 4.0, 0.0, 0.0, 0.0, 0.0]",0.0,Investigate
TLT_SERV_OFF.png,toCheck_100045_00305s_TLT_SERV_OFF.png,30736,Big,0.02,3.64,"[0.0, -0.05, 0.02, 1.51, 0.02, 0.0, 0.0, 3.64, 0.0, 0.0, 0.0, 0.0]",0.0,Investigate
TLT_SERV_OFF.png,toCheck_100045_00305s_TLT_SERV_OFF.png,30736,Big,0.02,3.64,"[0.0, -0.05, 0.02, 1.51, 0.02, 0.0, 0.0, 3.64, 0.0, 0.0, 0.0, 0.0]",0.0,Investigate
TLT_SERV_OFF.png,toCheck_100045_00328s_TLT_SERV_OFF.png,30736,Big,0.02,3.64,"[0.0, -0.05, 0.02, 1.51, 0.02, 0.0, 0.0, 3.64, 0.0, 0.0, 0.0, 0.0]",0.0,Investigate
TLT_SERV_OFF.png,toCheck_100045_00328s_TLT_SERV_OFF.png,30736,Big,0.02,3.64,"[0.0, -0.05, 0.02, 1.51, 0.02, 0.0, 0.0, 3.64, 0.0, 0.0, 0.0, 0.0]",0.0,Investigate
TLT_SERV_OFF.png,toCheck_100046_00278s_TLT_SERV_OFF.png,30736,Big,0.02,3.64,"[0.0, -0.05, 0.02, 1.51, 0.02, 0.0, 0.0, 3.64, 0.0, 0.0, 0.0, 0.0]",0.0,Investigate
TLT_SERV_OFF.png,toCheck_100046_00278s_TLT_SERV_OFF.png,30736,Big,0.02,3.64,"[0.0, -0.05, 0.02, 1.51, 0.02, 0.0, 0.0, 3.64, 0.0, 0.0, 0.0, 0.0]",0.0,Investigate
TLT_SERV_OFF.png,toCheck_100046_00208s_TLT_SERV_OFF.png,30736,Big,0.02,3.64,"[0.0, -0.05, 0.02, 1.51, 0.02, 0.0, 0.0, 3.64, 0.0, 0.0, 0.0, 0.0]",0.0,Investigate
TLT_SERV_OFF.png,toCheck_100046_00208s_TLT_SERV_OFF.png,30736,Big,0.02,3.64,"[0.0, -0.05, 0.02, 1.51, 0.02, 0.0, 0.0, 3.64, 0.0, 0.0, 0.0, 0.0]",0.0,Investigate
TLT_SBSOFF_ON.png,toCheck_100047_00273s_TLT_SBSOFF_ON.png,19456,Big,0.61,6.54,"[0.54, 0.27, 0.42, 1.12, 6.54, 5.74]",0.0,Investigate
TLT_SBSOFF_ON.png,toCheck_100047_00295s_TLT_SBSOFF_ON.png,19456,Big,0.61,6.54,"[0.54, 0.27, 0.42, 1.12, 6.54, 5.74]",0.0,Investigate
TLT_SBSOFF_ON.png,toCheck_100047_00315s_TLT_SBSOFF_ON.png,19456,Big,0.61,6.54,"[0.54, 0.27, 0.42, 1.12, 6.54, 5.74]",0.0,Investigate
TLT_SERV_OFF.png,toCheck_100048_00265s_TLT_SERV_OFF.png,30736,Big,0.02,3.64,"[0.0, -0.05, 0.02, 1.51, 0.02, 0.0, 0.0, 3.64, 0.0, 0.0, 0.0, 0.0]",0.0,Investigate
TLT_SERV_OFF.png,toCheck_100048_00265s_TLT_SERV_OFF.png,30736,Big,0.02,3.64,"[0.0, -0.05, 0.02, 1.51, 0.02, 0.0, 0.0, 3.64, 0.0, 0.0, 0.0, 0.0]",0.0,Investigate
TLT_SERV_OFF.png,toCheck_100048_00265s_TLT_SERV_OFF.png,30736,Big,0.02,3.64,"[0.0, -0.05, 0.02, 1.51, 0.02, 0.0, 0.0, 3.64, 0.0, 0.0, 0.0, 0.0]",0.0,Investigate
TLT_SERV_OFF.png,toCheck_100048_00288s_TLT_SERV_OFF.png,30736,Big,0.02,3.64,"[0.0, -0.05, 0.02, 1.51, 0.02, 0.0, 0.0, 3.64, 0.0, 0.0, 0.0, 0.0]",0.0,Investigate
TLT_SERV_OFF.png,toCheck_100048_00288s_TLT_SERV_OFF.png,30736,Big,0.02,3.64,"[0.0, -0.05, 0.02, 1.51, 0.02, 0.0, 0.0, 3.64, 0.0, 0.0, 0.0, 0.0]",0.0,Investigate
TLT_SBSOFF_ON.png,toCheck_100048_00298s_TLT_SBSOFF_ON.png,19456,Big,0.61,6.54,"[0.54, 0.27, 0.42, 1.12, 6.54, 5.74]",0.0,Investigate
TLT_SERV_OFF.png,toCheck_100048_00298s_TLT_SERV_OFF.png,30736,Big,0.02,3.64,"[0.0, -0.05, 0.02, 1.51, 0.02, 0.0, 0.0, 3.64, 0.0, 0.0, 0.0, 0.0]",0.0,Investigate
TLT_SERV_OFF.png,toCheck_100048_00298s_TLT_SERV_OFF.png,30736,Big,0.02,3.64,"[0.0, -0.05, 0.02, 1.51, 0.02, 0.0, 0.0, 3.64, 0.0, 0.0, 0.0, 0.0]",0.0,Investigate
TLT_SERV_OFF.png,toCheck_100048_00328s_TLT_SERV_OFF.png,30736,Big,0.02,3.64,"[0.0, -0.05, 0.02, 1.51, 0.02, 0.0, 0.0, 3.64, 0.0, 0.0, 0.0, 0.0]",0.0,Investigate
TLT_SERV_OFF.png,toCheck_100048_00328s_TLT_SERV_OFF.png,30736,Big,0.02,3.64,"[0.0, -0.05, 0.02, 1.51, 0.02, 0.0, 0.0, 3.64, 0.0, 0.0, 0.0, 0.0]",0.0,Investigate
TLT_SERV_OFF.png,toCheck_100048_00358s_TLT_SERV_OFF.png,30736,Big,0.02,3.64,"[0.0, -0.05, 0.02, 1.51, 0.02, 0.0, 0.0, 3.64, 0.0, 0.0, 0.0, 0.0]",0.0,Investigate
TLT_SERV_OFF.png,toCheck_100048_00380s_TLT_SERV_OFF.png,30736,Big,0.02,3.64,"[0.0, -0.05, 0.02, 1.51, 0.02, 0.0, 0.0, 3.64, 0.0, 0.0, 0.0, 0.0]",0.0,Investigate
TLT_SERV_OFF.png,toCheck_100048_00390s_TLT_SERV_OFF.png,30736,Big,0.02,3.64,"[0.0, -0.05, 0.02, 1.51, 0.02, 0.0, 0.0, 3.64, 0.0, 0.0, 0.0, 0.0]",0.0,Investigate
TLT_SERV_OFF.png,toCheck_100048_00413s_TLT_SERV_OFF.png,30736,Big,0.02,3.64,"[0.0, -0.05, 0.02, 1.51, 0.02, 0.0, 0.0, 3.64, 0.0, 0.0, 0.0, 0.0]",0.0,Investigate
TLT_SERV_OFF.png,toCheck_100048_00423s_TLT_SERV_OFF.png,30736,Big,0.02,3.64,"[0.0, -0.05, 0.02, 1.51, 0.02, 0.0, 0.0, 3.64, 0.0, 0.0, 0.0, 0.0]",0.0,Investigate
TLT_SERV_OFF.png,toCheck_100048_00445s_TLT_SERV_OFF.png,30736,Big,0.02,3.64,"[0.0, -0.05, 0.02, 1.51, 0.02, 0.0, 0.0, 3.64, 0.0, 0.0, 0.0, 0.0]",0.0,Investigate
TLT_SERV_OFF.png,toCheck_100048_00455s_TLT_SERV_OFF.png,30736,Big,0.02,3.64,"[0.0, -0.05, 0.02, 1.51, 0.02, 0.0, 0.0, 3.64, 0.0, 0.0, 0.0, 0.0]",0.0,Investigate
TLT_SERV_OFF.png,toCheck_100048_00455s_TLT_SERV_OFF.png,30736,Big,0.02,3.64,"[0.0, -0.05, 0.02, 1.51, 0.02, 0.0, 0.0, 3.64, 0.0, 0.0, 0.0, 0.0]",0.0,Investigate
TLT_SERV_OFF.png,toCheck_100048_00455s_TLT_SERV_OFF.png,30736,Big,0.02,3.64,"[0.0, -0.05, 0.02, 1.51, 0.02, 0.0, 0.0, 3.64, 0.0, 0.0, 0.0, 0.0]",0.0,Investigate
TLT_SERV_OFF.png,toCheck_100049_00273s_TLT_SERV_OFF.png,30736,Big,0.02,3.64,"[0.0, -0.05, 0.02, 1.51, 0.02, 0.0, 0.0, 3.64, 0.0, 0.0, 0.0, 0.0]",0.0,Investigate
TLT_SERV_OFF.png,toCheck_100049_00273s_TLT_SERV_OFF.png,30736,Big,0.02,3.64,"[0.0, -0.05, 0.02, 1.51, 0.02, 0.0, 0.0, 3.64, 0.0, 0.0, 0.0, 0.0]",0.0,Investigate
TLT_SERV_OFF.png,toCheck_100049_00295s_TLT_SERV_OFF.png,30736,Big,0.02,3.64,"[0.0, -0.05, 0.02, 1.51, 0.02, 0.0, 0.0, 3.64, 0.0, 0.0, 0.0, 0.0]",0.0,Investigate
TLT_SBSOFF_ON.png,toCheck_100049_00295s_TLT_SBSOFF_ON.png,19456,Big,0.61,6.54,"[0.54, 0.27, 0.42, 1.12, 6.54, 5.74]",0.0,Investigate
TLT_SERV_OFF.png,toCheck_100049_00295s_TLT_SERV_OFF.png,30736,Big,0.02,3.64,"[0.0, -0.05, 0.02, 1.51, 0.02, 0.0, 0.0, 3.64, 0.0, 0.0, 0.0, 0.0]",0.0,Investigate
TLT_SBSOFF_ON.png,toCheck_100049_00305s_TLT_SBSOFF_ON.png,19456,Big,0.61,6.54,"[0.54, 0.27, 0.42, 1.12, 6.54, 5.74]",0.0,Investigate
TLT_SERV_OFF.png,toCheck_100049_00305s_TLT_SERV_OFF.png,30736,Big,0.02,3.64,"[0.0, -0.05, 0.02, 1.51, 0.02, 0.0, 0.0, 3.64, 0.0, 0.0, 0.0, 0.0]",0.0,Investigate
TLT_SERV_OFF.png,toCheck_100049_00305s_TLT_SERV_OFF.png,30736,Big,0.02,3.64,"[0.0, -0.05, 0.02, 1.51, 0.02, 0.0, 0.0, 3.64, 0.0, 0.0, 0.0, 0.0]",0.0,Investigate
TLT_SERV_OFF.png,toCheck_100049_00335s_TLT_SERV_OFF.png,30736,Big,0.02,3.64,"[0.0, -0.05, 0.02, 1.51, 0.02, 0.0, 0.0, 3.64, 0.0, 0.0, 0.0, 0.0]",0.0,Investigate
TLT_SERV_OFF.png,toCheck_100049_00335s_TLT_SERV_OFF.png,30736,Big,0.02,3.64,"[0.0, -0.05, 0.02, 1.51, 0.02, 0.0, 0.0, 3.64, 0.0, 0.0, 0.0, 0.0]",0.0,Investigate
TLT_SERV_OFF.png,toCheck_100051_00230s_TLT_SERV_OFF.png,30736,Big,0.02,3.64,"[0.0, -0.05, 0.02, 1.51, 0.02, 0.0, 0.0, 3.64, 0.0, 0.0, 0.0, 0.0]",0.0,Investigate
TLT_SERV_OFF.png,toCheck_100051_00230s_TLT_SERV_OFF.png,30736,Big,0.02,3.64,"[0.0, -0.05, 0.02, 1.51, 0.02, 0.0, 0.0, 3.64, 0.0, 0.0, 0.0, 0.0]",0.0,Investigate
TLT_SERV_OFF.png,toCheck_100051_00315s_TLT_SERV_OFF.png,30736,Big,0.02,3.64,"[0.0, -0.05, 0.02, 1.51, 0.02, 0.0, 0.0, 3.64, 0.0, 0.0, 0.0, 0.0]",0.0,Investigate
TLT_SERV_OFF.png,toCheck_100051_00315s_TLT_SERV_OFF.png,30736,Big,0.02,3.64,"[0.0, -0.05, 0.02, 1.51, 0.02, 0.0, 0.0, 3.64, 0.0, 0.0, 0.0, 0.0]",0.0,Investigate
TLT_SERV_OFF.png,toCheck_100051_00208s_TLT_SERV_OFF.png,30736,Big,0.02,3.64,"[0.0, -0.05, 0.02, 1.51, 0.02, 0.0, 0.0, 3.64, 0.0, 0.0, 0.0, 0.0]",0.0,Investigate
TLT_SERV_OFF.png,toCheck_100051_00208s_TLT_SERV_OFF.png,30736,Big,0.02,3.64,"[0.0, -0.05, 0.02, 1.51, 0.02, 0.0, 0.0, 3.64, 0.0, 0.0, 0.0, 0.0]",0.0,Investigate
TLT_SERV_OFF.png,toCheck_100052_00230s_TLT_SERV_OFF.png,30736,Big,0.02,3.64,"[0.0, -0.05, 0.02, 1.51, 0.02, 0.0, 0.0, 3.64, 0.0, 0.0, 0.0, 0.0]",0.0,Investigate
TLT_SERV_OFF.png,toCheck_100052_00230s_TLT_SERV_OFF.png,30736,Big,0.02,3.64,"[0.0, -0.05, 0.02, 1.51, 0.02, 0.0, 0.0, 3.64, 0.0, 0.0, 0.0, 0.0]",0.0,Investigate
TLT_SBSOFF_ON.png,toCheck_100052_00240s_TLT_SBSOFF_ON.png,19456,Big,0.61,6.54,"[0.54, 0.27, 0.42, 1.12, 6.54, 5.74]",0.0,Investigate
TLT_SERV_OFF.png,toCheck_100052_00240s_TLT_SERV_OFF.png,30736,Big,0.02,3.64,"[0.0, -0.05, 0.02, 1.51, 0.02, 0.0, 0.0, 3.64, 0.0, 0.0, 0.0, 0.0]",0.0,Investigate
TLT_SERV_OFF.png,toCheck_100052_00240s_TLT_SERV_OFF.png,30736,Big,0.02,3.64,"[0.0, -0.05, 0.02, 1.51, 0.02, 0.0, 0.0, 3.64, 0.0, 0.0, 0.0, 0.0]",0.0,Investigate
TLT_SERV_OFF.png,toCheck_100052_00270s_TLT_SERV_OFF.png,30736,Big,0.02,3.64,"[0.0, -0.05, 0.02, 1.51, 0.02, 0.0, 0.0, 3.64, 0.0, 0.0, 0.0, 0.0]",0.0,Investigate
TLT_SERV_OFF.png,toCheck_100052_00270s_TLT_SERV_OFF.png,30736,Big,0.02,3.64,"[0.0, -0.05, 0.02, 1.51, 0.02, 0.0, 0.0, 3.64, 0.0, 0.0, 0.0, 0.0]",0.0,Investigate
TLT_SERV_OFF.png,toCheck_100052_00383s_TLT_SERV_OFF.png,30736,Big,0.02,3.64,"[0.0, -0.05, 0.02, 1.51, 0.02, 0.0, 0.0, 3.64, 0.0, 0.0, 0.0, 0.0]",0.0,Investigate
TLT_SERV_OFF.png,toCheck_100052_00383s_TLT_SERV_OFF.png,30736,Big,0.02,3.64,"[0.0, -0.05, 0.02, 1.51, 0.02, 0.0, 0.0, 3.64, 0.0, 0.0, 0.0, 0.0]",0.0,Investigate
TLT_SERV_OFF.png,toCheck_100052_00405s_TLT_SERV_OFF.png,30736,Big,0.02,3.64,"[0.0, -0.05, 0.02, 1.51, 0.02, 0.0, 0.0, 3.64, 0.0, 0.0, 0.0, 0.0]",0.0,Investigate
TLT_SERV_OFF.png,toCheck_100052_00405s_TLT_SERV_OFF.png,30736,Big,0.02,3.64,"[0.0, -0.05, 0.02, 1.51, 0.02, 0.0, 0.0, 3.64, 0.0, 0.0, 0.0, 0.0]",0.0,Investigate
TLT_SERV_OFF.png,toCheck_100052_00208s_TLT_SERV_OFF.png,30736,Big,0.02,3.64,"[0.0, -0.05, 0.02, 1.51, 0.02, 0.0, 0.0, 3.64, 0.0, 0.0, 0.0, 0.0]",0.0,Investigate
TLT_SERV_OFF.png,toCheck_100052_00448s_TLT_SERV_OFF.png,30736,Big,0.02,3.64,"[0.0, -0.05, 0.02, 1.51, 0.02, 0.0, 0.0, 3.64, 0.0, 0.0, 0.0, 0.0]",0.0,Investigate
TLT_SERV_OFF.png,toCheck_100052_00448s_TLT_SERV_OFF.png,30736,Big,0.02,3.64,"[0.0, -0.05, 0.02, 1.51, 0.02, 0.0, 0.0, 3.64, 0.0, 0.0, 0.0, 0.0]",0.0,Investigate
TLT_SERV_OFF.png,toCheck_100052_00208s_TLT_SERV_OFF.png,30736,Big,0.02,3.64,"[0.0, -0.05, 0.02, 1.51, 0.02, 0.0, 0.0, 3.64, 0.0, 0.0, 0.0, 0.0]",0.0,Investigate
TLT_SERV_OFF.png,toCheck_100053_00230s_TLT_SERV_OFF.png,30736,Big,0.02,3.64,"[0.0, -0.05, 0.02, 1.51, 0.02, 0.0, 0.0, 3.64, 0.0, 0.0, 0.0, 0.0]",0.0,Investigate
TLT_SERV_OFF.png,toCheck_100053_00230s_TLT_SERV_OFF.png,30736,Big,0.02,3.64,"[0.0, -0.05, 0.02, 1.51, 0.02, 0.0, 0.0, 3.64, 0.0, 0.0, 0.0, 0.0]",0.0,Investigate
TLT_SBSOFF_ON.png,toCheck_100053_00240s_TLT_SBSOFF_ON.png,19456,Big,0.61,6.54,"[0.54, 0.27, 0.42, 1.12, 6.54, 5.74]",0.0,Investigate
TLT_SERV_OFF.png,toCheck_100053_00240s_TLT_SERV_OFF.png,30736,Big,0.02,3.64,"[0.0, -0.05, 0.02, 1.51, 0.02, 0.0, 0.0, 3.64, 0.0, 0.0, 0.0, 0.0]",0.0,Investigate
TLT_SERV_OFF.png,toCheck_100053_00240s_TLT_SERV_OFF.png,30736,Big,0.02,3.64,"[0.0, -0.05, 0.02, 1.51, 0.02, 0.0, 0.0, 3.64, 0.0, 0.0, 0.0, 0.0]",0.0,Investigate
TLT_SERV_OFF.png,toCheck_100053_00208s_TLT_SERV_OFF.png,30736,Big,0.02,3.64,"[0.0, -0.05, 0.02, 1.51, 0.02, 0.0, 0.0, 3.64, 0.0, 0.0, 0.0, 0.0]",0.0,Investigate
TLT_SERV_OFF.png,toCheck_100053_00208s_TLT_SERV_OFF.png,30736,Big,0.02,3.64,"[0.0, -0.05, 0.02, 1.51, 0.02, 0.0, 0.0, 3.64, 0.0, 0.0, 0.0, 0.0]",0.0,Investigate
TLT_LDWWARN_ON.png,toCheck_100055_00453s_TLT_LDWWARN_ON.png,19456,Big,0.81,1.34,"[0.22, 0.42, 1.34, 0.63, 0.0, 0.0]",0.0,OK
TLT_WDA_ON.png,toCheck_100059_00573s_TLT_WDA_ON.png,19456,Big,0.61,0.42,"[0.42, 0.27, 0.29, 0.27, 0.0, 0.0]",0.0,OK
TLT_SERV_OFF.png,toCheck_100059_00573s_TLT_SERV_OFF.png,30736,Big,0.02,4.0,"[0.0, -0.05, 0.02, 2.66, 0.02, 0.0, 0.0, 4.0, 0.0, 0.0, 0.0, 0.0]",0.0,Investigate
TLT_WDA_LKA_LDW_ON.png,toCheck_100061_00453s_TLT_WDA_LKA_LDW_ON.png,NA,NA,NA,4.0,"[0.0, -0.05, 0.02, 2.66, 0.02, 0.0, 0.0, 4.0, 0.0, 0.0, 0.0, 0.0]",12.5,Faulty
TXTALT_20208_19_FR_2400_KM.png,toCheck_100000_00444s_TXTALT_20208_19_FR_2400_KM.png,267388,Big,0.42,2.93,"[0.29, 2.1, 1.68, 2.27, 2.93, 0.37]",0.0,OK
TXTALT_20208_20_FR_1200_KM.png,toCheck_100000_00449s_TXTALT_20208_20_FR_1200_KM.png,267388,Big,0.27,2.88,"[1.34, 1.29, 1.51, 2.71, 2.88, 0.61]",0.0,OK
TXTALT_20208_19_FR_2400_KM.png,toCheck_100001_00444s_TXTALT_20208_19_FR_2400_KM.png,267388,Big,0.42,2.93,"[0.29, 2.1, 1.68, 2.27, 2.93, 0.37]",0.0,OK
TXTALT_20208_20_FR_1200_KM.png,toCheck_100001_00449s_TXTALT_20208_20_FR_1200_KM.png,267388,Big,0.27,2.88,"[1.34, 1.29, 1.51, 2.71, 2.88, 0.61]",0.0,OK
TLT_SERV_ON.png,toCheck_100002_00471s_TLT_SERV_ON.png,30736,Big,0.0,0.17,"[0.0, 0.0, 0.0, 0.0, 0.02, 0.0, 0.0, 0.17, 0.0, 0.0, 0.0, 0.0]",0.0,OK
TLT_SERV_ON.png,toCheck_100002_00499s_TLT_SERV_ON.png,30736,Big,0.0,0.17,"[0.0, 0.0, 0.0, 0.0, 0.02, 0.0, 0.0, 0.17, 0.0, 0.0, 0.0, 0.0]",0.0,OK
TLT_SERV_ON.png,toCheck_100002_00444s_TLT_SERV_ON.png,30736,Big,0.0,0.17,"[0.0, 0.0, 0.0, 0.0, 0.02, 0.0, 0.0, 0.17, 0.0, 0.0, 0.0, 0.0]",0.0,OK
TLT_SERV_ON.png,toCheck_100003_00641s_TLT_SERV_ON.png,30736,Big,0.0,0.17,"[0.0, 0.0, 0.0, 0.0, 0.02, 0.0, 0.0, 0.17, 0.0, 0.0, 0.0, 0.0]",0.0,OK
TLT_SERV_ON.png,toCheck_100003_00669s_TLT_SERV_ON.png,30736,Big,0.0,0.17,"[0.0, 0.0, 0.0, 0.0, 0.02, 0.0, 0.0, 0.17, 0.0, 0.0, 0.0, 0.0]",0.0,OK
TLT_SERV_ON.png,toCheck_100003_00614s_TLT_SERV_ON.png,30736,Big,0.0,0.17,"[0.0, 0.0, 0.0, 0.0, 0.02, 0.0, 0.0, 0.17, 0.0, 0.0, 0.0, 0.0]",0.0,OK
TLT_UREA_OFF.png,toCheck_100004_00554s_TLT_UREA_OFF.png,19456,Big,10.79,7.59,"[6.1, 5.59, 6.64, 7.59, 0.0, 0.0]",0.0,NOK
TLT_UREA_ON.png,toCheck_100004_00556s_TLT_UREA_ON.png,19456,Big,8.28,7.4,"[3.66, 2.32, 5.74, 7.4, 0.0, 0.0]",0.0,NOK
TLT_UREA_OFF.png,toCheck_100004_00559s_TLT_UREA_OFF.png,19456,Big,10.79,7.59,"[6.1, 5.59, 6.64, 7.59, 0.0, 0.0]",0.0,NOK
TLT_UREA_ON.png,toCheck_100004_00561s_TLT_UREA_ON.png,19456,Big,8.28,7.4,"[3.66, 2.32, 5.74, 7.4, 0.0, 0.0]",0.0,NOK
TLT_UREA_OFF.png,toCheck_100004_00586s_TLT_UREA_OFF.png,19456,Big,2.76,2.56,"[1.73, 1.93, 1.37, 2.56, 0.0, 0.0]",0.0,OK
TLT_UREA_OFF.png,toCheck_100004_00591s_TLT_UREA_OFF.png,19456,Big,2.76,2.56,"[1.73, 1.93, 1.37, 2.56, 0.0, 0.0]",0.0,OK
TLT_UREA_OFF.png,toCheck_100004_06596s_TLT_UREA_OFF.png,19456,Big,2.76,2.56,"[1.73, 1.93, 1.37, 2.56, 0.0, 0.0]",0.0,OK
TLT_UREA_OFF.png,toCheck_100004_06601s_TLT_UREA_OFF.png,19456,Big,2.76,2.56,"[1.73, 1.93, 1.37, 2.56, 0.0, 0.0]",0.0,OK
TXTALT_20208_19_FR_2400_KM.png,toCheck_100004_00444s_TXTALT_20208_19_FR_2400_KM.png,267388,Big,0.42,2.93,"[0.29, 2.1, 1.68, 2.27, 2.93, 0.37]",0.0,OK
TXTALT_20208_20_FR_1200_KM.png,toCheck_100004_00449s_TXTALT_20208_20_FR_1200_KM.png,267388,Big,0.27,2.88,"[1.34, 1.29, 1.51, 2.71, 2.88, 0.61]",0.0,OK
TLT_UREA_OFF.png,toCheck_100005_00724s_TLT_UREA_OFF.png,19456,Big,10.79,7.59,"[6.1, 5.59, 6.64, 7.59, 0.0, 0.0]",0.0,NOK
TLT_UREA_ON.png,toCheck_100005_00726s_TLT_UREA_ON.png,19456,Big,8.28,7.4,"[3.66, 2.32, 5.74, 7.4, 0.0, 0.0]",0.0,NOK
TLT_UREA_OFF.png,toCheck_100005_00729s_TLT_UREA_OFF.png,19456,Big,10.79,7.59,"[6.1, 5.59, 6.64, 7.59, 0.0, 0.0]",0.0,NOK
TLT_UREA_ON.png,toCheck_100005_00731s_TLT_UREA_ON.png,19456,Big,8.28,7.4,"[3.66, 2.32, 5.74, 7.4, 0.0, 0.0]",0.0,NOK
TLT_UREA_OFF.png,toCheck_100005_00756s_TLT_UREA_OFF.png,19456,Big,2.76,2.56,"[1.73, 1.93, 1.37, 2.56, 0.0, 0.0]",0.0,OK
TLT_UREA_OFF.png,toCheck_100005_00761s_TLT_UREA_OFF.png,19456,Big,2.76,2.56,"[1.73, 1.93, 1.37, 2.56, 0.0, 0.0]",0.0,OK
TLT_UREA_OFF.png,toCheck_100005_06766s_TLT_UREA_OFF.png,19456,Big,2.76,2.56,"[1.73, 1.93, 1.37, 2.56, 0.0, 0.0]",0.0,OK
TLT_UREA_OFF.png,toCheck_100005_06771s_TLT_UREA_OFF.png,19456,Big,2.76,2.56,"[1.73, 1.93, 1.37, 2.56, 0.0, 0.0]",0.0,OK
TLT_SERV_ON.png,toCheck_100006_00446s_TLT_SERV_ON.png,30736,Big,0.0,0.17,"[0.0, 0.0, 0.0, 0.0, 0.02, 0.0, 0.0, 0.17, 0.0, 0.0, 0.0, 0.0]",0.0,OK
TLT_SERV_ON.png,toCheck_100006_00479s_TLT_SERV_ON.png,30736,Big,0.0,0.17,"[0.0, 0.0, 0.0, 0.0, 0.02, 0.0, 0.0, 0.17, 0.0, 0.0, 0.0, 0.0]",0.0,OK
TLT_SERV_ON.png,toCheck_100006_00511s_TLT_SERV_ON.png,30736,Big,0.0,0.17,"[0.0, 0.0, 0.0, 0.0, 0.02, 0.0, 0.0, 0.17, 0.0, 0.0, 0.0, 0.0]",0.0,OK
TLT_UREA_OFF.png,toCheck_100006_00544s_TLT_UREA_OFF.png,19456,Big,10.79,7.59,"[6.1, 5.59, 6.64, 7.59, 0.0, 0.0]",0.0,NOK
TLT_UREA_ON.png,toCheck_100006_00546s_TLT_UREA_ON.png,19456,Big,8.28,7.4,"[3.66, 2.32, 5.74, 7.4, 0.0, 0.0]",0.0,NOK
TLT_UREA_OFF.png,toCheck_100006_00549s_TLT_UREA_OFF.png,19456,Big,10.79,7.59,"[6.1, 5.59, 6.64, 7.59, 0.0, 0.0]",0.0,NOK
TLT_UREA_ON.png,toCheck_100006_00551s_TLT_UREA_ON.png,19456,Big,8.28,7.4,"[3.66, 2.32, 5.74, 7.4, 0.0, 0.0]",0.0,NOK
TLT_SERV_ON.png,toCheck_100006_00554s_TLT_SERV_ON.png,30736,Big,0.0,0.17,"[0.0, 0.0, 0.0, 0.0, 0.02, 0.0, 0.0, 0.17, 0.0, 0.0, 0.0, 0.0]",0.0,OK
TLT_UREA_OFF.png,toCheck_100006_00581s_TLT_UREA_OFF.png,19456,Big,2.76,2.56,"[1.73, 1.93, 1.37, 2.56, 0.0, 0.0]",0.0,OK
TLT_UREA_OFF.png,toCheck_100006_00586s_TLT_UREA_OFF.png,19456,Big,2.76,2.56,"[1.73, 1.93, 1.37, 2.56, 0.0, 0.0]",0.0,OK
TLT_SERV_ON.png,toCheck_100006_00591s_TLT_SERV_ON.png,30736,Big,0.0,0.02,"[0.0, 0.0, 0.0, 0.0, 0.02, 0.0, 0.0, 0.0, 0.0, 0.0, 0.0, 0.0]",0.0,OK
TLT_UREA_OFF.png,toCheck_100006_06591s_TLT_UREA_OFF.png,19456,Big,2.76,2.56,"[1.73, 1.93, 1.37, 2.56, 0.0, 0.0]",0.0,OK
TXTALT_20208_17_FR.png,toCheck_100006_00339s_TXTALT_20208_17_FR.png,267388,Big,0.44,2.05,"[0.24, 0.98, 1.49, 1.27, 2.05, 1.66]",0.0,OK
TLT_UREA_OFF.png,toCheck_100006_06596s_TLT_UREA_OFF.png,19456,Big,2.76,2.56,"[1.73, 1.93, 1.37, 2.56, 0.0, 0.0]",0.0,OK
TLT_SERV_ON.png,toCheck_100006_06601s_TLT_SERV_ON.png,30736,Big,0.0,0.02,"[0.0, 0.0, 0.0, 0.0, 0.02, 0.0, 0.0, 0.0, 0.0, 0.0, 0.0, 0.0]",0.0,OK
TLT_SERV_ON.png,toCheck_100006_00414s_TLT_SERV_ON.png,30736,Big,0.0,0.17,"[0.0, 0.0, 0.0, 0.0, 0.02, 0.0, 0.0, 0.17, 0.0, 0.0, 0.0, 0.0]",0.0,OK
TLT_SERV_ON.png,toCheck_100007_00616s_TLT_SERV_ON.png,30736,Big,0.0,0.17,"[0.0, 0.0, 0.0, 0.0, 0.02, 0.0, 0.0, 0.17, 0.0, 0.0, 0.0, 0.0]",0.0,OK
TLT_SERV_ON.png,toCheck_100007_00649s_TLT_SERV_ON.png,30736,Big,0.0,0.17,"[0.0, 0.0, 0.0, 0.0, 0.02, 0.0, 0.0, 0.17, 0.0, 0.0, 0.0, 0.0]",0.0,OK
TLT_SERV_ON.png,toCheck_100007_00681s_TLT_SERV_ON.png,30736,Big,0.0,0.17,"[0.0, 0.0, 0.0, 0.0, 0.02, 0.0, 0.0, 0.17, 0.0, 0.0, 0.0, 0.0]",0.0,OK
TLT_UREA_OFF.png,toCheck_100007_00714s_TLT_UREA_OFF.png,19456,Big,10.79,7.59,"[6.1, 5.59, 6.64, 7.59, 0.0, 0.0]",0.0,NOK
TLT_UREA_ON.png,toCheck_100007_00716s_TLT_UREA_ON.png,19456,Big,8.28,7.4,"[3.66, 2.32, 5.74, 7.4, 0.0, 0.0]",0.0,NOK
TLT_UREA_OFF.png,toCheck_100007_00719s_TLT_UREA_OFF.png,19456,Big,10.79,7.59,"[6.1, 5.59, 6.64, 7.59, 0.0, 0.0]",0.0,NOK
TLT_UREA_ON.png,toCheck_100007_00721s_TLT_UREA_ON.png,19456,Big,8.28,7.4,"[3.66, 2.32, 5.74, 7.4, 0.0, 0.0]",0.0,NOK
TLT_SERV_ON.png,toCheck_100007_00724s_TLT_SERV_ON.png,30736,Big,0.0,0.17,"[0.0, 0.0, 0.0, 0.0, 0.02, 0.0, 0.0, 0.17, 0.0, 0.0, 0.0, 0.0]",0.0,OK
TLT_UREA_OFF.png,toCheck_100007_00751s_TLT_UREA_OFF.png,19456,Big,2.76,2.56,"[1.73, 1.93, 1.37, 2.56, 0.0, 0.0]",0.0,OK
TLT_UREA_OFF.png,toCheck_100007_00756s_TLT_UREA_OFF.png,19456,Big,2.76,2.56,"[1.73, 1.93, 1.37, 2.56, 0.0, 0.0]",0.0,OK
TLT_SERV_ON.png,toCheck_100007_00761s_TLT_SERV_ON.png,30736,Big,0.0,0.02,"[0.0, 0.0, 0.0, 0.0, 0.02, 0.0, 0.0, 0.0, 0.0, 0.0, 0.0, 0.0]",0.0,OK
TLT_UREA_OFF.png,toCheck_100007_06761s_TLT_UREA_OFF.png,19456,Big,2.76,2.56,"[1.73, 1.93, 1.37, 2.56, 0.0, 0.0]",0.0,OK
TXTALT_20208_17_FR.png,toCheck_100007_00509s_TXTALT_20208_17_FR.png,267388,Big,0.44,2.05,"[0.24, 0.98, 1.49, 1.27, 2.05, 1.66]",0.0,OK
TLT_UREA_OFF.png,toCheck_100007_06766s_TLT_UREA_OFF.png,19456,Big,2.76,2.56,"[1.73, 1.93, 1.37, 2.56, 0.0, 0.0]",0.0,OK
TLT_SERV_ON.png,toCheck_100007_06771s_TLT_SERV_ON.png,30736,Big,0.0,0.02,"[0.0, 0.0, 0.0, 0.0, 0.02, 0.0, 0.0, 0.0, 0.0, 0.0, 0.0, 0.0]",0.0,OK
TLT_SERV_ON.png,toCheck_100007_00584s_TLT_SERV_ON.png,30736,Big,0.0,0.17,"[0.0, 0.0, 0.0, 0.0, 0.02, 0.0, 0.0, 0.17, 0.0, 0.0, 0.0, 0.0]",0.0,OK
TLT_UREA_OFF.png,toCheck_100008_00581s_TLT_UREA_OFF.png,19456,Big,2.76,2.56,"[1.73, 1.93, 1.37, 2.56, 0.0, 0.0]",0.0,OK
TLT_UREA_OFF.png,toCheck_100008_00586s_TLT_UREA_OFF.png,19456,Big,2.76,2.56,"[1.73, 1.93, 1.37, 2.56, 0.0, 0.0]",0.0,OK
TLT_UREA_OFF.png,toCheck_100008_00614s_TLT_UREA_OFF.png,19456,Big,10.79,7.59,"[6.1, 5.59, 6.64, 7.59, 0.0, 0.0]",0.0,NOK
TLT_UREA_ON.png,toCheck_100008_00616s_TLT_UREA_ON.png,19456,Big,8.28,7.4,"[3.66, 2.32, 5.74, 7.4, 0.0, 0.0]",0.0,NOK
TLT_UREA_OFF.png,toCheck_100008_00619s_TLT_UREA_OFF.png,19456,Big,10.79,7.59,"[6.1, 5.59, 6.64, 7.59, 0.0, 0.0]",0.0,NOK
TLT_UREA_ON.png,toCheck_100008_00621s_TLT_UREA_ON.png,19456,Big,8.28,7.4,"[3.66, 2.32, 5.74, 7.4, 0.0, 0.0]",0.0,NOK
TXTALT_20208_17_FR.png,toCheck_100008_00339s_TXTALT_20208_17_FR.png,267388,Big,0.44,2.05,"[0.24, 0.98, 1.49, 1.27, 2.05, 1.66]",0.0,OK
TLT_UREA_OFF.png,toCheck_100008_06624s_TLT_UREA_OFF.png,19456,Big,10.79,7.59,"[6.1, 5.59, 6.64, 7.59, 0.0, 0.0]",0.0,NOK
TLT_UREA_ON.png,toCheck_100008_06626s_TLT_UREA_ON.png,19456,Big,8.28,7.4,"[3.66, 2.32, 5.74, 7.4, 0.0, 0.0]",0.0,NOK
TLT_UREA_OFF.png,toCheck_100008_06629s_TLT_UREA_OFF.png,19456,Big,10.79,7.59,"[6.1, 5.59, 6.64, 7.59, 0.0, 0.0]",0.0,NOK
TLT_UREA_ON.png,toCheck_100008_06631s_TLT_UREA_ON.png,19456,Big,8.28,7.4,"[3.66, 2.32, 5.74, 7.4, 0.0, 0.0]",0.0,NOK
TXTALT_20208_17_FR.png,toCheck_100008_07010s_TXTALT_20208_17_FR.png,267388,Big,0.44,2.05,"[0.24, 0.98, 1.49, 1.27, 2.05, 1.66]",0.0,OK
TXTALT_20208_1_FR_2400_KM.png,toCheck_100008_00404s_TXTALT_20208_1_FR_2400_KM.png,267388,Big,0.42,2.93,"[0.29, 2.1, 1.68, 2.27, 2.93, 0.37]",0.0,OK
TXTALT_20208_2_FR_KM.png,toCheck_100008_00409s_TXTALT_20208_2_FR_KM.png,267388,Big,0.27,2.88,"[1.34, 1.29, 1.51, 2.71, 2.88, 0.61]",0.0,OK
TLT_UREA_OFF.png,toCheck_100009_00751s_TLT_UREA_OFF.png,19456,Big,2.76,2.56,"[1.73, 1.93, 1.37, 2.56, 0.0, 0.0]",0.0,OK
TLT_UREA_OFF.png,toCheck_100009_00756s_TLT_UREA_OFF.png,19456,Big,2.76,2.56,"[1.73, 1.93, 1.37, 2.56, 0.0, 0.0]",0.0,OK
TLT_UREA_OFF.png,toCheck_100009_00784s_TLT_UREA_OFF.png,19456,Big,10.79,7.59,"[6.1, 5.59, 6.64, 7.59, 0.0, 0.0]",0.0,NOK
TLT_UREA_ON.png,toCheck_100009_00786s_TLT_UREA_ON.png,19456,Big,8.28,7.4,"[3.66, 2.32, 5.74, 7.4, 0.0, 0.0]",0.0,NOK
TLT_UREA_OFF.png,toCheck_100009_00789s_TLT_UREA_OFF.png,19456,Big,10.79,7.59,"[6.1, 5.59, 6.64, 7.59, 0.0, 0.0]",0.0,NOK
TLT_UREA_ON.png,toCheck_100009_00791s_TLT_UREA_ON.png,19456,Big,8.28,7.4,"[3.66, 2.32, 5.74, 7.4, 0.0, 0.0]",0.0,NOK
TXTALT_20208_17_FR.png,toCheck_100009_00509s_TXTALT_20208_17_FR.png,267388,Big,0.44,2.05,"[0.24, 0.98, 1.49, 1.27, 2.05, 1.66]",0.0,OK
TLT_UREA_OFF.png,toCheck_100009_06794s_TLT_UREA_OFF.png,19456,Big,10.79,7.59,"[6.1, 5.59, 6.64, 7.59, 0.0, 0.0]",0.0,NOK
TLT_UREA_ON.png,toCheck_100009_06796s_TLT_UREA_ON.png,19456,Big,8.28,7.4,"[3.66, 2.32, 5.74, 7.4, 0.0, 0.0]",0.0,NOK
TLT_UREA_OFF.png,toCheck_100009_06799s_TLT_UREA_OFF.png,19456,Big,10.79,7.59,"[6.1, 5.59, 6.64, 7.59, 0.0, 0.0]",0.0,NOK
TLT_UREA_ON.png,toCheck_100009_06801s_TLT_UREA_ON.png,19456,Big,8.28,7.4,"[3.66, 2.32, 5.74, 7.4, 0.0, 0.0]",0.0,NOK
TXTALT_20208_17_FR.png,toCheck_100009_07180s_TXTALT_20208_17_FR.png,267388,Big,0.44,2.05,"[0.24, 0.98, 1.49, 1.27, 2.05, 1.66]",0.0,OK
ACC_GRY_ACTV_NOLCOLOR_70KMPH.png,toCheck_100000_00315s_ACC_GRY_ACTV_NOLCOLOR_70KMPH.png,56763,Big,0.51,0.56,"[0.56, 0.15, 0.0]",0.0,OK
ADAS_SPD_70KMPH_ACC_GRY_ACTV_NoLColor_70.png,toCheck_100000_00315s_ADAS_SPD_70KMPH_ACC_GRY_ACTV_NoLColor_70.png,326772,Big,0.05,1.59,"[0.0, -0.05, -0.05, 0.54, 0.02, 0.0, 1.59, 0.42, 0.0]",0.0,OK
ACC_GRY_ACTV_NOLCOLOR_70KMPH.png,toCheck_100000_00415s_ACC_GRY_ACTV_NOLCOLOR_70KMPH.png,56763,Big,0.51,0.56,"[0.56, 0.15, 0.0]",0.0,OK
NO_ALERT_ADAS.png,toCheck_100000_00415s_NO_ALERT_ADAS.png,267388,Big,-0.05,0.02,"[0.02, -0.05, -0.05, 0.0, 0.0, 0.0]",0.0,OK
ACC_GRY_ACTV_NOLCOLOR_70KMPH.png,toCheck_100000_00445s_ACC_GRY_ACTV_NOLCOLOR_70KMPH.png,56763,Big,0.51,0.56,"[0.56, 0.15, 0.0]",0.0,OK
ADAS_SPD_70KMPH_ACC_GRY_ACTV_NoLColor_70.png,toCheck_100000_00445s_ADAS_SPD_70KMPH_ACC_GRY_ACTV_NoLColor_70.png,326772,Big,0.05,1.59,"[0.0, -0.05, -0.05, 0.54, 0.02, 0.0, 1.59, 0.42, 0.0]",0.0,OK
ACC_GRY_WAIT_NOLCOLOR_SQ70_GRY_KMPH.png,toCheck_100000_00495s_ACC_GRY_WAIT_NOLCOLOR_SQ70_GRY_KMPH.png,56763,Big,2.15,0.66,"[0.66, 0.37, 0.0]",0.0,OK
ADAS_SPD_70KMPH_ACC_GRY_WAIT_NoLColor_SQ70.png,toCheck_100000_00495s_ADAS_SPD_70KMPH_ACC_GRY_WAIT_NoLColor_SQ70.png,326772,Big,0.12,1.37,"[0.0, -0.05, -0.05, 1.37, 0.24, 0.0, 0.24, 0.42, 0.0]",0.0,OK
TXTALT_20607_2_FR.png,toCheck_100000_00495s_TXTALT_20607_2_FR.png,267388,Big,-0.05,0.0,"[-0.05, -0.05, 0.0, 0.0, 0.0, -0.05]",0.0,OK
ACC_GRY_ACTV_NOLCOLOR_70KMPH.png,toCheck_100000_00500s_ACC_GRY_ACTV_NOLCOLOR_70KMPH.png,56763,Big,0.51,0.56,"[0.56, 0.15, 0.0]",0.0,OK
ADAS_SPD_70KMPH_ACC_GRY_ACTV_NoLColor_70.png,toCheck_100000_00500s_ADAS_SPD_70KMPH_ACC_GRY_ACTV_NoLColor_70.png,326772,Big,0.05,1.59,"[0.0, -0.05, -0.05, 0.54, 0.02, 0.0, 1.59, 0.42, 0.0]",0.0,OK
ADAS_LAYOUT.png,toCheck_100000_00230s_ADAS_LAYOUT.png,1376640,Big,0.0,0.02,"[-0.05, 0.02, 0.02, 0.0, 0.0, 0.0, 0.0, 0.0, 0.0, 0.0, 0.0, -0.05, 0.0, 0.0, 0.0, -0.05, 0.0, 0.0, -0.05, 0.0, 0.0, 0.0, 0.0, 0.0, -0.05, 0.0, -0.05, -0.05, 0.0, 0.0, 0.0, -0.05, 0.0, 0.02, 0.0, 0.02]",0.0,OK
ACC_GRY_WAIT_NOLCOLOR_SPDINV_GRY_KMPH.png,toCheck_100000_00250s_ACC_GRY_WAIT_NOLCOLOR_SPDINV_GRY_KMPH.png,56763,Big,0.34,0.46,"[0.46, 0.1, 0.0]",0.0,OK
ADAS_TRGT_NODISP_20603_21.png,toCheck_100000_00250s_ADAS_TRGT_NODISP_20603_21.png,204053,Big,0.0,0.0,"[0.0, 0.0, -0.05, -0.05, -0.05, 0.0]",0.0,OK
TXTALT_20603_21_FR.png,toCheck_100000_00250s_TXTALT_20603_21_FR.png,267388,Big,0.0,0.0,"[-0.05, 0.0, 0.0, 0.0, -0.05, 0.0]",0.0,OK
ACC_GRY_ACTV_NOLCOLOR_70KMPH.png,toCheck_100000_00310s_ACC_GRY_ACTV_NOLCOLOR_70KMPH.png,56763,Big,0.51,0.56,"[0.56, 0.15, 0.0]",0.0,OK
ADAS_SPD_70KMPH_ACC_GRY_ACTV_NoLColor_70.png,toCheck_100000_00310s_ADAS_SPD_70KMPH_ACC_GRY_ACTV_NoLColor_70.png,326772,Big,0.05,1.59,"[0.0, -0.05, -0.05, 0.54, 0.02, 0.0, 1.59, 0.42, 0.0]",0.0,OK
ADAS_TRGT_NODISP.png,toCheck_100000_00310s_ADAS_TRGT_NODISP.png,204053,Big,0.0,0.0,"[0.0, 0.0, -0.05, -0.05, -0.05, 0.0]",0.0,OK
TXTALT_20603_33_FR.png,toCheck_100001_00315s_TXTALT_20603_33_FR.png,267388,Big,0.0,0.02,"[-0.05, 0.02, -0.05, 0.0, 0.0, -0.05]",0.0,OK
ACC_GRY_WAIT_NOLCOLOR_SPDINV_GRY_KMPH.png,toCheck_100001_00320s_ACC_GRY_WAIT_NOLCOLOR_SPDINV_GRY_KMPH.png,56763,Big,0.34,0.46,"[0.46, 0.1, 0.0]",0.0,OK
ADAS_TRGT_NODISP_20603_21.png,toCheck_100001_00320s_ADAS_TRGT_NODISP_20603_21.png,204053,Big,0.0,0.0,"[0.0, 0.0, -0.05, -0.05, -0.05, 0.0]",0.0,OK
TXTALT_20603_21_FR.png,toCheck_100001_00320s_TXTALT_20603_21_FR.png,267388,Big,0.0,0.0,"[-0.05, 0.0, 0.0, 0.0, -0.05, 0.0]",0.0,OK
ACC_GRY_ACTV_NOLCOLOR_70KMPH.png,toCheck_100001_00380s_ACC_GRY_ACTV_NOLCOLOR_70KMPH.png,56763,Big,0.51,0.56,"[0.56, 0.15, 0.0]",0.0,OK
ADAS_SPD_70KMPH_ACC_GRY_ACTV_NoLColor_70.png,toCheck_100001_00380s_ADAS_SPD_70KMPH_ACC_GRY_ACTV_NoLColor_70.png,326772,Big,0.05,1.59,"[0.0, -0.05, -0.05, 0.54, 0.02, 0.0, 1.59, 0.42, 0.0]",0.0,OK
ADAS_TRGT_NODISP.png,toCheck_100001_00380s_ADAS_TRGT_NODISP.png,204053,Big,0.0,0.0,"[0.0, 0.0, -0.05, -0.05, -0.05, 0.0]",0.0,OK
TXTALT_20603_22_FR.png,toCheck_100001_00385s_TXTALT_20603_22_FR.png,267388,Big,-0.05,0.0,"[0.0, 0.0, -0.05, 0.0, 0.0, 0.0]",0.0,OK
ACC_GRY_WAIT_NOLCOLOR_SPDINV_GRY_KMPH.png,toCheck_100001_00390s_ACC_GRY_WAIT_NOLCOLOR_SPDINV_GRY_KMPH.png,56763,Big,0.34,0.46,"[0.46, 0.1, 0.0]",0.0,OK
ADAS_TRGT_NODISP_20603_21.png,toCheck_100001_00390s_ADAS_TRGT_NODISP_20603_21.png,204053,Big,0.0,0.0,"[0.0, 0.0, -0.05, -0.05, -0.05, 0.0]",0.0,OK
TXTALT_20603_21_FR.png,toCheck_100001_00390s_TXTALT_20603_21_FR.png,267388,Big,0.0,0.0,"[-0.05, 0.0, 0.0, 0.0, -0.05, 0.0]",0.0,OK
ACC_GRY_ACTV_NOLCOLOR_70KMPH.png,toCheck_100001_00450s_ACC_GRY_ACTV_NOLCOLOR_70KMPH.png,56763,Big,0.51,0.56,"[0.56, 0.15, 0.0]",0.0,OK
ADAS_SPD_70KMPH_ACC_GRY_ACTV_NoLColor_70.png,toCheck_100001_00450s_ADAS_SPD_70KMPH_ACC_GRY_ACTV_NoLColor_70.png,326772,Big,0.05,1.59,"[0.0, -0.05, -0.05, 0.54, 0.02, 0.0, 1.59, 0.42, 0.0]",0.0,OK
ADAS_TRGT_NODISP.png,toCheck_100001_00450s_ADAS_TRGT_NODISP.png,204053,Big,0.0,0.0,"[0.0, 0.0, -0.05, -0.05, -0.05, 0.0]",0.0,OK
ACC_GRY_WAIT_NOLCOLOR_SQ70_GRY_KMPH.png,toCheck_100001_00455s_ACC_GRY_WAIT_NOLCOLOR_SQ70_GRY_KMPH.png,56763,Big,2.15,0.66,"[0.66, 0.37, 0.0]",0.0,OK
ADAS_SPD_70KMPH_ACC_GRY_WAIT_NoLColor_SQ70.png,toCheck_100001_00455s_ADAS_SPD_70KMPH_ACC_GRY_WAIT_NoLColor_SQ70.png,326772,Big,0.12,1.37,"[0.0, -0.05, -0.05, 1.37, 0.24, 0.0, 0.24, 0.42, 0.0]",0.0,OK
TXTALT_20603_32_FR.png,toCheck_100001_00455s_TXTALT_20603_32_FR.png,267388,Big,-0.05,0.05,"[-0.05, 0.02, -0.05, 0.0, -0.05, 0.05]",0.0,OK
ACC_GRY_ACTV_NOLCOLOR_70KMPH.png,toCheck_100001_00515s_ACC_GRY_ACTV_NOLCOLOR_70KMPH.png,56763,Big,0.51,0.56,"[0.56, 0.15, 0.0]",0.0,OK
ADAS_SPD_70KMPH_ACC_GRY_ACTV_NoLColor_70.png,toCheck_100001_00515s_ADAS_SPD_70KMPH_ACC_GRY_ACTV_NoLColor_70.png,326772,Big,0.05,1.59,"[0.0, -0.05, -0.05, 0.54, 0.02, 0.0, 1.59, 0.42, 0.0]",0.0,OK
ADAS_TRGT_NODISP.png,toCheck_100001_00515s_ADAS_TRGT_NODISP.png,204053,Big,0.0,0.0,"[0.0, 0.0, -0.05, -0.05, -0.05, 0.0]",0.0,OK
ACC_GRY_WAIT_NOLCOLOR_SQ70_GRY_KMPH.png,toCheck_100001_00520s_ACC_GRY_WAIT_NOLCOLOR_SQ70_GRY_KMPH.png,56763,Big,2.15,0.66,"[0.66, 0.37, 0.0]",0.0,OK
ADAS_SPD_70KMPH_ACC_GRY_WAIT_NoLColor_SQ70.png,toCheck_100001_00520s_ADAS_SPD_70KMPH_ACC_GRY_WAIT_NoLColor_SQ70.png,326772,Big,0.12,1.37,"[0.0, -0.05, -0.05, 1.37, 0.24, 0.0, 0.24, 0.42, 0.0]",0.0,OK
TXTALT_20603_8_FR.png,toCheck_100001_00520s_TXTALT_20603_8_FR.png,267388,Big,0.0,0.0,"[0.0, 0.0, -0.05, 0.0, 0.0, -0.05]",0.0,OK
ADAS_LAYOUT.png,toCheck_100001_00230s_ADAS_LAYOUT.png,1376640,Big,0.0,0.02,"[-0.05, 0.02, 0.02, 0.0, 0.0, 0.0, 0.0, 0.0, 0.0, 0.0, 0.0, -0.05, 0.0, 0.0, 0.0, -0.05, 0.0, 0.0, -0.05, 0.0, 0.0, 0.0, 0.0, 0.0, -0.05, 0.0, -0.05, -0.05, 0.0, 0.0, 0.0, -0.05, 0.0, 0.02, 0.0, 0.02]",0.0,OK
ACC_GRY_WAIT_NOLCOLOR_SPDINV_GRY_KMPH.png,toCheck_100001_00250s_ACC_GRY_WAIT_NOLCOLOR_SPDINV_GRY_KMPH.png,56763,Big,0.34,0.46,"[0.46, 0.1, 0.0]",0.0,OK
ADAS_TRGT_NODISP_20603_21.png,toCheck_100001_00250s_ADAS_TRGT_NODISP_20603_21.png,204053,Big,0.0,0.0,"[0.0, 0.0, -0.05, -0.05, -0.05, 0.0]",0.0,OK
TXTALT_20603_21_FR.png,toCheck_100001_00250s_TXTALT_20603_21_FR.png,267388,Big,0.0,0.0,"[-0.05, 0.0, 0.0, 0.0, -0.05, 0.0]",0.0,OK
ACC_GRY_ACTV_NOLCOLOR_70KMPH.png,toCheck_100001_00310s_ACC_GRY_ACTV_NOLCOLOR_70KMPH.png,56763,Big,0.51,0.56,"[0.56, 0.15, 0.0]",0.0,OK
ADAS_SPD_70KMPH_ACC_GRY_ACTV_NoLColor_70.png,toCheck_100001_00310s_ADAS_SPD_70KMPH_ACC_GRY_ACTV_NoLColor_70.png,326772,Big,0.05,1.59,"[0.0, -0.05, -0.05, 0.54, 0.02, 0.0, 1.59, 0.42, 0.0]",0.0,OK
ADAS_TRGT_NODISP.png,toCheck_100001_00310s_ADAS_TRGT_NODISP.png,204053,Big,0.0,0.0,"[0.0, 0.0, -0.05, -0.05, -0.05, 0.0]",0.0,OK
ACC_GRN_ACTV_NOCOLOR_70KMPH.png,toCheck_100002_00315s_ACC_GRN_ACTV_NOCOLOR_70KMPH.png,56763,Big,0.54,0.61,"[0.61, 0.15, 0.0]",0.0,OK
ADAS_TRGT_GRN_FAR_NOLCOLOR.png,toCheck_100002_00315s_ADAS_TRGT_GRN_FAR_NOLCOLOR.png,204053,Big,0.07,0.12,"[0.1, 0.12, -0.05, -0.05, -0.05, 0.0]",0.0,OK
ADAS_SPD_70KMPH_ACC_GRN_ACTV_NoLColor_70.png,toCheck_100002_00315s_ADAS_SPD_70KMPH_ACC_GRN_ACTV_NoLColor_70.png,326772,Big,0.05,1.59,"[0.0, -0.05, -0.05, 0.34, 0.02, 0.0, 1.59, 0.42, 0.0]",0.0,OK
ACC_GRN_ACTV_NOCOLOR_70KMPH.png,toCheck_100002_00320s_ACC_GRN_ACTV_NOCOLOR_70KMPH.png,56763,Big,0.54,0.61,"[0.61, 0.15, 0.0]",0.0,OK
ADAS_TRGT_GRN_REG_NOLCOLOR.png,toCheck_100002_00320s_ADAS_TRGT_GRN_REG_NOLCOLOR.png,204053,Big,0.05,0.17,"[0.17, 0.07, -0.05, -0.05, -0.05, 0.0]",0.0,OK
ACC_GRN_ACTV_NOCOLOR_70KMPH.png,toCheck_100002_00325s_ACC_GRN_ACTV_NOCOLOR_70KMPH.png,56763,Big,0.54,0.61,"[0.61, 0.15, 0.0]",0.0,OK
ADAS_TRGT_GRN_MID_NOLCOLOR.png,toCheck_100002_00325s_ADAS_TRGT_GRN_MID_NOLCOLOR.png,204053,Big,0.02,0.12,"[0.07, 0.12, -0.05, -0.05, -0.05, 0.0]",0.0,OK
ACC_GRN_ACTV_NOCOLOR_70KMPH.png,toCheck_100002_00330s_ACC_GRN_ACTV_NOCOLOR_70KMPH.png,56763,Big,0.54,0.61,"[0.61, 0.15, 0.0]",0.0,OK
ADAS_TRGT_GRN_SHT_NOLCOLOR.png,toCheck_100002_00330s_ADAS_TRGT_GRN_SHT_NOLCOLOR.png,204053,Big,0.02,0.2,"[0.15, 0.2, 0.0, 0.0, -0.05, 0.0]",0.0,OK
ACC_YEL_ACTV_NOLCOLOR_70KMPH.png,toCheck_100002_00335s_ACC_YEL_ACTV_NOLCOLOR_70KMPH.png,56763,Big,0.54,0.63,"[0.63, 0.15, 0.0]",0.0,OK
ADAS_TRGT_YEL_NOLCOLOR.png,toCheck_100002_00335s_ADAS_TRGT_YEL_NOLCOLOR.png,204053,Big,0.02,0.15,"[0.15, 0.1, 0.0, 0.02, -0.05, 0.0]",0.0,OK
ACC_YEL_ACTV_1LYEL_70KMPH.png,toCheck_100002_00340s_ACC_YEL_ACTV_1LYEL_70KMPH.png,56763,Big,0.56,0.68,"[0.68, 0.15, 0.0]",0.0,OK
ADAS_TRGT_YEL_SHT_L1GRN.png,toCheck_100002_00340s_ADAS_TRGT_YEL_SHT_L1GRN.png,204053,Big,0.02,0.15,"[0.15, 0.1, 0.0, 0.05, -0.05, 0.0]",0.0,OK
ADAS_SPD_70KMPH_ACC_YEL_ACTV_1LYEL_70.png,toCheck_100002_00340s_ADAS_SPD_70KMPH_ACC_YEL_ACTV_1LYEL_70.png,326772,Big,0.02,0.78,"[0.0, -0.05, -0.05, 0.78, 0.02, 0.0, 0.42, 0.63, 0.0]",0.0,OK
ACC_YEL_ACTV_2LYEL_70KMPH.png,toCheck_100002_00345s_ACC_YEL_ACTV_2LYEL_70KMPH.png,56763,Big,0.76,0.73,"[0.73, 0.15, 0.0]",0.0,OK
ADAS_TRGT_YEL_SHT_L2GRN.png,toCheck_100002_00345s_ADAS_TRGT_YEL_SHT_L2GRN.png,204053,Big,0.0,0.12,"[0.05, 0.12, 0.02, 0.02, -0.05, 0.0]",0.0,OK
ADAS_SPD_70KMPH_ACC_YEL_ACTV_2LYEL_70.png,toCheck_100002_00345s_ADAS_SPD_70KMPH_ACC_YEL_ACTV_2LYEL_70.png,326772,Big,0.05,0.78,"[0.0, -0.05, -0.05, 0.78, 0.02, 0.0, 0.1, 0.63, 0.0]",0.0,OK
ACC_YEL_ACTV_3LYEL_70KMPH.png,toCheck_100002_00350s_ACC_YEL_ACTV_3LYEL_70KMPH.png,56763,Big,0.76,0.49,"[0.49, 0.15, 0.0]",0.0,OK
ADAS_TRGT_YEL_SHT_L3GRN.png,toCheck_100002_00350s_ADAS_TRGT_YEL_SHT_L3GRN.png,204053,Big,0.0,0.1,"[0.05, 0.1, 0.02, 0.02, -0.05, 0.0]",0.0,OK
ACC_YEL_ACTV_4LYEL_70KMPH.png,toCheck_100002_00355s_ACC_YEL_ACTV_4LYEL_70KMPH.png,56763,Big,0.76,0.32,"[0.32, 0.15, 0.0]",0.0,OK
ADAS_TRGT_YEL_SHT_L4GRN.png,toCheck_100002_00355s_ADAS_TRGT_YEL_SHT_L4GRN.png,204053,Big,0.02,0.12,"[0.07, 0.12, 0.02, 0.02, -0.05, 0.0]",0.0,OK
ACC_YEL_ACTV_NOLCOLOR_70KMPH.png,toCheck_100002_00360s_ACC_YEL_ACTV_NOLCOLOR_70KMPH.png,56763,Big,0.54,0.63,"[0.63, 0.15, 0.0]",0.0,OK
ADAS_TRGT_YEL_NOLCOLOR.png,toCheck_100002_00360s_ADAS_TRGT_YEL_NOLCOLOR.png,204053,Big,0.02,0.15,"[0.15, 0.1, 0.0, 0.02, -0.05, 0.0]",0.0,OK
ACC_GRN_ACTV_NOCOLOR_70KMPH.png,toCheck_100002_00365s_ACC_GRN_ACTV_NOCOLOR_70KMPH.png,56763,Big,0.54,0.61,"[0.61, 0.15, 0.0]",0.0,OK
ADAS_TRGT_GRN_SHT_NOLCOLOR.png,toCheck_100002_00365s_ADAS_TRGT_GRN_SHT_NOLCOLOR.png,204053,Big,0.02,0.2,"[0.15, 0.2, 0.0, 0.0, -0.05, 0.0]",0.0,OK
ADAS_LAYOUT.png,toCheck_100002_00230s_ADAS_LAYOUT.png,1376640,Big,0.0,0.02,"[-0.05, 0.02, 0.02, 0.0, 0.0, 0.0, 0.0, 0.0, 0.0, 0.0, 0.0, -0.05, 0.0, 0.0, 0.0, -0.05, 0.0, 0.0, -0.05, 0.0, 0.0, 0.0, 0.0, 0.0, -0.05, 0.0, -0.05, -0.05, 0.0, 0.0, 0.0, -0.05, 0.0, 0.02, 0.0, 0.02]",0.0,OK
ACC_GRY_WAIT_NOLCOLOR_SPDINV_GRY_KMPH.png,toCheck_100002_00250s_ACC_GRY_WAIT_NOLCOLOR_SPDINV_GRY_KMPH.png,56763,Big,0.34,0.46,"[0.46, 0.1, 0.0]",0.0,OK
ADAS_TRGT_NODISP_20603_21.png,toCheck_100002_00250s_ADAS_TRGT_NODISP_20603_21.png,204053,Big,0.0,0.0,"[0.0, 0.0, -0.05, -0.05, -0.05, 0.0]",0.0,OK
TXTALT_20603_21_FR.png,toCheck_100002_00250s_TXTALT_20603_21_FR.png,267388,Big,0.0,0.0,"[-0.05, 0.0, 0.0, 0.0, -0.05, 0.0]",0.0,OK
ACC_GRY_ACTV_NOLCOLOR_70KMPH.png,toCheck_100002_00310s_ACC_GRY_ACTV_NOLCOLOR_70KMPH.png,56763,Big,0.51,0.56,"[0.56, 0.15, 0.0]",0.0,OK
ADAS_TRGT_NODISP.png,toCheck_100002_00310s_ADAS_TRGT_NODISP.png,204053,Big,0.0,0.0,"[0.0, 0.0, -0.05, -0.05, -0.05, 0.0]",0.0,OK
ADAS_SPD_70KMPH_ACC_GRY_ACTV_NoLColor_70.png,toCheck_100002_00310s_ADAS_SPD_70KMPH_ACC_GRY_ACTV_NoLColor_70.png,326772,Big,0.05,1.59,"[0.0, -0.05, -0.05, 0.54, 0.02, 0.0, 1.59, 0.42, 0.0]",0.0,OK
ACC_GRN_ACTV_NOCOLOR_70KMPH.png,toCheck_100003_00315s_ACC_GRN_ACTV_NOCOLOR_70KMPH.png,56763,Big,0.54,0.61,"[0.61, 0.15, 0.0]",0.0,OK
ADAS_TRGT_GRN_FAR_NOLCOLOR.png,toCheck_100003_00315s_ADAS_TRGT_GRN_FAR_NOLCOLOR.png,204053,Big,0.07,0.12,"[0.1, 0.12, -0.05, -0.05, -0.05, 0.0]",0.0,OK
ADAS_SPD_70KMPH_ACC_GRN_ACTV_NoLColor_70.png,toCheck_100003_00315s_ADAS_SPD_70KMPH_ACC_GRN_ACTV_NoLColor_70.png,326772,Big,0.05,1.59,"[0.0, -0.05, -0.05, 0.34, 0.02, 0.0, 1.59, 0.42, 0.0]",0.0,OK
ACC_GRN_ACTV_NOCOLOR_70KMPH.png,toCheck_100003_00320s_ACC_GRN_ACTV_NOCOLOR_70KMPH.png,56763,Big,0.54,0.61,"[0.61, 0.15, 0.0]",0.0,OK
ADAS_TRGT_GRN_REG_NOLCOLOR.png,toCheck_100003_00320s_ADAS_TRGT_GRN_REG_NOLCOLOR.png,204053,Big,0.05,0.17,"[0.17, 0.07, -0.05, -0.05, -0.05, 0.0]",0.0,OK
ADAS_SPD_70KMPH_ACC_GRN_ACTV_NoLColor_70.png,toCheck_100003_00320s_ADAS_SPD_70KMPH_ACC_GRN_ACTV_NoLColor_70.png,326772,Big,0.05,1.59,"[0.0, -0.05, -0.05, 0.34, 0.02, 0.0, 1.59, 0.42, 0.0]",0.0,OK
ACC_GRN_ACTV_NOCOLOR_70KMPH.png,toCheck_100003_00325s_ACC_GRN_ACTV_NOCOLOR_70KMPH.png,56763,Big,0.54,0.61,"[0.61, 0.15, 0.0]",0.0,OK
ADAS_TRGT_GRN_MID_NOLCOLOR.png,toCheck_100003_00325s_ADAS_TRGT_GRN_MID_NOLCOLOR.png,204053,Big,0.02,0.12,"[0.07, 0.12, -0.05, -0.05, -0.05, 0.0]",0.0,OK
ACC_GRN_ACTV_NOCOLOR_70KMPH.png,toCheck_100003_00330s_ACC_GRN_ACTV_NOCOLOR_70KMPH.png,56763,Big,0.54,0.61,"[0.61, 0.15, 0.0]",0.0,OK
ADAS_TRGT_GRN_SHT_NOLCOLOR.png,toCheck_100003_00330s_ADAS_TRGT_GRN_SHT_NOLCOLOR.png,204053,Big,0.02,0.2,"[0.15, 0.2, 0.0, 0.0, -0.05, 0.0]",0.0,OK
ADAS_SPD_70KMPH_ACC_GRN_ACTV_NoLColor_70.png,toCheck_100003_00330s_ADAS_SPD_70KMPH_ACC_GRN_ACTV_NoLColor_70.png,326772,Big,0.05,1.59,"[0.0, -0.05, -0.05, 0.34, 0.02, 0.0, 1.59, 0.42, 0.0]",0.0,OK
ACC_RED_ACTV_NOLCOLOR_70KMPH.png,toCheck_100003_00335s_ACC_RED_ACTV_NOLCOLOR_70KMPH.png,56763,Big,0.54,0.44,"[0.44, 0.15, 0.0]",0.0,OK
AEB_ALTRED_50401_2.png,toCheck_100003_00335s_AEB_ALTRED_50401_2.png,204053,Big,0.0,0.02,"[0.02, 0.02, 0.0, 0.0, -0.05, 0.0]",0.0,OK
ADAS_TXTALT_10925_5_FR.png,toCheck_100003_00335s_ADAS_TXTALT_10925_5_FR.png,267388,Big,2.56,8.89,"[0.24, 8.89, 1.59, 0.27, 7.93, 1.78]",0.0,Investigate
ACC_RED_ACTV_1LRED_70KMPH.png,toCheck_100003_00340s_ACC_RED_ACTV_1LRED_70KMPH.png,56763,Big,0.49,0.78,"[0.78, 0.15, 0.0]",0.0,OK
AEB_ALTRED_50401_2.png,toCheck_100003_00340s_AEB_ALTRED_50401_2.png,204053,Big,0.0,0.02,"[0.02, 0.02, 0.0, 0.0, -0.05, 0.0]",0.0,OK
ADAS_TXTALT_10925_5_FR.png,toCheck_100003_00340s_ADAS_TXTALT_10925_5_FR.png,267388,Big,2.56,8.89,"[0.24, 8.89, 1.59, 0.27, 7.93, 1.78]",0.0,Investigate
ACC_RED_ACTV_2LRED_70KMPH.png,toCheck_100003_00345s_ACC_RED_ACTV_2LRED_70KMPH.png,56763,Big,0.56,0.95,"[0.95, 0.15, 0.0]",0.0,OK
AEB_ALTRED_50401_2.png,toCheck_100003_00345s_AEB_ALTRED_50401_2.png,204053,Big,0.0,0.02,"[0.02, 0.02, 0.0, 0.0, -0.05, 0.0]",0.0,OK
ADAS_TXTALT_10925_5_FR.png,toCheck_100003_00345s_ADAS_TXTALT_10925_5_FR.png,267388,Big,2.56,8.89,"[0.24, 8.89, 1.59, 0.27, 7.93, 1.78]",0.0,Investigate
ACC_RED_ACTV_3LRED_70KMPH.png,toCheck_100003_00350s_ACC_RED_ACTV_3LRED_70KMPH.png,56763,Big,0.76,0.68,"[0.68, 0.15, 0.0]",0.0,OK
AEB_ALTRED_50401_2.png,toCheck_100003_00350s_AEB_ALTRED_50401_2.png,204053,Big,0.0,0.02,"[0.02, 0.02, 0.0, 0.0, -0.05, 0.0]",0.0,OK
ADAS_TXTALT_10925_5_FR.png,toCheck_100003_00350s_ADAS_TXTALT_10925_5_FR.png,267388,Big,2.56,8.89,"[0.24, 8.89, 1.59, 0.27, 7.93, 1.78]",0.0,Investigate
ACC_RED_ACTV_4LRED_70KMPH.png,toCheck_100003_00355s_ACC_RED_ACTV_4LRED_70KMPH.png,56763,Big,0.76,0.56,"[0.56, 0.15, 0.0]",0.0,OK
AEB_ALTRED_50401_2.png,toCheck_100003_00355s_AEB_ALTRED_50401_2.png,204053,Big,0.0,0.02,"[0.02, 0.02, 0.0, 0.0, -0.05, 0.0]",0.0,OK
ADAS_TXTALT_10925_5_FR.png,toCheck_100003_00355s_ADAS_TXTALT_10925_5_FR.png,267388,Big,2.56,8.89,"[0.24, 8.89, 1.59, 0.27, 7.93, 1.78]",0.0,Investigate
ADAS_LAYOUT.png,toCheck_100003_00230s_ADAS_LAYOUT.png,1376640,Big,0.0,0.02,"[-0.05, 0.02, 0.02, 0.0, 0.0, 0.0, 0.0, 0.0, 0.0, 0.0, 0.0, -0.05, 0.0, 0.0, 0.0, -0.05, 0.0, 0.0, -0.05, 0.0, 0.0, 0.0, 0.0, 0.0, -0.05, 0.0, -0.05, -0.05, 0.0, 0.0, 0.0, -0.05, 0.0, 0.02, 0.0, 0.02]",0.0,OK
ACC_RED_ACTV_NOLCOLOR_70KMPH.png,toCheck_100003_00360s_ACC_RED_ACTV_NOLCOLOR_70KMPH.png,56763,Big,0.54,0.44,"[0.44, 0.15, 0.0]",0.0,OK
AEB_ALTRED_50401_2.png,toCheck_100003_00360s_AEB_ALTRED_50401_2.png,204053,Big,0.0,0.02,"[0.02, 0.02, 0.0, 0.0, -0.05, 0.0]",0.0,OK
ADAS_TXTALT_10925_5_FR.png,toCheck_100003_00360s_ADAS_TXTALT_10925_5_FR.png,267388,Big,2.56,8.89,"[0.24, 8.89, 1.59, 0.27, 7.93, 1.78]",0.0,Investigate
ACC_GRN_ACTV_NOCOLOR_70KMPH.png,toCheck_100003_00365s_ACC_GRN_ACTV_NOCOLOR_70KMPH.png,56763,Big,0.54,0.61,"[0.61, 0.15, 0.0]",0.0,OK
ADAS_TRGT_GRN_SHT_NOLCOLOR.png,toCheck_100003_00365s_ADAS_TRGT_GRN_SHT_NOLCOLOR.png,204053,Big,0.02,0.2,"[0.15, 0.2, 0.0, 0.0, -0.05, 0.0]",0.0,OK
ADAS_SPD_70KMPH_ACC_GRN_ACTV_NoLColor_70.png,toCheck_100003_00365s_ADAS_SPD_70KMPH_ACC_GRN_ACTV_NoLColor_70.png,326772,Big,0.05,1.59,"[0.0, -0.05, -0.05, 0.34, 0.02, 0.0, 1.59, 0.42, 0.0]",0.0,OK
ACC_GRY_WAIT_NOLCOLOR_SPDINV_GRY_KMPH.png,toCheck_100003_00250s_ACC_GRY_WAIT_NOLCOLOR_SPDINV_GRY_KMPH.png,56763,Big,0.34,0.46,"[0.46, 0.1, 0.0]",0.0,OK
ADAS_TRGT_NODISP_20603_21.png,toCheck_100003_00250s_ADAS_TRGT_NODISP_20603_21.png,204053,Big,0.0,0.0,"[0.0, 0.0, -0.05, -0.05, -0.05, 0.0]",0.0,OK
TXTALT_20603_21_FR.png,toCheck_100003_00250s_TXTALT_20603_21_FR.png,267388,Big,0.0,0.0,"[-0.05, 0.0, 0.0, 0.0, -0.05, 0.0]",0.0,OK
ACC_GRY_ACTV_NOLCOLOR_70KMPH.png,toCheck_100003_00310s_ACC_GRY_ACTV_NOLCOLOR_70KMPH.png,56763,Big,0.51,0.56,"[0.56, 0.15, 0.0]",0.0,OK
ADAS_TRGT_NODISP.png,toCheck_100003_00310s_ADAS_TRGT_NODISP.png,204053,Big,0.0,0.0,"[0.0, 0.0, -0.05, -0.05, -0.05, 0.0]",0.0,OK
ADAS_SPD_70KMPH_ACC_GRY_ACTV_NoLColor_70.png,toCheck_100003_00310s_ADAS_SPD_70KMPH_ACC_GRY_ACTV_NoLColor_70.png,326772,Big,0.05,1.59,"[0.0, -0.05, -0.05, 0.54, 0.02, 0.0, 1.59, 0.42, 0.0]",0.0,OK
ACC_GRY_ACTV_1LGRN_70KMPH.png,toCheck_100004_00315s_ACC_GRY_ACTV_1LGRN_70KMPH.png,56763,Big,0.63,0.51,"[0.51, 0.15, 0.0]",0.0,OK
ADAS_NOTRGT_L1GRN.png,toCheck_100004_00315s_ADAS_NOTRGT_L1GRN.png,204053,Big,0.05,0.02,"[0.0, 0.0, 0.0, 0.02, -0.05, 0.0]",0.0,OK
ACC_GRY_ACTV_2LGRN_70KMPH.png,toCheck_100004_00320s_ACC_GRY_ACTV_2LGRN_70KMPH.png,56763,Big,0.71,0.51,"[0.51, 0.15, 0.0]",0.0,OK
ADAS_NOTRGT_L2GRN.png,toCheck_100004_00320s_ADAS_NOTRGT_L2GRN.png,204053,Big,0.0,0.02,"[0.0, 0.0, 0.0, 0.02, -0.05, 0.0]",0.0,OK
ADAS_SPD_70KMPH_ACC_GRY_ACTV_2LGRN_70.png,toCheck_100004_00320s_ADAS_SPD_70KMPH_ACC_GRY_ACTV_2LGRN_70.png,326772,Big,0.15,0.54,"[0.0, -0.05, -0.05, 0.54, 0.02, 0.0, 0.05, 0.46, 0.0]",0.0,OK
ACC_GRY_ACTV_3LGRN_70KMPH.png,toCheck_100004_00325s_ACC_GRY_ACTV_3LGRN_70KMPH.png,56763,Big,0.88,0.42,"[0.42, 0.15, 0.0]",0.0,OK
ADAS_NOTRGT_L3GRN.png,toCheck_100004_00325s_ADAS_NOTRGT_L3GRN.png,204053,Big,0.0,0.02,"[0.0, 0.02, 0.0, 0.02, -0.05, 0.0]",0.0,OK
ACC_GRY_ACTV_4LGRN_70KMPH.png,toCheck_100004_00330s_ACC_GRY_ACTV_4LGRN_70KMPH.png,56763,Big,0.88,0.66,"[0.66, 0.15, 0.0]",0.0,OK
ADAS_NOTRGT_L4GRN.png,toCheck_100004_00330s_ADAS_NOTRGT_L4GRN.png,204053,Big,0.02,0.02,"[0.0, 0.02, 0.0, 0.02, -0.05, 0.0]",0.0,OK
ACC_GRY_ACTV_NOLCOLOR_70KMPH.png,toCheck_100004_00335s_ACC_GRY_ACTV_NOLCOLOR_70KMPH.png,56763,Big,0.51,0.56,"[0.56, 0.15, 0.0]",0.0,OK
ADAS_TRGT_NODISP.png,toCheck_100004_00335s_ADAS_TRGT_NODISP.png,204053,Big,0.0,0.0,"[0.0, 0.0, -0.05, -0.05, -0.05, 0.0]",0.0,OK
ADAS_LAYOUT.png,toCheck_100004_00230s_ADAS_LAYOUT.png,1376640,Big,0.0,0.02,"[-0.05, 0.02, 0.02, 0.0, 0.0, 0.0, 0.0, 0.0, 0.0, 0.0, 0.0, -0.05, 0.0, 0.0, 0.0, -0.05, 0.0, 0.0, -0.05, 0.0, 0.0, 0.0, 0.0, 0.0, -0.05, 0.0, -0.05, -0.05, 0.0, 0.0, 0.0, -0.05, 0.0, 0.02, 0.0, 0.02]",0.0,OK
ACC_GRY_WAIT_NOLCOLOR_SPDINV_GRY_KMPH.png,toCheck_100004_00250s_ACC_GRY_WAIT_NOLCOLOR_SPDINV_GRY_KMPH.png,56763,Big,0.34,0.46,"[0.46, 0.1, 0.0]",0.0,OK
ADAS_TRGT_NODISP_20603_21.png,toCheck_100004_00250s_ADAS_TRGT_NODISP_20603_21.png,204053,Big,0.0,0.0,"[0.0, 0.0, -0.05, -0.05, -0.05, 0.0]",0.0,OK
TXTALT_20603_21_FR.png,toCheck_100004_00250s_TXTALT_20603_21_FR.png,267388,Big,0.0,0.0,"[-0.05, 0.0, 0.0, 0.0, -0.05, 0.0]",0.0,OK
ACC_GRY_ACTV_NOLCOLOR_70KMPH.png,toCheck_100004_00310s_ACC_GRY_ACTV_NOLCOLOR_70KMPH.png,56763,Big,0.51,0.56,"[0.56, 0.15, 0.0]",0.0,OK
ADAS_TRGT_NODISP.png,toCheck_100004_00310s_ADAS_TRGT_NODISP.png,204053,Big,0.0,0.0,"[0.0, 0.0, -0.05, -0.05, -0.05, 0.0]",0.0,OK
ADAS_SPD_70KMPH_ACC_GRY_ACTV_NoLColor_70.png,toCheck_100004_00310s_ADAS_SPD_70KMPH_ACC_GRY_ACTV_NoLColor_70.png,326772,Big,0.05,1.59,"[0.0, -0.05, -0.05, 0.54, 0.02, 0.0, 1.59, 0.42, 0.0]",0.0,OK
ACC_GRN_ACTV_NOCOLOR_70KMPH.png,toCheck_100005_00315s_ACC_GRN_ACTV_NOCOLOR_70KMPH.png,56763,Big,0.54,0.61,"[0.61, 0.15, 0.0]",0.0,OK
ADAS_TRGT_GRN_FAR_NOLCOLOR.png,toCheck_100005_00315s_ADAS_TRGT_GRN_FAR_NOLCOLOR.png,204053,Big,0.07,0.12,"[0.1, 0.12, -0.05, -0.05, -0.05, 0.0]",0.0,OK
ADAS_SPD_70KMPH_ACC_GRN_ACTV_NoLColor_70.png,toCheck_100005_00315s_ADAS_SPD_70KMPH_ACC_GRN_ACTV_NoLColor_70.png,326772,Big,0.05,1.59,"[0.0, -0.05, -0.05, 0.34, 0.02, 0.0, 1.59, 0.42, 0.0]",0.0,OK
ACC_GRY_ACTV_NOLCOLOR_70KMPH.png,toCheck_100005_00320s_ACC_GRY_ACTV_NOLCOLOR_70KMPH.png,56763,Big,0.51,0.56,"[0.56, 0.15, 0.0]",0.0,OK
ADAS_TRGT_GRY_FAR_NOLCOLOR.png,toCheck_100005_00320s_ADAS_TRGT_GRY_FAR_NOLCOLOR.png,204053,Big,0.0,0.56,"[0.56, 0.1, -0.05, -0.05, -0.05, 0.0]",0.0,OK
ADAS_SPD_70KMPH_ACC_GRY_ACTV_NoLColor_70.png,toCheck_100005_00320s_ADAS_SPD_70KMPH_ACC_GRY_ACTV_NoLColor_70.png,326772,Big,0.05,1.59,"[0.0, -0.05, -0.05, 0.54, 0.02, 0.0, 1.59, 0.42, 0.0]",0.0,OK
ACC_GRY_ACTV_1LGRY_70KMPH.png,toCheck_100005_00325s_ACC_GRY_ACTV_1LGRY_70KMPH.png,56763,Big,0.54,0.51,"[0.51, 0.15, 0.0]",0.0,OK
ADAS_TRGT_GRY_SHORT_L1GRY.png,toCheck_100005_00325s_ADAS_TRGT_GRY_SHORT_L1GRY.png,204053,Big,0.02,0.2,"[0.2, 0.15, 0.0, 0.05, -0.05, 0.0]",0.0,OK
ADAS_SPD_70KMPH_ACC_GRY_ACTV_1LGRY_70.png,toCheck_100005_00325s_ADAS_SPD_70KMPH_ACC_GRY_ACTV_1LGRY_70.png,326772,Big,0.05,1.81,"[0.0, -0.05, -0.05, 0.54, 0.02, 0.0, 1.81, 0.39, 0.0]",0.0,OK
ACC_GRY_ACTV_2LGRY_70KMPH.png,toCheck_100005_00330s_ACC_GRY_ACTV_2LGRY_70KMPH.png,56763,Big,0.54,0.61,"[0.61, 0.15, 0.0]",0.0,OK
ADAS_TRGT_GRY_MID_L2GRY.png,toCheck_100005_00330s_ADAS_TRGT_GRY_MID_L2GRY.png,204053,Big,0.02,0.17,"[0.12, 0.17, -0.05, 0.02, -0.05, 0.0]",0.0,OK
ACC_GRY_ACTV_3LGRY_70KMPH.png,toCheck_100005_00335s_ACC_GRY_ACTV_3LGRY_70KMPH.png,56763,Big,0.51,0.54,"[0.54, 0.15, 0.0]",0.0,OK
ADAS_TRGT_GRY_REG_L3GRY.png,toCheck_100005_00335s_ADAS_TRGT_GRY_REG_L3GRY.png,204053,Big,0.07,0.24,"[0.24, 0.12, -0.05, 0.02, -0.05, 0.0]",0.0,OK
ACC_GRY_ACTV_4LGRY_70KMPH.png,toCheck_100005_00340s_ACC_GRY_ACTV_4LGRY_70KMPH.png,56763,Big,0.51,0.56,"[0.56, 0.15, 0.0]",0.0,OK
ADAS_TRGT_GRY_FAR_L4GRY.png,toCheck_100005_00340s_ADAS_TRGT_GRY_FAR_L4GRY.png,204053,Big,0.0,0.46,"[0.46, 0.07, -0.05, 0.02, -0.05, 0.0]",0.0,OK
ACC_GRY_ACTV_NOLCOLOR_70KMPH.png,toCheck_100005_00345s_ACC_GRY_ACTV_NOLCOLOR_70KMPH.png,56763,Big,0.51,0.56,"[0.56, 0.15, 0.0]",0.0,OK
ADAS_TRGT_NODISP.png,toCheck_100005_00345s_ADAS_TRGT_NODISP.png,204053,Big,0.0,0.0,"[0.0, 0.0, -0.05, -0.05, -0.05, 0.0]",0.0,OK
ACC_GRN_ACTV_NOCOLOR_70KMPH.png,toCheck_100005_00350s_ACC_GRN_ACTV_NOCOLOR_70KMPH.png,56763,Big,0.54,0.61,"[0.61, 0.15, 0.0]",0.0,OK
ADAS_TRGT_GRN_FAR_NOLCOLOR.png,toCheck_100005_00350s_ADAS_TRGT_GRN_FAR_NOLCOLOR.png,204053,Big,0.07,0.12,"[0.1, 0.12, -0.05, -0.05, -0.05, 0.0]",0.0,OK
ADAS_LAYOUT.png,toCheck_100005_00230s_ADAS_LAYOUT.png,1376640,Big,0.0,0.02,"[-0.05, 0.02, 0.02, 0.0, 0.0, 0.0, 0.0, 0.0, 0.0, 0.0, 0.0, -0.05, 0.0, 0.0, 0.0, -0.05, 0.0, 0.0, -0.05, 0.0, 0.0, 0.0, 0.0, 0.0, -0.05, 0.0, -0.05, -0.05, 0.0, 0.0, 0.0, -0.05, 0.0, 0.02, 0.0, 0.02]",0.0,OK
ACC_GRY_WAIT_NOLCOLOR_SPDINV_GRY_KMPH.png,toCheck_100005_00250s_ACC_GRY_WAIT_NOLCOLOR_SPDINV_GRY_KMPH.png,56763,Big,0.34,0.46,"[0.46, 0.1, 0.0]",0.0,OK
ADAS_TRGT_NODISP_20603_21.png,toCheck_100005_00250s_ADAS_TRGT_NODISP_20603_21.png,204053,Big,0.0,0.0,"[0.0, 0.0, -0.05, -0.05, -0.05, 0.0]",0.0,OK
TXTALT_20603_21_FR.png,toCheck_100005_00250s_TXTALT_20603_21_FR.png,267388,Big,0.0,0.0,"[-0.05, 0.0, 0.0, 0.0, -0.05, 0.0]",0.0,OK
ACC_GRY_ACTV_NOLCOLOR_70KMPH.png,toCheck_100005_00310s_ACC_GRY_ACTV_NOLCOLOR_70KMPH.png,56763,Big,0.51,0.56,"[0.56, 0.15, 0.0]",0.0,OK
ADAS_TRGT_NODISP.png,toCheck_100005_00310s_ADAS_TRGT_NODISP.png,204053,Big,0.0,0.0,"[0.0, 0.0, -0.05, -0.05, -0.05, 0.0]",0.0,OK
ADAS_SPD_70KMPH_ACC_GRY_ACTV_NoLColor_70.png,toCheck_100005_00310s_ADAS_SPD_70KMPH_ACC_GRY_ACTV_NoLColor_70.png,326772,Big,0.05,1.59,"[0.0, -0.05, -0.05, 0.54, 0.02, 0.0, 1.59, 0.42, 0.0]",0.0,OK
ACC_GRN_ACTV_NOCOLOR_70KMPH.png,toCheck_100006_00315s_ACC_GRN_ACTV_NOCOLOR_70KMPH.png,56763,Big,0.54,0.61,"[0.61, 0.15, 0.0]",0.0,OK
ADAS_TRGT_GRN_NOLCOLOR.png,toCheck_100006_00315s_ADAS_TRGT_GRN_NOLCOLOR.png,204053,Big,0.07,0.12,"[0.1, 0.12, -0.05, -0.05, -0.05, 0.0]",0.0,OK
ADAS_SPD_70KMPH_ACC_GRN_ACTV_NoLColor_70.png,toCheck_100006_00315s_ADAS_SPD_70KMPH_ACC_GRN_ACTV_NoLColor_70.png,326772,Big,0.05,1.59,"[0.0, -0.05, -0.05, 0.34, 0.02, 0.0, 1.59, 0.42, 0.0]",0.0,OK
ACC_GRN_ACTV_1LGRN_70KMPH.png,toCheck_100006_00320s_ACC_GRN_ACTV_1LGRN_70KMPH.png,56763,Big,0.63,0.73,"[0.73, 0.15, 0.0]",0.0,OK
ADAS_TRGT_GRN_FAR_1LGRN.png,toCheck_100006_00320s_ADAS_TRGT_GRN_FAR_1LGRN.png,204053,Big,0.0,0.12,"[0.1, 0.12, 0.0, 0.02, -0.05, 0.0]",0.0,OK
ACC_GRN_ACTV_2LGRN_70KMPH.png,toCheck_100006_00325s_ACC_GRN_ACTV_2LGRN_70KMPH.png,56763,Big,0.71,0.78,"[0.78, 0.15, 0.0]",0.0,OK
ADAS_TRGT_GRN_FAR_2LGRN.png,toCheck_100006_00325s_ADAS_TRGT_GRN_FAR_2LGRN.png,204053,Big,0.05,0.07,"[0.07, 0.05, 0.0, 0.02, -0.05, 0.0]",0.0,OK
ACC_GRN_ACTV_3LGRN_70KMPH.png,toCheck_100006_00330s_ACC_GRN_ACTV_3LGRN_70KMPH.png,56763,Big,0.88,0.54,"[0.54, 0.15, 0.0]",0.0,OK
ADAS_TRGT_GRN_FAR_3LGRN.png,toCheck_100006_00330s_ADAS_TRGT_GRN_FAR_3LGRN.png,204053,Big,0.0,0.1,"[0.1, 0.07, 0.0, 0.02, -0.05, 0.0]",0.0,OK
ACC_GRN_ACTV_4LGRN_70KMPH.png,toCheck_100006_00335s_ACC_GRN_ACTV_4LGRN_70KMPH.png,56763,Big,0.88,0.56,"[0.56, 0.15, 0.0]",0.0,OK
ADAS_TRGT_GRN_FAR_4LGRN.png,toCheck_100006_00335s_ADAS_TRGT_GRN_FAR_4LGRN.png,204053,Big,0.05,0.07,"[0.07, 0.07, 0.0, 0.02, -0.05, 0.0]",0.0,OK
ADAS_SPD_70KMPH_ACC_GRN_ACTV_4LGRN_70.png,toCheck_100006_00335s_ADAS_SPD_70KMPH_ACC_GRN_ACTV_4LGRN_70.png,326772,Big,0.05,0.46,"[0.0, -0.05, -0.05, 0.39, 0.02, 0.0, 0.07, 0.46, 0.0]",0.0,OK
ACC_GRN_ACTV_NOCOLOR_70KMPH.png,toCheck_100006_00340s_ACC_GRN_ACTV_NOCOLOR_70KMPH.png,56763,Big,0.54,0.61,"[0.61, 0.15, 0.0]",0.0,OK
ADAS_TRGT_GRN_FAR_NOLCOLOR.png,toCheck_100006_00340s_ADAS_TRGT_GRN_FAR_NOLCOLOR.png,204053,Big,0.07,0.12,"[0.1, 0.12, -0.05, -0.05, -0.05, 0.0]",0.0,OK
ADAS_LAYOUT.png,toCheck_100006_00230s_ADAS_LAYOUT.png,1376640,Big,0.0,0.02,"[-0.05, 0.02, 0.02, 0.0, 0.0, 0.0, 0.0, 0.0, 0.0, 0.0, 0.0, -0.05, 0.0, 0.0, 0.0, -0.05, 0.0, 0.0, -0.05, 0.0, 0.0, 0.0, 0.0, 0.0, -0.05, 0.0, -0.05, -0.05, 0.0, 0.0, 0.0, -0.05, 0.0, 0.02, 0.0, 0.02]",0.0,OK
ACC_GRY_WAIT_NOLCOLOR_SPDINV_GRY_KMPH.png,toCheck_100006_00250s_ACC_GRY_WAIT_NOLCOLOR_SPDINV_GRY_KMPH.png,56763,Big,0.34,0.46,"[0.46, 0.1, 0.0]",0.0,OK
ADAS_TRGT_NODISP_20603_21.png,toCheck_100006_00250s_ADAS_TRGT_NODISP_20603_21.png,204053,Big,0.0,0.0,"[0.0, 0.0, -0.05, -0.05, -0.05, 0.0]",0.0,OK
TXTALT_20603_21_FR.png,toCheck_100006_00250s_TXTALT_20603_21_FR.png,267388,Big,0.0,0.0,"[-0.05, 0.0, 0.0, 0.0, -0.05, 0.0]",0.0,OK
ACC_GRY_ACTV_NOLCOLOR_70KMPH.png,toCheck_100006_00310s_ACC_GRY_ACTV_NOLCOLOR_70KMPH.png,56763,Big,0.51,0.56,"[0.56, 0.15, 0.0]",0.0,OK
ADAS_TRGT_NODISP.png,toCheck_100006_00310s_ADAS_TRGT_NODISP.png,204053,Big,0.0,0.0,"[0.0, 0.0, -0.05, -0.05, -0.05, 0.0]",0.0,OK
ADAS_SPD_70KMPH_ACC_GRY_ACTV_NoLColor_70.png,toCheck_100006_00310s_ADAS_SPD_70KMPH_ACC_GRY_ACTV_NoLColor_70.png,326772,Big,0.05,1.59,"[0.0, -0.05, -0.05, 0.54, 0.02, 0.0, 1.59, 0.42, 0.0]",0.0,OK
ADAS_TRGT_GRY_MID_L2GRY.png,toCheck_100007_00315s_ADAS_TRGT_GRY_MID_L2GRY.png,204053,Big,0.02,0.17,"[0.12, 0.17, -0.05, 0.02, -0.05, 0.0]",0.0,OK
ACC_GRY_WAIT_3LGRY_INVKMPH.png,toCheck_100007_00320s_ACC_GRY_WAIT_3LGRY_INVKMPH.png,56763,Big,0.37,0.56,"[0.56, 0.1, 0.0]",0.0,OK
ADAS_TRGT_GRY_REG_L3GRY.png,toCheck_100007_00320s_ADAS_TRGT_GRY_REG_L3GRY.png,204053,Big,0.07,0.24,"[0.24, 0.12, -0.05, 0.02, -0.05, 0.0]",0.0,OK
ACC_GRY_WAIT_4LGRY_INVKMPH.png,toCheck_100007_00325s_ACC_GRY_WAIT_4LGRY_INVKMPH.png,56763,Big,0.37,0.61,"[0.61, 0.1, 0.0]",0.0,OK
ADAS_TRGT_GRY_FAR_L4GRY.png,toCheck_100007_00325s_ADAS_TRGT_GRY_FAR_L4GRY.png,204053,Big,0.0,0.46,"[0.46, 0.07, -0.05, 0.02, -0.05, 0.0]",0.0,OK
ACC_GRY_WAIT_NOLCOLOR_SPDINV_GRY_KMPH.png,toCheck_100007_00330s_ACC_GRY_WAIT_NOLCOLOR_SPDINV_GRY_KMPH.png,56763,Big,0.34,0.46,"[0.46, 0.1, 0.0]",0.0,OK
ADAS_TRGT_NODISP.png,toCheck_100007_00330s_ADAS_TRGT_NODISP.png,204053,Big,0.0,0.0,"[0.0, 0.0, -0.05, -0.05, -0.05, 0.0]",0.0,OK
ADAS_LAYOUT.png,toCheck_100007_00230s_ADAS_LAYOUT.png,1376640,Big,0.0,0.02,"[-0.05, 0.02, 0.02, 0.0, 0.0, 0.0, 0.0, 0.0, 0.0, 0.0, 0.0, -0.05, 0.0, 0.0, 0.0, -0.05, 0.0, 0.0, -0.05, 0.0, 0.0, 0.0, 0.0, 0.0, -0.05, 0.0, -0.05, -0.05, 0.0, 0.0, 0.0, -0.05, 0.0, 0.02, 0.0, 0.02]",0.0,OK
ACC_GRY_WAIT_NOLCOLOR_SPDINV_GRY_KMPH.png,toCheck_100007_00250s_ACC_GRY_WAIT_NOLCOLOR_SPDINV_GRY_KMPH.png,56763,Big,0.34,0.46,"[0.46, 0.1, 0.0]",0.0,OK
ADAS_TRGT_NODISP_20603_21.png,toCheck_100007_00250s_ADAS_TRGT_NODISP_20603_21.png,204053,Big,0.0,0.0,"[0.0, 0.0, -0.05, -0.05, -0.05, 0.0]",0.0,OK
TXTALT_20603_21_FR.png,toCheck_100007_00250s_TXTALT_20603_21_FR.png,267388,Big,0.0,0.0,"[-0.05, 0.0, 0.0, 0.0, -0.05, 0.0]",0.0,OK
ACC_GRY_WAIT_1LGRY_INVKMPH.png,toCheck_100007_00310s_ACC_GRY_WAIT_1LGRY_INVKMPH.png,56763,Big,0.34,0.42,"[0.42, 0.1, 0.0]",0.0,OK
ADAS_TRGT_GRY_SHORT_L1GRY.png,toCheck_100007_00310s_ADAS_TRGT_GRY_SHORT_L1GRY.png,204053,Big,0.02,0.2,"[0.2, 0.15, 0.0, 0.05, -0.05, 0.0]",0.0,OK
ACC_GRY_WAIT_2LGRY_INVKMPH.png,toCheck_100007_00315s_ACC_GRY_WAIT_2LGRY_INVKMPH.png,56763,Big,0.34,0.46,"[0.46, 0.1, 0.0]",0.0,OK
ADAS_SPD_70KMPH_ACC_GRY_ACTV_NoLColor_70.png,toCheck_100008_00488s_ADAS_SPD_70KMPH_ACC_GRY_ACTV_NoLColor_70.png,326772,Big,0.88,8.98,"[0.0, -0.05, 0.0, 0.54, 1.05, 8.98, 1.59, 0.42, 0.0]",0.0,Investigate
ACC_GRY_ACTV_NOLCOLOR_65KMPH.png,toCheck_100008_00493s_ACC_GRY_ACTV_NOLCOLOR_65KMPH.png,56763,Big,0.83,0.56,"[0.56, 0.17, 0.0]",0.0,OK
ADAS_SPD_70KMPH_ACC_GRY_ACTV_NoLColor_65.png,toCheck_100008_00493s_ADAS_SPD_70KMPH_ACC_GRY_ACTV_NoLColor_65.png,326772,Big,0.12,1.68,"[0.0, -0.05, 0.0, 0.61, 0.27, -0.05, 1.68, 0.63, 0.0]",0.0,OK
ADAS_SPD_65KMPH_ACC_GRY_ACTV_NoLColor_75.png,toCheck_100008_00516s_ADAS_SPD_65KMPH_ACC_GRY_ACTV_NoLColor_75.png,326772,Big,-0.05,0.0,"[0.0, 0.0, 0.0, 0.0, 0.0, -0.05, 0.0, 0.0, 0.0]",0.0,OK
ACC_GRY_WAIT_NOCOLOR_SQ75KMPH.png,toCheck_100008_00539s_ACC_GRY_WAIT_NOCOLOR_SQ75KMPH.png,56763,Big,2.42,0.24,"[0.24, 0.15, 0.0]",0.0,OK
ADAS_TRGT_NODISP.png,toCheck_100008_00539s_ADAS_TRGT_NODISP.png,204053,Big,0.0,0.0,"[0.0, 0.0, -0.05, -0.05, -0.05, 0.0]",0.0,OK
ADAS_SPD_75KMPH_ACC_GRY_WAIT_NoLColor_SQ75.png,toCheck_100008_00539s_ADAS_SPD_75KMPH_ACC_GRY_WAIT_NoLColor_SQ75.png,326772,Big,0.0,0.49,"[0.0, 0.02, 0.0, 0.15, 0.05, -0.05, 0.39, 0.49, 0.0]",0.0,OK
ADAS_TRGT_NODISP.png,toCheck_100008_00544s_ADAS_TRGT_NODISP.png,204053,Big,0.0,0.0,"[0.0, 0.0, -0.05, -0.05, -0.05, 0.0]",0.0,OK
ADAS_SPD_75KMPH_ACC_GRY_ACTV_NoLColor_75.png,toCheck_100008_00544s_ADAS_SPD_75KMPH_ACC_GRY_ACTV_NoLColor_75.png,326772,Big,0.0,0.02,"[0.0, 0.02, 0.0, 0.0, 0.0, -0.05, 0.0, 0.0, 0.0]",0.0,OK
ACC_GRY_WAIT_NOCOLOR_SQ75KMPH.png,toCheck_100008_00549s_ACC_GRY_WAIT_NOCOLOR_SQ75KMPH.png,56763,Big,2.42,0.24,"[0.24, 0.15, 0.0]",0.0,OK
ADAS_TRGT_NODISP.png,toCheck_100008_00549s_ADAS_TRGT_NODISP.png,204053,Big,0.0,0.0,"[0.0, 0.0, -0.05, -0.05, -0.05, 0.0]",0.0,OK
ADAS_SPD_75KMPH_ACC_GRY_WAIT_NoLColor_SQ75.png,toCheck_100008_00549s_ADAS_SPD_75KMPH_ACC_GRY_WAIT_NoLColor_SQ75.png,326772,Big,0.0,0.49,"[0.0, 0.02, 0.0, 0.15, 0.05, -0.05, 0.39, 0.49, 0.0]",0.0,OK
ACC_GRY_WAIT_NOCOLOR_SQ80KMPH.png,toCheck_100008_00554s_ACC_GRY_WAIT_NOCOLOR_SQ80KMPH.png,56763,Big,2.39,2.12,"[2.12, 0.37, 0.0]",0.0,OK
ADAS_SPD_75KMPH_ACC_GRY_WAIT_NoLColor_SQ80.png,toCheck_100008_00554s_ADAS_SPD_75KMPH_ACC_GRY_WAIT_NoLColor_SQ80.png,326772,Big,0.29,1.29,"[0.0, 0.02, 0.0, 0.59, 0.15, -0.05, 0.39, 1.29, 0.0]",0.0,OK
ADAS_SPD_75KMPH_ACC_GRY_ACTV_NoLColor_75.png,toCheck_100008_00559s_ADAS_SPD_75KMPH_ACC_GRY_ACTV_NoLColor_75.png,326772,Big,0.0,0.02,"[0.0, 0.02, 0.0, 0.0, 0.0, -0.05, 0.0, 0.0, 0.0]",0.0,OK
ADAS_SPD_77KMPH_ACC_GRY_ACTV_NoLColor_75_BLINK.png,toCheck_100008_00577s_ADAS_SPD_77KMPH_ACC_GRY_ACTV_NoLColor_75_BLINK.png,326772,Big,0.0,0.0,"[0.0, 0.0, 0.0, 0.0, 0.0, -0.05, 0.0, -0.05, 0.0]",0.0,OK
ADAS_SPD_75KMPH_ACC_GRY_ACTV_NoLColor_75.png,toCheck_100008_00582s_ADAS_SPD_75KMPH_ACC_GRY_ACTV_NoLColor_75.png,326772,Big,0.0,0.02,"[0.0, 0.02, 0.0, 0.0, 0.0, -0.05, 0.0, 0.0, 0.0]",0.0,OK
ADAS_OSPZONE1_50_CUR_WHITE_ADAS.png,toCheck_100008_00587s_ADAS_OSPZONE1_50_CUR_WHITE_ADAS.png,90895,Big,0.0,0.02,"[0.0, -0.05, 0.0, 0.0, 0.02, 0.0, -0.05, -0.05, 0.0]",0.0,OK
ACC_GRY_ACTV_NOCOLOR_50KMPH.png,toCheck_100008_00592s_ACC_GRY_ACTV_NOCOLOR_50KMPH.png,56763,Big,0.76,0.68,"[0.68, 0.12, 0.0]",0.0,OK
ADAS_SPD_77KMPH_ACC_GRY_ACTV_NoLColor_50.png,toCheck_100008_00592s_ADAS_SPD_77KMPH_ACC_GRY_ACTV_NoLColor_50.png,326772,Big,0.2,1.61,"[0.0, 0.02, -0.05, 0.76, 0.1, -0.05, 1.61, 0.44, 0.0]",0.0,OK
ADAS_OSPZONE1_50_CUR_GREEN_ADAS.png,toCheck_100008_00592s_ADAS_OSPZONE1_50_CUR_GREEN_ADAS.png,90895,Big,0.0,0.02,"[0.0, 0.0, 0.0, 0.02, -0.05, 0.0, -0.05, -0.05, 0.0]",0.0,OK
ADAS_OSPZONE1_50.png,toCheck_100008_00646s_ADAS_OSPZONE1_50.png,90895,Big,0.0,0.02,"[0.02, 0.02, 0.0, -0.05, -0.05, 0.0, -0.05, -0.05, 0.0]",0.0,OK
ADAS_LAYOUT.png,toCheck_100008_00400s_ADAS_LAYOUT.png,1376640,Big,0.0,0.02,"[-0.05, 0.02, 0.02, 0.0, 0.0, 0.0, 0.0, 0.0, 0.0, 0.0, 0.0, -0.05, 0.0, 0.0, 0.0, -0.05, 0.0, 0.0, -0.05, 0.0, 0.0, 0.0, 0.0, 0.0, -0.05, 0.0, -0.05, -0.05, 0.0, 0.0, 0.0, -0.05, 0.0, 0.02, 0.0, 0.02]",0.0,OK
ADAS_OSPZONE1_80_ADAS.png,toCheck_100008_00423s_ADAS_OSPZONE1_80_ADAS.png,90895,Big,-0.05,0.02,"[-0.05, 0.02, 0.0, 0.0, -0.05, 0.0, -0.05, -0.05, 0.0]",0.0,OK
ACC_GRY_WAIT_NOLCOLOR_SPDINV_GRY_KMPH.png,toCheck_100008_00428s_ACC_GRY_WAIT_NOLCOLOR_SPDINV_GRY_KMPH.png,56763,Big,0.34,0.46,"[0.46, 0.1, 0.0]",0.0,OK
ADAS_TRGT_NODISP_20603_21.png,toCheck_100008_00428s_ADAS_TRGT_NODISP_20603_21.png,204053,Big,0.0,0.0,"[0.0, 0.0, -0.05, -0.05, -0.05, 0.0]",0.0,OK
TXTALT_20603_21_FR.png,toCheck_100008_00428s_TXTALT_20603_21_FR.png,267388,Big,0.0,0.0,"[-0.05, 0.0, 0.0, 0.0, -0.05, 0.0]",0.0,OK
ACC_GRY_ACTV_NOLCOLOR_70KMPH.png,toCheck_100008_00488s_ACC_GRY_ACTV_NOLCOLOR_70KMPH.png,56763,Big,0.51,0.56,"[0.56, 0.15, 0.0]",0.0,OK
ADAS_TRGT_NODISP.png,toCheck_100008_00488s_ADAS_TRGT_NODISP.png,204053,Big,0.0,0.0,"[0.0, 0.0, -0.05, -0.05, -0.05, 0.0]",0.0,OK
ACC_GRY_ACTV_NOLCOLOR_70KMPH_ON_DIVERSITY.png,toCheck_100009_00496s_ACC_GRY_ACTV_NOLCOLOR_70KMPH_ON_DIVERSITY.png,56763,Big,0.34,0.76,"[0.76, 0.17, 0.0]",0.0,OK
ACC_GRY_ACTV_NOLCOLOR_70KMPH_OFF_DIVERSITY.png,toCheck_100009_00501s_ACC_GRY_ACTV_NOLCOLOR_70KMPH_OFF_DIVERSITY.png,56763,Big,0.32,0.76,"[0.76, 0.0, 0.0]",0.0,OK
ACC_GRY_NoLColor_SPD_GRN_70KMPH_DIVERSITY.png,toCheck_100009_00511s_ACC_GRY_NoLColor_SPD_GRN_70KMPH_DIVERSITY.png,56763,Big,0.29,0.76,"[0.76, 0.15, 0.0]",0.0,OK
ACC_GRN_ACTV_4LGRN_70KMPH_DIVERSITY.png,toCheck_100009_00516s_ACC_GRN_ACTV_4LGRN_70KMPH_DIVERSITY.png,56763,Big,0.59,1.17,"[1.17, 0.15, 0.0]",0.0,OK
ADAS_TRGT_GRN_FAR_4LGRN.png,toCheck_100009_00516s_ADAS_TRGT_GRN_FAR_4LGRN.png,204053,Big,0.05,0.07,"[0.07, 0.07, 0.0, 0.02, -0.05, 0.0]",0.0,OK
ACC_GRY_ACTV_4LGRY_70KMPH_DIVERSITY.png,toCheck_100009_00521s_ACC_GRY_ACTV_4LGRY_70KMPH_DIVERSITY.png,56763,Big,0.32,0.78,"[0.78, 0.15, 0.0]",0.0,OK
ADAS_TRGT_GRY_FAR_L4GRY.png,toCheck_100009_00521s_ADAS_TRGT_GRY_FAR_L4GRY.png,204053,Big,0.0,0.46,"[0.46, 0.07, -0.05, 0.02, -0.05, 0.0]",0.0,OK
ACC_GRN_ACTV_4LGRN_70KMPH_DIVERSITY.png,toCheck_100009_00526s_ACC_GRN_ACTV_4LGRN_70KMPH_DIVERSITY.png,56763,Big,0.59,1.17,"[1.17, 0.15, 0.0]",0.0,OK
ADAS_TRGT_GRN_FAR_4LGRN.png,toCheck_100009_00526s_ADAS_TRGT_GRN_FAR_4LGRN.png,204053,Big,0.05,0.07,"[0.07, 0.07, 0.0, 0.02, -0.05, 0.0]",0.0,OK
ACC_GRN_ACTV_3LGRN_70KMPH_DIVERSITY.png,toCheck_100009_00531s_ACC_GRN_ACTV_3LGRN_70KMPH_DIVERSITY.png,56763,Big,0.59,1.05,"[1.05, 0.15, 0.0]",0.0,OK
ADAS_TRGT_GRN_REG_3LGRN.png,toCheck_100009_00531s_ADAS_TRGT_GRN_REG_3LGRN.png,204053,Big,0.05,0.22,"[0.22, 0.1, 0.0, 0.02, -0.05, 0.0]",0.0,OK
ACC_YEL_ACTV_2LYEL_70KMPH_DIVERSITY.png,toCheck_100009_00536s_ACC_YEL_ACTV_2LYEL_70KMPH_DIVERSITY.png,56763,Big,0.68,0.46,"[0.46, 0.15, 0.0]",0.0,OK
ADAS_TRGT_YEL_SHT_L2GRN.png,toCheck_100009_00536s_ADAS_TRGT_YEL_SHT_L2GRN.png,204053,Big,0.0,0.12,"[0.05, 0.12, 0.02, 0.02, -0.05, 0.0]",0.0,OK
ACC_YEL_ACTV_2LYEL_70KMPH_DIVERSITY.png,toCheck_100009_00541s_ACC_YEL_ACTV_2LYEL_70KMPH_DIVERSITY.png,56763,Big,0.68,0.46,"[0.46, 0.15, 0.0]",0.0,OK
ADAS_TRGT_YEL_SHT_L2GRN.png,toCheck_100009_00541s_ADAS_TRGT_YEL_SHT_L2GRN.png,204053,Big,0.0,0.12,"[0.05, 0.12, 0.02, 0.02, -0.05, 0.0]",0.0,OK
ACC_RED_ACTV_1LRED_70KMPH_DIVERSITY.png,toCheck_100009_00546s_ACC_RED_ACTV_1LRED_70KMPH_DIVERSITY.png,56763,Big,0.27,0.85,"[0.85, 0.15, 0.0]",0.0,OK
AEB_ALTRED_50401_2.png,toCheck_100009_00546s_AEB_ALTRED_50401_2.png,204053,Big,0.0,0.02,"[0.02, 0.02, 0.0, 0.0, -0.05, 0.0]",0.0,OK
ACC_GRY_NoLColor_SPD_GRN_70KMPH_DIVERSITY.png,toCheck_100009_00551s_ACC_GRY_NoLColor_SPD_GRN_70KMPH_DIVERSITY.png,56763,Big,0.29,0.76,"[0.76, 0.15, 0.0]",0.0,OK
ADAS_LAYOUT.png,toCheck_100009_00400s_ADAS_LAYOUT.png,1376640,Big,0.0,0.02,"[-0.05, 0.02, 0.02, 0.0, 0.0, 0.0, 0.0, 0.0, 0.0, 0.0, 0.0, -0.05, 0.0, 0.0, 0.0, -0.05, 0.0, 0.0, -0.05, 0.0, 0.0, 0.0, 0.0, 0.0, -0.05, 0.0, -0.05, -0.05, 0.0, 0.0, 0.0, -0.05, 0.0, 0.02, 0.0, 0.02]",0.0,OK
ADAS_OSPZONE1_80_ADAS.png,toCheck_100009_00423s_ADAS_OSPZONE1_80_ADAS.png,90895,Big,-0.05,0.02,"[-0.05, 0.02, 0.0, 0.0, -0.05, 0.0, -0.05, -0.05, 0.0]",0.0,OK
ACC_GRY_WAIT_NOCOLOR_INVKMPH_DIVERSITY.png,toCheck_100009_00428s_ACC_GRY_WAIT_NOCOLOR_INVKMPH_DIVERSITY.png,56763,Big,0.71,0.46,"[0.46, 0.1, 0.0]",0.0,OK
TRGT_NoDisp_ADAS_20603_21_DIVERSITY.png,toCheck_100009_00428s_TRGT_NoDisp_ADAS_20603_21_DIVERSITY.png,204053,Big,0.0,0.0,"[0.0, 0.0, -0.05, -0.05, -0.05, 0.0]",0.0,OK
TXTALT_20603_21_FR_DIVERSITY.png,toCheck_100009_00428s_TXTALT_20603_21_FR_DIVERSITY.png,267388,Big,0.0,0.0,"[-0.05, 0.0, 0.0, 0.0, -0.05, 0.0]",0.0,OK
ACC_GRY_NoLColor_SPD_GRN_70KMPH_DIVERSITY.png,toCheck_100009_00488s_ACC_GRY_NoLColor_SPD_GRN_70KMPH_DIVERSITY.png,56763,Big,0.29,0.76,"[0.76, 0.15, 0.0]",0.0,OK
ADAS_TRGT_NODISP.png,toCheck_100009_00488s_ADAS_TRGT_NODISP.png,204053,Big,0.0,0.0,"[0.0, 0.0, -0.05, -0.05, -0.05, 0.0]",0.0,OK
ACC_GRY_WAIT_NOLCOLOR_SPDINV_GRY_KMPH.png,toCheck_100010_00338s_ACC_GRY_WAIT_NOLCOLOR_SPDINV_GRY_KMPH.png,56763,Big,0.34,0.46,"[0.46, 0.1, 0.0]",0.0,OK
TXTALT_20603_9_FR.png,toCheck_100010_00338s_TXTALT_20603_9_FR.png,267388,Big,-0.05,0.02,"[0.0, -0.05, -0.05, -0.05, -0.05, 0.02]",0.0,OK
NO_ALERT_ADAS.png,toCheck_100010_00343s_NO_ALERT_ADAS.png,267388,Big,-0.05,0.02,"[0.02, -0.05, -0.05, 0.0, 0.0, 0.0]",0.0,OK
ACC_GRY_WAIT_NOLCOLOR_SPDINV_GRY_KMPH.png,toCheck_100010_00363s_ACC_GRY_WAIT_NOLCOLOR_SPDINV_GRY_KMPH.png,56763,Big,0.34,0.46,"[0.46, 0.1, 0.0]",0.0,OK
TXTALT_20603_27_FR.png,toCheck_100010_00363s_TXTALT_20603_27_FR.png,267388,Big,-0.05,0.0,"[-0.05, -0.05, 0.0, 0.0, -0.05, 0.0]",0.0,OK
NO_ALERT_ADAS.png,toCheck_100010_00380s_NO_ALERT_ADAS.png,267388,Big,-0.05,0.02,"[0.02, -0.05, -0.05, 0.0, 0.0, 0.0]",0.0,OK
ACC_GRY_WAIT_NOLCOLOR_SPDINV_GRY_KMPH.png,toCheck_100010_00385s_ACC_GRY_WAIT_NOLCOLOR_SPDINV_GRY_KMPH.png,56763,Big,0.34,0.46,"[0.46, 0.1, 0.0]",0.0,OK
TXTALT_20603_27_FR.png,toCheck_100010_00385s_TXTALT_20603_27_FR.png,267388,Big,-0.05,0.0,"[-0.05, -0.05, 0.0, 0.0, -0.05, 0.0]",0.0,OK
NO_ALERT_ADAS.png,toCheck_100010_00390s_NO_ALERT_ADAS.png,267388,Big,-0.05,0.02,"[0.02, -0.05, -0.05, 0.0, 0.0, 0.0]",0.0,OK
ACC_GRY_WAIT_NOLCOLOR_SPDINV_GRY_KMPH.png,toCheck_100010_00395s_ACC_GRY_WAIT_NOLCOLOR_SPDINV_GRY_KMPH.png,56763,Big,0.34,0.46,"[0.46, 0.1, 0.0]",0.0,OK
TXTALT_20603_29_FR.png,toCheck_100010_00395s_TXTALT_20603_29_FR.png,267388,Big,-0.05,0.02,"[0.0, -0.05, 0.02, 0.0, 0.0, 0.0]",0.0,OK
NO_ALERT_ADAS.png,toCheck_100010_00413s_NO_ALERT_ADAS.png,267388,Big,-0.05,0.02,"[0.02, -0.05, -0.05, 0.0, 0.0, 0.0]",0.0,OK
ACC_GRY_WAIT_NOLCOLOR_SPDINV_GRY_KMPH.png,toCheck_100010_00418s_ACC_GRY_WAIT_NOLCOLOR_SPDINV_GRY_KMPH.png,56763,Big,0.34,0.46,"[0.46, 0.1, 0.0]",0.0,OK
TXTALT_20603_28_FR.png,toCheck_100010_00418s_TXTALT_20603_28_FR.png,267388,Big,-0.05,0.02,"[0.0, -0.05, 0.02, 0.0, 0.02, 0.0]",0.0,OK
NO_ALERT_ADAS.png,toCheck_100010_00435s_NO_ALERT_ADAS.png,267388,Big,-0.05,0.02,"[0.02, -0.05, -0.05, 0.0, 0.0, 0.0]",0.0,OK
ACC_GRY_WAIT_NOLCOLOR_SPDINV_GRY_KMPH.png,toCheck_100010_00440s_ACC_GRY_WAIT_NOLCOLOR_SPDINV_GRY_KMPH.png,56763,Big,0.34,0.46,"[0.46, 0.1, 0.0]",0.0,OK
TXTALT_20603_35_FR.png,toCheck_100010_00440s_TXTALT_20603_35_FR.png,267388,Big,0.0,0.0,"[-0.05, -0.05, 0.0, -0.05, -0.05, 0.0]",0.0,OK
NO_ALERT_ADAS.png,toCheck_100010_00458s_NO_ALERT_ADAS.png,267388,Big,-0.05,0.02,"[0.02, -0.05, -0.05, 0.0, 0.0, 0.0]",0.0,OK
ACC_GRY_WAIT_NOLCOLOR_SPDINV_GRY_KMPH.png,toCheck_100010_00463s_ACC_GRY_WAIT_NOLCOLOR_SPDINV_GRY_KMPH.png,56763,Big,0.34,0.46,"[0.46, 0.1, 0.0]",0.0,OK
NO_ALERT_ADAS.png,toCheck_100010_00480s_NO_ALERT_ADAS.png,267388,Big,2.08,3.91,"[0.02, 3.91, 1.59, 0.0, 3.91, 1.56]",0.0,Investigate
ADAS_LAYOUT.png,toCheck_100010_00230s_ADAS_LAYOUT.png,1376640,Big,0.0,0.02,"[-0.05, 0.02, 0.02, 0.0, 0.0, 0.0, 0.0, 0.0, 0.0, 0.0, 0.0, -0.05, 0.0, 0.0, 0.0, -0.05, 0.0, 0.0, -0.05, 0.0, 0.0, 0.0, 0.0, 0.0, -0.05, 0.0, -0.05, -0.05, 0.0, 0.0, 0.0, -0.05, 0.0, 0.02, 0.0, 0.02]",0.0,OK
ACC_GRY_WAIT_NOLCOLOR_SPDINV_GRY_KMPH.png,toCheck_100010_00250s_ACC_GRY_WAIT_NOLCOLOR_SPDINV_GRY_KMPH.png,56763,Big,0.34,0.46,"[0.46, 0.1, 0.0]",0.0,OK
ADAS_TRGT_NODISP_20603_21.png,toCheck_100010_00250s_ADAS_TRGT_NODISP_20603_21.png,204053,Big,0.0,0.0,"[0.0, 0.0, -0.05, -0.05, -0.05, 0.0]",0.0,OK
TXTALT_20603_21_FR.png,toCheck_100010_00250s_TXTALT_20603_21_FR.png,267388,Big,0.0,0.0,"[-0.05, 0.0, 0.0, 0.0, -0.05, 0.0]",0.0,OK
ACC_GRY_WAIT_NOLCOLOR_SPDINV_GRY_KMPH.png,toCheck_100010_00315s_ACC_GRY_WAIT_NOLCOLOR_SPDINV_GRY_KMPH.png,56763,Big,0.34,0.46,"[0.46, 0.1, 0.0]",0.0,OK
TXTALT_20603_9_FR.png,toCheck_100010_00315s_TXTALT_20603_9_FR.png,267388,Big,-0.05,0.02,"[0.0, -0.05, -0.05, -0.05, -0.05, 0.02]",0.0,OK
NO_ALERT_ADAS.png,toCheck_100010_00333s_NO_ALERT_ADAS.png,267388,Big,-0.05,0.02,"[0.02, -0.05, -0.05, 0.0, 0.0, 0.0]",0.0,OK
ACC_GRY_ACTV_NOLCOLOR_INVKMPH.png,toCheck_100011_00330s_ACC_GRY_ACTV_NOLCOLOR_INVKMPH.png,56763,Big,0.59,0.39,"[0.39, 0.05, 0.0]",0.0,OK
ADAS_TRGT_NODISP.png,toCheck_100011_00330s_ADAS_TRGT_NODISP.png,204053,Big,0.0,0.0,"[0.0, 0.0, -0.05, -0.05, -0.05, 0.0]",0.0,OK
ACC_GRY_ACTV_NOLCOLOR_INVKMPH_ON.png,toCheck_100011_00335s_ACC_GRY_ACTV_NOLCOLOR_INVKMPH_ON.png,56763,Big,3.08,2.49,"[0.39, 2.49, 0.0]",0.0,Investigate
ACC_GRY_ACTV_NOLCOLOR_INVKMPH_OFF.png,toCheck_100011_00340s_ACC_GRY_ACTV_NOLCOLOR_INVKMPH_OFF.png,56763,Big,1.76,2.64,"[0.39, 2.64, 0.0]",0.0,OK
ADAS_SPD_73KMPH_ACC_GRY_ACTV_NoLColor_INV_BLINK.png,toCheck_100011_00345s_ADAS_SPD_73KMPH_ACC_GRY_ACTV_NoLColor_INV_BLINK.png,326772,Big,0.1,0.71,"[0.0, 0.0, -0.05, 0.44, 0.56, 0.0, 0.71, 0.71, 0.0]",0.0,OK
ACC_GRY_ACTV_NOLCOLOR_INVKMPH.png,toCheck_100011_00350s_ACC_GRY_ACTV_NOLCOLOR_INVKMPH.png,56763,Big,0.59,0.39,"[0.39, 0.05, 0.0]",0.0,OK
ACC_GRY_WAIT_NOCOLOR_SQINVKMPH.png,toCheck_100011_00355s_ACC_GRY_WAIT_NOCOLOR_SQINVKMPH.png,56763,Big,0.88,2.03,"[2.03, 0.2, 0.0]",0.0,OK
ACC_GRY_WAIT_NOCOLOR_INVKMPH_ON.png,toCheck_100011_00360s_ACC_GRY_WAIT_NOCOLOR_INVKMPH_ON.png,56763,Big,3.1,2.49,"[0.46, 2.49, 0.0]",0.0,Investigate
ACC_GRY_WAIT_NOCOLOR_INVKMPH_OFF.png,toCheck_100011_00365s_ACC_GRY_WAIT_NOCOLOR_INVKMPH_OFF.png,56763,Big,2.69,2.64,"[0.46, 2.64, 0.0]",0.0,OK
ADAS_SPD_73KMPH_ACC_GRY_WAIT_NoLColor_INV_BLINK.png,toCheck_100011_00370s_ADAS_SPD_73KMPH_ACC_GRY_WAIT_NoLColor_INV_BLINK.png,326772,Big,0.32,3.08,"[0.0, 0.0, -0.05, 0.68, 0.37, 0.0, 0.34, 3.08, 0.0]",0.0,Investigate
ACC_GRY_WAIT_NOCOLOR_70KMPH_ON.png,toCheck_100011_00375s_ACC_GRY_WAIT_NOCOLOR_70KMPH_ON.png,56763,Big,0.24,0.78,"[0.78, 0.17, 0.0]",0.0,OK
ACC_GRY_WAIT_NOCOLOR_70KMPH_OFF.png,toCheck_100011_00380s_ACC_GRY_WAIT_NOCOLOR_70KMPH_OFF.png,56763,Big,0.22,0.78,"[0.78, 0.0, 0.0]",0.0,OK
ADAS_SPD_73KMPH_ACC_GRY_WAIT_NoLColor_70_BLINK.png,toCheck_100011_00385s_ADAS_SPD_73KMPH_ACC_GRY_WAIT_NoLColor_70_BLINK.png,326772,Big,0.07,1.34,"[0.0, 0.0, -0.05, 1.34, 0.05, 0.0, 0.05, 0.39, 0.0]",0.0,OK
ACC_GRY_WAIT_NOLCOLOR_SQ70_GRY_KMPH.png,toCheck_100011_00390s_ACC_GRY_WAIT_NOLCOLOR_SQ70_GRY_KMPH.png,56763,Big,2.15,0.66,"[0.66, 0.37, 0.0]",0.0,OK
ADAS_SPD_70KMPH_ACC_GRY_WAIT_NoLColor_SQ70.png,toCheck_100011_00390s_ADAS_SPD_70KMPH_ACC_GRY_WAIT_NoLColor_SQ70.png,326772,Big,0.12,1.37,"[0.0, -0.05, -0.05, 1.37, 0.24, 0.0, 0.24, 0.42, 0.0]",0.0,OK
ADAS_TRGT_NODISP.png,toCheck_100011_00390s_ADAS_TRGT_NODISP.png,204053,Big,0.0,0.0,"[0.0, 0.0, -0.05, -0.05, -0.05, 0.0]",0.0,OK
ADAS_LAYOUT.png,toCheck_100011_00230s_ADAS_LAYOUT.png,1376640,Big,0.0,0.02,"[-0.05, 0.02, 0.02, 0.0, 0.0, 0.0, 0.0, 0.0, 0.0, 0.0, 0.0, -0.05, 0.0, 0.0, 0.0, -0.05, 0.0, 0.0, -0.05, 0.0, 0.0, 0.0, 0.0, 0.0, -0.05, 0.0, -0.05, -0.05, 0.0, 0.0, 0.0, -0.05, 0.0, 0.02, 0.0, 0.02]",0.0,OK
ACC_GRY_WAIT_NOLCOLOR_SPDINV_GRY_KMPH.png,toCheck_100011_00250s_ACC_GRY_WAIT_NOLCOLOR_SPDINV_GRY_KMPH.png,56763,Big,0.34,0.46,"[0.46, 0.1, 0.0]",0.0,OK
ADAS_TRGT_NODISP_20603_21.png,toCheck_100011_00250s_ADAS_TRGT_NODISP_20603_21.png,204053,Big,0.0,0.0,"[0.0, 0.0, -0.05, -0.05, -0.05, 0.0]",0.0,OK
TXTALT_20603_21_FR.png,toCheck_100011_00250s_TXTALT_20603_21_FR.png,267388,Big,0.0,0.0,"[-0.05, 0.0, 0.0, 0.0, -0.05, 0.0]",0.0,OK
ACC_GRY_WAIT_NOCOLOR_INVKMPH_ON.png,toCheck_100011_00255s_ACC_GRY_WAIT_NOCOLOR_INVKMPH_ON.png,56763,Big,3.1,2.49,"[0.46, 2.49, 0.0]",0.0,Investigate
ACC_GRY_WAIT_NOCOLOR_INVKMPH_OFF.png,toCheck_100011_00260s_ACC_GRY_WAIT_NOCOLOR_INVKMPH_OFF.png,56763,Big,2.69,2.64,"[0.46, 2.64, 0.0]",0.0,OK
ACC_GRY_WAIT_NOLCOLOR_SPDINV_GRY_KMPH.png,toCheck_100011_00270s_ACC_GRY_WAIT_NOLCOLOR_SPDINV_GRY_KMPH.png,56763,Big,0.34,0.46,"[0.46, 0.1, 0.0]",0.0,OK
ADAS_TRGT__NODISP_WOCP.png,toCheck_100012_00336s_ADAS_TRGT__NODISP_WOCP.png,204053,Big,0.0,0.0,"[0.0, 0.0, -0.05, -0.05, -0.05, 0.0]",0.0,OK
ADAS_TRGT__NODISP_WOCP.png,toCheck_100012_00396s_ADAS_TRGT__NODISP_WOCP.png,204053,Big,0.0,0.0,"[0.0, 0.0, -0.05, -0.05, -0.05, 0.0]",0.0,OK
ADAS_NOTRGT_L1GRN_WOCP.png,toCheck_100012_00401s_ADAS_NOTRGT_L1GRN_WOCP.png,204053,Big,0.05,0.02,"[0.0, 0.0, 0.0, 0.02, -0.05, 0.0]",0.0,OK
ADAS_LAYOUT.png,toCheck_100012_00230s_ADAS_LAYOUT.png,1376640,Big,0.0,0.02,"[-0.05, 0.02, 0.02, 0.0, 0.0, 0.0, 0.0, 0.0, 0.0, 0.0, 0.0, -0.05, 0.0, 0.0, 0.0, -0.05, 0.0, 0.0, -0.05, 0.0, 0.0, 0.0, 0.0, 0.0, -0.05, 0.0, -0.05, -0.05, 0.0, 0.0, 0.0, -0.05, 0.0, 0.02, 0.0, 0.02]",0.0,OK
ACC_GRY_WAIT_NOCOLOR_INVKMPH_WOCP.png,toCheck_100012_00253s_ACC_GRY_WAIT_NOCOLOR_INVKMPH_WOCP.png,56763,Big,0.34,0.46,"[0.46, 0.1, 0.0]",0.0,OK
ADAS_TRGT_NODISP_20603_21_WOCP.png,toCheck_100012_00253s_ADAS_TRGT_NODISP_20603_21_WOCP.png,204053,Big,0.0,0.0,"[0.0, 0.0, -0.05, -0.05, -0.05, 0.0]",0.0,OK
TXTALT_20603_21_FR_WOCP.png,toCheck_100012_00253s_TXTALT_20603_21_FR_WOCP.png,267388,Big,0.0,0.0,"[-0.05, 0.0, 0.0, 0.0, -0.05, 0.0]",0.0,OK
ACC_GRY_ACTV_NOLCOLOR_70KMPH_WOCP.png,toCheck_100012_00313s_ACC_GRY_ACTV_NOLCOLOR_70KMPH_WOCP.png,56763,Big,0.51,0.56,"[0.56, 0.15, 0.0]",0.0,OK
ADAS_TRGT__NODISP_WOCP.png,toCheck_100012_00313s_ADAS_TRGT__NODISP_WOCP.png,204053,Big,0.0,0.0,"[0.0, 0.0, -0.05, -0.05, -0.05, 0.0]",0.0,OK
ACC_GRY_WAIT_NOCOLOR_SQ70KMPH_WOCP.png,toCheck_100012_00336s_ACC_GRY_WAIT_NOCOLOR_SQ70KMPH_WOCP.png,56763,Big,2.15,0.66,"[0.66, 0.37, 0.0]",0.0,OK
NO_ALERT_ADAS.png,toCheck_100013_00280s_NO_ALERT_ADAS.png,267388,Big,-0.05,0.02,"[0.02, -0.05, -0.05, 0.0, 0.0, 0.0]",0.0,OK
AEB_ALTRED_50401_2.png,toCheck_100013_00285s_AEB_ALTRED_50401_2.png,204053,Big,0.0,0.02,"[0.02, 0.02, 0.0, 0.0, -0.05, 0.0]",0.0,OK
ADAS_TXTALT_50405_1_FR.png,toCheck_100013_00285s_ADAS_TXTALT_50405_1_FR.png,267388,Big,0.0,0.0,"[0.0, -0.05, 0.0, 0.0, -0.05, -0.05]",0.0,OK
TLT_STOP_OFF.png,toCheck_100013_00285s_TLT_STOP_OFF.png,22176,Big,0.24,0.51,"[0.44, 0.22, 0.27, 0.0, 0.44, 0.17, 0.51, 0.0]",0.0,OK
TLT_SERV_OFF.png,toCheck_100013_00285s_TLT_SERV_OFF.png,30736,Big,0.24,1.22,"[0.46, 1.22, 0.54, 0.46, 0.17, 0.22, 0.66, 0.49, 0.0, 0.0, 0.0, 0.0]",0.0,OK
NO_ALERT_ADAS.png,toCheck_100013_00310s_NO_ALERT_ADAS.png,267388,Big,-0.05,0.02,"[0.02, -0.05, -0.05, 0.0, 0.0, 0.0]",0.0,OK
AEB_DANGER_RDSIGN_YEL.png,toCheck_100013_00315s_AEB_DANGER_RDSIGN_YEL.png,204053,Big,0.0,0.05,"[0.05, 0.02, 0.0, 0.02, -0.05, 0.0]",0.0,OK
ADAS_TXTALT_10925_11_FR.png,toCheck_100013_00315s_ADAS_TXTALT_10925_11_FR.png,267388,Big,-0.05,0.02,"[0.0, -0.05, 0.02, 0.0, 0.0, 0.02]",0.0,OK
AEB_ALTRED_50401_2.png,toCheck_100013_00340s_AEB_ALTRED_50401_2.png,204053,Big,0.0,0.02,"[0.02, 0.02, 0.0, 0.0, -0.05, 0.0]",0.0,OK
ADAS_TXTALT_20618_5_FR.png,toCheck_100013_00340s_ADAS_TXTALT_20618_5_FR.png,267388,Big,0.0,0.0,"[0.0, -0.05, 0.0, 0.0, -0.05, -0.05]",0.0,OK
TLT_STOP_OFF.png,toCheck_100013_00340s_TLT_STOP_OFF.png,22176,Big,0.24,0.51,"[0.44, 0.22, 0.27, 0.0, 0.44, 0.17, 0.51, 0.0]",0.0,OK
TLT_SERV_OFF.png,toCheck_100013_00340s_TLT_SERV_OFF.png,30736,Big,0.24,1.22,"[0.46, 1.22, 0.54, 0.46, 0.17, 0.22, 0.66, 0.49, 0.0, 0.0, 0.0, 0.0]",0.0,OK
AEB_DANGER_RDSIGN_YEL.png,toCheck_100013_00365s_AEB_DANGER_RDSIGN_YEL.png,204053,Big,0.0,0.05,"[0.05, 0.02, 0.0, 0.02, -0.05, 0.0]",0.0,OK
ADAS_TXTALT_10925_14_FR.png,toCheck_100013_00365s_ADAS_TXTALT_10925_14_FR.png,267388,Big,0.0,0.02,"[0.0, -0.05, 0.0, 0.0, 0.02, 0.0]",0.0,OK
NO_ALERT_ADAS.png,toCheck_100013_00375s_NO_ALERT_ADAS.png,267388,Big,-0.05,0.02,"[0.02, -0.05, -0.05, 0.0, 0.0, 0.0]",0.0,OK
ADAS_LAYOUT.png,toCheck_100013_00230s_ADAS_LAYOUT.png,1376640,Big,0.0,0.02,"[-0.05, 0.02, 0.02, 0.0, 0.0, 0.0, 0.0, 0.0, 0.0, 0.0, 0.0, -0.05, 0.0, 0.0, 0.0, -0.05, 0.0, 0.0, -0.05, 0.0, 0.0, 0.0, 0.0, 0.0, -0.05, 0.0, -0.05, -0.05, 0.0, 0.0, 0.0, -0.05, 0.0, 0.02, 0.0, 0.02]",0.0,OK
AEB_ALTRED_50401_2.png,toCheck_100013_00255s_AEB_ALTRED_50401_2.png,204053,Big,0.0,0.02,"[0.02, 0.02, 0.0, 0.0, -0.05, 0.0]",0.0,OK
ADAS_TXTALT_50401_2_FR.png,toCheck_100013_00255s_ADAS_TXTALT_50401_2_FR.png,267388,Big,0.0,0.0,"[0.0, -0.05, 0.0, 0.0, -0.05, -0.05]",0.0,OK
TLT_STOP_OFF.png,toCheck_100013_00255s_TLT_STOP_OFF.png,22176,Big,0.24,0.51,"[0.44, 0.22, 0.27, 0.0, 0.44, 0.17, 0.51, 0.0]",0.0,OK
TLT_SERV_OFF.png,toCheck_100013_00255s_TLT_SERV_OFF.png,30736,Big,0.24,1.22,"[0.46, 1.22, 0.54, 0.46, 0.17, 0.22, 0.66, 0.49, 0.0, 0.0, 0.0, 0.0]",0.0,OK
SL_GRY_INV.png,toCheck_100014_00241s_SL_GRY_INV.png,38076,Big,0.32,0.39,"[0.39, 0.37, 0.0]",0.0,OK
CC_GRY_INV_KMPH.png,toCheck_100014_00246s_CC_GRY_INV_KMPH.png,38076,Big,0.27,0.51,"[0.27, 0.51, 0.0]",0.0,OK
CC_GRN_INV.png,toCheck_100014_00251s_CC_GRN_INV.png,38076,Big,0.44,0.51,"[0.51, 0.37, 0.0]",0.0,OK
CC_GRN_INV_OFF.png,toCheck_100014_00256s_CC_GRN_INV_OFF.png,38076,Big,1.0,0.63,"[0.51, 0.63, 0.0]",0.0,OK
CC_GRN_INV_ON.png,toCheck_100014_00261s_CC_GRN_INV_ON.png,38076,Big,0.81,0.51,"[0.51, 0.29, 0.0]",0.0,OK
CC_GRN_INV_OFF.png,toCheck_100014_00266s_CC_GRN_INV_OFF.png,38076,Big,1.0,0.63,"[0.51, 0.63, 0.0]",0.0,OK
CC_GRN_INV.png,toCheck_100014_00271s_CC_GRN_INV.png,38076,Big,0.44,0.51,"[0.51, 0.37, 0.0]",0.0,OK
SL_GRY_INV.png,toCheck_100014_00211s_SL_GRY_INV.png,38076,Big,0.32,0.39,"[0.39, 0.37, 0.0]",0.0,OK
SL_WHT_INV.png,toCheck_100014_00216s_SL_WHT_INV.png,38076,Big,0.2,0.32,"[0.22, 0.32, 0.0]",0.0,OK
SL_WHT_INV_ON.png,toCheck_100014_00221s_SL_WHT_INV_ON.png,38076,Big,3.44,4.52,"[0.22, 4.52, 0.0]",0.0,Investigate
SL_WHT_INV_OFF.png,toCheck_100014_00226s_SL_WHT_INV_OFF.png,38076,Big,4.88,4.44,"[0.22, 4.44, 0.0]",0.0,Investigate
SL_WHT_INV_ON.png,toCheck_100014_00231s_SL_WHT_INV_ON.png,38076,Big,3.44,4.52,"[0.22, 4.52, 0.0]",0.0,Investigate
SL_WHT_INV.png,toCheck_100014_00236s_SL_WHT_INV.png,38076,Big,0.2,0.32,"[0.22, 0.32, 0.0]",0.0,OK
CC_GRN_YEL70_KMPH_DIVERSITY.png,toCheck_100015_00429s_CC_GRN_YEL70_KMPH_DIVERSITY.png,38076,Big,0.12,0.34,"[0.34, 0.22, 0.0]",0.0,OK
CC_GRN_70_KMPH_DIVERSITY.png,toCheck_100015_00449s_CC_GRN_70_KMPH_DIVERSITY.png,38076,Big,0.24,0.34,"[0.34, 0.2, 0.0]",0.0,OK
SL_GRY_INV_DIVERSITY.png,toCheck_100015_00490s_SL_GRY_INV_DIVERSITY.png,38076,Big,0.46,0.49,"[0.44, 0.49, 0.0]",0.0,OK
SL_WHT_70_KMPH_DIVERSITY.png,toCheck_100015_00495s_SL_WHT_70_KMPH_DIVERSITY.png,38076,Big,0.17,0.44,"[0.44, 0.15, 0.0]",0.0,OK
CC_GRY_INV_DIVERSITY.png,toCheck_100015_00386s_CC_GRY_INV_DIVERSITY.png,38076,Big,0.27,0.68,"[0.68, 0.34, 0.0]",0.0,OK
CC_GRN_70_KMPH_DIVERSITY.png,toCheck_100015_00391s_CC_GRN_70_KMPH_DIVERSITY.png,38076,Big,0.24,0.34,"[0.34, 0.2, 0.0]",0.0,OK
CC_GRN_INV_OFF_DIVERSITY.png,toCheck_100015_00414s_CC_GRN_INV_OFF_DIVERSITY.png,38076,Big,0.42,0.34,"[0.34, 0.29, 0.0]",0.0,OK
CC_GRN_YEL70_KMPH_DIVERSITY.png,toCheck_100015_00419s_CC_GRN_YEL70_KMPH_DIVERSITY.png,38076,Big,0.12,0.34,"[0.34, 0.22, 0.0]",0.0,OK
CC_GRN_INV_OFF_DIVERSITY.png,toCheck_100015_00424s_CC_GRN_INV_OFF_DIVERSITY.png,38076,Big,0.42,0.34,"[0.34, 0.29, 0.0]",0.0,OK
CC_GRY_INV_KMPH.png,toCheck_100016_00425s_CC_GRY_INV_KMPH.png,38076,Big,0.27,0.51,"[0.27, 0.51, 0.0]",0.0,OK
SL_GRY_INV.png,toCheck_100016_00490s_SL_GRY_INV.png,38076,Big,0.32,1.56,"[1.56, 0.37, 0.0]",0.0,OK
SL_GRY_INV.png,toCheck_100016_00505s_SL_GRY_INV.png,38076,Big,0.32,0.39,"[0.39, 0.37, 0.0]",0.0,OK
SL_GRY_INV.png,toCheck_100016_00510s_SL_GRY_INV.png,38076,Big,0.32,0.39,"[0.39, 0.37, 0.0]",0.0,OK
SL_GRY_INV.png,toCheck_100016_00528s_SL_GRY_INV.png,38076,Big,0.32,0.39,"[0.39, 0.37, 0.0]",0.0,OK
SL_GRY_INV.png,toCheck_100016_00533s_SL_GRY_INV.png,38076,Big,0.32,0.39,"[0.39, 0.37, 0.0]",0.0,OK
SL_GRY_INV.png,toCheck_100016_00723s_SL_GRY_INV.png,38076,Big,0.32,1.56,"[1.56, 0.37, 0.0]",0.0,OK
FULL_ALTIA_WAKEUP.png,toCheck_100016_01249s_FULL_ALTIA_WAKEUP.png,1376640,Big,-0.05,2.98,"[0.02, 0.0, -0.05, 0.0, 0.0, -0.05, 0.0, -0.05, 0.0, 0.02, -0.05, 0.0, 0.0, 0.0, 0.0, 0.02, 0.02, 0.0, -0.05, 2.98, 0.93, -0.05, 0.0, 0.02, -0.05, 0.0, 0.0, 0.0, 0.0, 0.02, -0.05, -0.05, -0.05, -0.05, 0.02, -0.05]",0.0,OK
CC_GRY_INV_KMPH.png,toCheck_100016_01277s_CC_GRY_INV_KMPH.png,38076,Big,0.27,0.51,"[0.27, 0.51, 0.0]",0.0,OK
CC_GRN_70_KMPH.png,toCheck_100016_01282s_CC_GRN_70_KMPH.png,38076,Big,0.27,0.59,"[0.29, 0.59, 0.0]",0.0,OK
SPD_70KMPH_CCSPD_70_GRN.png,toCheck_100016_01282s_SPD_70KMPH_CCSPD_70_GRN.png,326772,Big,0.07,0.22,"[0.02, -0.05, -0.05, 0.0, 0.07, -0.05, 0.0, 0.22, -0.05]",0.0,OK
CC_GRN_65_KMPH.png,toCheck_100016_01287s_CC_GRN_65_KMPH.png,38076,Big,0.59,0.71,"[0.71, 0.42, 0.0]",0.0,OK
SPD_70KMPH_CCSPD_65_GRN.png,toCheck_100016_01287s_SPD_70KMPH_CCSPD_65_GRN.png,326772,Big,0.12,0.49,"[0.02, -0.05, -0.05, 0.0, 0.12, -0.05, 0.0, 0.49, -0.05]",0.0,OK
CC_GRY_75_KMPH.png,toCheck_100016_01333s_CC_GRY_75_KMPH.png,38076,Big,0.22,0.29,"[0.29, 0.05, 0.0]",0.0,OK
CC_GRY_75_KMPH.png,toCheck_100016_01343s_CC_GRY_75_KMPH.png,38076,Big,0.22,0.29,"[0.29, 0.05, 0.0]",0.0,OK
SPD_75KMPH_CCSPD_75_GRY.png,toCheck_100016_01343s_SPD_75KMPH_CCSPD_75_GRY.png,326772,Big,0.02,0.51,"[0.02, -0.05, -0.05, 0.07, 0.05, -0.05, 0.24, 0.51, -0.05]",0.0,OK
CC_GRY_80_KMPH.png,toCheck_100016_01348s_CC_GRY_80_KMPH.png,38076,Big,2.91,0.68,"[0.44, 0.68, 0.0]",0.0,OK
CC_GRY_INV_KMPH.png,toCheck_100016_00208s_CC_GRY_INV_KMPH.png,38076,Big,0.27,1.44,"[1.44, 0.51, 0.0]",0.0,OK
SPD_75KMPH_CCSPD_80_GRY.png,toCheck_100016_01348s_SPD_75KMPH_CCSPD_80_GRY.png,326772,Big,0.1,2.83,"[0.0, -0.05, -0.05, 0.73, 0.37, -0.05, 0.24, 2.83, -0.05]",0.0,OK
CC_GRN_INV_OFF.png,toCheck_100016_01366s_CC_GRN_INV_OFF.png,38076,Big,0.54,0.29,"[0.29, 0.27, 0.0]",0.0,OK
CC_GRN_50_KMPH.png,toCheck_100016_01386s_CC_GRN_50_KMPH.png,38076,Big,0.42,0.71,"[0.71, 0.46, 0.0]",0.0,OK
CC_GRN_50_KMPH.png,toCheck_100016_01440s_CC_GRN_50_KMPH.png,38076,Big,0.42,0.71,"[0.71, 0.46, 0.0]",0.0,OK
CC_GRY_INV_KMPH.png,toCheck_100016_00223s_CC_GRY_INV_KMPH.png,38076,Big,0.27,0.51,"[0.27, 0.51, 0.0]",0.0,OK
CC_GRY_INV_KMPH.png,toCheck_100016_00403s_CC_GRY_INV_KMPH.png,38076,Big,0.27,0.51,"[0.27, 0.51, 0.0]",0.0,OK
CC_GRY_INV_KMPH.png,toCheck_100016_00420s_CC_GRY_INV_KMPH.png,38076,Big,0.27,0.51,"[0.27, 0.51, 0.0]",0.0,OK
CC_GRY_INV_KMPH.png,toCheck_100017_00208s_CC_GRY_INV_KMPH.png,38076,Big,0.27,1.44,"[1.44, 0.51, 0.0]",0.0,OK
CC_GRN_70_KMPH.png,toCheck_100017_00213s_CC_GRN_70_KMPH.png,38076,Big,0.27,1.1,"[1.1, 0.59, 0.0]",0.0,OK
SPD_0KMPH_CCSPD_70_GRN.png,toCheck_100017_00213s_SPD_0KMPH_CCSPD_70_GRN.png,326772,Big,0.05,0.22,"[0.0, -0.05, -0.05, 0.0, 0.12, -0.05, 0.0, 0.22, -0.05]",0.0,OK
CC_GRY_75_KMPH.png,toCheck_100018_00272s_CC_GRY_75_KMPH.png,38076,Big,0.22,0.29,"[0.29, 0.05, 0.0]",0.0,OK
CC_GRY_75_KMPH.png,toCheck_100018_00282s_CC_GRY_75_KMPH.png,38076,Big,0.22,0.29,"[0.29, 0.05, 0.0]",0.0,OK
SPD_75KMPH_CCSPD_75_GRY.png,toCheck_100018_00282s_SPD_75KMPH_CCSPD_75_GRY.png,326772,Big,0.02,0.51,"[0.02, -0.05, -0.05, 0.07, 0.05, -0.05, 0.24, 0.51, -0.05]",0.0,OK
CC_GRY_80_KMPH.png,toCheck_100018_00287s_CC_GRY_80_KMPH.png,38076,Big,2.91,0.68,"[0.44, 0.68, 0.0]",0.0,OK
SPD_75KMPH_CCSPD_80_GRY.png,toCheck_100018_00287s_SPD_75KMPH_CCSPD_80_GRY.png,326772,Big,0.1,2.83,"[0.0, -0.05, -0.05, 0.73, 0.37, -0.05, 0.24, 2.83, -0.05]",0.0,OK
CC_GRN_INV_OFF.png,toCheck_100018_00305s_CC_GRN_INV_OFF.png,38076,Big,0.54,0.29,"[0.29, 0.27, 0.0]",0.0,OK
CC_GRN_50_KMPH.png,toCheck_100018_00325s_CC_GRN_50_KMPH.png,38076,Big,0.42,0.71,"[0.71, 0.46, 0.0]",0.0,OK
CC_GRN_50_KMPH.png,toCheck_100018_00379s_CC_GRN_50_KMPH.png,38076,Big,0.42,0.71,"[0.71, 0.46, 0.0]",0.0,OK
CC_GRY_INV_KMPH.png,toCheck_100018_00216s_CC_GRY_INV_KMPH.png,38076,Big,0.27,0.51,"[0.27, 0.51, 0.0]",0.0,OK
CC_GRN_70_KMPH.png,toCheck_100018_00221s_CC_GRN_70_KMPH.png,38076,Big,0.27,0.59,"[0.29, 0.59, 0.0]",0.0,OK
SPD_70KMPH_CCSPD_70_GRN.png,toCheck_100018_00221s_SPD_70KMPH_CCSPD_70_GRN.png,326772,Big,0.07,0.22,"[0.02, -0.05, -0.05, 0.0, 0.07, -0.05, 0.0, 0.22, -0.05]",0.0,OK
CC_GRN_65_KMPH.png,toCheck_100018_00226s_CC_GRN_65_KMPH.png,38076,Big,0.59,0.71,"[0.71, 0.42, 0.0]",0.0,OK
SPD_70KMPH_CCSPD_65_GRN.png,toCheck_100018_00226s_SPD_70KMPH_CCSPD_65_GRN.png,326772,Big,0.12,0.49,"[0.02, -0.05, -0.05, 0.0, 0.12, -0.05, 0.0, 0.49, -0.05]",0.0,OK
CC_GRY_INV_KMPH.png,toCheck_100019_00211s_CC_GRY_INV_KMPH.png,38076,Big,0.27,0.51,"[0.27, 0.51, 0.0]",0.0,OK
CC_GRN_70_KMPH.png,toCheck_100019_00216s_CC_GRN_70_KMPH.png,38076,Big,0.27,0.59,"[0.29, 0.59, 0.0]",0.0,OK
CC_GRY_SQ75_KMPH.png,toCheck_100019_00239s_CC_GRY_SQ75_KMPH.png,38076,Big,0.22,0.29,"[0.29, 0.05, 0.0]",0.0,OK
CC_NODISP.png,toCheck_100019_00247s_CC_NODISP.png,38076,Big,0.0,2.08,"[2.08, -0.05, 0.0]",0.0,OK
SL_GRY_INV.png,toCheck_100019_00270s_SL_GRY_INV.png,38076,Big,0.32,0.39,"[0.39, 0.37, 0.0]",0.0,OK
SL_WHT_70_KMPH.png,toCheck_100019_00275s_SL_WHT_70_KMPH.png,38076,Big,0.32,0.34,"[0.17, 0.34, 0.0]",0.0,OK
SL_GRY_SQ75_KMPH.png,toCheck_100019_00298s_SL_GRY_SQ75_KMPH.png,38076,Big,0.22,0.83,"[0.12, 0.27, 0.83]",0.0,OK
AEB_ALTRED_50401_2.png,toCheck_100020_00291s_AEB_ALTRED_50401_2.png,204053,Big,0.0,0.02,"[0.02, 0.02, 0.0, 0.0, -0.05, 0.0]",0.0,OK
ADAS_TRGT_NODISP.png,toCheck_100020_00296s_ADAS_TRGT_NODISP.png,204053,Big,0.0,0.0,"[0.0, 0.0, -0.05, -0.05, -0.05, 0.0]",0.0,OK
ADAS_OSPZONE1_80_ADAS.png,toCheck_100020_00337s_ADAS_OSPZONE1_80_ADAS.png,90895,Big,-0.05,0.02,"[-0.05, 0.02, 0.0, 0.0, -0.05, 0.0, -0.05, -0.05, 0.0]",0.0,OK
AEB_YEL_10925_11_FR_ADAS.png,toCheck_100020_00375s_AEB_YEL_10925_11_FR_ADAS.png,204053,Big,0.0,0.05,"[0.05, 0.02, 0.0, 0.02, -0.05, 0.0]",0.0,OK
ADAS_TXTALT_10925_11_FR_ADAS.png,toCheck_100020_00375s_ADAS_TXTALT_10925_11_FR_ADAS.png,267388,Big,-0.05,0.02,"[0.0, -0.05, 0.02, 0.0, 0.0, 0.02]",0.0,OK
ADAS_TRGT_NODISP.png,toCheck_100020_00380s_ADAS_TRGT_NODISP.png,204053,Big,0.0,0.0,"[0.0, 0.0, -0.05, -0.05, -0.05, 0.0]",0.0,OK
ADAS_LAYOUT.png,toCheck_100020_00230s_ADAS_LAYOUT.png,1376640,Big,0.0,0.02,"[-0.05, 0.02, 0.02, 0.0, 0.0, 0.0, 0.0, 0.0, 0.0, 0.0, 0.0, -0.05, 0.0, 0.0, 0.0, -0.05, 0.0, 0.0, -0.05, 0.0, 0.0, 0.0, 0.0, 0.0, -0.05, 0.0, -0.05, -0.05, 0.0, 0.0, 0.0, -0.05, 0.0, 0.02, 0.0, 0.02]",0.0,OK
ADAS_OSPZONE1_80_ADAS.png,toCheck_100020_00253s_ADAS_OSPZONE1_80_ADAS.png,90895,Big,-0.05,0.02,"[-0.05, 0.02, 0.0, 0.0, -0.05, 0.0, -0.05, -0.05, 0.0]",0.0,OK
TXTALT_20601_10_FR_ADAS.png,toCheck_100020_00258s_TXTALT_20601_10_FR_ADAS.png,267388,Big,0.0,0.0,"[-0.05, -0.05, 0.0, 0.0, -0.05, 0.0]",0.0,OK
ACC_GRY_ACTV_NOLCOLOR_70KMPH.png,toCheck_100021_00680s_ACC_GRY_ACTV_NOLCOLOR_70KMPH.png,56763,Big,0.51,0.56,"[0.56, 0.15, 0.0]",0.0,OK
ADAS_OSPZONE1_70_ADAS_LY.png,toCheck_100021_00680s_ADAS_OSPZONE1_70_ADAS_LY.png,90895,Big,0.0,0.02,"[0.02, 0.02, 0.0, 0.0, -0.05, 0.0, -0.05, -0.05, 0.0]",0.0,OK
ACC_GRY_ACTV_NOLCOLOR_70KMPH.png,toCheck_100021_00715s_ACC_GRY_ACTV_NOLCOLOR_70KMPH.png,56763,Big,0.51,0.56,"[0.56, 0.15, 0.0]",0.0,OK
ADAS_OSP_70_NxtEvnt_STOP_ADASLY.png,toCheck_100021_00715s_ADAS_OSP_70_NxtEvnt_STOP_ADASLY.png,90895,Big,-0.05,0.0,"[-0.05, 0.0, 0.0, 0.0, -0.05, 0.0, -0.05, -0.05, 0.0]",0.0,OK
ACC_GRY_ACTV_NOLCOLOR_70KMPH.png,toCheck_100021_00750s_ACC_GRY_ACTV_NOLCOLOR_70KMPH.png,56763,Big,0.51,0.56,"[0.56, 0.15, 0.0]",0.0,OK
ADAS_OSPZONE1_70_ADAS_LY.png,toCheck_100021_00750s_ADAS_OSPZONE1_70_ADAS_LY.png,90895,Big,0.0,0.02,"[0.02, 0.02, 0.0, 0.0, -0.05, 0.0, -0.05, -0.05, 0.0]",0.0,OK
ACC_GRY_ACTV_NOLCOLOR_70KMPH.png,toCheck_100021_00785s_ACC_GRY_ACTV_NOLCOLOR_70KMPH.png,56763,Big,0.51,0.56,"[0.56, 0.15, 0.0]",0.0,OK
ADAS_OSP_70_NxtEvnt_YLD_ADASLY.png,toCheck_100021_00785s_ADAS_OSP_70_NxtEvnt_YLD_ADASLY.png,90895,Big,-0.05,0.0,"[-0.05, 0.0, 0.0, 0.0, -0.05, 0.0, -0.05, -0.05, 0.0]",0.0,OK
ACC_GRY_ACTV_NOLCOLOR_70KMPH.png,toCheck_100021_00820s_ACC_GRY_ACTV_NOLCOLOR_70KMPH.png,56763,Big,0.51,0.56,"[0.56, 0.15, 0.0]",0.0,OK
ADAS_OSPZONE1_70_ADAS_LY.png,toCheck_100021_00820s_ADAS_OSPZONE1_70_ADAS_LY.png,90895,Big,0.0,0.02,"[0.02, 0.02, 0.0, 0.0, -0.05, 0.0, -0.05, -0.05, 0.0]",0.0,OK
ACC_GRY_ACTV_NOLCOLOR_70KMPH.png,toCheck_100021_00855s_ACC_GRY_ACTV_NOLCOLOR_70KMPH.png,56763,Big,0.51,0.56,"[0.56, 0.15, 0.0]",0.0,OK
ADAS_OSP_70_NxtEvnt_TINT_ADASLY.png,toCheck_100021_00855s_ADAS_OSP_70_NxtEvnt_TINT_ADASLY.png,90895,Big,0.02,0.02,"[0.02, 0.0, 0.0, 0.0, -0.05, 0.0, -0.05, -0.05, 0.0]",0.0,OK
ACC_GRY_ACTV_NOLCOLOR_70KMPH.png,toCheck_100021_00890s_ACC_GRY_ACTV_NOLCOLOR_70KMPH.png,56763,Big,0.51,0.56,"[0.56, 0.15, 0.0]",0.0,OK
ADAS_OSPZONE1_70_ADAS_LY.png,toCheck_100021_00890s_ADAS_OSPZONE1_70_ADAS_LY.png,90895,Big,0.0,0.02,"[0.02, 0.02, 0.0, 0.0, -0.05, 0.0, -0.05, -0.05, 0.0]",0.0,OK
ACC_GRY_WAIT_NOLCOLOR_SQ70_GRY_KMPH.png,toCheck_100021_01080s_ACC_GRY_WAIT_NOLCOLOR_SQ70_GRY_KMPH.png,56763,Big,2.15,0.66,"[0.66, 0.37, 0.0]",0.0,OK
ADAS_OSPZONE1_70_ADAS_LY.png,toCheck_100021_01080s_ADAS_OSPZONE1_70_ADAS_LY.png,90895,Big,0.0,0.02,"[0.02, 0.02, 0.0, 0.0, -0.05, 0.0, -0.05, -0.05, 0.0]",0.0,OK
ADAS_LAYOUT.png,toCheck_100021_00400s_ADAS_LAYOUT.png,1376640,Big,0.0,0.02,"[-0.05, 0.02, 0.02, 0.0, 0.0, 0.0, 0.0, 0.0, 0.0, 0.0, 0.0, -0.05, 0.0, 0.0, 0.0, -0.05, 0.0, 0.0, -0.05, 0.0, 0.0, 0.0, 0.0, 0.0, -0.05, 0.0, -0.05, -0.05, 0.0, 0.0, 0.0, -0.05, 0.0, 0.02, 0.0, 0.02]",0.0,OK
ACC_GRY_WAIT_NOLCOLOR_SPDINV_GRY_KMPH.png,toCheck_100021_00480s_ACC_GRY_WAIT_NOLCOLOR_SPDINV_GRY_KMPH.png,56763,Big,0.34,0.46,"[0.46, 0.1, 0.0]",0.0,OK
ADAS_OSPZONE1_70_ADAS_LY.png,toCheck_100021_00480s_ADAS_OSPZONE1_70_ADAS_LY.png,90895,Big,0.0,0.02,"[0.02, 0.02, 0.0, 0.0, -0.05, 0.0, -0.05, -0.05, 0.0]",0.0,OK
ACC_GRY_ACTV_NOLCOLOR_70KMPH.png,toCheck_100021_00640s_ACC_GRY_ACTV_NOLCOLOR_70KMPH.png,56763,Big,0.51,0.56,"[0.56, 0.15, 0.0]",0.0,OK
ADAS_OSPZONE1_70_ADAS_LY.png,toCheck_100021_00640s_ADAS_OSPZONE1_70_ADAS_LY.png,90895,Big,0.0,0.02,"[0.02, 0.02, 0.0, 0.0, -0.05, 0.0, -0.05, -0.05, 0.0]",0.0,OK
ACC_GRY_ACTV_NOLCOLOR_70KMPH.png,toCheck_100021_00645s_ACC_GRY_ACTV_NOLCOLOR_70KMPH.png,56763,Big,0.51,0.56,"[0.56, 0.15, 0.0]",0.0,OK
ADAS_OSP_70_NxtEvnt_INT_ADASLY.png,toCheck_100021_00645s_ADAS_OSP_70_NxtEvnt_INT_ADASLY.png,90895,Big,-0.05,0.0,"[-0.05, 0.0, 0.0, 0.0, -0.05, 0.0, -0.05, -0.05, 0.0]",0.0,OK
ACC_GRY_ACTV_NOLCOLOR_70KMPH.png,toCheck_100022_00585s_ACC_GRY_ACTV_NOLCOLOR_70KMPH.png,56763,Big,0.51,0.56,"[0.56, 0.15, 0.0]",0.0,OK
ADAS_OSPZONE1_70_ADAS_LY.png,toCheck_100022_00585s_ADAS_OSPZONE1_70_ADAS_LY.png,90895,Big,0.0,0.02,"[0.02, 0.02, 0.0, 0.0, -0.05, 0.0, -0.05, -0.05, 0.0]",0.0,OK
ACC_GRY_ACTV_NOLCOLOR_70KMPH.png,toCheck_100022_00620s_ACC_GRY_ACTV_NOLCOLOR_70KMPH.png,56763,Big,0.51,0.56,"[0.56, 0.15, 0.0]",0.0,OK
ADAS_OSP_70_NxtEvnt_LCUR_ADASLY.png,toCheck_100022_00620s_ADAS_OSP_70_NxtEvnt_LCUR_ADASLY.png,90895,Big,0.0,0.02,"[-0.05, 0.02, 0.0, 0.0, -0.05, 0.0, -0.05, -0.05, 0.0]",0.0,OK
ACC_GRY_ACTV_NOLCOLOR_70KMPH.png,toCheck_100022_00655s_ACC_GRY_ACTV_NOLCOLOR_70KMPH.png,56763,Big,0.51,0.56,"[0.56, 0.15, 0.0]",0.0,OK
ADAS_OSPZONE1_70_ADAS_LY.png,toCheck_100022_00655s_ADAS_OSPZONE1_70_ADAS_LY.png,90895,Big,0.0,0.02,"[0.02, 0.02, 0.0, 0.0, -0.05, 0.0, -0.05, -0.05, 0.0]",0.0,OK
ACC_GRY_ACTV_NOLCOLOR_70KMPH.png,toCheck_100022_00690s_ACC_GRY_ACTV_NOLCOLOR_70KMPH.png,56763,Big,0.51,0.56,"[0.56, 0.15, 0.0]",0.0,OK
ADAS_OSP_70_NxtEvnt_RLMCUR_ADASLY.png,toCheck_100022_00690s_ADAS_OSP_70_NxtEvnt_RLMCUR_ADASLY.png,90895,Big,-0.05,0.02,"[0.02, 0.02, 0.0, 0.0, -0.05, 0.0, -0.05, -0.05, 0.0]",0.0,OK
ACC_GRY_ACTV_NOLCOLOR_70KMPH.png,toCheck_100022_00725s_ACC_GRY_ACTV_NOLCOLOR_70KMPH.png,56763,Big,0.51,0.56,"[0.56, 0.15, 0.0]",0.0,OK
ADAS_OSPZONE1_70_ADAS_LY.png,toCheck_100022_00725s_ADAS_OSPZONE1_70_ADAS_LY.png,90895,Big,0.0,0.02,"[0.02, 0.02, 0.0, 0.0, -0.05, 0.0, -0.05, -0.05, 0.0]",0.0,OK
ACC_GRY_ACTV_NOLCOLOR_70KMPH.png,toCheck_100022_00760s_ACC_GRY_ACTV_NOLCOLOR_70KMPH.png,56763,Big,0.51,0.56,"[0.56, 0.15, 0.0]",0.0,OK
ADAS_OSP_70_NxtEvnt_LRMCUR_ADASLY.png,toCheck_100022_00760s_ADAS_OSP_70_NxtEvnt_LRMCUR_ADASLY.png,90895,Big,0.0,0.02,"[-0.05, 0.02, 0.0, 0.0, -0.05, 0.0, -0.05, -0.05, 0.0]",0.0,OK
ACC_GRY_ACTV_NOLCOLOR_70KMPH.png,toCheck_100022_00795s_ACC_GRY_ACTV_NOLCOLOR_70KMPH.png,56763,Big,0.51,0.56,"[0.56, 0.15, 0.0]",0.0,OK
ADAS_OSPZONE1_70_ADAS_LY.png,toCheck_100022_00795s_ADAS_OSPZONE1_70_ADAS_LY.png,90895,Big,0.0,0.02,"[0.02, 0.02, 0.0, 0.0, -0.05, 0.0, -0.05, -0.05, 0.0]",0.0,OK
ACC_GRY_WAIT_NOLCOLOR_SQ70_GRY_KMPH.png,toCheck_100022_00830s_ACC_GRY_WAIT_NOLCOLOR_SQ70_GRY_KMPH.png,56763,Big,2.15,0.66,"[0.66, 0.37, 0.0]",0.0,OK
ADAS_OSPZONE1_70_ADAS_LY.png,toCheck_100022_00830s_ADAS_OSPZONE1_70_ADAS_LY.png,90895,Big,0.0,0.02,"[0.02, 0.02, 0.0, 0.0, -0.05, 0.0, -0.05, -0.05, 0.0]",0.0,OK
ADAS_LAYOUT.png,toCheck_100022_00400s_ADAS_LAYOUT.png,1376640,Big,0.0,0.02,"[-0.05, 0.02, 0.02, 0.0, 0.0, 0.0, 0.0, 0.0, 0.0, 0.0, 0.0, -0.05, 0.0, 0.0, 0.0, -0.05, 0.0, 0.0, -0.05, 0.0, 0.0, 0.0, 0.0, 0.0, -0.05, 0.0, -0.05, -0.05, 0.0, 0.0, 0.0, -0.05, 0.0, 0.02, 0.0, 0.02]",0.0,OK
ACC_GRY_WAIT_NOLCOLOR_SPDINV_GRY_KMPH.png,toCheck_100022_00480s_ACC_GRY_WAIT_NOLCOLOR_SPDINV_GRY_KMPH.png,56763,Big,0.34,0.46,"[0.46, 0.1, 0.0]",0.0,OK
ADAS_OSPZONE1_70_ADAS_LY.png,toCheck_100022_00480s_ADAS_OSPZONE1_70_ADAS_LY.png,90895,Big,0.0,0.02,"[0.02, 0.02, 0.0, 0.0, -0.05, 0.0, -0.05, -0.05, 0.0]",0.0,OK
ACC_GRY_ACTV_NOLCOLOR_70KMPH.png,toCheck_100022_00545s_ACC_GRY_ACTV_NOLCOLOR_70KMPH.png,56763,Big,0.51,0.56,"[0.56, 0.15, 0.0]",0.0,OK
ADAS_OSPZONE1_70_ADAS_LY.png,toCheck_100022_00545s_ADAS_OSPZONE1_70_ADAS_LY.png,90895,Big,0.0,0.02,"[0.02, 0.02, 0.0, 0.0, -0.05, 0.0, -0.05, -0.05, 0.0]",0.0,OK
ACC_GRY_ACTV_NOLCOLOR_70KMPH.png,toCheck_100022_00550s_ACC_GRY_ACTV_NOLCOLOR_70KMPH.png,56763,Big,0.51,0.56,"[0.56, 0.15, 0.0]",0.0,OK
ADAS_OSP_70_NxtEvnt_RCUR_ADASLY.png,toCheck_100022_00550s_ADAS_OSP_70_NxtEvnt_RCUR_ADASLY.png,90895,Big,-0.05,0.02,"[0.02, 0.02, 0.0, 0.0, -0.05, 0.0, -0.05, -0.05, 0.0]",0.0,OK
ACC_GRY_ACTV_NOLCOLOR_70KMPH.png,toCheck_100023_00585s_ACC_GRY_ACTV_NOLCOLOR_70KMPH.png,56763,Big,0.51,0.56,"[0.56, 0.15, 0.0]",0.0,OK
ADAS_OSPZONE1_70_ADAS_LY.png,toCheck_100023_00585s_ADAS_OSPZONE1_70_ADAS_LY.png,90895,Big,0.0,0.02,"[0.02, 0.02, 0.0, 0.0, -0.05, 0.0, -0.05, -0.05, 0.0]",0.0,OK
ACC_GRY_ACTV_NOLCOLOR_70KMPH.png,toCheck_100023_00620s_ACC_GRY_ACTV_NOLCOLOR_70KMPH.png,56763,Big,0.51,0.56,"[0.56, 0.15, 0.0]",0.0,OK
ADAS_OSP_70_NxtEvnt_REXT_ADASLY.png,toCheck_100023_00620s_ADAS_OSP_70_NxtEvnt_REXT_ADASLY.png,90895,Big,0.02,0.02,"[-0.05, 0.02, 0.0, 0.0, -0.05, 0.0, -0.05, -0.05, 0.0]",0.0,OK
ACC_GRY_ACTV_NOLCOLOR_70KMPH.png,toCheck_100023_00655s_ACC_GRY_ACTV_NOLCOLOR_70KMPH.png,56763,Big,0.51,0.56,"[0.56, 0.15, 0.0]",0.0,OK
ADAS_OSPZONE1_70_ADAS_LY.png,toCheck_100023_00655s_ADAS_OSPZONE1_70_ADAS_LY.png,90895,Big,0.0,0.02,"[0.02, 0.02, 0.0, 0.0, -0.05, 0.0, -0.05, -0.05, 0.0]",0.0,OK
ACC_GRY_ACTV_NOLCOLOR_70KMPH.png,toCheck_100023_00690s_ACC_GRY_ACTV_NOLCOLOR_70KMPH.png,56763,Big,0.51,0.56,"[0.56, 0.15, 0.0]",0.0,OK
ADAS_OSP_70_NxtEvnt_RND_ADASLY.png,toCheck_100023_00690s_ADAS_OSP_70_NxtEvnt_RND_ADASLY.png,90895,Big,0.0,0.02,"[0.02, 0.0, 0.0, 0.0, -0.05, 0.0, -0.05, -0.05, 0.0]",0.0,OK
ACC_GRY_ACTV_NOLCOLOR_70KMPH.png,toCheck_100023_00725s_ACC_GRY_ACTV_NOLCOLOR_70KMPH.png,56763,Big,0.51,0.56,"[0.56, 0.15, 0.0]",0.0,OK
ADAS_OSPZONE1_70_ADAS_LY.png,toCheck_100023_00725s_ADAS_OSPZONE1_70_ADAS_LY.png,90895,Big,0.0,0.02,"[0.02, 0.02, 0.0, 0.0, -0.05, 0.0, -0.05, -0.05, 0.0]",0.0,OK
ACC_GRY_ACTV_NOLCOLOR_70KMPH.png,toCheck_100023_00760s_ACC_GRY_ACTV_NOLCOLOR_70KMPH.png,56763,Big,0.51,0.56,"[0.56, 0.15, 0.0]",0.0,OK
ADAS_OSP_70_NxtEvnt_TolBoth_ADASLY.png,toCheck_100023_00760s_ADAS_OSP_70_NxtEvnt_TolBoth_ADASLY.png,90895,Big,0.0,0.0,"[-0.05, -0.05, 0.0, 0.0, -0.05, 0.0, -0.05, -0.05, 0.0]",0.0,OK
ACC_GRY_ACTV_NOLCOLOR_70KMPH.png,toCheck_100023_00810s_ACC_GRY_ACTV_NOLCOLOR_70KMPH.png,56763,Big,0.51,0.56,"[0.56, 0.15, 0.0]",0.0,OK
ADAS_OSPZONE1_70_ADAS_LY.png,toCheck_100023_00810s_ADAS_OSPZONE1_70_ADAS_LY.png,90895,Big,0.0,0.02,"[0.02, 0.02, 0.0, 0.0, -0.05, 0.0, -0.05, -0.05, 0.0]",0.0,OK
ACC_GRY_ACTV_NOLCOLOR_70KMPH.png,toCheck_100023_00815s_ACC_GRY_ACTV_NOLCOLOR_70KMPH.png,56763,Big,0.51,0.56,"[0.56, 0.15, 0.0]",0.0,OK
ADAS_OSPZONE1_70_ADAS_LY.png,toCheck_100023_00815s_ADAS_OSPZONE1_70_ADAS_LY.png,90895,Big,0.0,0.02,"[0.02, 0.02, 0.0, 0.0, -0.05, 0.0, -0.05, -0.05, 0.0]",0.0,OK
ACC_GRY_WAIT_NOLCOLOR_SQ70_GRY_KMPH.png,toCheck_100023_00910s_ACC_GRY_WAIT_NOLCOLOR_SQ70_GRY_KMPH.png,56763,Big,2.15,0.66,"[0.66, 0.37, 0.0]",0.0,OK
ADAS_OSPZONE1_70_ADAS_LY.png,toCheck_100023_00910s_ADAS_OSPZONE1_70_ADAS_LY.png,90895,Big,0.0,0.02,"[0.02, 0.02, 0.0, 0.0, -0.05, 0.0, -0.05, -0.05, 0.0]",0.0,OK
ADAS_LAYOUT.png,toCheck_100023_00400s_ADAS_LAYOUT.png,1376640,Big,0.0,0.02,"[-0.05, 0.02, 0.02, 0.0, 0.0, 0.0, 0.0, 0.0, 0.0, 0.0, 0.0, -0.05, 0.0, 0.0, 0.0, -0.05, 0.0, 0.0, -0.05, 0.0, 0.0, 0.0, 0.0, 0.0, -0.05, 0.0, -0.05, -0.05, 0.0, 0.0, 0.0, -0.05, 0.0, 0.02, 0.0, 0.02]",0.0,OK
ACC_GRY_WAIT_NOLCOLOR_SPDINV_GRY_KMPH.png,toCheck_100023_00480s_ACC_GRY_WAIT_NOLCOLOR_SPDINV_GRY_KMPH.png,56763,Big,0.34,0.46,"[0.46, 0.1, 0.0]",0.0,OK
ADAS_OSPZONE1_70_ADAS_LY.png,toCheck_100023_00480s_ADAS_OSPZONE1_70_ADAS_LY.png,90895,Big,0.0,0.02,"[0.02, 0.02, 0.0, 0.0, -0.05, 0.0, -0.05, -0.05, 0.0]",0.0,OK
ACC_GRY_ACTV_NOLCOLOR_70KMPH.png,toCheck_100023_00545s_ACC_GRY_ACTV_NOLCOLOR_70KMPH.png,56763,Big,0.51,0.56,"[0.56, 0.15, 0.0]",0.0,OK
ADAS_OSPZONE1_70_ADAS_LY.png,toCheck_100023_00545s_ADAS_OSPZONE1_70_ADAS_LY.png,90895,Big,0.0,0.02,"[0.02, 0.02, 0.0, 0.0, -0.05, 0.0, -0.05, -0.05, 0.0]",0.0,OK
ACC_GRY_ACTV_NOLCOLOR_70KMPH.png,toCheck_100023_00550s_ACC_GRY_ACTV_NOLCOLOR_70KMPH.png,56763,Big,0.51,0.56,"[0.56, 0.15, 0.0]",0.0,OK
ADAS_OSP_70_NxtEvnt_LEXT_ADASLY.png,toCheck_100023_00550s_ADAS_OSP_70_NxtEvnt_LEXT_ADASLY.png,90895,Big,0.0,0.02,"[-0.05, 0.02, 0.0, 0.0, -0.05, 0.0, -0.05, -0.05, 0.0]",0.0,OK
ACC_GRY_ACTV_NOLCOLOR_70KMPH.png,toCheck_100024_00645s_ACC_GRY_ACTV_NOLCOLOR_70KMPH.png,56763,Big,0.51,0.56,"[0.56, 0.15, 0.0]",0.0,OK
ADAS_OSPZONE1_70_ADAS_LY.png,toCheck_100024_00645s_ADAS_OSPZONE1_70_ADAS_LY.png,90895,Big,0.0,0.02,"[0.02, 0.02, 0.0, 0.0, -0.05, 0.0, -0.05, -0.05, 0.0]",0.0,OK
ACC_GRY_WAIT_NOLCOLOR_SQ70_GRY_KMPH.png,toCheck_100024_00710s_ACC_GRY_WAIT_NOLCOLOR_SQ70_GRY_KMPH.png,56763,Big,2.15,0.66,"[0.66, 0.37, 0.0]",0.0,OK
ADAS_OSPZONE1_70_ADAS_LY.png,toCheck_100024_00710s_ADAS_OSPZONE1_70_ADAS_LY.png,90895,Big,0.0,0.02,"[0.02, 0.02, 0.0, 0.0, -0.05, 0.0, -0.05, -0.05, 0.0]",0.0,OK
ADAS_LAYOUT.png,toCheck_100024_00400s_ADAS_LAYOUT.png,1376640,Big,0.0,0.02,"[-0.05, 0.02, 0.02, 0.0, 0.0, 0.0, 0.0, 0.0, 0.0, 0.0, 0.0, -0.05, 0.0, 0.0, 0.0, -0.05, 0.0, 0.0, -0.05, 0.0, 0.0, 0.0, 0.0, 0.0, -0.05, 0.0, -0.05, -0.05, 0.0, 0.0, 0.0, -0.05, 0.0, 0.02, 0.0, 0.02]",0.0,OK
ACC_GRY_WAIT_NOLCOLOR_SPDINV_GRY_KMPH.png,toCheck_100024_00480s_ACC_GRY_WAIT_NOLCOLOR_SPDINV_GRY_KMPH.png,56763,Big,0.34,0.46,"[0.46, 0.1, 0.0]",0.0,OK
ADAS_OSPZONE1_90_ADAS_LY.png,toCheck_100024_00480s_ADAS_OSPZONE1_90_ADAS_LY.png,90895,Big,0.0,0.02,"[0.0, 0.02, 0.0, 0.0, -0.05, 0.0, -0.05, -0.05, 0.0]",0.0,OK
ACC_GRY_ACTV_NOLCOLOR_SPD90_GRN_KMPH.png,toCheck_100024_00545s_ACC_GRY_ACTV_NOLCOLOR_SPD90_GRN_KMPH.png,56763,Big,1.22,0.9,"[0.9, 0.37, 0.0]",0.0,OK
ADAS_OSP_90_CNTX_AUTO_ADASLY.png,toCheck_100024_00545s_ADAS_OSP_90_CNTX_AUTO_ADASLY.png,90895,Big,0.0,0.02,"[0.0, 0.02, 0.0, 0.0, -0.05, 0.0, -0.05, -0.05, 0.0]",0.0,OK
ACC_GRY_ACTV_NOLCOLOR_SPD90_GRN_KMPH.png,toCheck_100024_00550s_ACC_GRY_ACTV_NOLCOLOR_SPD90_GRN_KMPH.png,56763,Big,1.22,0.9,"[0.9, 0.37, 0.0]",0.0,OK
ADAS_OSP_90_CNTX_AUTO_NxtEvnt_SPD_70_ADASLY.png,toCheck_100024_00550s_ADAS_OSP_90_CNTX_AUTO_NxtEvnt_SPD_70_ADASLY.png,90895,Big,0.0,0.02,"[-0.05, 0.02, 0.0, 0.0, -0.05, 0.0, -0.05, -0.05, 0.0]",0.0,OK
ACC_GRY_ACTV_NOLCOLOR_SPD90_GRN_KMPH.png,toCheck_100025_00555s_ACC_GRY_ACTV_NOLCOLOR_SPD90_GRN_KMPH.png,56763,Big,1.22,0.9,"[0.9, 0.37, 0.0]",0.0,OK
ADAS_OSP_90_NxtEvnt_SPD_70_CUR_WHT_ADASLY.png,toCheck_100025_00555s_ADAS_OSP_90_NxtEvnt_SPD_70_CUR_WHT_ADASLY.png,90895,Big,0.0,0.0,"[0.0, 0.0, 0.0, 0.0, -0.05, 0.0, -0.05, -0.05, 0.0]",0.0,OK
ACC_GRY_ACTV_NOLCOLOR_SPD90_GRN_KMPH.png,toCheck_100025_00560s_ACC_GRY_ACTV_NOLCOLOR_SPD90_GRN_KMPH.png,56763,Big,1.22,0.9,"[0.9, 0.37, 0.0]",0.0,OK
ADAS_OSP_90_NxtEvnt_SPD_70_CUR_GRN_ADASLY.png,toCheck_100025_00560s_ADAS_OSP_90_NxtEvnt_SPD_70_CUR_GRN_ADASLY.png,90895,Big,-0.05,0.02,"[0.02, 0.0, 0.0, 0.0, -0.05, 0.0, -0.05, -0.05, 0.0]",0.0,OK
ACC_GRY_ACTV_NOLCOLOR_70KMPH.png,toCheck_100025_00655s_ACC_GRY_ACTV_NOLCOLOR_70KMPH.png,56763,Big,0.51,0.56,"[0.56, 0.15, 0.0]",0.0,OK
ADAS_OSPZONE1_70_ADAS_LY.png,toCheck_100025_00655s_ADAS_OSPZONE1_70_ADAS_LY.png,90895,Big,0.0,0.02,"[0.02, 0.02, 0.0, 0.0, -0.05, 0.0, -0.05, -0.05, 0.0]",0.0,OK
ACC_GRY_WAIT_NOLCOLOR_SQ70_GRY_KMPH.png,toCheck_100025_00720s_ACC_GRY_WAIT_NOLCOLOR_SQ70_GRY_KMPH.png,56763,Big,2.15,0.66,"[0.66, 0.37, 0.0]",0.0,OK
ADAS_OSPZONE1_70_ADAS_LY.png,toCheck_100025_00720s_ADAS_OSPZONE1_70_ADAS_LY.png,90895,Big,0.0,0.02,"[0.02, 0.02, 0.0, 0.0, -0.05, 0.0, -0.05, -0.05, 0.0]",0.0,OK
ADAS_LAYOUT.png,toCheck_100025_00400s_ADAS_LAYOUT.png,1376640,Big,0.0,0.02,"[-0.05, 0.02, 0.02, 0.0, 0.0, 0.0, 0.0, 0.0, 0.0, 0.0, 0.0, -0.05, 0.0, 0.0, 0.0, -0.05, 0.0, 0.0, -0.05, 0.0, 0.0, 0.0, 0.0, 0.0, -0.05, 0.0, -0.05, -0.05, 0.0, 0.0, 0.0, -0.05, 0.0, 0.02, 0.0, 0.02]",0.0,OK
ACC_GRY_WAIT_NOLCOLOR_SPDINV_GRY_KMPH.png,toCheck_100025_00480s_ACC_GRY_WAIT_NOLCOLOR_SPDINV_GRY_KMPH.png,56763,Big,0.34,0.46,"[0.46, 0.1, 0.0]",0.0,OK
ADAS_OSPZONE1_90_ADAS_LY.png,toCheck_100025_00480s_ADAS_OSPZONE1_90_ADAS_LY.png,90895,Big,0.0,0.02,"[0.0, 0.02, 0.0, 0.0, -0.05, 0.0, -0.05, -0.05, 0.0]",0.0,OK
ACC_GRY_ACTV_NOLCOLOR_SPD90_GRN_KMPH.png,toCheck_100025_00545s_ACC_GRY_ACTV_NOLCOLOR_SPD90_GRN_KMPH.png,56763,Big,1.22,0.9,"[0.9, 0.37, 0.0]",0.0,OK
ADAS_OSPZONE1_90_ADAS_LY.png,toCheck_100025_00545s_ADAS_OSPZONE1_90_ADAS_LY.png,90895,Big,0.0,0.02,"[0.0, 0.02, 0.0, 0.0, -0.05, 0.0, -0.05, -0.05, 0.0]",0.0,OK
ACC_GRY_ACTV_NOLCOLOR_SPD90_GRN_KMPH.png,toCheck_100025_00550s_ACC_GRY_ACTV_NOLCOLOR_SPD90_GRN_KMPH.png,56763,Big,1.22,0.9,"[0.9, 0.37, 0.0]",0.0,OK
ADAS_OSP_90_NxtEvnt_SPD_70_ADASLY.png,toCheck_100025_00550s_ADAS_OSP_90_NxtEvnt_SPD_70_ADASLY.png,90895,Big,0.0,0.02,"[-0.05, 0.02, 0.0, 0.0, -0.05, 0.0, -0.05, -0.05, 0.0]",0.0,OK
ACC_GRY_ACTV_NOLCOLOR_SPD90_GRN_KMPH.png,toCheck_100026_00555s_ACC_GRY_ACTV_NOLCOLOR_SPD90_GRN_KMPH.png,56763,Big,1.22,0.9,"[0.9, 0.37, 0.0]",0.0,OK
ADAS_OSPZONE1_90_ADAS_LY.png,toCheck_100026_00555s_ADAS_OSPZONE1_90_ADAS_LY.png,90895,Big,0.0,0.02,"[0.0, 0.02, 0.0, 0.0, -0.05, 0.0, -0.05, -0.05, 0.0]",0.0,OK
ACC_GRY_ACTV_NOLCOLOR_SPD90_GRN_KMPH.png,toCheck_100026_00560s_ACC_GRY_ACTV_NOLCOLOR_SPD90_GRN_KMPH.png,56763,Big,1.22,0.9,"[0.9, 0.37, 0.0]",0.0,OK
ADAS_OSPZONE1_90_ADAS_LY.png,toCheck_100026_00560s_ADAS_OSPZONE1_90_ADAS_LY.png,90895,Big,0.0,0.02,"[0.0, 0.02, 0.0, 0.0, -0.05, 0.0, -0.05, -0.05, 0.0]",0.0,OK
ACC_GRY_ACTV_NOLCOLOR_SPD90_GRN_KMPH.png,toCheck_100026_00565s_ACC_GRY_ACTV_NOLCOLOR_SPD90_GRN_KMPH.png,56763,Big,1.22,0.9,"[0.9, 0.37, 0.0]",0.0,OK
ADAS_OSPZONE1_90_ADAS_LY.png,toCheck_100026_00565s_ADAS_OSPZONE1_90_ADAS_LY.png,90895,Big,0.0,0.02,"[0.0, 0.02, 0.0, 0.0, -0.05, 0.0, -0.05, -0.05, 0.0]",0.0,OK
ACC_GRY_ACTV_NOLCOLOR_SPD90_GRN_KMPH.png,toCheck_100026_00570s_ACC_GRY_ACTV_NOLCOLOR_SPD90_GRN_KMPH.png,56763,Big,1.22,0.9,"[0.9, 0.37, 0.0]",0.0,OK
ADAS_OSPZONE1_90_ADAS_LY.png,toCheck_100026_00570s_ADAS_OSPZONE1_90_ADAS_LY.png,90895,Big,0.0,0.02,"[0.0, 0.02, 0.0, 0.0, -0.05, 0.0, -0.05, -0.05, 0.0]",0.0,OK
ACC_GRY_WAIT_NOLCOLOR_SQ90_GRY_KMPH.png,toCheck_100026_00575s_ACC_GRY_WAIT_NOLCOLOR_SQ90_GRY_KMPH.png,56763,Big,2.56,2.27,"[2.27, 0.49, 0.0]",0.0,OK
ADAS_OSPZONE1_90_ADAS_LY.png,toCheck_100026_00575s_ADAS_OSPZONE1_90_ADAS_LY.png,90895,Big,0.0,0.02,"[0.0, 0.02, 0.0, 0.0, -0.05, 0.0, -0.05, -0.05, 0.0]",0.0,OK
ADAS_LAYOUT.png,toCheck_100026_00400s_ADAS_LAYOUT.png,1376640,Big,0.0,0.02,"[-0.05, 0.02, 0.02, 0.0, 0.0, 0.0, 0.0, 0.0, 0.0, 0.0, 0.0, -0.05, 0.0, 0.0, 0.0, -0.05, 0.0, 0.0, -0.05, 0.0, 0.0, 0.0, 0.0, 0.0, -0.05, 0.0, -0.05, -0.05, 0.0, 0.0, 0.0, -0.05, 0.0, 0.02, 0.0, 0.02]",0.0,OK
ACC_GRY_WAIT_NOLCOLOR_SPDINV_GRY_KMPH.png,toCheck_100026_00480s_ACC_GRY_WAIT_NOLCOLOR_SPDINV_GRY_KMPH.png,56763,Big,0.34,0.46,"[0.46, 0.1, 0.0]",0.0,OK
ADAS_OSPZONE1_90_ADAS_LY.png,toCheck_100026_00480s_ADAS_OSPZONE1_90_ADAS_LY.png,90895,Big,0.0,0.02,"[0.0, 0.02, 0.0, 0.0, -0.05, 0.0, -0.05, -0.05, 0.0]",0.0,OK
ACC_GRY_ACTV_NOLCOLOR_SPD90_GRN_KMPH.png,toCheck_100026_00545s_ACC_GRY_ACTV_NOLCOLOR_SPD90_GRN_KMPH.png,56763,Big,1.22,0.9,"[0.9, 0.37, 0.0]",0.0,OK
ADAS_OSPZONE1_90_ADAS_LY.png,toCheck_100026_00545s_ADAS_OSPZONE1_90_ADAS_LY.png,90895,Big,0.0,0.02,"[0.0, 0.02, 0.0, 0.0, -0.05, 0.0, -0.05, -0.05, 0.0]",0.0,OK
ACC_GRY_ACTV_NOLCOLOR_SPD90_GRN_KMPH.png,toCheck_100026_00550s_ACC_GRY_ACTV_NOLCOLOR_SPD90_GRN_KMPH.png,56763,Big,1.22,0.9,"[0.9, 0.37, 0.0]",0.0,OK
ADAS_OSPZONE1_90_ADAS_LY.png,toCheck_100026_00550s_ADAS_OSPZONE1_90_ADAS_LY.png,90895,Big,0.0,0.02,"[0.0, 0.02, 0.0, 0.0, -0.05, 0.0, -0.05, -0.05, 0.0]",0.0,OK
OPR_TARGETCLS3UND.png,toCheck_100027_00458s_OPR_TARGETCLS3UND.png,204053,Big,0.02,0.2,"[0.07, 0.2, 0.0, 0.02, -0.05, 0.0]",0.0,OK
AEB_DANGER_RDSIGN_YEL.png,toCheck_100027_00463s_AEB_DANGER_RDSIGN_YEL.png,204053,Big,0.0,0.05,"[0.05, 0.02, 0.0, 0.02, -0.05, 0.0]",0.0,OK
ADAS_TXTALT_10925_11_FR.png,toCheck_100027_00463s_ADAS_TXTALT_10925_11_FR.png,267388,Big,-0.05,0.02,"[0.0, -0.05, 0.02, 0.0, 0.0, 0.02]",0.0,OK
AEB_ALTRED_50401_2.png,toCheck_100027_00468s_AEB_ALTRED_50401_2.png,204053,Big,0.0,0.02,"[0.02, 0.02, 0.0, 0.0, -0.05, 0.0]",0.0,OK
ADAS_TXTALT_10925_5_FR.png,toCheck_100027_00468s_ADAS_TXTALT_10925_5_FR.png,267388,Big,0.0,0.0,"[0.0, -0.05, 0.0, 0.0, -0.05, -0.05]",0.0,OK
AEB_DANGER_RDSIGN_YEL.png,toCheck_100027_00473s_AEB_DANGER_RDSIGN_YEL.png,204053,Big,0.0,0.05,"[0.05, 0.02, 0.0, 0.02, -0.05, 0.0]",0.0,OK
ADAS_TXTALT_10925_14_FR.png,toCheck_100027_00473s_ADAS_TXTALT_10925_14_FR.png,267388,Big,0.0,0.02,"[0.0, -0.05, 0.0, 0.0, 0.02, 0.0]",0.0,OK
Nodisp_DW.png,toCheck_100027_00478s_Nodisp_DW.png,267388,Big,-0.05,0.02,"[0.02, -0.05, -0.05, 0.0, 0.0, 0.0]",0.0,OK
OPR_TARGETCLS3UND.png,toCheck_100027_00478s_OPR_TARGETCLS3UND.png,204053,Big,0.02,0.2,"[0.07, 0.2, 0.0, 0.02, -0.05, 0.0]",0.0,OK
OPR_TARGETCLS3_0p2s.png,toCheck_100027_00483s_OPR_TARGETCLS3_0p2s.png,204053,Big,0.59,0.2,"[0.07, 0.2, 0.07, 0.07, -0.05, 0.0]",0.0,OK
ADAS_DW_Nodisp.png,toCheck_100027_00488s_ADAS_DW_Nodisp.png,204053,Big,0.0,0.0,"[0.0, 0.0, -0.05, -0.05, -0.05, 0.0]",0.0,OK
OPR_TARGETCLS3_0p2s.png,toCheck_100027_00493s_OPR_TARGETCLS3_0p2s.png,204053,Big,0.59,0.2,"[0.07, 0.2, 0.07, 0.07, -0.05, 0.0]",0.0,OK
OPR_TARGET_NODISP.png,toCheck_100027_00498s_OPR_TARGET_NODISP.png,204053,Big,0.0,0.02,"[0.02, 0.0, 0.0, 0.0, -0.05, 0.0]",0.0,OK
ADAS_LAYOUT.png,toCheck_100027_00400s_ADAS_LAYOUT.png,1376640,Big,0.0,0.02,"[-0.05, 0.02, 0.02, 0.0, 0.0, 0.0, 0.0, 0.0, 0.0, 0.0, 0.0, -0.05, 0.0, 0.0, 0.0, -0.05, 0.0, 0.0, -0.05, 0.0, 0.0, 0.0, 0.0, 0.0, -0.05, 0.0, -0.05, -0.05, 0.0, 0.0, 0.0, -0.05, 0.0, 0.02, 0.0, 0.02]",0.0,OK
OPR_TARGET_NODISP.png,toCheck_100027_00428s_OPR_TARGET_NODISP.png,204053,Big,0.0,0.02,"[0.02, 0.0, 0.0, 0.0, -0.05, 0.0]",0.0,OK
OPR_TARGETCLS0_3s.png,toCheck_100027_00433s_OPR_TARGETCLS0_3s.png,204053,Big,0.15,0.42,"[0.42, 0.07, 0.17, 0.1, -0.05, 0.0]",0.0,OK
OPR_TARGETCLS1_2p5s.png,toCheck_100027_00438s_OPR_TARGETCLS1_2p5s.png,204053,Big,0.02,0.46,"[0.46, 0.05, 0.05, 0.1, -0.05, 0.0]",0.0,OK
OPR_TARGETCLS1_1p5s.png,toCheck_100027_00443s_OPR_TARGETCLS1_1p5s.png,204053,Big,0.02,0.46,"[0.46, 0.05, 0.05, 0.1, -0.05, 0.0]",0.0,OK
OPR_TARGETCLS2_0p8s.png,toCheck_100027_00448s_OPR_TARGETCLS2_0p8s.png,204053,Big,0.39,0.22,"[0.22, 0.1, 0.05, 0.05, -0.05, 0.0]",0.0,OK
OPR_TARGETCLS3_0p2s.png,toCheck_100027_00453s_OPR_TARGETCLS3_0p2s.png,204053,Big,0.59,0.2,"[0.07, 0.2, 0.07, 0.07, -0.05, 0.0]",0.0,OK
DW_NOPR_TARGETCL3UND.png,toCheck_100028_00455s_DW_NOPR_TARGETCL3UND.png,204053,Big,0.02,0.2,"[0.07, 0.2, 0.0, 0.02, -0.05, 0.0]",0.0,OK
DW_NOPR_TARGETCL3UND.png,toCheck_100028_00460s_DW_NOPR_TARGETCL3UND.png,204053,Big,0.02,0.2,"[0.07, 0.2, 0.0, 0.02, -0.05, 0.0]",0.0,OK
DW_NOPR_TARGET_NODISP.png,toCheck_100028_00465s_DW_NOPR_TARGET_NODISP.png,204053,Big,0.0,0.02,"[0.02, 0.02, 0.0, 0.02, -0.05, 0.0]",0.0,OK
OPR_TARGET_NODISP.png,toCheck_100028_00475s_OPR_TARGET_NODISP.png,204053,Big,0.0,0.02,"[0.02, 0.0, 0.0, 0.0, -0.05, 0.0]",0.0,OK
DW_OPR_TARGETCLS0.png,toCheck_100028_00480s_DW_OPR_TARGETCLS0.png,204053,Big,0.0,0.42,"[0.42, 0.07, 0.0, 0.0, -0.05, 0.0]",0.0,OK
DW_OPR_TARGETCLS1.png,toCheck_100028_00485s_DW_OPR_TARGETCLS1.png,204053,Big,0.02,0.46,"[0.46, 0.05, 0.0, 0.0, -0.05, 0.0]",0.0,OK
DW_OPR_TARGETCLS2.png,toCheck_100028_00490s_DW_OPR_TARGETCLS2.png,204053,Big,0.02,0.46,"[0.46, 0.05, 0.0, 0.0, -0.05, 0.0]",0.0,OK
DW_OPR_TARGETCLS3.png,toCheck_100028_00495s_DW_OPR_TARGETCLS3.png,204053,Big,0.02,0.22,"[0.22, 0.1, 0.0, 0.0, -0.05, 0.0]",0.0,OK
DW_OPR_TARGETCLS4.png,toCheck_100028_00500s_DW_OPR_TARGETCLS4.png,204053,Big,0.02,0.2,"[0.07, 0.2, 0.0, 0.02, -0.05, 0.0]",0.0,OK
OPR_TARGET_NODISP.png,toCheck_100028_00505s_OPR_TARGET_NODISP.png,204053,Big,0.0,0.02,"[0.02, 0.0, 0.0, 0.0, -0.05, 0.0]",0.0,OK
ADAS_LAYOUT.png,toCheck_100028_00400s_ADAS_LAYOUT.png,1376640,Big,0.0,0.02,"[-0.05, 0.02, 0.02, 0.0, 0.0, 0.0, 0.0, 0.0, 0.0, 0.0, 0.0, -0.05, 0.0, 0.0, 0.0, -0.05, 0.0, 0.0, -0.05, 0.0, 0.0, 0.0, 0.0, 0.0, -0.05, 0.0, -0.05, -0.05, 0.0, 0.0, 0.0, -0.05, 0.0, 0.02, 0.0, 0.02]",0.0,OK
DW_NOPR_TARGET_NODISP.png,toCheck_100028_00425s_DW_NOPR_TARGET_NODISP.png,204053,Big,0.0,0.02,"[0.02, 0.02, 0.0, 0.02, -0.05, 0.0]",0.0,OK
DW_NOPR_TARGETCL0.png,toCheck_100028_00430s_DW_NOPR_TARGETCL0.png,204053,Big,0.02,0.61,"[0.61, 0.12, 0.0, 0.02, -0.05, 0.0]",0.0,OK
DW_NOPR_TARGETCL1.png,toCheck_100028_00435s_DW_NOPR_TARGETCL1.png,204053,Big,0.05,0.46,"[0.46, 0.15, 0.0, 0.02, -0.05, 0.0]",0.0,OK
DW_NOPR_TARGETCL2.png,toCheck_100028_00440s_DW_NOPR_TARGETCL2.png,204053,Big,0.05,0.46,"[0.46, 0.15, 0.0, 0.02, -0.05, 0.0]",0.0,OK
DW_NOPR_TARGETCL3.png,toCheck_100028_00445s_DW_NOPR_TARGETCL3.png,204053,Big,0.02,0.22,"[0.22, 0.1, 0.0, 0.0, -0.05, 0.0]",0.0,OK
DW_NOP_TARGETCLS4.png,toCheck_100028_00450s_DW_NOP_TARGETCLS4.png,204053,Big,0.02,0.2,"[0.07, 0.2, 0.0, 0.02, -0.05, 0.0]",0.0,OK
ADAS_TRGT_NODISP.png,toCheck_100029_00498s_ADAS_TRGT_NODISP.png,204053,Big,0.0,0.0,"[0.0, 0.0, -0.05, -0.05, -0.05, 0.0]",0.0,OK
ADAS_SPD_50KMPH_ACC_GRY_ACTV_NoLColor_70.png,toCheck_100029_00498s_ADAS_SPD_50KMPH_ACC_GRY_ACTV_NoLColor_70.png,326772,Big,0.12,1.59,"[0.0, 0.0, -0.05, 0.2, 0.02, 0.02, 1.59, 0.39, 0.0]",0.0,OK
OPR_TARGETCLS0_3s.png,toCheck_100029_00503s_OPR_TARGETCLS0_3s.png,204053,Big,0.15,0.42,"[0.42, 0.07, 0.17, 0.1, -0.05, 0.0]",0.0,OK
AEB_ALTRED_50401_2.png,toCheck_100029_00508s_AEB_ALTRED_50401_2.png,204053,Big,0.0,0.02,"[0.02, 0.02, 0.0, 0.0, -0.05, 0.0]",0.0,OK
ADAS_TXTALT_10925_5_FR.png,toCheck_100029_00508s_ADAS_TXTALT_10925_5_FR.png,267388,Big,0.0,0.0,"[0.0, -0.05, 0.0, 0.0, -0.05, -0.05]",0.0,OK
OPR_TARGETCLS0_3s.png,toCheck_100029_00513s_OPR_TARGETCLS0_3s.png,204053,Big,0.15,0.42,"[0.42, 0.07, 0.17, 0.1, -0.05, 0.0]",0.0,OK
ACC_GRY_WAIT_NOLCOLOR_SPDINV_GRY_KMPH.png,toCheck_100029_00518s_ACC_GRY_WAIT_NOLCOLOR_SPDINV_GRY_KMPH.png,56763,Big,0.34,0.46,"[0.46, 0.1, 0.0]",0.0,OK
ADAS_TRGT_NODISP_20603_21.png,toCheck_100029_00518s_ADAS_TRGT_NODISP_20603_21.png,204053,Big,0.0,0.0,"[0.0, 0.0, -0.05, -0.05, -0.05, 0.0]",0.0,OK
TXTALT_20603_21_FR.png,toCheck_100029_00518s_TXTALT_20603_21_FR.png,267388,Big,0.0,0.0,"[-0.05, 0.0, 0.0, 0.0, -0.05, 0.0]",0.0,OK
ACC_GRY_ACTV_NOLCOLOR_70KMPH.png,toCheck_100029_00578s_ACC_GRY_ACTV_NOLCOLOR_70KMPH.png,56763,Big,0.51,0.56,"[0.56, 0.15, 0.0]",0.0,OK
ADAS_TRGT_NODISP.png,toCheck_100029_00578s_ADAS_TRGT_NODISP.png,204053,Big,0.0,0.0,"[0.0, 0.0, -0.05, -0.05, -0.05, 0.0]",0.0,OK
ADAS_SPD_50KMPH_ACC_GRY_ACTV_NoLColor_70.png,toCheck_100029_00578s_ADAS_SPD_50KMPH_ACC_GRY_ACTV_NoLColor_70.png,326772,Big,0.12,1.59,"[0.0, 0.0, -0.05, 0.2, 0.02, 0.02, 1.59, 0.39, 0.0]",0.0,OK
AEB_ALTRED_50401_2.png,toCheck_100029_00583s_AEB_ALTRED_50401_2.png,204053,Big,0.0,0.02,"[0.02, 0.02, 0.0, 0.0, -0.05, 0.0]",0.0,OK
ADAS_TXTALT_10925_5_FR.png,toCheck_100029_00583s_ADAS_TXTALT_10925_5_FR.png,267388,Big,0.0,0.0,"[0.0, -0.05, 0.0, 0.0, -0.05, -0.05]",0.0,OK
ACC_GRY_ACTV_NOLCOLOR_70KMPH.png,toCheck_100029_00588s_ACC_GRY_ACTV_NOLCOLOR_70KMPH.png,56763,Big,0.51,0.56,"[0.56, 0.15, 0.0]",0.0,OK
ADAS_TRGT_NODISP.png,toCheck_100029_00588s_ADAS_TRGT_NODISP.png,204053,Big,0.0,0.0,"[0.0, 0.0, -0.05, -0.05, -0.05, 0.0]",0.0,OK
ADAS_SPD_50KMPH_ACC_GRY_ACTV_NoLColor_70.png,toCheck_100029_00588s_ADAS_SPD_50KMPH_ACC_GRY_ACTV_NoLColor_70.png,326772,Big,0.12,1.59,"[0.0, 0.0, -0.05, 0.2, 0.02, 0.02, 1.59, 0.39, 0.0]",0.0,OK
OPR_TARGETCLS0_3s.png,toCheck_100029_00593s_OPR_TARGETCLS0_3s.png,204053,Big,0.15,0.42,"[0.42, 0.07, 0.17, 0.1, -0.05, 0.0]",0.0,OK
ADAS_DW_Nodisp.png,toCheck_100029_00598s_ADAS_DW_Nodisp.png,204053,Big,0.0,0.0,"[0.0, 0.0, -0.05, -0.05, -0.05, 0.0]",0.0,OK
ADAS_LAYOUT.png,toCheck_100029_00400s_ADAS_LAYOUT.png,1376640,Big,0.0,0.02,"[-0.05, 0.02, 0.02, 0.0, 0.0, 0.0, 0.0, 0.0, 0.0, 0.0, 0.0, -0.05, 0.0, 0.0, 0.0, -0.05, 0.0, 0.0, -0.05, 0.0, 0.0, 0.0, 0.0, 0.0, -0.05, 0.0, -0.05, -0.05, 0.0, 0.0, 0.0, -0.05, 0.0, 0.02, 0.0, 0.02]",0.0,OK
OPR_TARGET_NODISP.png,toCheck_100029_00428s_OPR_TARGET_NODISP.png,204053,Big,0.0,0.02,"[0.02, 0.0, 0.0, 0.0, -0.05, 0.0]",0.0,OK
OPR_TARGETCLS0_3s.png,toCheck_100029_00433s_OPR_TARGETCLS0_3s.png,204053,Big,0.15,0.42,"[0.42, 0.07, 0.17, 0.1, -0.05, 0.0]",0.0,OK
ACC_GRY_WAIT_NOLCOLOR_SPDINV_GRY_KMPH.png,toCheck_100029_00438s_ACC_GRY_WAIT_NOLCOLOR_SPDINV_GRY_KMPH.png,56763,Big,0.34,0.46,"[0.46, 0.1, 0.0]",0.0,OK
ADAS_TRGT_NODISP_20603_21.png,toCheck_100029_00438s_ADAS_TRGT_NODISP_20603_21.png,204053,Big,0.0,0.0,"[0.0, 0.0, -0.05, -0.05, -0.05, 0.0]",0.0,OK
TXTALT_20603_21_FR.png,toCheck_100029_00438s_TXTALT_20603_21_FR.png,267388,Big,0.0,0.0,"[-0.05, 0.0, 0.0, 0.0, -0.05, 0.0]",0.0,OK
ACC_GRY_ACTV_NOLCOLOR_70KMPH.png,toCheck_100029_00498s_ACC_GRY_ACTV_NOLCOLOR_70KMPH.png,56763,Big,0.51,0.56,"[0.56, 0.15, 0.0]",0.0,OK
ADAS_TXTALT_10913_10_FR.png,toCheck_100030_00310s_ADAS_TXTALT_10913_10_FR.png,267388,Big,0.0,0.0,"[-0.05, -0.05, 0.0, 0.0, 0.0, -0.05]",0.0,OK
ADAS_TXTALT_10913_11_FR.png,toCheck_100030_00410s_ADAS_TXTALT_10913_11_FR.png,267388,Big,-0.05,0.02,"[0.0, 0.02, 0.0, 0.0, 0.0, 0.0]",0.0,OK
TLT_SERV_OFF.png,toCheck_100030_00410s_TLT_SERV_OFF.png,30736,Big,0.24,1.22,"[0.46, 1.22, 0.54, 0.46, 0.17, 0.22, 0.66, 0.49, 0.0, 0.0, 0.0, 0.0]",0.0,OK
TLT_STOP_OFF.png,toCheck_100030_00410s_TLT_STOP_OFF.png,22176,Big,0.24,0.51,"[0.44, 0.22, 0.27, 0.0, 0.44, 0.17, 0.51, 0.0]",0.0,OK
TXTALT_10913_19_FR.png,toCheck_100030_00510s_TXTALT_10913_19_FR.png,267388,Big,-0.05,0.02,"[0.0, 0.02, 0.0, 0.0, 0.0, 0.0]",0.0,OK
TLT_SERV_OFF.png,toCheck_100030_00510s_TLT_SERV_OFF.png,30736,Big,0.24,1.22,"[0.46, 1.22, 0.54, 0.46, 0.17, 0.22, 0.66, 0.49, 0.0, 0.0, 0.0, 0.0]",0.0,OK
TLT_STOP_OFF.png,toCheck_100030_00510s_TLT_STOP_OFF.png,22176,Big,0.24,0.51,"[0.44, 0.22, 0.27, 0.0, 0.44, 0.17, 0.51, 0.0]",0.0,OK
LC_LLGRY_STGRY_RLGRY_STGRY_10913_16.png,toCheck_100030_00515s_LC_LLGRY_STGRY_RLGRY_STGRY_10913_16.png,204053,Big,0.0,0.02,"[0.0, 0.0, 0.0, 0.02, -0.05, 0.0]",0.0,OK
TXTALT_10913_16_FR.png,toCheck_100030_00515s_TXTALT_10913_16_FR.png,267388,Big,3.27,10.91,"[4.61, 8.5, 10.91, 3.03, 5.62, 5.59]",0.0,Investigate
ADAS_LAYOUT.png,toCheck_100030_00230s_ADAS_LAYOUT.png,1376640,Big,0.0,0.02,"[-0.05, 0.02, 0.02, 0.0, 0.0, 0.0, 0.0, 0.0, 0.0, 0.0, 0.0, -0.05, 0.0, 0.0, 0.0, -0.05, 0.0, 0.0, -0.05, 0.0, 0.0, 0.0, 0.0, 0.0, -0.05, 0.0, -0.05, -0.05, 0.0, 0.0, 0.0, -0.05, 0.0, 0.02, 0.0, 0.02]",0.0,OK
LC_LLGRN_STGRN_RLGRN_STGRN.png,toCheck_100030_00300s_LC_LLGRN_STGRN_RLGRN_STGRN.png,204053,Big,0.0,0.05,"[0.02, 0.05, 0.0, 0.05, -0.05, 0.0]",0.0,OK
LC_LLRED_STRED_RLGRN_STGRN.png,toCheck_100030_00305s_LC_LLRED_STRED_RLGRN_STGRN.png,204053,Big,0.05,0.05,"[0.02, 0.05, 0.02, 0.05, -0.05, 0.0]",0.0,OK
ADAS_TXTALT_10913_10_FR.png,toCheck_100031_00310s_ADAS_TXTALT_10913_10_FR.png,267388,Big,0.0,0.0,"[-0.05, -0.05, 0.0, 0.0, 0.0, -0.05]",0.0,OK
ADAS_TXTALT_10913_11_FR.png,toCheck_100031_00410s_ADAS_TXTALT_10913_11_FR.png,267388,Big,-0.05,0.02,"[0.0, 0.02, 0.0, 0.0, 0.0, 0.0]",0.0,OK
TLT_SERV_OFF.png,toCheck_100031_00410s_TLT_SERV_OFF.png,30736,Big,0.24,1.22,"[0.46, 1.22, 0.54, 0.46, 0.17, 0.22, 0.66, 0.49, 0.0, 0.0, 0.0, 0.0]",0.0,OK
TLT_STOP_OFF.png,toCheck_100031_00410s_TLT_STOP_OFF.png,22176,Big,0.24,0.51,"[0.44, 0.22, 0.27, 0.0, 0.44, 0.17, 0.51, 0.0]",0.0,OK
TXTALT_10913_19_FR.png,toCheck_100031_00560s_TXTALT_10913_19_FR.png,267388,Big,-0.05,0.02,"[0.0, 0.02, 0.0, 0.0, 0.0, 0.0]",0.0,OK
TLT_SERV_OFF.png,toCheck_100031_00560s_TLT_SERV_OFF.png,30736,Big,0.24,1.22,"[0.46, 1.22, 0.54, 0.46, 0.17, 0.22, 0.66, 0.49, 0.0, 0.0, 0.0, 0.0]",0.0,OK
TLT_STOP_OFF.png,toCheck_100031_00560s_TLT_STOP_OFF.png,22176,Big,0.24,0.51,"[0.44, 0.22, 0.27, 0.0, 0.44, 0.17, 0.51, 0.0]",0.0,OK
LC_LLGRY_STGRY_RLGRY_STGRY_10913_16.png,toCheck_100031_00565s_LC_LLGRY_STGRY_RLGRY_STGRY_10913_16.png,204053,Big,0.0,0.02,"[0.0, 0.0, 0.0, 0.02, -0.05, 0.0]",0.0,OK
TXTALT_10913_16_FR.png,toCheck_100031_00565s_TXTALT_10913_16_FR.png,267388,Big,3.27,10.91,"[4.61, 8.5, 10.91, 3.03, 5.62, 5.59]",0.0,Investigate
ADAS_LAYOUT.png,toCheck_100031_00230s_ADAS_LAYOUT.png,1376640,Big,0.0,0.02,"[-0.05, 0.02, 0.02, 0.0, 0.0, 0.0, 0.0, 0.0, 0.0, 0.0, 0.0, -0.05, 0.0, 0.0, 0.0, -0.05, 0.0, 0.0, -0.05, 0.0, 0.0, 0.0, 0.0, 0.0, -0.05, 0.0, -0.05, -0.05, 0.0, 0.0, 0.0, -0.05, 0.0, 0.02, 0.0, 0.02]",0.0,OK
LC_LLGRN_STGRN_RLGRN_STGRN.png,toCheck_100031_00300s_LC_LLGRN_STGRN_RLGRN_STGRN.png,204053,Big,0.0,0.05,"[0.02, 0.05, 0.0, 0.05, -0.05, 0.0]",0.0,OK
LC_LLRED_STRED_RLGRN_STGRN.png,toCheck_100031_00305s_LC_LLRED_STRED_RLGRN_STGRN.png,204053,Big,0.05,0.05,"[0.02, 0.05, 0.02, 0.05, -0.05, 0.0]",0.0,OK
ACC_GRY_ACTV_NOCOLOR_80KMPH_LC_GRY.png,toCheck_100032_00370s_ACC_GRY_ACTV_NOCOLOR_80KMPH_LC_GRY.png,56763,Big,1.68,2.66,"[2.66, 0.78, 0.0]",0.0,OK
LC_LLGRY_STGRY_RLGRY_STGRY_ACC.png,toCheck_100032_00370s_LC_LLGRY_STGRY_RLGRY_STGRY_ACC.png,204053,Big,0.0,0.02,"[0.0, 0.0, 0.0, 0.02, -0.05, 0.0]",0.0,OK
ACC_GRY_ACTV_NOCOLOR_80KMPH_LC_GRN.png,toCheck_100032_00390s_ACC_GRY_ACTV_NOCOLOR_80KMPH_LC_GRN.png,56763,Big,1.68,1.61,"[1.61, 0.78, 0.0]",0.0,OK
LC_LLGRN_STGRN_RLGRN_STGRN_ACC.png,toCheck_100032_00390s_LC_LLGRN_STGRN_RLGRN_STGRN_ACC.png,204053,Big,0.0,0.05,"[0.02, 0.05, 0.0, 0.05, -0.05, 0.0]",0.0,OK
ACC_GRY_ACTV_NOCOLOR_80KMPH_LC_RED.png,toCheck_100032_00395s_ACC_GRY_ACTV_NOCOLOR_80KMPH_LC_RED.png,56763,Big,1.68,2.05,"[2.05, 0.78, 0.0]",0.0,OK
LC_LLRED_STRED_RLGRN_STGRN_ACC.png,toCheck_100032_00395s_LC_LLRED_STRED_RLGRN_STGRN_ACC.png,204053,Big,0.05,0.05,"[0.02, 0.05, 0.02, 0.05, -0.05, 0.0]",0.0,OK
ACC_GRY_ACTV_NOCOLOR_80KMPH_LC_GRY.png,toCheck_100032_00400s_ACC_GRY_ACTV_NOCOLOR_80KMPH_LC_GRY.png,56763,Big,1.68,2.66,"[2.66, 0.78, 0.0]",0.0,OK
LC_LLGRY_STGRY_RLGRY_STGRY_ACC_OVR.png,toCheck_100032_00400s_LC_LLGRY_STGRY_RLGRY_STGRY_ACC_OVR.png,204053,Big,0.0,0.02,"[0.0, 0.0, 0.0, 0.02, -0.05, 0.0]",0.0,OK
ACC_GRY_ACTV_NOCOLOR_80KMPH_LC_RED.png,toCheck_100032_00405s_ACC_GRY_ACTV_NOCOLOR_80KMPH_LC_RED.png,56763,Big,1.68,2.05,"[2.05, 0.78, 0.0]",0.0,OK
LC_LLRED_STRED_RLGRN_STGRN_ACC.png,toCheck_100032_00405s_LC_LLRED_STRED_RLGRN_STGRN_ACC.png,204053,Big,0.05,0.05,"[0.02, 0.05, 0.02, 0.05, -0.05, 0.0]",0.0,OK
ACC_GRY_ACTV_NOCOLOR_80KMPH_LC_RED.png,toCheck_100032_00410s_ACC_GRY_ACTV_NOCOLOR_80KMPH_LC_RED.png,56763,Big,1.68,2.05,"[2.05, 0.78, 0.0]",0.0,OK
LC_LLGRN_STGRN_RLRED_STRED_ACC.png,toCheck_100032_00410s_LC_LLGRN_STGRN_RLRED_STRED_ACC.png,204053,Big,0.02,0.05,"[0.02, 0.02, 0.0, 0.05, -0.05, 0.0]",0.0,OK
ACC_GRY_ACTV_NOCOLOR_80KMPH_LC_GRY.png,toCheck_100032_00415s_ACC_GRY_ACTV_NOCOLOR_80KMPH_LC_GRY.png,56763,Big,1.68,2.66,"[2.66, 0.78, 0.0]",0.0,OK
LC_LLGRY_STGRY_RLGRY_STGRY_ACC_OVR.png,toCheck_100032_00415s_LC_LLGRY_STGRY_RLGRY_STGRY_ACC_OVR.png,204053,Big,0.0,0.02,"[0.0, 0.0, 0.0, 0.02, -0.05, 0.0]",0.0,OK
ACC_GRY_ACTV_NOCOLOR_80KMPH_LC_RED.png,toCheck_100032_00420s_ACC_GRY_ACTV_NOCOLOR_80KMPH_LC_RED.png,56763,Big,1.68,2.05,"[2.05, 0.78, 0.0]",0.0,OK
LC_LLGRN_STGRN_RLRED_STRED_ACC.png,toCheck_100032_00420s_LC_LLGRN_STGRN_RLRED_STRED_ACC.png,204053,Big,0.02,0.05,"[0.02, 0.02, 0.0, 0.05, -0.05, 0.0]",0.0,OK
ACC_GRY_ACTV_NOCOLOR_80KMPH_LC_RED.png,toCheck_100032_00425s_ACC_GRY_ACTV_NOCOLOR_80KMPH_LC_RED.png,56763,Big,1.68,2.05,"[2.05, 0.78, 0.0]",0.0,OK
LC_LLRED_STRED_RLRED_STRED_ACC.png,toCheck_100032_00425s_LC_LLRED_STRED_RLRED_STRED_ACC.png,204053,Big,0.02,0.05,"[0.05, 0.02, 0.02, 0.05, -0.05, 0.0]",0.0,OK
ACC_GRY_ACTV_NOCOLOR_80KMPH_LC_GRY.png,toCheck_100032_00430s_ACC_GRY_ACTV_NOCOLOR_80KMPH_LC_GRY.png,56763,Big,1.68,2.66,"[2.66, 0.78, 0.0]",0.0,OK
LC_LLGRY_STGRY_RLGRY_STGRY_ACC_OVR.png,toCheck_100032_00430s_LC_LLGRY_STGRY_RLGRY_STGRY_ACC_OVR.png,204053,Big,0.0,0.02,"[0.0, 0.0, 0.0, 0.02, -0.05, 0.0]",0.0,OK
ACC_GRY_ACTV_NOCOLOR_80KMPH_LC_RED.png,toCheck_100032_00435s_ACC_GRY_ACTV_NOCOLOR_80KMPH_LC_RED.png,56763,Big,1.68,2.05,"[2.05, 0.78, 0.0]",0.0,OK
LC_LLRED_STRED_RLRED_STRED_ACC.png,toCheck_100032_00435s_LC_LLRED_STRED_RLRED_STRED_ACC.png,204053,Big,0.02,0.05,"[0.05, 0.02, 0.02, 0.05, -0.05, 0.0]",0.0,OK
ACC_GRY_ACTV_NOCOLOR_80KMPH_LC_GRN.png,toCheck_100032_00440s_ACC_GRY_ACTV_NOCOLOR_80KMPH_LC_GRN.png,56763,Big,1.68,1.61,"[1.61, 0.78, 0.0]",0.0,OK
LC_LLGRN_STGRN_RLGRN_STGRN_ACC.png,toCheck_100032_00440s_LC_LLGRN_STGRN_RLGRN_STGRN_ACC.png,204053,Big,0.0,0.05,"[0.02, 0.05, 0.0, 0.05, -0.05, 0.0]",0.0,OK
ACC_GRY_ACTV_NOCOLOR_80KMPH_LC_NODISP.png,toCheck_100032_00445s_ACC_GRY_ACTV_NOCOLOR_80KMPH_LC_NODISP.png,56763,Big,0.95,1.54,"[1.54, 0.49, 0.0]",0.0,OK
ADAS_LAYOUT.png,toCheck_100032_00230s_ADAS_LAYOUT.png,1376640,Big,0.0,0.02,"[-0.05, 0.02, 0.02, 0.0, 0.0, 0.0, 0.0, 0.0, 0.0, 0.0, 0.0, -0.05, 0.0, 0.0, 0.0, -0.05, 0.0, 0.0, -0.05, 0.0, 0.0, 0.0, 0.0, 0.0, -0.05, 0.0, -0.05, -0.05, 0.0, 0.0, 0.0, -0.05, 0.0, 0.02, 0.0, 0.02]",0.0,OK
LC_LLGRY_STGRY_RLGRY_STGRY.png,toCheck_100032_00250s_LC_LLGRY_STGRY_RLGRY_STGRY.png,204053,Big,0.0,0.02,"[0.0, 0.0, 0.0, 0.02, -0.05, 0.0]",0.0,OK
ACC_GRY_WAIT_NOCOLOR_INVKMPH_LC_GRY.png,toCheck_100032_00300s_ACC_GRY_WAIT_NOCOLOR_INVKMPH_LC_GRY.png,56763,Big,0.68,0.85,"[0.71, 0.85, 0.0]",0.0,OK
LC_LLGRY_STGRY_RLGRY_STGRY_10913_21.png,toCheck_100032_00300s_LC_LLGRY_STGRY_RLGRY_STGRY_10913_21.png,204053,Big,0.0,0.02,"[0.0, 0.0, 0.0, 0.02, -0.05, 0.0]",0.0,OK
ACC_GRY_ACTV_NOCOLOR_80KMPH_LC_GRN.png,toCheck_100032_00350s_ACC_GRY_ACTV_NOCOLOR_80KMPH_LC_GRN.png,56763,Big,1.68,1.61,"[1.61, 0.78, 0.0]",0.0,OK
LC_LLGRN_STGRN_RLGRN_STGRN_ACC.png,toCheck_100032_00350s_LC_LLGRN_STGRN_RLGRN_STGRN_ACC.png,204053,Big,0.0,0.05,"[0.02, 0.05, 0.0, 0.05, -0.05, 0.0]",0.0,OK
LC_LLGRY_STGRY_RLGRY_STGRY_OVR.png,toCheck_100033_00450s_LC_LLGRY_STGRY_RLGRY_STGRY_OVR.png,204053,Big,0.0,0.02,"[0.0, 0.0, 0.0, 0.02, -0.05, 0.0]",0.0,OK
LC_LLRED_STRED_RLGRN_STGRN.png,toCheck_100033_00455s_LC_LLRED_STRED_RLGRN_STGRN.png,204053,Big,0.05,0.05,"[0.02, 0.05, 0.02, 0.05, -0.05, 0.0]",0.0,OK
LC_LLGRN_STGRN_RLGRN_STGRN.png,toCheck_100033_00460s_LC_LLGRN_STGRN_RLGRN_STGRN.png,204053,Big,0.0,0.05,"[0.02, 0.05, 0.0, 0.05, -0.05, 0.0]",0.0,OK
LC_LLGRN_STGRN_RLRED_STRED.png,toCheck_100033_00465s_LC_LLGRN_STGRN_RLRED_STRED.png,204053,Big,0.02,0.05,"[0.02, 0.02, 0.0, 0.05, -0.05, 0.0]",0.0,OK
LC_LLGRN_STGRN_RLGRN_STGRN.png,toCheck_100033_00470s_LC_LLGRN_STGRN_RLGRN_STGRN.png,204053,Big,0.0,0.05,"[0.02, 0.05, 0.0, 0.05, -0.05, 0.0]",0.0,OK
LC_LLRED_STRED_RLRED_STRED.png,toCheck_100033_00475s_LC_LLRED_STRED_RLRED_STRED.png,204053,Big,0.02,0.05,"[0.05, 0.02, 0.02, 0.05, -0.05, 0.0]",0.0,OK
LC_LLGRN_STGRN_RLGRN_STGRN.png,toCheck_100033_00480s_LC_LLGRN_STGRN_RLGRN_STGRN.png,204053,Big,0.0,0.05,"[0.02, 0.05, 0.0, 0.05, -0.05, 0.0]",0.0,OK
ADAS_LAYOUT.png,toCheck_100033_00400s_ADAS_LAYOUT.png,1376640,Big,0.0,0.02,"[-0.05, 0.02, 0.02, 0.0, 0.0, 0.0, 0.0, 0.0, 0.0, 0.0, 0.0, -0.05, 0.0, 0.0, 0.0, -0.05, 0.0, 0.0, -0.05, 0.0, 0.0, 0.0, 0.0, 0.0, -0.05, 0.0, -0.05, -0.05, 0.0, 0.0, 0.0, -0.05, 0.0, 0.02, 0.0, 0.02]",0.0,OK
LC_LLGRY_STGRY_RLGRY_STGRY.png,toCheck_100033_00420s_LC_LLGRY_STGRY_RLGRY_STGRY.png,204053,Big,0.0,0.02,"[0.0, 0.0, 0.0, 0.02, -0.05, 0.0]",0.0,OK
LC_LLGRN_STGRN_RLGRN_STGRN.png,toCheck_100033_00440s_LC_LLGRN_STGRN_RLGRN_STGRN.png,204053,Big,0.0,0.05,"[0.02, 0.05, 0.0, 0.05, -0.05, 0.0]",0.0,OK
LC_LLRED_STRED_RLGRN_STGRN.png,toCheck_100033_00445s_LC_LLRED_STRED_RLGRN_STGRN.png,204053,Big,0.05,0.05,"[0.02, 0.05, 0.02, 0.05, -0.05, 0.0]",0.0,OK
LC_LLGRY_STGRY_RLGRY_STGRY_OVR.png,toCheck_100034_00310s_LC_LLGRY_STGRY_RLGRY_STGRY_OVR.png,204053,Big,0.0,0.02,"[0.0, 0.0, 0.0, 0.02, -0.05, 0.0]",0.0,OK
LC_LLRED_STRED_RLGRY_STGRY.png,toCheck_100034_00315s_LC_LLRED_STRED_RLGRY_STGRY.png,204053,Big,0.05,0.05,"[0.05, 0.0, 0.02, 0.02, -0.05, 0.0]",0.0,OK
LC_LLGRY_STGRY_RLRED_STRED.png,toCheck_100034_00320s_LC_LLGRY_STGRY_RLRED_STRED.png,204053,Big,0.05,0.05,"[0.0, 0.02, 0.0, 0.05, -0.05, 0.0]",0.0,OK
LC_LLGRY_STGRY_RLGRY_STGRY_OVR.png,toCheck_100034_00325s_LC_LLGRY_STGRY_RLGRY_STGRY_OVR.png,204053,Big,0.0,0.02,"[0.0, 0.0, 0.0, 0.02, -0.05, 0.0]",0.0,OK
LC_LLGRY_STGRY_RLRED_STRED.png,toCheck_100034_00330s_LC_LLGRY_STGRY_RLRED_STRED.png,204053,Big,0.05,0.05,"[0.0, 0.02, 0.0, 0.05, -0.05, 0.0]",0.0,OK
LC_LLRED_STRED_RLRED_STRED.png,toCheck_100034_00335s_LC_LLRED_STRED_RLRED_STRED.png,204053,Big,0.02,0.05,"[0.05, 0.02, 0.02, 0.05, -0.05, 0.0]",0.0,OK
LC_LLGRY_STGRY_RLGRY_STGRY_OVR.png,toCheck_100034_00340s_LC_LLGRY_STGRY_RLGRY_STGRY_OVR.png,204053,Big,0.0,0.02,"[0.0, 0.0, 0.0, 0.02, -0.05, 0.0]",0.0,OK
LC_LLRED_STRED_RLRED_STRED.png,toCheck_100034_00345s_LC_LLRED_STRED_RLRED_STRED.png,204053,Big,0.02,0.05,"[0.05, 0.02, 0.02, 0.05, -0.05, 0.0]",0.0,OK
LC_LLGRY_STGRY_RLGRY_STGRY.png,toCheck_100034_00350s_LC_LLGRY_STGRY_RLGRY_STGRY.png,204053,Big,0.0,0.02,"[0.0, 0.0, 0.0, 0.02, -0.05, 0.0]",0.0,OK
ADAS_LAYOUT.png,toCheck_100034_00230s_ADAS_LAYOUT.png,1376640,Big,0.0,0.02,"[-0.05, 0.02, 0.02, 0.0, 0.0, 0.0, 0.0, 0.0, 0.0, 0.0, 0.0, -0.05, 0.0, 0.0, 0.0, -0.05, 0.0, 0.0, -0.05, 0.0, 0.0, 0.0, 0.0, 0.0, -0.05, 0.0, -0.05, -0.05, 0.0, 0.0, 0.0, -0.05, 0.0, 0.02, 0.0, 0.02]",0.0,OK
LC_LLGRY_STGRY_RLGRY_STGRY.png,toCheck_100034_00300s_LC_LLGRY_STGRY_RLGRY_STGRY.png,204053,Big,0.0,0.02,"[0.0, 0.0, 0.0, 0.02, -0.05, 0.0]",0.0,OK
LC_LLRED_STRED_RLGRY_STGRY.png,toCheck_100034_00305s_LC_LLRED_STRED_RLGRY_STGRY.png,204053,Big,0.05,0.05,"[0.05, 0.0, 0.02, 0.02, -0.05, 0.0]",0.0,OK
SL_ACT_VALIDSPD_70_KMH.png,toCheck_100035_00221s_SL_ACT_VALIDSPD_70_KMH.png,38076,Big,0.32,0.34,"[0.17, 0.34, 0.0]",0.0,OK
ADAS_GRY_SPD_GRN_70.png,toCheck_100036_00221s_ADAS_GRY_SPD_GRN_70.png,38076,Big,1.46,1.0,"[0.46, 1.0, 0.0]",0.0,OK
SL_ACT_VALIDSPD_70_KMH.png,toCheck_100037_00221s_SL_ACT_VALIDSPD_70_KMH.png,38076,Big,0.32,0.34,"[0.17, 0.34, 0.0]",0.0,OK
FULL_ALTIA_WAKEUP_MI.png,toCheck_100040_00741s_FULL_ALTIA_WAKEUP_MI.png,1376640,Big,0.0,12.52,"[0.02, 0.0, -0.05, 0.0, 0.0, -0.05, 0.0, -0.05, 0.0, 0.0, -0.05, 0.0, 0.0, 0.0, 0.0, 0.02, 0.0, 0.0, 12.52, 0.02, -0.05, 0.0, 0.0, 0.02, -0.05, 0.0, 0.0, 0.0, 0.0, 0.0, 0.02, -0.05, -0.05, -0.05, 0.02, -0.05]",0.0,NOK
ADAS_TXTALT_10925_11_FR.png,toCheck_100041_00425s_ADAS_TXTALT_10925_11_FR.png,267388,Big,-0.05,0.02,"[0.0, -0.05, 0.02, 0.0, 0.0, 0.02]",0.0,OK
AEB_ALTRED_50401_2.png,toCheck_100041_00430s_AEB_ALTRED_50401_2.png,204053,Big,0.0,0.02,"[0.02, 0.02, 0.0, 0.0, -0.05, 0.0]",0.0,OK
ADAS_TXTALT_10925_5_FR.png,toCheck_100041_00430s_ADAS_TXTALT_10925_5_FR.png,267388,Big,0.0,0.0,"[0.0, -0.05, 0.0, 0.0, -0.05, -0.05]",0.0,OK
AEB_DANGER_RDSIGN_YEL.png,toCheck_100041_00435s_AEB_DANGER_RDSIGN_YEL.png,204053,Big,0.0,0.05,"[0.05, 0.02, 0.0, 0.02, -0.05, 0.0]",0.0,OK
ADAS_TXTALT_10925_14_FR.png,toCheck_100041_00435s_ADAS_TXTALT_10925_14_FR.png,267388,Big,0.0,0.02,"[0.0, -0.05, 0.0, 0.0, 0.02, 0.0]",0.0,OK
NO_ALERT_ADAS.png,toCheck_100041_00440s_NO_ALERT_ADAS.png,267388,Big,-0.05,0.02,"[0.02, -0.05, -0.05, 0.0, 0.0, 0.0]",0.0,OK
TLT_SBSFAILOFF_ON.png,toCheck_100041_00445s_TLT_SBSFAILOFF_ON.png,19456,Big,0.15,0.07,"[0.07, 0.07, 0.0, -0.05, 0.0, 0.0]",0.0,OK
TLT_SERV_OFF.png,toCheck_100041_00445s_TLT_SERV_OFF.png,30736,Big,0.24,3.71,"[0.46, 1.22, 0.54, 1.95, 0.17, 0.22, 0.66, 3.71, 0.0, 0.0, 0.0, 0.0]",0.0,Investigate
TLT_STOP_OFF.png,toCheck_100041_00445s_TLT_STOP_OFF.png,22176,Big,0.24,0.51,"[0.44, 0.22, 0.27, 0.0, 0.44, 0.17, 0.51, 0.0]",0.0,OK
TLT_SERV_OFF.png,toCheck_100041_00445s_TLT_SERV_OFF.png,30736,Big,0.24,3.71,"[0.46, 1.22, 0.54, 1.95, 0.17, 0.22, 0.66, 3.71, 0.0, 0.0, 0.0, 0.0]",0.0,Investigate
TLT_STOP_OFF.png,toCheck_100041_00445s_TLT_STOP_OFF.png,22176,Big,0.24,0.51,"[0.44, 0.22, 0.27, 0.0, 0.44, 0.17, 0.51, 0.0]",0.0,OK
ADAS_LAYOUT.png,toCheck_100041_00400s_ADAS_LAYOUT.png,1376640,Big,0.0,0.02,"[-0.05, 0.02, 0.02, 0.0, 0.0, 0.0, 0.0, 0.0, 0.0, 0.0, 0.0, -0.05, 0.0, 0.0, 0.0, -0.05, 0.0, 0.0, -0.05, 0.0, 0.0, 0.0, 0.0, 0.0, -0.05, 0.0, -0.05, -0.05, 0.0, 0.0, 0.0, -0.05, 0.0, 0.02, 0.0, 0.02]",0.0,OK
TLT_SERV_OFF.png,toCheck_100041_00420s_TLT_SERV_OFF.png,30736,Big,0.24,3.71,"[0.46, 1.22, 0.54, 1.95, 0.17, 0.22, 0.66, 3.71, 0.0, 0.0, 0.0, 0.0]",0.0,Investigate
TLT_STOP_OFF.png,toCheck_100041_00420s_TLT_STOP_OFF.png,22176,Big,0.24,0.51,"[0.44, 0.22, 0.27, 0.0, 0.44, 0.17, 0.51, 0.0]",0.0,OK
TLT_SERV_OFF.png,toCheck_100041_00420s_TLT_SERV_OFF.png,30736,Big,0.24,3.71,"[0.46, 1.22, 0.54, 1.95, 0.17, 0.22, 0.66, 3.71, 0.0, 0.0, 0.0, 0.0]",0.0,Investigate
TLT_STOP_OFF.png,toCheck_100041_00420s_TLT_STOP_OFF.png,22176,Big,0.24,0.51,"[0.44, 0.22, 0.27, 0.0, 0.44, 0.17, 0.51, 0.0]",0.0,OK
TLT_SBSFAILOFF_ON.png,toCheck_100041_00420s_TLT_SBSFAILOFF_ON.png,19456,Big,0.15,0.07,"[0.07, 0.07, 0.0, -0.05, 0.0, 0.0]",0.0,OK
AEB_DANGER_RDSIGN_YEL.png,toCheck_100041_00425s_AEB_DANGER_RDSIGN_YEL.png,204053,Big,0.0,0.05,"[0.05, 0.02, 0.0, 0.02, -0.05, 0.0]",0.0,OK
SL_GRY_INV.png,toCheck_100042_00208s_SL_GRY_INV.png,38076,Big,0.32,1.56,"[1.56, 0.37, 0.0]",0.0,OK
SL_WHT_70_KMPH.png,toCheck_100042_00213s_SL_WHT_70_KMPH.png,38076,Big,0.32,1.0,"[1.0, 0.34, 0.0]",0.0,OK
SPD_0KMPH_SLSPD_70_WHT.png,toCheck_100042_00213s_SPD_0KMPH_SLSPD_70_WHT.png,326772,Big,0.05,0.29,"[0.02, -0.05, -0.05, 0.02, 0.1, -0.05, 0.0, 0.29, -0.05]",0.0,OK
SL_GRY_75_KMPH.png,toCheck_100043_00272s_SL_GRY_75_KMPH.png,38076,Big,0.22,0.83,"[0.12, 0.27, 0.83]",0.0,OK
SL_GRY_75_KMPH.png,toCheck_100043_00282s_SL_GRY_75_KMPH.png,38076,Big,0.22,0.83,"[0.12, 0.27, 0.83]",0.0,OK
SL_GRY_80_KMPH.png,toCheck_100043_00287s_SL_GRY_80_KMPH.png,38076,Big,1.07,2.64,"[0.32, 1.61, 2.64]",0.0,OK
SPD_75KMPH_SLSPD_80_GRY.png,toCheck_100043_00287s_SPD_75KMPH_SLSPD_80_GRY.png,326772,Big,0.12,1.61,"[0.0, -0.05, -0.05, 0.24, 0.34, -0.05, 0.32, 1.61, -0.05]",0.0,OK
SL_WHT_INV_OFF.png,toCheck_100043_00297s_SL_WHT_INV_OFF.png,38076,Big,1.27,0.93,"[0.61, 0.93, 0.0]",0.0,OK
SL_WHT_INV_OFF.png,toCheck_100043_00307s_SL_WHT_INV_OFF.png,38076,Big,1.27,0.93,"[0.61, 0.93, 0.0]",0.0,OK
SL_WHT_50_KMPH.png,toCheck_100043_00322s_SL_WHT_50_KMPH.png,38076,Big,0.37,1.59,"[0.27, 1.59, 0.0]",0.0,OK
SL_WHT_50_KMPH.png,toCheck_100043_00376s_SL_WHT_50_KMPH.png,38076,Big,0.37,1.59,"[0.27, 1.59, 0.0]",0.0,OK
SL_GRY_INV.png,toCheck_100043_00216s_SL_GRY_INV.png,38076,Big,0.32,0.39,"[0.39, 0.37, 0.0]",0.0,OK
SL_WHT_70_KMPH.png,toCheck_100043_00221s_SL_WHT_70_KMPH.png,38076,Big,0.32,0.34,"[0.17, 0.34, 0.0]",0.0,OK
SPD_70KMPH_SLSPD_70_WHT.png,toCheck_100043_00221s_SPD_70KMPH_SLSPD_70_WHT.png,326772,Big,0.02,0.29,"[0.02, -0.05, -0.05, 0.0, 0.05, -0.05, 0.0, 0.29, -0.05]",0.0,OK
SL_WHT_65_KMPH.png,toCheck_100043_00226s_SL_WHT_65_KMPH.png,38076,Big,0.59,1.64,"[0.27, 1.64, 0.0]",0.0,OK
SPD_70KMPH_SLSPD_65_WHT.png,toCheck_100043_00226s_SPD_70KMPH_SLSPD_65_WHT.png,326772,Big,0.05,1.73,"[0.0, -0.05, -0.05, 0.0, 0.12, -0.05, 0.0, 1.73, -0.05]",0.0,OK
ADAS_OSPZONE1_50_ON.png,toCheck_100044_00729s_ADAS_OSPZONE1_50_ON.png,129551,Big,0.9,1.15,"[0.0, -0.05, 0.0, 0.56, 1.15, 0.0, 0.0, 0.02, 0.0]",0.0,OK
ADAS_OSPZONE1_50_OFF.png,toCheck_100044_00734s_ADAS_OSPZONE1_50_OFF.png,129551,Big,0.9,1.15,"[0.0, -0.05, 0.0, 0.56, 1.15, 0.0, 0.0, 0.02, 0.0]",0.0,OK
ADAS_OSPZONE1_50_ON.png,toCheck_100044_00749s_ADAS_OSPZONE1_50_ON.png,129551,Big,0.9,1.15,"[0.0, -0.05, 0.0, 0.56, 1.15, 0.0, 0.0, 0.02, 0.0]",0.0,OK
ADAS_OSPZONE1_50_OFF.png,toCheck_100044_00754s_ADAS_OSPZONE1_50_OFF.png,129551,Big,0.9,1.15,"[0.0, -0.05, 0.0, 0.56, 1.15, 0.0, 0.0, 0.02, 0.0]",0.0,OK
ADAS_OSPZONE1_80_ON.png,toCheck_100044_00962s_ADAS_OSPZONE1_80_ON.png,129551,Big,1.0,1.22,"[0.0, -0.05, 0.0, 0.88, 1.22, 0.0, 0.0, 0.02, 0.0]",0.0,OK
ADAS_OSPZONE1_80_OFF.png,toCheck_100044_00967s_ADAS_OSPZONE1_80_OFF.png,129551,Big,1.0,1.22,"[0.0, -0.05, 0.0, 0.88, 1.22, 0.0, 0.0, 0.02, 0.0]",0.0,OK
ADAS_OSPZONE1_80_ON.png,toCheck_100044_01142s_ADAS_OSPZONE1_80_ON.png,129551,Big,1.0,1.22,"[0.0, -0.05, 0.0, 0.88, 1.22, 0.0, 0.0, 0.02, 0.0]",0.0,OK
ADAS_OSPZONE1_80_OFF.png,toCheck_100044_01147s_ADAS_OSPZONE1_80_OFF.png,129551,Big,1.0,1.22,"[0.0, -0.05, 0.0, 0.88, 1.22, 0.0, 0.0, 0.02, 0.0]",0.0,OK
ADAS_OSPZONE1_80_ON.png,toCheck_100044_01162s_ADAS_OSPZONE1_80_ON.png,129551,Big,1.0,1.22,"[0.0, -0.05, 0.0, 0.88, 1.22, 0.0, 0.0, 0.02, 0.0]",0.0,OK
ADAS_OSPZONE1_80_OFF.png,toCheck_100044_01167s_ADAS_OSPZONE1_80_OFF.png,129551,Big,1.0,1.22,"[0.0, -0.05, 0.0, 0.88, 1.22, 0.0, 0.0, 0.02, 0.0]",0.0,OK
ADAS_OSPZONE1_50_ON.png,toCheck_100044_00549s_ADAS_OSPZONE1_50_ON.png,129551,Big,0.9,1.15,"[0.0, -0.05, 0.0, 0.56, 1.15, 0.0, 0.0, 0.02, 0.0]",0.0,OK
ADAS_OSPZONE1_50_OFF.png,toCheck_100044_00554s_ADAS_OSPZONE1_50_OFF.png,129551,Big,0.9,1.15,"[0.0, -0.05, 0.0, 0.56, 1.15, 0.0, 0.0, 0.02, 0.0]",0.0,OK
ADAS_OSPZ1_50_OVERSPD_ON.png,toCheck_100047_00416s_ADAS_OSPZ1_50_OVERSPD_ON.png,129551,Big,0.9,1.15,"[0.0, -0.05, 0.0, 0.56, 1.15, 0.0, 0.0, 0.02, 0.0]",0.0,OK
ADAS_OSPZ1_50_OVERSPD_OFF.png,toCheck_100047_00421s_ADAS_OSPZ1_50_OVERSPD_OFF.png,129551,Big,0.9,1.15,"[0.0, -0.05, 0.0, 0.56, 1.15, 0.0, 0.0, 0.02, 0.0]",0.0,OK
ADAS_OSPZ2_110_OVERSPD_DULL_ON.png,toCheck_100048_00481s_ADAS_OSPZ2_110_OVERSPD_DULL_ON.png,129551,Big,0.49,0.51,"[0.0, -0.05, 0.0, 0.44, 0.51, 0.0, 0.0, 0.0, 0.0]",0.0,OK
ADAS_OSPZ2_110_OVERSPD_DULL_OFF.png,toCheck_100048_00486s_ADAS_OSPZ2_110_OVERSPD_DULL_OFF.png,129551,Big,0.49,0.51,"[0.0, -0.05, 0.0, 0.44, 0.51, 0.0, 0.0, 0.0, 0.0]",0.0,OK
ADAS_OSPZ1_70_OVERSPD_DULL_ON.png,toCheck_100048_00606s_ADAS_OSPZ1_70_OVERSPD_DULL_ON.png,129551,Big,0.54,0.88,"[0.0, -0.05, 0.0, 0.34, 0.88, 0.0, 0.0, 0.0, 0.0]",0.0,OK
ADAS_OSPZ1_70_OVERSPD_DULL_OFF.png,toCheck_100048_00611s_ADAS_OSPZ1_70_OVERSPD_DULL_OFF.png,129551,Big,0.54,0.88,"[0.0, -0.05, 0.0, 0.34, 0.88, 0.0, 0.0, 0.0, 0.0]",0.0,OK
ADAS_OSPZ2_110_OVERSPD_ON.png,toCheck_100048_00421s_ADAS_OSPZ2_110_OVERSPD_ON.png,129551,Big,1.0,1.0,"[0.0, -0.05, 0.0, 0.88, 1.0, 0.0, 0.0, 0.02, 0.0]",0.0,OK
ADAS_OSPZ2_110_OVERSPD_OFF.png,toCheck_100048_00426s_ADAS_OSPZ2_110_OVERSPD_OFF.png,129551,Big,1.0,1.0,"[0.0, -0.05, 0.0, 0.88, 1.0, 0.0, 0.0, 0.02, 0.0]",0.0,OK
BUZ_58_ON.png,toCheck_100021_00830s_BUZ_58_ON.png,38400,Big,0.07,0.85,"[0.32, 0.39, 0.17, 0.07, 0.2, 0.44, 0.85, 0.0, 0.02, 0.1, 0.1, 0.1]",0.0,OK
BUZ_33_OFF.png,toCheck_100049_00476s_BUZ_33_OFF.png,38400,Big,4.08,4.3,"[0.61, 0.49, 0.29, 0.15, 2.2, 2.59, 2.69, 0.15, 1.44, 4.3, 0.1, 0.15]",0.0,NOK
BUZ_34_OFF.png,toCheck_100049_00550s_BUZ_34_OFF.png,38400,Big,4.03,3.86,"[0.68, 0.49, 0.44, 0.15, 2.15, 3.3, 3.86, 0.12, 1.49, 2.42, 1.76, 0.24]",0.0,NOK
BUZ_45_OFF.png,toCheck_100049_00625s_BUZ_45_OFF.png,38400,Big,4.25,4.25,"[0.24, 0.46, 0.78, 0.07, 4.25, 3.47, 1.71, 0.24, 1.22, 0.76, 0.1, 0.1]",0.0,NOK
BUZ_45_OFF.png,toCheck_100049_00679s_BUZ_45_OFF.png,38400,Big,4.25,4.25,"[0.24, 0.46, 0.78, 0.07, 4.25, 3.47, 1.71, 0.24, 1.22, 0.76, 0.1, 0.1]",0.0,NOK
BUZ_13_OFF.png,toCheck_100049_00252s_BUZ_13_OFF.png,38400,Big,0.76,2.78,"[0.05, 0.15, 0.15, 0.07, 0.05, 1.66, 2.78, 0.1, 0.05, 0.32, 0.15, 0.17]",0.0,NOK
BUZ_14_OFF.png,toCheck_100049_00327s_BUZ_14_OFF.png,38400,Big,0.83,3.66,"[0.05, 0.12, 0.37, 0.17, 0.05, 1.37, 3.66, 0.07, 0.12, 1.81, 1.56, 0.17]",0.0,NOK
BUZ_25_OFF.png,toCheck_100049_00401s_BUZ_25_OFF.png,38400,Big,4.05,3.71,"[0.61, 0.46, 0.81, 0.12, 2.29, 3.71, 1.66, 0.27, 3.69, 1.37, 0.12, 0.15]",0.0,NOK
BUZ_23_OFF.png,toCheck_100050_00896s_BUZ_23_OFF.png,38400,Big,4.57,3.61,"[0.56, 0.49, 0.24, 0.2, 2.32, 3.2, 2.61, 0.12, 3.61, 1.37, 0.15, 0.2]",0.0,NOK
BUZ_26_OFF.png,toCheck_100050_00970s_BUZ_26_OFF.png,38400,Big,3.32,3.78,"[0.54, 0.42, 0.02, 0.05, 2.54, 2.64, 0.07, 0.02, 3.78, 1.15, 0.05, 0.1]",0.0,NOK
BUZ_32_OFF.png,toCheck_100050_01460s_BUZ_32_OFF.png,38400,Big,4.32,3.0,"[0.61, 0.63, 0.17, 0.22, 2.15, 2.86, 2.27, 0.1, 1.34, 1.66, 3.0, 0.39]",0.0,NOK
BUZ_08_OFF.png,toCheck_100050_00242s_BUZ_08_OFF.png,38400,Big,3.2,4.42,"[0.32, 0.78, 0.56, 0.2, 2.51, 4.42, 2.71, 0.1, 0.12, 2.08, 1.27, 0.59]",0.0,NOK
BUZ_09_OFF.png,toCheck_100050_00747s_BUZ_09_OFF.png,38400,Big,3.39,5.62,"[0.37, 0.56, 0.56, 0.27, 2.54, 5.62, 2.59, 0.17, 0.2, 2.69, 1.54, 1.0]",0.0,NOK
BUZ_10_OFF.png,toCheck_100050_00821s_BUZ_10_OFF.png,38400,Big,2.22,1.49,"[0.02, 0.1, 0.12, 0.05, 0.02, 1.15, 1.49, 0.05, 0.02, 0.2, 0.02, 0.1]",0.0,NOK
BUZ_04_OFF.png,toCheck_100051_00466s_BUZ_04_OFF.png,38400,Big,3.71,4.42,"[0.34, 0.37, 0.51, 0.27, 2.27, 4.42, 3.56, 0.12, 0.22, 2.2, 2.22, 0.49]",0.0,NOK
BUZ_06_OFF.png,toCheck_100051_00540s_BUZ_06_OFF.png,38400,Big,3.61,5.52,"[0.24, 0.76, 0.54, 0.24, 2.39, 5.52, 2.73, 0.15, 0.12, 2.42, 1.15, 0.39]",0.0,NOK
BUZ_18_OFF.png,toCheck_100051_00615s_BUZ_18_OFF.png,38400,Big,0.51,2.15,"[0.02, 0.12, 0.15, 0.07, 0.02, 0.54, 2.15, 0.05, 0.05, 0.22, 0.05, 0.15]",0.0,NOK
BUZ_22_OFF.png,toCheck_100051_00724s_BUZ_22_OFF.png,38400,Big,5.83,3.78,"[0.56, 0.54, 0.15, 0.2, 2.54, 3.76, 2.37, 0.12, 3.78, 1.61, 3.12, 0.46]",0.0,NOK
BUZ_24_OFF.png,toCheck_100051_00949s_BUZ_24_OFF.png,38400,Big,4.39,4.13,"[0.54, 0.37, 0.42, 0.1, 2.42, 2.49, 4.13, 0.12, 3.81, 3.08, 1.73, 0.15]",0.0,NOK
BUZ_01_OFF.png,toCheck_100051_00242s_BUZ_01_OFF.png,38400,Big,2.15,5.79,"[0.39, 0.32, 0.51, 0.37, 2.22, 3.76, 5.79, 0.15, 0.2, 2.44, 3.56, 0.73]",0.0,NOK
BUZ_12_OFF.png,toCheck_100051_00317s_BUZ_12_OFF.png,38400,Big,1.61,3.03,"[0.02, 0.12, 0.15, 0.2, 0.1, 1.22, 2.32, 0.15, 0.1, 1.25, 3.03, 0.24]",0.0,NOK
BUZ_02_OFF.png,toCheck_100051_00391s_BUZ_02_OFF.png,38400,Big,4.76,5.64,"[0.34, 0.95, 0.66, 0.46, 2.25, 5.64, 3.96, 0.17, 0.29, 2.88, 1.07, 0.83]",0.0,NOK
BUZ_17_OFF.png,toCheck_100052_00242s_BUZ_17_OFF.png,38400,Big,1.64,3.27,"[0.07, 0.49, 1.25, 0.12, 0.05, 2.83, 3.27, 0.27, 0.02, 2.42, 1.15, 0.32]",0.0,NOK
BUZ_20_OFF.png,toCheck_100052_00317s_BUZ_20_OFF.png,38400,Big,5.03,3.83,"[0.54, 0.46, 0.07, 0.1, 2.44, 3.2, 1.61, 0.05, 3.83, 1.2, 0.07, 0.2]",0.0,NOK
BUZ_48_OFF.png,toCheck_100052_00391s_BUZ_48_OFF.png,38400,Big,3.44,4.13,"[0.24, 0.32, 0.22, 0.1, 4.13, 2.25, 2.17, 0.07, 1.22, 0.78, 0.07, 0.15]",0.0,NOK
BUZ_32_OFF.png,toCheck_100055_01478s_BUZ_32_OFF.png,38400,Big,3.59,8.08,"[0.44, 0.49, 0.76, 0.32, 2.29, 1.9, 5.03, 0.05, 1.54, 1.93, 8.08, 0.49]",0.0,NOK
BUZ_09_OFF.png,toCheck_100055_00753s_BUZ_09_OFF.png,38400,Big,2.44,3.74,"[0.1, 0.63, 0.88, 0.12, 0.24, 3.74, 2.29, 0.07, 0.12, 2.12, 1.44, 0.1]",0.0,NOK
TXTALT_10213_2_ENGUK.png,toCheck_100002_00950s_TXTALT_10213_2_ENGUK.png,267388,Big,0.51,1.05,"[0.17, 1.05, 0.95, 0.34, 0.95, 0.37]",0.0,OK
TXTALT_10213_2_ENGUK.png,toCheck_100002_00960s_TXTALT_10213_2_ENGUK.png,267388,Big,0.51,1.05,"[0.17, 1.05, 0.95, 0.34, 0.95, 0.37]",0.0,OK
TXTALT_10213_2_ENGUK.png,toCheck_100002_00970s_TXTALT_10213_2_ENGUK.png,267388,Big,0.51,1.05,"[0.17, 1.05, 0.95, 0.34, 0.95, 0.37]",0.0,OK
TXTALT_10213_2_French.png,toCheck_100002_01000s_TXTALT_10213_2_French.png,267388,Big,0.56,6.15,"[0.17, 3.88, 0.95, 0.34, 6.15, 0.37]",0.0,Investigate
TXTALT_10213_2_French.png,toCheck_100002_01010s_TXTALT_10213_2_French.png,267388,Big,0.56,6.15,"[0.17, 3.88, 0.95, 0.34, 6.15, 0.37]",0.0,Investigate
TXTALT_10213_2_Swedish.png,toCheck_100002_01250s_TXTALT_10213_2_Swedish.png,267388,Big,0.46,1.05,"[0.17, 1.05, 0.95, 0.34, 0.81, 0.37]",0.0,OK
TXTALT_10213_2_Swedish.png,toCheck_100002_01260s_TXTALT_10213_2_Swedish.png,267388,Big,0.46,1.05,"[0.17, 1.05, 0.95, 0.34, 0.81, 0.37]",0.0,OK
TXTALT_10213_2_Bulgarian.png,toCheck_100002_00850s_TXTALT_10213_2_Bulgarian.png,267388,Big,0.32,1.03,"[0.44, 0.98, 0.59, 1.03, 0.46, 0.37]",0.0,OK
TXTALT_10213_2_Bulgarian.png,toCheck_100002_00860s_TXTALT_10213_2_Bulgarian.png,267388,Big,0.32,1.03,"[0.44, 0.98, 0.59, 1.03, 0.46, 0.37]",0.0,OK
TXTALT_10213_2_French.png,toCheck_100004_00660s_TXTALT_10213_2_French.png,267388,Big,0.56,6.15,"[0.17, 3.88, 0.95, 0.34, 6.15, 0.37]",0.0,Investigate
TXTALT_10213_2_French.png,toCheck_100006_00680s_TXTALT_10213_2_French.png,267388,Big,0.56,6.15,"[0.17, 3.88, 0.95, 0.34, 6.15, 0.37]",0.0,Investigate
TLT_STOP_ON.png,toCheck_100008_01705s_TLT_STOP_ON.png,22176,Big,0.0,0.0,"[0.0, 0.0, 0.0, 0.0, 0.0, 0.0, 0.0, 0.0]",0.0,OK
TLT_STOP_ON.png,toCheck_100008_02175s_TLT_STOP_ON.png,22176,Big,0.0,0.0,"[0.0, 0.0, 0.0, 0.0, 0.0, 0.0, 0.0, 0.0]",0.0,OK
TLT_STOP_ON.png,toCheck_100008_02645s_TLT_STOP_ON.png,22176,Big,0.0,0.0,"[0.0, 0.0, 0.0, 0.0, 0.0, 0.0, 0.0, 0.0]",0.0,OK
TLT_STOP_ON.png,toCheck_100008_03115s_TLT_STOP_ON.png,22176,Big,0.0,0.0,"[0.0, 0.0, 0.0, 0.0, 0.0, 0.0, 0.0, 0.0]",0.0,OK
TLT_STOP_ON.png,toCheck_100008_03585s_TLT_STOP_ON.png,22176,Big,0.0,0.0,"[0.0, 0.0, 0.0, 0.0, 0.0, 0.0, 0.0, 0.0]",0.0,OK
TLT_STOP_ON.png,toCheck_100008_04055s_TLT_STOP_ON.png,22176,Big,0.0,0.0,"[0.0, 0.0, 0.0, 0.0, 0.0, 0.0, 0.0, 0.0]",0.0,OK
TLT_STOP_ON.png,toCheck_100008_04525s_TLT_STOP_ON.png,22176,Big,0.0,0.0,"[0.0, 0.0, 0.0, 0.0, 0.0, 0.0, 0.0, 0.0]",0.0,OK
FULL_ALTIA_WAKEUP_Error_Prog.png,toCheck_100008_00530s_FULL_ALTIA_WAKEUP_Error_Prog.png,1376640,Big,0.0,7.35,"[0.02, 0.0, -0.05, 0.0, 0.0, -0.05, -0.05, -0.05, 0.0, 7.35, -0.05, 0.0, 0.0, 0.0, 0.02, -0.05, 0.0, 0.0, -0.05, 0.02, -0.05, -0.05, 0.0, 0.02, -0.05, -0.05, -0.05, 0.0, 0.0, 0.02, -0.05, -0.05, -0.05, -0.05, 0.02, -0.05]",0.0,Investigate
TLT_STOP_ON.png,toCheck_100008_04995s_TLT_STOP_ON.png,22176,Big,0.0,0.0,"[0.0, 0.0, 0.0, 0.0, 0.0, 0.0, 0.0, 0.0]",0.0,OK
TLT_STOP_ON.png,toCheck_100008_05465s_TLT_STOP_ON.png,22176,Big,0.0,0.0,"[0.0, 0.0, 0.0, 0.0, 0.0, 0.0, 0.0, 0.0]",0.0,OK
TLT_STOP_ON.png,toCheck_100008_05935s_TLT_STOP_ON.png,22176,Big,0.0,0.0,"[0.0, 0.0, 0.0, 0.0, 0.0, 0.0, 0.0, 0.0]",0.0,OK
TLT_STOP_ON.png,toCheck_100008_06405s_TLT_STOP_ON.png,22176,Big,0.0,0.0,"[0.0, 0.0, 0.0, 0.0, 0.0, 0.0, 0.0, 0.0]",0.0,OK
TLT_STOP_ON.png,toCheck_100008_06875s_TLT_STOP_ON.png,22176,Big,0.0,0.0,"[0.0, 0.0, 0.0, 0.0, 0.0, 0.0, 0.0, 0.0]",0.0,OK
TLT_STOP_ON.png,toCheck_100008_07345s_TLT_STOP_ON.png,22176,Big,0.0,0.0,"[0.0, 0.0, 0.0, 0.0, 0.0, 0.0, 0.0, 0.0]",0.0,OK
TLT_STOP_ON.png,toCheck_100008_07815s_TLT_STOP_ON.png,22176,Big,0.0,0.0,"[0.0, 0.0, 0.0, 0.0, 0.0, 0.0, 0.0, 0.0]",0.0,OK
TLT_STOP_ON.png,toCheck_100008_00765s_TLT_STOP_ON.png,22176,Big,0.0,0.0,"[0.0, 0.0, 0.0, 0.0, 0.0, 0.0, 0.0, 0.0]",0.0,OK
TLT_STOP_ON.png,toCheck_100008_01235s_TLT_STOP_ON.png,22176,Big,0.0,0.0,"[0.0, 0.0, 0.0, 0.0, 0.0, 0.0, 0.0, 0.0]",0.0,OK
TLT_STOP_ON.png,toCheck_100009_01705s_TLT_STOP_ON.png,22176,Big,0.0,0.0,"[0.0, 0.0, 0.0, 0.0, 0.0, 0.0, 0.0, 0.0]",0.0,OK
TLT_STOP_ON.png,toCheck_100009_02175s_TLT_STOP_ON.png,22176,Big,0.0,0.0,"[0.0, 0.0, 0.0, 0.0, 0.0, 0.0, 0.0, 0.0]",0.0,OK
TLT_STOP_ON.png,toCheck_100009_02645s_TLT_STOP_ON.png,22176,Big,0.0,0.0,"[0.0, 0.0, 0.0, 0.0, 0.0, 0.0, 0.0, 0.0]",0.0,OK
TLT_STOP_ON.png,toCheck_100009_03115s_TLT_STOP_ON.png,22176,Big,0.0,0.0,"[0.0, 0.0, 0.0, 0.0, 0.0, 0.0, 0.0, 0.0]",0.0,OK
TLT_STOP_ON.png,toCheck_100009_03585s_TLT_STOP_ON.png,22176,Big,0.0,0.0,"[0.0, 0.0, 0.0, 0.0, 0.0, 0.0, 0.0, 0.0]",0.0,OK
TLT_STOP_ON.png,toCheck_100009_04055s_TLT_STOP_ON.png,22176,Big,0.0,0.0,"[0.0, 0.0, 0.0, 0.0, 0.0, 0.0, 0.0, 0.0]",0.0,OK
TLT_STOP_ON.png,toCheck_100009_04525s_TLT_STOP_ON.png,22176,Big,0.0,0.0,"[0.0, 0.0, 0.0, 0.0, 0.0, 0.0, 0.0, 0.0]",0.0,OK
TLT_STOP_ON.png,toCheck_100009_04995s_TLT_STOP_ON.png,22176,Big,0.0,0.0,"[0.0, 0.0, 0.0, 0.0, 0.0, 0.0, 0.0, 0.0]",0.0,OK
TLT_STOP_ON.png,toCheck_100009_05465s_TLT_STOP_ON.png,22176,Big,0.0,0.0,"[0.0, 0.0, 0.0, 0.0, 0.0, 0.0, 0.0, 0.0]",0.0,OK
TLT_STOP_ON.png,toCheck_100009_05935s_TLT_STOP_ON.png,22176,Big,0.0,0.0,"[0.0, 0.0, 0.0, 0.0, 0.0, 0.0, 0.0, 0.0]",0.0,OK
TLT_STOP_ON.png,toCheck_100009_06405s_TLT_STOP_ON.png,22176,Big,0.0,0.0,"[0.0, 0.0, 0.0, 0.0, 0.0, 0.0, 0.0, 0.0]",0.0,OK
TLT_STOP_ON.png,toCheck_100009_06875s_TLT_STOP_ON.png,22176,Big,0.0,0.0,"[0.0, 0.0, 0.0, 0.0, 0.0, 0.0, 0.0, 0.0]",0.0,OK
TLT_STOP_ON.png,toCheck_100009_07345s_TLT_STOP_ON.png,22176,Big,0.0,0.0,"[0.0, 0.0, 0.0, 0.0, 0.0, 0.0, 0.0, 0.0]",0.0,OK
TLT_STOP_ON.png,toCheck_100009_07815s_TLT_STOP_ON.png,22176,Big,0.0,0.0,"[0.0, 0.0, 0.0, 0.0, 0.0, 0.0, 0.0, 0.0]",0.0,OK
TLT_STOP_ON.png,toCheck_100009_00765s_TLT_STOP_ON.png,22176,Big,0.0,0.0,"[0.0, 0.0, 0.0, 0.0, 0.0, 0.0, 0.0, 0.0]",0.0,OK
TLT_STOP_ON.png,toCheck_100009_01235s_TLT_STOP_ON.png,22176,Big,0.0,0.0,"[0.0, 0.0, 0.0, 0.0, 0.0, 0.0, 0.0, 0.0]",0.0,OK
TLT_STOP_ON.png,toCheck_100010_01705s_TLT_STOP_ON.png,22176,Big,0.0,0.0,"[0.0, 0.0, 0.0, 0.0, 0.0, 0.0, 0.0, 0.0]",0.0,OK
TLT_STOP_ON.png,toCheck_100010_02175s_TLT_STOP_ON.png,22176,Big,0.0,0.0,"[0.0, 0.0, 0.0, 0.0, 0.0, 0.0, 0.0, 0.0]",0.0,OK
TLT_STOP_ON.png,toCheck_100010_02645s_TLT_STOP_ON.png,22176,Big,0.0,0.0,"[0.0, 0.0, 0.0, 0.0, 0.0, 0.0, 0.0, 0.0]",0.0,OK
TLT_STOP_ON.png,toCheck_100010_03115s_TLT_STOP_ON.png,22176,Big,0.0,0.0,"[0.0, 0.0, 0.0, 0.0, 0.0, 0.0, 0.0, 0.0]",0.0,OK
TLT_STOP_ON.png,toCheck_100010_03585s_TLT_STOP_ON.png,22176,Big,0.0,0.0,"[0.0, 0.0, 0.0, 0.0, 0.0, 0.0, 0.0, 0.0]",0.0,OK
TLT_STOP_ON.png,toCheck_100010_00765s_TLT_STOP_ON.png,22176,Big,0.0,0.0,"[0.0, 0.0, 0.0, 0.0, 0.0, 0.0, 0.0, 0.0]",0.0,OK
TLT_STOP_ON.png,toCheck_100010_01235s_TLT_STOP_ON.png,22176,Big,0.0,0.0,"[0.0, 0.0, 0.0, 0.0, 0.0, 0.0, 0.0, 0.0]",0.0,OK
TLT_TPMS_ON.png,toCheck_100001_00658s_TLT_TPMS_ON.png,19456,Big,0.83,1.39,"[0.83, 0.39, 0.42, 1.39, 0.0, 0.0]",0.0,OK
TXT_Message_30201_18_FR_2p4FW_2p5RW.png,toCheck_100001_00713s_TXT_Message_30201_18_FR_2p4FW_2p5RW.png,254449,Big,5.81,6.79,"[2.81, 6.79, 3.44, -0.05, 0.0, 2.42, 0.0, 0.0, 0.0]",0.0,Investigate
TLT_SERV_ON.png,toCheck_100001_00653s_TLT_SERV_ON.png,30736,Big,0.0,0.24,"[0.0, 0.0, 0.0, 0.24, 0.02, 0.0, 0.0, 0.24, 0.0, 0.0, 0.0, 0.0]",0.0,OK
TLT_TPMS_ON.png,toCheck_100001_00653s_TLT_TPMS_ON.png,19456,Big,0.83,1.39,"[0.83, 0.39, 0.42, 1.39, 0.0, 0.0]",0.0,OK
TLT_TPMS_ON.png,toCheck_100002_00523s_TLT_TPMS_ON.png,19456,Big,0.83,1.39,"[0.83, 0.39, 0.42, 1.39, 0.0, 0.0]",0.0,OK
TLT_SERV_ON.png,toCheck_100002_00518s_TLT_SERV_ON.png,30736,Big,0.0,0.24,"[0.0, 0.0, 0.0, 0.24, 0.02, 0.0, 0.0, 0.24, 0.0, 0.0, 0.0, 0.0]",0.0,OK
TLT_TPMS_ON.png,toCheck_100002_00518s_TLT_TPMS_ON.png,19456,Big,0.83,1.39,"[0.83, 0.39, 0.42, 1.39, 0.0, 0.0]",0.0,OK
TLT_STOP_ON.png,toCheck_100003_00488s_TLT_STOP_ON.png,22176,Big,0.0,0.0,"[0.0, 0.0, 0.0, 0.0, 0.0, 0.0, 0.0, 0.0]",0.0,OK
TLT_TPMS_ON.png,toCheck_100003_00488s_TLT_TPMS_ON.png,19456,Big,0.83,1.39,"[0.83, 0.39, 0.42, 1.39, 0.0, 0.0]",0.0,OK
TPMS_All_WS_PUNCTURE.png,toCheck_100003_00493s_TPMS_All_WS_PUNCTURE.png,NA,NA,NA,1.39,"[0.83, 0.39, 0.42, 1.39, 0.0, 0.0]",14.24,Faulty
TLT_TPMS_ON.png,toCheck_100004_00523s_TLT_TPMS_ON.png,19456,Big,0.83,1.39,"[0.83, 0.39, 0.42, 1.39, 0.0, 0.0]",0.0,OK
TLT_TPMS_ON.png,toCheck_100004_01218s_TLT_TPMS_ON.png,19456,Big,0.83,1.39,"[0.83, 0.39, 0.42, 1.39, 0.0, 0.0]",0.0,OK
TLT_STOP_ON.png,toCheck_100004_01223s_TLT_STOP_ON.png,22176,Big,0.0,0.0,"[0.0, 0.0, 0.0, 0.0, 0.0, 0.0, 0.0, 0.0]",0.0,OK
TLT_SERV_OFF.png,toCheck_100004_01223s_TLT_SERV_OFF.png,30736,Big,0.02,3.81,"[0.0, -0.05, 0.02, 1.2, 0.02, 0.0, 0.0, 3.81, 0.0, 0.0, 0.0, 0.0]",0.0,Investigate
TLT_TPMS_ON.png,toCheck_100004_01223s_TLT_TPMS_ON.png,19456,Big,0.83,1.39,"[0.83, 0.39, 0.42, 1.39, 0.0, 0.0]",0.0,OK
TLT_SERV_ON.png,toCheck_100004_00518s_TLT_SERV_ON.png,30736,Big,0.0,0.24,"[0.0, 0.0, 0.0, 0.24, 0.02, 0.0, 0.0, 0.24, 0.0, 0.0, 0.0, 0.0]",0.0,OK
TLT_TPMS_ON.png,toCheck_100004_00518s_TLT_TPMS_ON.png,19456,Big,0.83,1.39,"[0.83, 0.39, 0.42, 1.39, 0.0, 0.0]",0.0,OK
TLT_TPMS_ON.png,toCheck_100005_00523s_TLT_TPMS_ON.png,19456,Big,0.83,1.39,"[0.83, 0.39, 0.42, 1.39, 0.0, 0.0]",0.0,OK
TLT_TPMS_ON.png,toCheck_100005_01218s_TLT_TPMS_ON.png,19456,Big,0.83,1.39,"[0.83, 0.39, 0.42, 1.39, 0.0, 0.0]",0.0,OK
TLT_SERV_ON.png,toCheck_100005_01744s_TLT_SERV_ON.png,30736,Big,0.0,0.02,"[0.0, 0.0, 0.0, 0.0, 0.02, 0.0, 0.0, 0.0, 0.0, 0.0, 0.0, 0.0]",0.0,OK
TLT_TPMS_ON.png,toCheck_100005_01744s_TLT_TPMS_ON.png,19456,Big,5.98,6.2,"[2.88, 2.59, 4.54, 6.2, 0.0, 0.0]",0.0,Investigate
TLT_TPMS_OFF.png,toCheck_100005_01746s_TLT_TPMS_OFF.png,19456,Big,6.59,7.25,"[3.05, 3.39, 5.44, 7.25, 0.0, 0.0]",0.0,Investigate
TLT_TPMS_ON.png,toCheck_100005_01749s_TLT_TPMS_ON.png,19456,Big,5.98,6.2,"[2.88, 2.59, 4.54, 6.2, 0.0, 0.0]",0.0,Investigate
TLT_TPMS_OFF.png,toCheck_100005_01751s_TLT_TPMS_OFF.png,19456,Big,6.59,7.25,"[3.05, 3.39, 5.44, 7.25, 0.0, 0.0]",0.0,Investigate
TLT_SERV_ON.png,toCheck_100005_02454s_TLT_SERV_ON.png,30736,Big,0.0,0.24,"[0.0, 0.0, 0.0, 0.24, 0.02, 0.0, 0.0, 0.24, 0.0, 0.0, 0.0, 0.0]",0.0,OK
TLT_TPMS_ON.png,toCheck_100005_02454s_TLT_TPMS_ON.png,19456,Big,0.83,1.39,"[0.83, 0.39, 0.42, 1.39, 0.0, 0.0]",0.0,OK
TLT_SERV_ON.png,toCheck_100005_00518s_TLT_SERV_ON.png,30736,Big,0.0,0.24,"[0.0, 0.0, 0.0, 0.24, 0.02, 0.0, 0.0, 0.24, 0.0, 0.0, 0.0, 0.0]",0.0,OK
TLT_TPMS_ON.png,toCheck_100005_00518s_TLT_TPMS_ON.png,19456,Big,0.83,1.39,"[0.83, 0.39, 0.42, 1.39, 0.0, 0.0]",0.0,OK
TLT_STOP_ON.png,toCheck_100006_00520s_TLT_STOP_ON.png,22176,Big,0.0,0.0,"[0.0, 0.0, 0.0, 0.0, 0.0, 0.0, 0.0, 0.0]",0.0,OK
TLT_TPMS_ON.png,toCheck_100006_00520s_TLT_TPMS_ON.png,19456,Big,0.83,1.39,"[0.83, 0.39, 0.42, 1.39, 0.0, 0.0]",0.0,OK
TPMS_UNDERINFLATION_FR.png,toCheck_100006_00515s_TPMS_UNDERINFLATION_FR.png,19456,Big,0.83,1.39,"[0.83, 0.39, 0.42, 1.39, 0.0, 0.0]",0.0,OK
TLT_TPMS_ON.png,toCheck_100006_00515s_TLT_TPMS_ON.png,19456,Big,0.83,1.39,"[0.83, 0.39, 0.42, 1.39, 0.0, 0.0]",0.0,OK
TPMS_PUNCTURE_FR.png,toCheck_100006_00520s_TPMS_PUNCTURE_FR.png,NA,NA,NA,1.39,"[0.83, 0.39, 0.42, 1.39, 0.0, 0.0]",14.24,Faulty
TLT_TPMS_ON.png,toCheck_100007_00488s_TLT_TPMS_ON.png,19456,Big,0.83,1.39,"[0.83, 0.39, 0.42, 1.39, 0.0, 0.0]",0.0,OK
TPMS_TXTALT_30201_18_FR.png,toCheck_100012_00475s_TPMS_TXTALT_30201_18_FR.png,254449,Big,6.93,7.74,"[3.74, 7.74, 3.44, 0.0, 0.0, 2.42, 0.0, 0.0, 0.0]",0.0,Investigate
TPMS_UNDERINFLATION_FR.png,toCheck_100013_00500s_TPMS_UNDERINFLATION_FR.png,19456,Big,0.83,1.39,"[0.83, 0.39, 0.42, 1.39, 0.0, 0.0]",0.0,OK
TLT_TPMS_ON.png,toCheck_100013_00500s_TLT_TPMS_ON.png,19456,Big,0.83,1.39,"[0.83, 0.39, 0.42, 1.39, 0.0, 0.0]",0.0,OK
TXT_Message_30201_18_FR_2p4FW_2p5RW.png,toCheck_100013_00480s_TXT_Message_30201_18_FR_2p4FW_2p5RW.png,254449,Big,5.81,6.79,"[2.81, 6.79, 3.44, -0.05, 0.0, 2.42, 0.0, 0.0, 0.0]",0.0,Investigate
TXTMSG_30201_19_FR_AUTOLOC.png,toCheck_100014_00475s_TXTMSG_30201_19_FR_AUTOLOC.png,267388,Big,1.42,9.64,"[2.54, 9.64, 3.71, -0.05, -0.05, 0.24]",0.0,Investigate
TXTMSG_30201_19_FR_AUTOLOC.png,toCheck_100014_00480s_TXTMSG_30201_19_FR_AUTOLOC.png,267388,Big,1.42,9.64,"[2.54, 9.64, 3.71, -0.05, -0.05, 0.24]",0.0,Investigate
TPMS_AUTOLOCPAGE_30201_18_FR.png,toCheck_100014_00505s_TPMS_AUTOLOCPAGE_30201_18_FR.png,254449,Big,6.93,7.74,"[3.74, 7.74, 3.44, 0.0, 0.0, 2.42, 0.0, 0.0, 0.0]",0.0,Investigate
TPMS_PAGE.png,toCheck_100015_00545s_TPMS_PAGE.png,254449,Big,0.37,3.44,"[-0.05, 0.0, 3.44, -0.05, 0.0, 2.42, 0.0, 0.0, 0.0]",0.0,Investigate
TXTMSG_30201_19_FR.png,toCheck_100016_00435s_TXTMSG_30201_19_FR.png,267388,Big,0.37,4.47,"[0.0, 0.02, 4.47, -0.05, -0.05, 0.15]",0.0,Investigate
TPMS_PAGE.png,toCheck_100016_00525s_TPMS_PAGE.png,254449,Big,0.37,3.44,"[-0.05, 0.0, 3.44, -0.05, 0.0, 2.42, 0.0, 0.0, 0.0]",0.0,Investigate
TPMS_PAGE.png,toCheck_100017_00526s_TPMS_PAGE.png,254449,Big,0.49,2.59,"[-0.05, -0.05, 0.83, -0.05, -0.05, 2.59, 0.0, 0.0, 0.0]",0.0,OK
TLT_SERV_ON.png,toCheck_100017_00485s_TLT_SERV_ON.png,30736,Big,0.0,0.02,"[0.0, 0.0, 0.0, 0.0, 0.02, 0.0, 0.0, 0.0, 0.0, 0.0, 0.0, 0.0]",0.0,OK
TLT_TPMS_ON.png,toCheck_100017_00485s_TLT_TPMS_ON.png,19456,Big,5.98,6.2,"[2.88, 2.59, 4.54, 6.2, 0.0, 0.0]",0.0,Investigate
TLT_TPMS_OFF.png,toCheck_100017_00488s_TLT_TPMS_OFF.png,19456,Big,6.59,7.25,"[3.05, 3.39, 5.44, 7.25, 0.0, 0.0]",0.0,Investigate
TLT_TPMS_ON.png,toCheck_100017_00490s_TLT_TPMS_ON.png,19456,Big,5.98,6.2,"[2.88, 2.59, 4.54, 6.2, 0.0, 0.0]",0.0,Investigate
TLT_TPMS_OFF.png,toCheck_100017_00493s_TLT_TPMS_OFF.png,19456,Big,6.59,7.25,"[3.05, 3.39, 5.44, 7.25, 0.0, 0.0]",0.0,Investigate
TLT_STOP_ON.png,toCheck_100019_00483s_TLT_STOP_ON.png,22176,Big,0.0,0.0,"[0.0, 0.0, 0.0, 0.0, 0.0, 0.0, 0.0, 0.0]",0.0,OK
TLT_TPMS_ON.png,toCheck_100019_00483s_TLT_TPMS_ON.png,19456,Big,0.83,1.39,"[0.83, 0.39, 0.42, 1.39, 0.0, 0.0]",0.0,OK
TLT_TPMS_ON.png,toCheck_100020_00483s_TLT_TPMS_ON.png,19456,Big,0.83,1.39,"[0.83, 0.39, 0.42, 1.39, 0.0, 0.0]",0.0,OK
TPMS_PAGE.png,toCheck_100020_00518s_TPMS_PAGE.png,254449,Big,0.49,2.59,"[-0.05, -0.05, 0.83, -0.05, -0.05, 2.59, 0.0, 0.0, 0.0]",0.0,OK
WSS_ANIMATION.png,toCheck_100000_00297s_WSS_ANIMATION.png,NA,NA,NA,2.59,"[-0.05, -0.05, 0.83, -0.05, -0.05, 2.59, 0.0, 0.0, 0.0]",1.67,Faulty
WSS_ANIMATION.png,toCheck_100000_00377s_WSS_ANIMATION.png,NA,NA,NA,2.59,"[-0.05, -0.05, 0.83, -0.05, -0.05, 2.59, 0.0, 0.0, 0.0]",1.67,Faulty
FULL_ALTIA_WAKEUP_EV.png,toCheck_100000_00495s_FULL_ALTIA_WAKEUP_EV.png,1376640,Big,0.0,11.23,"[0.02, 0.0, -0.05, 0.0, 0.0, -0.05, 0.0, 0.0, 0.0, 0.0, -0.05, 0.0, 0.0, 0.0, 0.02, 0.02, -0.05, 0.0, 11.23, 0.0, 0.0, -0.05, 0.0, -0.05, -0.05, 0.0, 0.0, 0.0, -0.05, -0.05, 0.0, -0.05, -0.05, 0.02, -0.05, -0.05]",0.0,NOK
CHARGE_DISPLAY.png,toCheck_100001_00259s_CHARGE_DISPLAY.png,1376640,Big,1.07,3.0,"[0.95, 0.05, 0.1, 0.93, 1.44, 1.15, 0.07, 0.27, 0.05, 0.88, 0.12, 0.9, 1.25, 1.83, 0.81, 0.22, 0.73, 0.12, 1.05, 0.12, 0.22, 1.17, 3.0, 0.88, 0.07, 0.05, 0.07, 0.85, 0.1, 0.07, 0.05, 0.15, 0.46, 0.22, 0.15, 0.2]",0.0,OK
CHARGE_DISPLAY.png,toCheck_100001_00309s_CHARGE_DISPLAY.png,1376640,Big,1.07,3.0,"[0.95, 0.05, 0.1, 0.93, 1.44, 1.15, 0.07, 0.27, 0.05, 0.88, 0.12, 0.9, 1.25, 1.83, 0.81, 0.22, 0.73, 0.12, 1.05, 0.12, 0.22, 1.17, 3.0, 0.88, 0.07, 0.05, 0.07, 0.85, 0.1, 0.07, 0.05, 0.15, 0.46, 0.22, 0.15, 0.2]",0.0,OK
GENERAL_ODO_PAGE_0KM.png,toCheck_100002_00259s_GENERAL_ODO_PAGE_0KM.png,254449,Big,4.2,15.92,"[0.0, 14.26, 15.92, 3.56, 12.52, 10.52, 0.0, 0.0, 1.12]",0.0,Investigate
CHARGE_DISPLAY.png,toCheck_100002_00264s_CHARGE_DISPLAY.png,1376640,Big,24.71,21.56,"[4.13, 7.91, 9.79, 8.4, 11.28, 12.21, 9.69, 2.98, 1.46, 4.93, 6.98, 17.65, 19.38, 15.55, 21.56, 3.42, 2.03, 1.42, 8.54, 6.93, 8.62, 15.97, 7.64, 12.57, 7.76, 6.57, 6.42, 2.54, 2.17, 1.98, 1.93, 2.15, 1.88, 2.12, 2.44, 4.15]",0.0,NOK
WSS_ANIMATION.png,toCheck_100003_00268s_WSS_ANIMATION.png,NA,NA,NA,21.56,"[4.13, 7.91, 9.79, 8.4, 11.28, 12.21, 9.69, 2.98, 1.46, 4.93, 6.98, 17.65, 19.38, 15.55, 21.56, 3.42, 2.03, 1.42, 8.54, 6.93, 8.62, 15.97, 7.64, 12.57, 7.76, 6.57, 6.42, 2.54, 2.17, 1.98, 1.93, 2.15, 1.88, 2.12, 2.44, 4.15]",1.67,Faulty
WSS_ANIMATION.png,toCheck_100003_00301s_WSS_ANIMATION.png,NA,NA,NA,21.56,"[4.13, 7.91, 9.79, 8.4, 11.28, 12.21, 9.69, 2.98, 1.46, 4.93, 6.98, 17.65, 19.38, 15.55, 21.56, 3.42, 2.03, 1.42, 8.54, 6.93, 8.62, 15.97, 7.64, 12.57, 7.76, 6.57, 6.42, 2.54, 2.17, 1.98, 1.93, 2.15, 1.88, 2.12, 2.44, 4.15]",1.67,Faulty
WSS_ANIMATION.png,toCheck_100004_00288s_WSS_ANIMATION.png,NA,NA,NA,21.56,"[4.13, 7.91, 9.79, 8.4, 11.28, 12.21, 9.69, 2.98, 1.46, 4.93, 6.98, 17.65, 19.38, 15.55, 21.56, 3.42, 2.03, 1.42, 8.54, 6.93, 8.62, 15.97, 7.64, 12.57, 7.76, 6.57, 6.42, 2.54, 2.17, 1.98, 1.93, 2.15, 1.88, 2.12, 2.44, 4.15]",1.67,Faulty
WSS_ANIMATION.png,toCheck_100005_00278s_WSS_ANIMATION.png,NA,NA,NA,21.56,"[4.13, 7.91, 9.79, 8.4, 11.28, 12.21, 9.69, 2.98, 1.46, 4.93, 6.98, 17.65, 19.38, 15.55, 21.56, 3.42, 2.03, 1.42, 8.54, 6.93, 8.62, 15.97, 7.64, 12.57, 7.76, 6.57, 6.42, 2.54, 2.17, 1.98, 1.93, 2.15, 1.88, 2.12, 2.44, 4.15]",1.67,Faulty
WSS_ANIMATION.png,toCheck_100006_00268s_WSS_ANIMATION.png,NA,NA,NA,21.56,"[4.13, 7.91, 9.79, 8.4, 11.28, 12.21, 9.69, 2.98, 1.46, 4.93, 6.98, 17.65, 19.38, 15.55, 21.56, 3.42, 2.03, 1.42, 8.54, 6.93, 8.62, 15.97, 7.64, 12.57, 7.76, 6.57, 6.42, 2.54, 2.17, 1.98, 1.93, 2.15, 1.88, 2.12, 2.44, 4.15]",1.67,Faulty
GENERAL_ODO_PAGE_0KM.png,toCheck_100007_00058s_GENERAL_ODO_PAGE_0KM.png,254449,Big,3.12,10.72,"[10.55, 3.27, 10.72, 5.62, 0.81, 6.96, 9.47, 0.0, 5.88]",0.0,Investigate
GENERAL_ODO_PAGE_0KM.png,toCheck_100007_00088s_GENERAL_ODO_PAGE_0KM.png,254449,Big,3.12,10.72,"[10.55, 3.27, 10.72, 5.62, 0.81, 6.96, 9.47, 0.0, 5.88]",0.0,Investigate
FULL_ALTIA_WAKEUP.png,toCheck_100002_00959s_FULL_ALTIA_WAKEUP.png,1376640,Big,-0.05,12.52,"[0.02, 0.0, -0.05, 0.0, 0.0, -0.05, 0.0, -0.05, 0.0, 0.0, -0.05, 0.0, 0.0, 0.0, 0.0, 0.02, 0.02, 0.0, 12.52, 0.02, -0.05, -0.05, 0.0, 0.02, -0.05, 0.0, 0.0, 0.0, 0.0, 0.02, -0.05, -0.05, -0.05, -0.05, 0.02, -0.05]",0.0,NOK
FULL_ALTIA_WAKEUP_EV.png,toCheck_100000_00358s_FULL_ALTIA_WAKEUP_EV.png,1376640,Big,0.0,11.23,"[0.02, 0.0, -0.05, 0.0, 0.0, -0.05, 0.0, 0.0, 0.0, 0.0, -0.05, 0.0, 0.0, 0.0, 0.02, 0.02, -0.05, 0.0, 11.23, 0.0, 0.0, -0.05, 0.0, -0.05, -0.05, 0.0, 0.0, 0.0, -0.05, -0.05, 0.0, -0.05, -0.05, 0.02, -0.05, -0.05]",0.0,NOK
Powermeter_NormalMode_0per_50per.png,toCheck_100001_00483s_Powermeter_NormalMode_0per_50per.png,1376640,Big,0.0,0.39,"[0.02, 0.0, -0.05, 0.0, 0.02, 0.0, 0.0, 0.02, 0.1, 0.02, 0.0, 0.0, 0.0, 0.0, 0.0, 0.0, 0.0, 0.0, 0.0, -0.05, 0.0, 0.0, 0.0, 0.0, 0.0, 0.0, 0.39, 0.0, 0.02, 0.0, 0.0, -0.05, -0.05, 0.0, -0.05, 0.0]",0.0,OK
Powermeter_NormalMode_50per_0per.png,toCheck_100001_00485s_Powermeter_NormalMode_50per_0per.png,1376640,Big,0.0,0.39,"[0.02, 0.0, -0.05, 0.0, 0.02, 0.0, 0.0, 0.0, 0.1, 0.02, 0.0, 0.0, 0.0, 0.0, 0.0, 0.0, 0.0, 0.0, 0.0, -0.05, 0.0, 0.0, 0.0, 0.0, 0.0, 0.0, 0.39, 0.0, 0.02, 0.0, 0.0, -0.05, -0.05, 0.0, -0.05, 0.0]",0.0,OK
Powermeter_ChargeMode_90per_90per.png,toCheck_100001_00445s_Powermeter_ChargeMode_90per_90per.png,1376640,Big,-0.05,0.39,"[0.02, 0.0, -0.05, 0.0, 0.02, 0.0, 0.0, 0.0, 0.1, 0.02, 0.0, 0.0, 0.0, 0.0, 0.0, 0.0, 0.0, 0.0, 0.0, -0.05, 0.0, 0.0, 0.0, 0.0, 0.0, 0.0, 0.39, 0.0, 0.02, 0.0, 0.0, -0.05, -0.05, 0.0, -0.05, 0.0]",0.0,OK
Powermeter_PowerMode_90per_90per.png,toCheck_100001_00455s_Powermeter_PowerMode_90per_90per.png,1376640,Big,0.02,0.39,"[0.02, 0.0, -0.05, 0.0, 0.02, 0.0, 0.0, 0.0, 0.1, 0.02, 0.0, 0.0, 0.0, 0.0, 0.0, 0.0, 0.0, 0.0, 0.0, -0.05, 0.0, 0.0, 0.0, 0.0, 0.0, -0.05, 0.39, 0.0, 0.02, 0.0, 0.0, -0.05, -0.05, 0.0, -0.05, 0.0]",0.0,OK
Powermeter_NormalMode_90per_90per.png,toCheck_100001_00465s_Powermeter_NormalMode_90per_90per.png,1376640,Big,0.0,0.39,"[0.02, 0.0, -0.05, 0.0, 0.02, 0.0, 0.0, 0.0, 0.1, 0.02, 0.0, 0.0, 0.0, 0.0, 0.0, 0.0, 0.0, 0.0, 0.0, -0.05, 0.0, 0.0, 0.0, 0.0, 0.0, 0.0, 0.39, 0.0, 0.02, 0.0, 0.0, -0.05, -0.05, 0.0, -0.05, 0.0]",0.0,OK
Powermeter_NormalMode_95per_95per.png,toCheck_100001_00467s_Powermeter_NormalMode_95per_95per.png,1376640,Big,0.0,0.39,"[0.02, 0.0, -0.05, 0.0, 0.02, 0.0, 0.0, 0.0, 0.1, 0.02, 0.0, 0.0, 0.0, 0.0, 0.0, 0.0, 0.0, 0.0, 0.0, -0.05, 0.0, 0.0, 0.0, 0.02, 0.0, -0.05, 0.39, 0.0, 0.02, 0.0, 0.0, -0.05, -0.05, 0.0, -0.05, 0.0]",0.0,OK
Powermeter_NormalMode_95per_95per.png,toCheck_100001_00477s_Powermeter_NormalMode_95per_95per.png,1376640,Big,0.0,4.32,"[0.02, 0.0, -0.05, 0.0, 0.02, 0.0, 0.0, 0.0, 0.1, 0.02, 0.0, 0.0, 0.0, 0.0, 0.0, 4.32, 0.0, 0.0, 0.0, -0.05, 0.0, 0.0, 0.0, 0.02, 0.0, -0.05, 0.39, 0.0, 0.02, 0.0, 0.0, -0.05, -0.05, 0.0, -0.05, 0.0]",0.0,Investigate
Powermeter_NormalMode_100per_50per.png,toCheck_100001_00479s_Powermeter_NormalMode_100per_50per.png,1376640,Big,0.0,0.39,"[0.02, 0.0, -0.05, 0.0, 0.02, 0.0, 0.0, 0.02, 0.1, 0.02, 0.0, 0.0, 0.0, 0.0, 0.0, 0.0, 0.0, 0.0, 0.0, -0.05, 0.0, 0.0, 0.0, 0.02, 0.0, 0.0, 0.39, 0.0, 0.02, 0.0, 0.0, -0.05, -0.05, 0.0, -0.05, 0.0]",0.0,OK
Powermeter_NormalMode_50per_100per.png,toCheck_100001_00481s_Powermeter_NormalMode_50per_100per.png,1376640,Big,0.0,0.39,"[0.02, 0.0, -0.05, 0.0, 0.02, 0.0, 0.0, 0.0, 0.1, 0.02, 0.0, 0.0, 0.0, 0.0, 0.0, 0.0, 0.0, 0.0, 0.0, -0.05, 0.0, 0.0, 0.0, 0.0, 0.0, 0.0, 0.39, 0.0, 0.02, 0.0, 0.0, -0.05, -0.05, 0.0, -0.05, 0.0]",0.0,OK
FULL_ALTIA_WAKEUP_EV.png,toCheck_100004_00358s_FULL_ALTIA_WAKEUP_EV.png,1376640,Big,0.0,11.23,"[0.02, 0.0, -0.05, 0.0, 0.0, -0.05, 0.0, 0.0, 0.0, 0.0, -0.05, 0.0, 0.0, 0.0, 0.02, 0.02, -0.05, 0.0, 11.23, 0.0, 0.0, -0.05, 0.0, -0.05, -0.05, 0.0, 0.0, 0.0, -0.05, -0.05, 0.0, -0.05, -0.05, 0.02, -0.05, -0.05]",0.0,NOK
Normal_Mode.png,toCheck_100004_00460s_Normal_Mode.png,1376640,Big,-0.05,0.12,"[0.02, 0.0, -0.05, 0.0, 0.0, 0.0, 0.12, 0.0, 0.0, 0.02, -0.05, 0.0, 0.0, 0.0, 0.0, -0.05, 0.0, 0.0, 0.0, 0.0, 0.0, -0.05, 0.0, 0.0, 0.02, 0.0, 0.0, 0.0, -0.05, 0.02, 0.0, -0.05, -0.05, 0.0, -0.05, -0.05]",0.0,OK
Powermeter_Normal_Mode_Pmin_max_EV.png,toCheck_100005_00455s_Powermeter_Normal_Mode_Pmin_max_EV.png,1376640,Big,0.0,0.1,"[0.02, 0.0, -0.05, 0.0, 0.0, 0.07, 0.05, 0.0, 0.0, 0.02, -0.05, 0.0, 0.0, 0.0, 0.0, 0.1, 0.0, 0.0, 0.0, 0.0, 0.0, -0.05, 0.0, 0.02, -0.05, 0.0, 0.0, 0.0, -0.05, 0.02, 0.0, -0.05, -0.05, -0.05, -0.05, -0.05]",0.0,OK
Powermeter_Power_Mode_Pmin_max_EV.png,toCheck_100005_00465s_Powermeter_Power_Mode_Pmin_max_EV.png,1376640,Big,-0.05,0.2,"[0.02, 0.0, -0.05, 0.0, 0.0, 0.0, 0.0, 0.0, 0.0, 0.02, -0.05, 0.0, 0.0, 0.0, 0.0, -0.05, 0.2, 0.0, 0.0, 0.0, 0.0, -0.05, 0.0, 0.0, 0.0, 0.0, 0.0, 0.0, 0.0, 0.02, 0.0, -0.05, -0.05, 0.0, 0.0, -0.05]",0.0,OK
Normal_Mode_HEV.png,toCheck_100006_00448s_Normal_Mode_HEV.png,1376640,Big,0.0,0.12,"[0.02, 0.0, -0.05, 0.0, 0.0, 0.0, 0.12, 0.0, 0.0, 0.02, -0.05, 0.0, 0.0, 0.0, 0.0, -0.05, 0.0, 0.0, -0.05, 0.02, -0.05, -0.05, 0.0, 0.0, 0.0, 0.0, 0.0, 0.0, 0.0, 0.02, -0.05, -0.05, -0.05, -0.05, -0.05, -0.05]",0.0,OK
Powermeter_Normal_Mode_Pmin_max_HEV.png,toCheck_100007_00443s_Powermeter_Normal_Mode_Pmin_max_HEV.png,1376640,Big,0.0,0.1,"[0.02, 0.0, -0.05, 0.0, 0.0, 0.07, 0.05, 0.0, 0.0, 0.02, -0.05, 0.0, 0.0, 0.0, 0.0, 0.1, 0.0, 0.0, -0.05, 0.02, -0.05, -0.05, 0.0, 0.02, 0.0, 0.0, 0.0, 0.0, 0.0, 0.02, -0.05, -0.05, -0.05, -0.05, -0.05, -0.05]",0.0,OK
Powermeter_Power_Mode_Pmin_max_HEV.png,toCheck_100007_00448s_Powermeter_Power_Mode_Pmin_max_HEV.png,1376640,Big,-0.05,0.2,"[0.02, 0.0, -0.05, 0.0, 0.0, 0.0, 0.0, 0.0, 0.0, 0.02, -0.05, 0.0, 0.0, 0.0, 0.0, -0.05, 0.2, 0.0, -0.05, 0.02, -0.05, -0.05, 0.0, 0.0, 0.0, 0.0, 0.0, 0.0, 0.0, 0.02, -0.05, -0.05, -0.05, 0.02, -0.05, -0.05]",0.0,OK
Charge_Mode_PHEV.png,toCheck_100008_00450s_Charge_Mode_PHEV.png,1376640,Big,0.0,0.02,"[0.02, 0.0, -0.05, 0.0, 0.0, -0.05, 0.02, 0.0, 0.0, 0.02, -0.05, 0.0, 0.0, 0.0, 0.0, -0.05, 0.0, 0.0, -0.05, 0.02, -0.05, -0.05, 0.0, 0.0, -0.05, 0.0, 0.0, 0.0, 0.0, 0.02, -0.05, -0.05, -0.05, 0.0, -0.05, -0.05]",0.0,OK
Normal_Mode_PHEV.png,toCheck_100008_00460s_Normal_Mode_PHEV.png,1376640,Big,0.0,0.12,"[0.02, 0.0, -0.05, 0.0, 0.0, 0.0, 0.12, 0.0, 0.0, 0.02, -0.05, 0.0, 0.0, 0.0, 0.0, -0.05, 0.0, 0.0, -0.05, 0.02, -0.05, -0.05, 0.0, 0.0, 0.02, 0.0, 0.0, 0.0, 0.0, 0.02, -0.05, -0.05, -0.05, -0.05, -0.05, -0.05]",0.0,OK
FULL_ALTIA_WAKEUP_EV.png,toCheck_100000_00330s_FULL_ALTIA_WAKEUP_EV.png,1376640,Big,0.0,11.23,"[0.02, 0.0, -0.05, 0.0, 0.0, -0.05, 0.0, 0.0, 0.0, 0.0, -0.05, 0.0, 0.0, 0.0, 0.02, 0.02, -0.05, 0.0, 11.23, 0.0, 0.0, -0.05, 0.0, -0.05, -0.05, 0.0, 0.0, 0.0, -0.05, -0.05, 0.0, -0.05, -0.05, 0.02, -0.05, -0.05]",0.0,NOK
FULL_ALTIA_WAKEUP_EV.png,toCheck_100001_00330s_FULL_ALTIA_WAKEUP_EV.png,1376640,Big,0.0,11.23,"[0.02, 0.0, -0.05, 0.0, 0.0, -0.05, 0.0, 0.0, 0.0, 0.0, -0.05, 0.0, 0.0, 0.0, 0.02, 0.02, -0.05, 0.0, 11.23, 0.0, 0.0, -0.05, 0.0, -0.05, -0.05, 0.0, 0.0, 0.0, -0.05, -0.05, 0.0, -0.05, -0.05, 0.02, -0.05, -0.05]",0.0,NOK
TLT_READY_ON.png,toCheck_100001_00355s_TLT_READY_ON.png,44880,Big,1.54,4.47,"[0.27, 0.2, 0.54, 3.74, 2.05, 4.47]",0.0,Investigate
TLT_READY_ON.png,toCheck_100003_00355s_TLT_READY_ON.png,44880,Big,1.54,4.47,"[0.27, 0.2, 0.54, 3.74, 2.05, 4.47]",0.0,Investigate
TLT_READY_ON.png,toCheck_100005_00355s_TLT_READY_ON.png,44880,Big,1.54,4.47,"[0.27, 0.2, 0.54, 3.74, 2.05, 4.47]",0.0,Investigate
WTP_50_PER.png,toCheck_100000_00357s_WTP_50_PER.png,21106,Big,0.49,0.32,"[0.32, 0.24, 0.12]",0.0,OK
WTP_0_PER.png,toCheck_100000_00379s_WTP_0_PER.png,21106,Big,0.27,0.39,"[0.39, 0.15, 0.12]",0.0,OK
WTP_0_PER.png,toCheck_100000_00386s_WTP_0_PER.png,21106,Big,0.27,0.39,"[0.39, 0.15, 0.12]",0.0,OK
WTP_50_PER.png,toCheck_100000_00408s_WTP_50_PER.png,21106,Big,0.49,0.32,"[0.32, 0.24, 0.12]",0.0,OK
WTP_70_PER.png,toCheck_100000_00410s_WTP_70_PER.png,21106,Big,0.49,0.34,"[0.32, 0.15, 0.34]",0.0,OK
WTP_50_PER.png,toCheck_100001_00357s_WTP_50_PER.png,21106,Big,0.49,0.32,"[0.32, 0.24, 0.12]",0.0,OK
WTP_0_PER.png,toCheck_100001_00379s_WTP_0_PER.png,21106,Big,0.27,0.39,"[0.39, 0.15, 0.12]",0.0,OK
WTP_70_PER.png,toCheck_100001_00401s_WTP_70_PER.png,21106,Big,0.49,0.34,"[0.32, 0.15, 0.34]",0.0,OK
WTP_50_PER.png,toCheck_100002_00357s_WTP_50_PER.png,21106,Big,0.49,0.32,"[0.32, 0.24, 0.12]",0.0,OK
WTP_50_PER.png,toCheck_100002_00379s_WTP_50_PER.png,21106,Big,0.49,0.32,"[0.32, 0.24, 0.12]",0.0,OK
WTP_50_PER.png,toCheck_100002_00389s_WTP_50_PER.png,21106,Big,0.49,0.32,"[0.32, 0.24, 0.12]",0.0,OK
WTP_50_PER.png,toCheck_100002_00391s_WTP_50_PER.png,21106,Big,0.49,0.32,"[0.32, 0.24, 0.12]",0.0,OK
WTP_70_PER.png,toCheck_100002_00393s_WTP_70_PER.png,21106,Big,0.49,0.34,"[0.32, 0.15, 0.34]",0.0,OK
WTP_24_PER.png,toCheck_100003_00857s_WTP_24_PER.png,21106,Big,0.76,0.32,"[0.32, 0.12, 0.12]",0.0,OK
WTP_0_PER.png,toCheck_100003_00357s_WTP_0_PER.png,21106,Big,0.27,0.39,"[0.39, 0.15, 0.12]",0.0,OK
WTP_50_PER.png,toCheck_100003_00379s_WTP_50_PER.png,21106,Big,0.49,0.32,"[0.32, 0.24, 0.12]",0.0,OK
WTP_100_PER.png,toCheck_100003_00401s_WTP_100_PER.png,21106,Big,0.2,0.51,"[0.51, 0.27, 0.34]",0.0,OK
WTP_90_PER.png,toCheck_100003_00423s_WTP_90_PER.png,21106,Big,0.2,0.51,"[0.51, 0.27, 0.17]",0.0,OK
WTP_50_PER.png,toCheck_100003_00445s_WTP_50_PER.png,21106,Big,0.49,0.32,"[0.32, 0.24, 0.12]",0.0,OK
WTP_50_PER.png,toCheck_100003_00467s_WTP_50_PER.png,21106,Big,0.49,0.32,"[0.32, 0.24, 0.12]",0.0,OK
WTP_70_PER.png,toCheck_100004_00511s_WTP_70_PER.png,21106,Big,0.49,0.34,"[0.32, 0.15, 0.34]",0.0,OK
WTP_50_PER.png,toCheck_100004_00533s_WTP_50_PER.png,21106,Big,0.49,0.32,"[0.32, 0.24, 0.12]",0.0,OK
WTP_0_PER.png,toCheck_100004_00357s_WTP_0_PER.png,21106,Big,0.27,0.39,"[0.39, 0.15, 0.12]",0.0,OK
WTP_0_PER.png,toCheck_100004_00379s_WTP_0_PER.png,21106,Big,0.27,0.39,"[0.39, 0.15, 0.12]",0.0,OK
WTP_24_PER.png,toCheck_100004_00401s_WTP_24_PER.png,21106,Big,0.76,0.32,"[0.32, 0.12, 0.12]",0.0,OK
WTP_50_PER.png,toCheck_100004_00423s_WTP_50_PER.png,21106,Big,0.49,0.32,"[0.32, 0.24, 0.12]",0.0,OK
WTP_100_PER.png,toCheck_100004_00445s_WTP_100_PER.png,21106,Big,0.2,0.51,"[0.51, 0.27, 0.34]",0.0,OK
WTP_95_PER.png,toCheck_100004_00467s_WTP_95_PER.png,21106,Big,0.2,0.51,"[0.51, 0.27, 0.1]",0.0,OK
WTP_90_PER.png,toCheck_100004_00489s_WTP_90_PER.png,21106,Big,0.2,0.51,"[0.51, 0.27, 0.17]",0.0,OK
WTP_50_PER.png,toCheck_100005_00511s_WTP_50_PER.png,21106,Big,0.49,0.32,"[0.32, 0.24, 0.12]",0.0,OK
WTP_50_PER.png,toCheck_100005_00533s_WTP_50_PER.png,21106,Big,0.49,0.32,"[0.32, 0.24, 0.12]",0.0,OK
WTP_24_PER.png,toCheck_100005_00357s_WTP_24_PER.png,21106,Big,0.76,0.32,"[0.32, 0.12, 0.12]",0.0,OK
WTP_24_PER.png,toCheck_100005_00379s_WTP_24_PER.png,21106,Big,0.76,0.32,"[0.32, 0.12, 0.12]",0.0,OK
WTP_50_PER.png,toCheck_100005_00401s_WTP_50_PER.png,21106,Big,0.49,0.32,"[0.32, 0.24, 0.12]",0.0,OK
WTP_100_PER.png,toCheck_100005_00423s_WTP_100_PER.png,21106,Big,0.2,0.51,"[0.51, 0.27, 0.34]",0.0,OK
WTP_70_PER.png,toCheck_100005_00445s_WTP_70_PER.png,21106,Big,0.49,0.34,"[0.32, 0.15, 0.34]",0.0,OK
WTP_50_PER.png,toCheck_100005_00467s_WTP_50_PER.png,21106,Big,0.49,0.32,"[0.32, 0.24, 0.12]",0.0,OK
WTP_50_PER.png,toCheck_100005_00489s_WTP_50_PER.png,21106,Big,0.49,0.32,"[0.32, 0.24, 0.12]",0.0,OK
WTP_50_PER.png,toCheck_100006_00368s_WTP_50_PER.png,21106,Big,0.49,0.32,"[0.32, 0.24, 0.12]",0.0,OK
WTP_90_PER.png,toCheck_100006_00390s_WTP_90_PER.png,21106,Big,0.2,0.51,"[0.51, 0.27, 0.17]",0.0,OK
WTP_100_PER.png,toCheck_100006_00412s_WTP_100_PER.png,21106,Big,0.2,0.51,"[0.51, 0.27, 0.34]",0.0,OK
WTP_90_PER.png,toCheck_100007_00511s_WTP_90_PER.png,21106,Big,0.2,0.51,"[0.51, 0.27, 0.17]",0.0,OK
WTP_95_PER.png,toCheck_100007_00533s_WTP_95_PER.png,21106,Big,0.2,0.51,"[0.51, 0.27, 0.1]",0.0,OK
WTP_100_PER.png,toCheck_100007_00555s_WTP_100_PER.png,21106,Big,0.2,0.51,"[0.51, 0.27, 0.34]",0.0,OK
WTP_100_PER.png,toCheck_100007_00577s_WTP_100_PER.png,21106,Big,0.2,0.51,"[0.51, 0.27, 0.34]",0.0,OK
WTP_100_PER.png,toCheck_100007_00599s_WTP_100_PER.png,21106,Big,0.2,0.51,"[0.51, 0.27, 0.34]",0.0,OK
WTP_0_PER.png,toCheck_100007_00357s_WTP_0_PER.png,21106,Big,0.27,0.39,"[0.39, 0.15, 0.12]",0.0,OK
WTP_0_PER.png,toCheck_100007_00379s_WTP_0_PER.png,21106,Big,0.27,0.39,"[0.39, 0.15, 0.12]",0.0,OK
WTP_24_PER.png,toCheck_100007_00401s_WTP_24_PER.png,21106,Big,0.76,0.32,"[0.32, 0.12, 0.12]",0.0,OK
WTP_50_PER.png,toCheck_100007_00423s_WTP_50_PER.png,21106,Big,0.49,0.32,"[0.32, 0.24, 0.12]",0.0,OK
WTP_50_PER.png,toCheck_100007_00445s_WTP_50_PER.png,21106,Big,0.49,0.32,"[0.32, 0.24, 0.12]",0.0,OK
WTP_50_PER.png,toCheck_100007_00467s_WTP_50_PER.png,21106,Big,0.49,0.32,"[0.32, 0.24, 0.12]",0.0,OK
WTP_70_PER.png,toCheck_100007_00489s_WTP_70_PER.png,21106,Big,0.49,0.34,"[0.32, 0.15, 0.34]",0.0,OK
WTP_70_PER.png,toCheck_100008_00489s_WTP_70_PER.png,21106,Big,0.49,0.34,"[0.32, 0.15, 0.34]",0.0,OK
WTP_24_PER.png,toCheck_100008_00357s_WTP_24_PER.png,21106,Big,0.76,0.32,"[0.32, 0.12, 0.12]",0.0,OK
WTP_90_PER.png,toCheck_100008_00379s_WTP_90_PER.png,21106,Big,0.2,0.51,"[0.51, 0.27, 0.17]",0.0,OK
ELKA_Nodisp.png,toCheck_100000_00433s_ELKA_Nodisp.png,204053,Big,0.0,0.0,"[0.0, 0.0, -0.05, -0.05, -0.05, 0.0]",0.0,OK
ELKA_Nodisp.png,toCheck_100000_00438s_ELKA_Nodisp.png,204053,Big,0.0,0.0,"[0.0, 0.0, -0.05, -0.05, -0.05, 0.0]",0.0,OK
ELKA_LL_ALT_10925_4_FR.png,toCheck_100000_00443s_ELKA_LL_ALT_10925_4_FR.png,204053,Big,0.02,0.02,"[0.02, 0.0, 0.0, -0.05, -0.05, 0.0]",0.0,OK
TLT_SERV_OFF.png,toCheck_100000_00443s_TLT_SERV_OFF.png,30736,Big,0.24,1.22,"[0.46, 1.22, 0.54, 0.46, 0.17, 0.22, 0.66, 0.49, 0.0, 0.0, 0.0, 0.0]",0.0,OK
TLT_STOP_OFF.png,toCheck_100000_00443s_TLT_STOP_OFF.png,22176,Big,0.24,0.51,"[0.44, 0.22, 0.27, 0.0, 0.44, 0.17, 0.51, 0.0]",0.0,OK
ELKA_Nodisp.png,toCheck_100000_00448s_ELKA_Nodisp.png,204053,Big,0.0,0.0,"[0.0, 0.0, -0.05, -0.05, -0.05, 0.0]",0.0,OK
ELKA_Nodisp.png,toCheck_100000_00463s_ELKA_Nodisp.png,204053,Big,0.0,0.0,"[0.0, 0.0, -0.05, -0.05, -0.05, 0.0]",0.0,OK
ELKA_LL_ALT_10925_4_FR.png,toCheck_100000_00468s_ELKA_LL_ALT_10925_4_FR.png,204053,Big,0.02,0.02,"[0.02, 0.0, 0.0, -0.05, -0.05, 0.0]",0.0,OK
TXTALT_10925_8_FR.png,toCheck_100000_00468s_TXTALT_10925_8_FR.png,202806,Big,0.12,1.12,"[1.05, 1.12, 0.85, 0.24, 0.22, 0.78]",0.0,OK
ELKA_Nodisp.png,toCheck_100000_00473s_ELKA_Nodisp.png,204053,Big,0.0,0.0,"[0.0, 0.0, -0.05, -0.05, -0.05, 0.0]",0.0,OK
ELKA_Nodisp.png,toCheck_100000_00478s_ELKA_Nodisp.png,204053,Big,0.0,0.0,"[0.0, 0.0, -0.05, -0.05, -0.05, 0.0]",0.0,OK
ELKA_RL_ALT_10925_4_FR.png,toCheck_100000_00483s_ELKA_RL_ALT_10925_4_FR.png,204053,Big,0.05,0.02,"[0.0, 0.02, -0.05, 0.0, -0.05, 0.0]",0.0,OK
TXTALT_10925_4_FR.png,toCheck_100000_00483s_TXTALT_10925_4_FR.png,202806,Big,0.17,0.95,"[0.22, 0.68, 0.07, 0.95, 0.49, 0.63]",0.0,OK
TLT_SERV_OFF.png,toCheck_100000_00483s_TLT_SERV_OFF.png,30736,Big,0.24,1.22,"[0.46, 1.22, 0.54, 0.46, 0.17, 0.22, 0.66, 0.49, 0.0, 0.0, 0.0, 0.0]",0.0,OK
TLT_STOP_OFF.png,toCheck_100000_00483s_TLT_STOP_OFF.png,22176,Big,0.24,0.51,"[0.44, 0.22, 0.27, 0.0, 0.44, 0.17, 0.51, 0.0]",0.0,OK
ELKA_Nodisp.png,toCheck_100000_00488s_ELKA_Nodisp.png,204053,Big,0.0,0.0,"[0.0, 0.0, -0.05, -0.05, -0.05, 0.0]",0.0,OK
ELKA_Nodisp.png,toCheck_100000_00493s_ELKA_Nodisp.png,204053,Big,0.0,0.0,"[0.0, 0.0, -0.05, -0.05, -0.05, 0.0]",0.0,OK
ELKA_RL_ALT_10925_4_FR.png,toCheck_100000_00498s_ELKA_RL_ALT_10925_4_FR.png,204053,Big,0.05,0.02,"[0.0, 0.02, -0.05, 0.0, -0.05, 0.0]",0.0,OK
TLT_SERV_OFF.png,toCheck_100000_00498s_TLT_SERV_OFF.png,30736,Big,0.24,1.22,"[0.46, 1.22, 0.54, 0.46, 0.17, 0.22, 0.66, 0.49, 0.0, 0.0, 0.0, 0.0]",0.0,OK
TLT_STOP_OFF.png,toCheck_100000_00498s_TLT_STOP_OFF.png,22176,Big,0.24,0.51,"[0.44, 0.22, 0.27, 0.0, 0.44, 0.17, 0.51, 0.0]",0.0,OK
ELKA_Nodisp.png,toCheck_100000_00503s_ELKA_Nodisp.png,204053,Big,0.0,0.0,"[0.0, 0.0, -0.05, -0.05, -0.05, 0.0]",0.0,OK
ELKA_Nodisp.png,toCheck_100000_00518s_ELKA_Nodisp.png,204053,Big,0.0,0.0,"[0.0, 0.0, -0.05, -0.05, -0.05, 0.0]",0.0,OK
ELKA_RL_ALT_10925_4_FR.png,toCheck_100000_00523s_ELKA_RL_ALT_10925_4_FR.png,204053,Big,0.05,0.02,"[0.0, 0.02, -0.05, 0.0, -0.05, 0.0]",0.0,OK
TXTALT_10925_8_FR.png,toCheck_100000_00523s_TXTALT_10925_8_FR.png,202806,Big,0.12,1.12,"[1.05, 1.12, 0.85, 0.24, 0.22, 0.78]",0.0,OK
ELKA_Nodisp.png,toCheck_100000_00528s_ELKA_Nodisp.png,204053,Big,0.0,0.0,"[0.0, 0.0, -0.05, -0.05, -0.05, 0.0]",0.0,OK
ADAS_LAYOUT.png,toCheck_100000_00400s_ADAS_LAYOUT.png,1376640,Big,0.0,0.02,"[-0.05, 0.02, 0.02, 0.0, 0.0, 0.0, 0.0, 0.0, 0.0, 0.0, 0.0, -0.05, 0.0, 0.0, 0.0, -0.05, 0.0, 0.0, -0.05, 0.0, 0.0, 0.0, 0.0, 0.0, -0.05, 0.0, -0.05, -0.05, 0.0, 0.0, 0.0, -0.05, 0.0, 0.02, 0.0, 0.02]",0.0,OK
ELKA_Nodisp.png,toCheck_100000_00533s_ELKA_Nodisp.png,204053,Big,0.0,0.0,"[0.0, 0.0, -0.05, -0.05, -0.05, 0.0]",0.0,OK
ELKA_BT_ALT_10925_4_FR.png,toCheck_100000_00538s_ELKA_BT_ALT_10925_4_FR.png,204053,Big,0.0,0.02,"[0.02, 0.02, 0.0, 0.0, -0.05, 0.0]",0.0,OK
TXTALT_10925_4_FR.png,toCheck_100000_00538s_TXTALT_10925_4_FR.png,202806,Big,0.17,0.95,"[0.22, 0.68, 0.07, 0.95, 0.49, 0.63]",0.0,OK
TLT_SERV_OFF.png,toCheck_100000_00538s_TLT_SERV_OFF.png,30736,Big,0.24,1.22,"[0.46, 1.22, 0.54, 0.46, 0.17, 0.22, 0.66, 0.49, 0.0, 0.0, 0.0, 0.0]",0.0,OK
TLT_STOP_OFF.png,toCheck_100000_00538s_TLT_STOP_OFF.png,22176,Big,0.24,0.51,"[0.44, 0.22, 0.27, 0.0, 0.44, 0.17, 0.51, 0.0]",0.0,OK
ELKA_Nodisp.png,toCheck_100000_00543s_ELKA_Nodisp.png,204053,Big,0.0,0.0,"[0.0, 0.0, -0.05, -0.05, -0.05, 0.0]",0.0,OK
ELKA_Nodisp.png,toCheck_100000_00548s_ELKA_Nodisp.png,204053,Big,0.0,0.0,"[0.0, 0.0, -0.05, -0.05, -0.05, 0.0]",0.0,OK
ELKA_BT_ALT_10925_4_FR.png,toCheck_100000_00553s_ELKA_BT_ALT_10925_4_FR.png,204053,Big,0.0,0.02,"[0.02, 0.02, 0.0, 0.0, -0.05, 0.0]",0.0,OK
ELKA_Nodisp.png,toCheck_100000_00423s_ELKA_Nodisp.png,204053,Big,0.0,0.0,"[0.0, 0.0, -0.05, -0.05, -0.05, 0.0]",0.0,OK
TLT_SERV_OFF.png,toCheck_100000_00553s_TLT_SERV_OFF.png,30736,Big,0.24,1.22,"[0.46, 1.22, 0.54, 0.46, 0.17, 0.22, 0.66, 0.49, 0.0, 0.0, 0.0, 0.0]",0.0,OK
TLT_STOP_OFF.png,toCheck_100000_00553s_TLT_STOP_OFF.png,22176,Big,0.24,0.51,"[0.44, 0.22, 0.27, 0.0, 0.44, 0.17, 0.51, 0.0]",0.0,OK
ELKA_Nodisp.png,toCheck_100000_00558s_ELKA_Nodisp.png,204053,Big,0.0,0.0,"[0.0, 0.0, -0.05, -0.05, -0.05, 0.0]",0.0,OK
ELKA_LL_ALT_10925_4_FR.png,toCheck_100000_00428s_ELKA_LL_ALT_10925_4_FR.png,204053,Big,0.02,0.02,"[0.02, 0.0, 0.0, -0.05, -0.05, 0.0]",0.0,OK
TXTALT_10925_4_FR.png,toCheck_100000_00428s_TXTALT_10925_4_FR.png,202806,Big,0.17,0.95,"[0.22, 0.68, 0.07, 0.95, 0.49, 0.63]",0.0,OK
TLT_SERV_OFF.png,toCheck_100000_00428s_TLT_SERV_OFF.png,30736,Big,0.24,1.22,"[0.46, 1.22, 0.54, 0.46, 0.17, 0.22, 0.66, 0.49, 0.0, 0.0, 0.0, 0.0]",0.0,OK
TLT_STOP_OFF.png,toCheck_100000_00428s_TLT_STOP_OFF.png,22176,Big,0.24,0.51,"[0.44, 0.22, 0.27, 0.0, 0.44, 0.17, 0.51, 0.0]",0.0,OK
BOTH_GRY.png,toCheck_100001_00456s_BOTH_GRY.png,204053,Big,-0.05,0.02,"[0.02, 0.0, 0.0, -0.05, -0.05, 0.0]",0.0,OK
LL_WHT_RL_GRY.png,toCheck_100001_00461s_LL_WHT_RL_GRY.png,204053,Big,0.02,0.02,"[0.02, 0.0, 0.0, -0.05, -0.05, 0.0]",0.0,OK
LL_RED_RL_GRY.png,toCheck_100001_00466s_LL_RED_RL_GRY.png,204053,Big,0.0,0.05,"[0.05, 0.0, 0.0, -0.05, -0.05, 0.0]",0.0,OK
LL_WHT_RL_GRY.png,toCheck_100001_00471s_LL_WHT_RL_GRY.png,204053,Big,0.02,0.02,"[0.02, 0.0, 0.0, -0.05, -0.05, 0.0]",0.0,OK
LL_GRY_RL_WHT.png,toCheck_100001_00476s_LL_GRY_RL_WHT.png,204053,Big,0.0,0.02,"[0.0, 0.0, 0.0, 0.02, -0.05, 0.0]",0.0,OK
LL_GRY_RL_RED.png,toCheck_100001_00481s_LL_GRY_RL_RED.png,204053,Big,-0.05,0.02,"[0.0, 0.02, 0.0, 0.0, -0.05, 0.0]",0.0,OK
LL_GRY_RL_WHT.png,toCheck_100001_00486s_LL_GRY_RL_WHT.png,204053,Big,0.0,0.02,"[0.0, 0.0, 0.0, 0.02, -0.05, 0.0]",0.0,OK
LL_WHT_RL_RED.png,toCheck_100001_00496s_LL_WHT_RL_RED.png,204053,Big,0.0,0.02,"[0.02, 0.0, 0.0, 0.0, -0.05, 0.0]",0.0,OK
LL_RED_RL_WHT.png,toCheck_100001_00501s_LL_RED_RL_WHT.png,204053,Big,0.0,0.05,"[0.05, 0.0, 0.0, 0.02, -0.05, 0.0]",0.0,OK
BOTH_GRY.png,toCheck_100001_00511s_BOTH_GRY.png,204053,Big,-0.05,0.02,"[0.02, 0.0, 0.0, -0.05, -0.05, 0.0]",0.0,OK
BOTH_GRY.png,toCheck_100001_00534s_BOTH_GRY.png,204053,Big,-0.05,0.02,"[0.02, 0.0, 0.0, -0.05, -0.05, 0.0]",0.0,OK
TLT_SERV_OFF.png,toCheck_100001_00539s_TLT_SERV_OFF.png,30736,Big,0.24,1.22,"[0.46, 1.22, 0.54, 0.46, 0.17, 0.22, 0.66, 0.49, 0.0, 0.0, 0.0, 0.0]",0.0,OK
TLT_STOP_OFF.png,toCheck_100001_00539s_TLT_STOP_OFF.png,22176,Big,0.24,0.51,"[0.44, 0.22, 0.27, 0.0, 0.44, 0.17, 0.51, 0.0]",0.0,OK
TLT_LDW_ON.png,toCheck_100001_00539s_TLT_LDW_ON.png,19456,Big,0.68,1.32,"[0.24, 0.44, 1.32, 0.63, 0.0, 0.0]",0.0,OK
ADAS_LAYOUT.png,toCheck_100001_00400s_ADAS_LAYOUT.png,1376640,Big,0.0,0.02,"[-0.05, 0.02, 0.02, 0.0, 0.0, 0.0, 0.0, 0.0, 0.0, 0.0, 0.0, -0.05, 0.0, 0.0, 0.0, -0.05, 0.0, 0.0, -0.05, 0.0, 0.0, 0.0, 0.0, 0.0, -0.05, 0.0, -0.05, -0.05, 0.0, 0.0, 0.0, -0.05, 0.0, 0.02, 0.0, 0.02]",0.0,OK
BOTH_GRY.png,toCheck_100001_00423s_BOTH_GRY.png,204053,Big,-0.05,0.02,"[0.02, 0.0, 0.0, -0.05, -0.05, 0.0]",0.0,OK
BOTH_GRY.png,toCheck_100001_00428s_BOTH_GRY.png,204053,Big,-0.05,0.02,"[0.02, 0.0, 0.0, -0.05, -0.05, 0.0]",0.0,OK
BOTH_GRY.png,toCheck_100002_00456s_BOTH_GRY.png,204053,Big,-0.05,0.02,"[0.02, 0.0, 0.0, -0.05, -0.05, 0.0]",0.0,OK
LL_WHT_RL_GRY.png,toCheck_100002_00461s_LL_WHT_RL_GRY.png,204053,Big,0.02,0.02,"[0.02, 0.0, 0.0, -0.05, -0.05, 0.0]",0.0,OK
LL_RED_RL_GRY.png,toCheck_100002_00466s_LL_RED_RL_GRY.png,204053,Big,0.0,0.05,"[0.05, 0.0, 0.0, -0.05, -0.05, 0.0]",0.0,OK
LL_WHT_RL_GRY.png,toCheck_100002_00471s_LL_WHT_RL_GRY.png,204053,Big,0.02,0.02,"[0.02, 0.0, 0.0, -0.05, -0.05, 0.0]",0.0,OK
LL_GRY_RL_WHT.png,toCheck_100002_00476s_LL_GRY_RL_WHT.png,204053,Big,0.0,0.02,"[0.0, 0.0, 0.0, 0.02, -0.05, 0.0]",0.0,OK
LL_GRY_RL_RED.png,toCheck_100002_00481s_LL_GRY_RL_RED.png,204053,Big,-0.05,0.02,"[0.0, 0.02, 0.0, 0.0, -0.05, 0.0]",0.0,OK
LL_GRY_RL_WHT.png,toCheck_100002_00486s_LL_GRY_RL_WHT.png,204053,Big,0.0,0.02,"[0.0, 0.0, 0.0, 0.02, -0.05, 0.0]",0.0,OK
LL_WHT_RL_RED.png,toCheck_100002_00496s_LL_WHT_RL_RED.png,204053,Big,0.0,0.02,"[0.02, 0.0, 0.0, 0.0, -0.05, 0.0]",0.0,OK
LL_RED_RL_WHT.png,toCheck_100002_00501s_LL_RED_RL_WHT.png,204053,Big,0.0,0.05,"[0.05, 0.0, 0.0, 0.02, -0.05, 0.0]",0.0,OK
BOTH_GRY.png,toCheck_100002_00511s_BOTH_GRY.png,204053,Big,-0.05,0.02,"[0.02, 0.0, 0.0, -0.05, -0.05, 0.0]",0.0,OK
BOTH_GRY.png,toCheck_100002_00534s_BOTH_GRY.png,204053,Big,-0.05,0.02,"[0.02, 0.0, 0.0, -0.05, -0.05, 0.0]",0.0,OK
TLT_SERV_OFF.png,toCheck_100002_00539s_TLT_SERV_OFF.png,30736,Big,0.24,1.22,"[0.46, 1.22, 0.54, 0.46, 0.17, 0.22, 0.66, 0.49, 0.0, 0.0, 0.0, 0.0]",0.0,OK
TLT_STOP_OFF.png,toCheck_100002_00539s_TLT_STOP_OFF.png,22176,Big,0.24,0.51,"[0.44, 0.22, 0.27, 0.0, 0.44, 0.17, 0.51, 0.0]",0.0,OK
TLT_LDW_ON.png,toCheck_100002_00539s_TLT_LDW_ON.png,19456,Big,0.68,1.32,"[0.24, 0.44, 1.32, 0.63, 0.0, 0.0]",0.0,OK
ADAS_LAYOUT.png,toCheck_100002_00400s_ADAS_LAYOUT.png,1376640,Big,0.0,0.02,"[-0.05, 0.02, 0.02, 0.0, 0.0, 0.0, 0.0, 0.0, 0.0, 0.0, 0.0, -0.05, 0.0, 0.0, 0.0, -0.05, 0.0, 0.0, -0.05, 0.0, 0.0, 0.0, 0.0, 0.0, -0.05, 0.0, -0.05, -0.05, 0.0, 0.0, 0.0, -0.05, 0.0, 0.02, 0.0, 0.02]",0.0,OK
BOTH_GRY.png,toCheck_100002_00423s_BOTH_GRY.png,204053,Big,-0.05,0.02,"[0.02, 0.0, 0.0, -0.05, -0.05, 0.0]",0.0,OK
BOTH_GRY.png,toCheck_100002_00428s_BOTH_GRY.png,204053,Big,-0.05,0.02,"[0.02, 0.0, 0.0, -0.05, -0.05, 0.0]",0.0,OK
TLT_STOP_OFF.png,toCheck_100003_00425s_TLT_STOP_OFF.png,22176,Big,0.24,0.51,"[0.44, 0.22, 0.27, 0.0, 0.44, 0.17, 0.51, 0.0]",0.0,OK
TLT_LKAOFF_ON.png,toCheck_100003_00425s_TLT_LKAOFF_ON.png,19456,Big,0.0,0.05,"[0.0, 0.05, 0.0, 0.02, 0.0, 0.0]",0.0,OK
ADAS_LAYOUT.png,toCheck_100003_00400s_ADAS_LAYOUT.png,1376640,Big,0.0,0.02,"[-0.05, 0.02, 0.02, 0.0, 0.0, 0.0, 0.0, 0.0, 0.0, 0.0, 0.0, -0.05, 0.0, 0.0, 0.0, -0.05, 0.0, 0.0, -0.05, 0.0, 0.0, 0.0, 0.0, 0.0, -0.05, 0.0, -0.05, -0.05, 0.0, 0.0, 0.0, -0.05, 0.0, 0.02, 0.0, 0.02]",0.0,OK
BOTH_GRY.png,toCheck_100003_00410s_BOTH_GRY.png,204053,Big,-0.05,0.02,"[0.02, 0.0, 0.0, -0.05, -0.05, 0.0]",0.0,OK
BOTH_GRY.png,toCheck_100003_00415s_BOTH_GRY.png,204053,Big,-0.05,0.02,"[0.02, 0.0, 0.0, -0.05, -0.05, 0.0]",0.0,OK
TLT_SERV_OFF.png,toCheck_100003_00425s_TLT_SERV_OFF.png,30736,Big,0.24,4.35,"[0.46, 1.22, 0.54, 2.05, 0.17, 0.22, 0.66, 4.35, 0.0, 0.0, 0.0, 0.0]",0.0,Investigate
ADAS_LAYOUT.png,toCheck_100004_00400s_ADAS_LAYOUT.png,1376640,Big,0.0,0.02,"[-0.05, 0.02, 0.02, 0.0, 0.0, 0.0, 0.0, 0.0, 0.0, 0.0, 0.0, -0.05, 0.0, 0.0, 0.0, -0.05, 0.0, 0.0, -0.05, 0.0, 0.0, 0.0, 0.0, 0.0, -0.05, 0.0, -0.05, -0.05, 0.0, 0.0, 0.0, -0.05, 0.0, 0.02, 0.0, 0.02]",0.0,OK
LL_GRY_RL_RED.png,toCheck_100005_00430s_LL_GRY_RL_RED.png,204053,Big,-0.05,0.02,"[0.0, 0.02, 0.0, 0.0, -0.05, 0.0]",0.0,OK
BOTH_GRY.png,toCheck_100005_00435s_BOTH_GRY.png,204053,Big,-0.05,0.02,"[0.02, 0.0, 0.0, -0.05, -0.05, 0.0]",0.0,OK
ADAS_LAYOUT.png,toCheck_100005_00400s_ADAS_LAYOUT.png,1376640,Big,0.0,0.02,"[-0.05, 0.02, 0.02, 0.0, 0.0, 0.0, 0.0, 0.0, 0.0, 0.0, 0.0, -0.05, 0.0, 0.0, 0.0, -0.05, 0.0, 0.0, -0.05, 0.0, 0.0, 0.0, 0.0, 0.0, -0.05, 0.0, -0.05, -0.05, 0.0, 0.0, 0.0, -0.05, 0.0, 0.02, 0.0, 0.02]",0.0,OK
BOTH_GRY.png,toCheck_100005_00420s_BOTH_GRY.png,204053,Big,-0.05,0.02,"[0.02, 0.0, 0.0, -0.05, -0.05, 0.0]",0.0,OK
LL_RED_RL_GRY.png,toCheck_100005_00425s_LL_RED_RL_GRY.png,204053,Big,0.0,0.05,"[0.05, 0.0, 0.0, -0.05, -0.05, 0.0]",0.0,OK
LL_GRY_RL_RED.png,toCheck_100006_00450s_LL_GRY_RL_RED.png,204053,Big,-0.05,0.02,"[0.0, 0.02, 0.0, 0.0, -0.05, 0.0]",0.0,OK
LL_RED_RL_GRY.png,toCheck_100006_00455s_LL_RED_RL_GRY.png,204053,Big,0.0,0.05,"[0.05, 0.0, 0.0, -0.05, -0.05, 0.0]",0.0,OK
BOTH_GRY.png,toCheck_100006_00460s_BOTH_GRY.png,204053,Big,-0.05,0.02,"[0.02, 0.0, 0.0, -0.05, -0.05, 0.0]",0.0,OK
LL_WHT_RL_GRY.png,toCheck_100006_00465s_LL_WHT_RL_GRY.png,204053,Big,0.02,0.02,"[0.02, 0.0, 0.0, -0.05, -0.05, 0.0]",0.0,OK
LL_WHT_RL_RED.png,toCheck_100006_00470s_LL_WHT_RL_RED.png,204053,Big,0.0,0.02,"[0.02, 0.0, 0.0, 0.0, -0.05, 0.0]",0.0,OK
LL_WHT_RL_GRY.png,toCheck_100006_00475s_LL_WHT_RL_GRY.png,204053,Big,0.02,0.02,"[0.02, 0.0, 0.0, -0.05, -0.05, 0.0]",0.0,OK
LL_GRY_RL_WHT.png,toCheck_100006_00480s_LL_GRY_RL_WHT.png,204053,Big,0.0,0.02,"[0.0, 0.0, 0.0, 0.02, -0.05, 0.0]",0.0,OK
LL_RED_RL_WHT.png,toCheck_100006_00485s_LL_RED_RL_WHT.png,204053,Big,0.0,0.05,"[0.05, 0.0, 0.0, 0.02, -0.05, 0.0]",0.0,OK
LL_GRY_RL_WHT.png,toCheck_100006_00490s_LL_GRY_RL_WHT.png,204053,Big,0.0,0.02,"[0.0, 0.0, 0.0, 0.02, -0.05, 0.0]",0.0,OK
BOTH_GRY.png,toCheck_100006_00495s_BOTH_GRY.png,204053,Big,-0.05,0.02,"[0.02, 0.0, 0.0, -0.05, -0.05, 0.0]",0.0,OK
ADAS_LAYOUT.png,toCheck_100006_00400s_ADAS_LAYOUT.png,1376640,Big,0.0,0.02,"[-0.05, 0.02, 0.02, 0.0, 0.0, 0.0, 0.0, 0.0, 0.0, 0.0, 0.0, -0.05, 0.0, 0.0, 0.0, -0.05, 0.0, 0.0, -0.05, 0.0, 0.0, 0.0, 0.0, 0.0, -0.05, 0.0, -0.05, -0.05, 0.0, 0.0, 0.0, -0.05, 0.0, 0.02, 0.0, 0.02]",0.0,OK
BOTH_GRY.png,toCheck_100006_00420s_BOTH_GRY.png,204053,Big,-0.05,0.02,"[0.02, 0.0, 0.0, -0.05, -0.05, 0.0]",0.0,OK
BOTH_GRY.png,toCheck_100006_00445s_BOTH_GRY.png,204053,Big,-0.05,0.02,"[0.02, 0.0, 0.0, -0.05, -0.05, 0.0]",0.0,OK
LL_GRY_RL_WHT.png,toCheck_100007_00445s_LL_GRY_RL_WHT.png,204053,Big,0.0,0.02,"[0.0, 0.0, 0.0, 0.02, -0.05, 0.0]",0.0,OK
LL_GRY_RL_RED.png,toCheck_100007_00450s_LL_GRY_RL_RED.png,204053,Big,-0.05,0.02,"[0.0, 0.02, 0.0, 0.0, -0.05, 0.0]",0.0,OK
LL_GRY_RL_WHT.png,toCheck_100007_00455s_LL_GRY_RL_WHT.png,204053,Big,0.0,0.02,"[0.0, 0.0, 0.0, 0.02, -0.05, 0.0]",0.0,OK
BOTH_GRY.png,toCheck_100007_00460s_BOTH_GRY.png,204053,Big,-0.05,0.02,"[0.02, 0.0, 0.0, -0.05, -0.05, 0.0]",0.0,OK
BOTH_GRY.png,toCheck_100007_00480s_BOTH_GRY.png,204053,Big,-0.05,0.02,"[0.02, 0.0, 0.0, -0.05, -0.05, 0.0]",0.0,OK
ADAS_LAYOUT.png,toCheck_100007_00400s_ADAS_LAYOUT.png,1376640,Big,0.0,0.02,"[-0.05, 0.02, 0.02, 0.0, 0.0, 0.0, 0.0, 0.0, 0.0, 0.0, 0.0, -0.05, 0.0, 0.0, 0.0, -0.05, 0.0, 0.0, -0.05, 0.0, 0.0, 0.0, 0.0, 0.0, -0.05, 0.0, -0.05, -0.05, 0.0, 0.0, 0.0, -0.05, 0.0, 0.02, 0.0, 0.02]",0.0,OK
BOTH_GRY.png,toCheck_100007_00420s_BOTH_GRY.png,204053,Big,-0.05,0.02,"[0.02, 0.0, 0.0, -0.05, -0.05, 0.0]",0.0,OK
BOTH_GRY.png,toCheck_100007_00440s_BOTH_GRY.png,204053,Big,-0.05,0.02,"[0.02, 0.0, 0.0, -0.05, -0.05, 0.0]",0.0,OK
LL_GRY_RL_WHT.png,toCheck_100008_00445s_LL_GRY_RL_WHT.png,204053,Big,0.0,0.02,"[0.0, 0.0, 0.0, 0.02, -0.05, 0.0]",0.0,OK
LL_GRY_RL_RED.png,toCheck_100008_00450s_LL_GRY_RL_RED.png,204053,Big,-0.05,0.02,"[0.0, 0.02, 0.0, 0.0, -0.05, 0.0]",0.0,OK
LL_GRY_RL_WHT.png,toCheck_100008_00455s_LL_GRY_RL_WHT.png,204053,Big,0.0,0.02,"[0.0, 0.0, 0.0, 0.02, -0.05, 0.0]",0.0,OK
BOTH_GRY.png,toCheck_100008_00460s_BOTH_GRY.png,204053,Big,-0.05,0.02,"[0.02, 0.0, 0.0, -0.05, -0.05, 0.0]",0.0,OK
ADAS_LAYOUT.png,toCheck_100008_00400s_ADAS_LAYOUT.png,1376640,Big,0.0,0.02,"[-0.05, 0.02, 0.02, 0.0, 0.0, 0.0, 0.0, 0.0, 0.0, 0.0, 0.0, -0.05, 0.0, 0.0, 0.0, -0.05, 0.0, 0.0, -0.05, 0.0, 0.0, 0.0, 0.0, 0.0, -0.05, 0.0, -0.05, -0.05, 0.0, 0.0, 0.0, -0.05, 0.0, 0.02, 0.0, 0.02]",0.0,OK
BOTH_GRY.png,toCheck_100008_00420s_BOTH_GRY.png,204053,Big,-0.05,0.02,"[0.02, 0.0, 0.0, -0.05, -0.05, 0.0]",0.0,OK
BOTH_GRY.png,toCheck_100008_00440s_BOTH_GRY.png,204053,Big,-0.05,0.02,"[0.02, 0.0, 0.0, -0.05, -0.05, 0.0]",0.0,OK
TLT_SERV_OFF.png,toCheck_100009_00425s_TLT_SERV_OFF.png,30736,Big,0.24,4.35,"[0.46, 1.22, 0.54, 2.05, 0.17, 0.22, 0.66, 4.35, 0.0, 0.0, 0.0, 0.0]",0.0,Investigate
TLT_STOP_OFF.png,toCheck_100009_00425s_TLT_STOP_OFF.png,22176,Big,0.24,0.51,"[0.44, 0.22, 0.27, 0.0, 0.44, 0.17, 0.51, 0.0]",0.0,OK
TLT_LKAOFF_ON.png,toCheck_100009_00425s_TLT_LKAOFF_ON.png,19456,Big,0.0,0.05,"[0.0, 0.05, 0.0, 0.02, 0.0, 0.0]",0.0,OK
LC_LLGRY_STGRY_RLGRY_STGRY.png,toCheck_100009_00430s_LC_LLGRY_STGRY_RLGRY_STGRY.png,204053,Big,0.0,0.02,"[0.0, 0.0, 0.0, 0.02, -0.05, 0.0]",0.0,OK
TLT_SERV_OFF.png,toCheck_100009_00430s_TLT_SERV_OFF.png,30736,Big,0.24,4.35,"[0.46, 1.22, 0.54, 2.05, 0.17, 0.22, 0.66, 4.35, 0.0, 0.0, 0.0, 0.0]",0.0,Investigate
TLT_STOP_OFF.png,toCheck_100009_00430s_TLT_STOP_OFF.png,22176,Big,0.24,0.51,"[0.44, 0.22, 0.27, 0.0, 0.44, 0.17, 0.51, 0.0]",0.0,OK
TLT_LKAOFF_ON.png,toCheck_100009_00430s_TLT_LKAOFF_ON.png,19456,Big,0.0,0.05,"[0.0, 0.05, 0.0, 0.02, 0.0, 0.0]",0.0,OK
LC_LLGRY_STGRY_RLGRY_STGRY.png,toCheck_100009_00435s_LC_LLGRY_STGRY_RLGRY_STGRY.png,204053,Big,0.0,0.02,"[0.0, 0.0, 0.0, 0.02, -0.05, 0.0]",0.0,OK
BOTH_GRY.png,toCheck_100009_00445s_BOTH_GRY.png,204053,Big,-0.05,0.02,"[0.02, 0.0, 0.0, -0.05, -0.05, 0.0]",0.0,OK
LL_WHT_RL_YEL.png,toCheck_100009_00450s_LL_WHT_RL_YEL.png,204053,Big,0.0,0.02,"[0.02, 0.0, 0.0, 0.0, -0.05, 0.0]",0.0,OK
LL_WHT_RL_RED.png,toCheck_100009_00455s_LL_WHT_RL_RED.png,204053,Big,0.0,0.02,"[0.02, 0.0, 0.0, 0.0, -0.05, 0.0]",0.0,OK
LC_LLGRY_STGRY_RLGRY_STGRY.png,toCheck_100009_00460s_LC_LLGRY_STGRY_RLGRY_STGRY.png,204053,Big,0.0,0.02,"[0.0, 0.0, 0.0, 0.02, -0.05, 0.0]",0.0,OK
LC_LLYEL_STGRY_RLGRY_STGRY.png,toCheck_100009_00465s_LC_LLYEL_STGRY_RLGRY_STGRY.png,204053,Big,0.0,0.27,"[0.0, 0.0, 0.15, 0.27, -0.05, 0.0]",0.0,OK
LC_LLGRY_STGRY_RLRED_STGRY.png,toCheck_100009_00470s_LC_LLGRY_STGRY_RLRED_STGRY.png,204053,Big,0.02,0.15,"[0.0, 0.0, 0.07, 0.15, -0.05, 0.0]",0.0,OK
LC_LLGRN_STGRN_RLGRN_STGRN.png,toCheck_100009_00480s_LC_LLGRN_STGRN_RLGRN_STGRN.png,204053,Big,0.0,0.05,"[0.02, 0.05, 0.0, 0.05, -0.05, 0.0]",0.0,OK
LC_LLGRN_STGRN_RLRED_STRED.png,toCheck_100009_00485s_LC_LLGRN_STGRN_RLRED_STRED.png,204053,Big,0.02,0.05,"[0.02, 0.02, 0.0, 0.05, -0.05, 0.0]",0.0,OK
LC_LLGRN_STGRN_RLRED_STRED.png,toCheck_100009_00490s_LC_LLGRN_STGRN_RLRED_STRED.png,204053,Big,0.02,0.05,"[0.02, 0.02, 0.0, 0.05, -0.05, 0.0]",0.0,OK
TLT_SERV_OFF.png,toCheck_100009_00490s_TLT_SERV_OFF.png,30736,Big,0.24,4.35,"[0.46, 1.22, 0.54, 2.05, 0.17, 0.22, 0.66, 4.35, 0.0, 0.0, 0.0, 0.0]",0.0,Investigate
ADAS_LAYOUT.png,toCheck_100009_00400s_ADAS_LAYOUT.png,1376640,Big,0.0,0.02,"[-0.05, 0.02, 0.02, 0.0, 0.0, 0.0, 0.0, 0.0, 0.0, 0.0, 0.0, -0.05, 0.0, 0.0, 0.0, -0.05, 0.0, 0.0, -0.05, 0.0, 0.0, 0.0, 0.0, 0.0, -0.05, 0.0, -0.05, -0.05, 0.0, 0.0, 0.0, -0.05, 0.0, 0.02, 0.0, 0.02]",0.0,OK
TLT_STOP_OFF.png,toCheck_100009_00490s_TLT_STOP_OFF.png,22176,Big,0.24,0.51,"[0.44, 0.22, 0.27, 0.0, 0.44, 0.17, 0.51, 0.0]",0.0,OK
TLT_LKAOFF_ON.png,toCheck_100009_00490s_TLT_LKAOFF_ON.png,19456,Big,0.0,0.05,"[0.0, 0.05, 0.0, 0.02, 0.0, 0.0]",0.0,OK
TLT_SERV_OFF.png,toCheck_100009_00405s_TLT_SERV_OFF.png,30736,Big,0.24,4.35,"[0.46, 1.22, 0.54, 2.05, 0.17, 0.22, 0.66, 4.35, 0.0, 0.0, 0.0, 0.0]",0.0,Investigate
TLT_STOP_OFF.png,toCheck_100009_00405s_TLT_STOP_OFF.png,22176,Big,0.24,0.51,"[0.44, 0.22, 0.27, 0.0, 0.44, 0.17, 0.51, 0.0]",0.0,OK
TLT_LKAOFF_ON.png,toCheck_100009_00405s_TLT_LKAOFF_ON.png,19456,Big,0.0,0.05,"[0.0, 0.05, 0.0, 0.02, 0.0, 0.0]",0.0,OK
No_Lane.png,toCheck_100009_00405s_No_Lane.png,NA,NA,NA,0.05,"[0.0, 0.05, 0.0, 0.02, 0.0, 0.0]",7.27,Faulty
LC_LLGRN_STGRN_RLGRN_STGRN.png,toCheck_100009_00425s_LC_LLGRN_STGRN_RLGRN_STGRN.png,204053,Big,0.0,0.05,"[0.02, 0.05, 0.0, 0.05, -0.05, 0.0]",0.0,OK
BOTH_GRY.png,toCheck_100010_00450s_BOTH_GRY.png,204053,Big,-0.05,0.02,"[0.02, 0.0, 0.0, -0.05, -0.05, 0.0]",0.0,OK
LL_WHT_RL_GRY.png,toCheck_100010_00455s_LL_WHT_RL_GRY.png,204053,Big,0.02,0.02,"[0.02, 0.0, 0.0, -0.05, -0.05, 0.0]",0.0,OK
LL_YEL_RL_GRY.png,toCheck_100010_00460s_LL_YEL_RL_GRY.png,204053,Big,0.0,0.0,"[0.0, 0.0, 0.0, -0.05, -0.05, 0.0]",0.0,OK
LL_RED_RL_GRY.png,toCheck_100010_00465s_LL_RED_RL_GRY.png,204053,Big,0.0,0.05,"[0.05, 0.0, 0.0, -0.05, -0.05, 0.0]",0.0,OK
LL_RED_RL_GRY.png,toCheck_100010_00470s_LL_RED_RL_GRY.png,204053,Big,0.0,0.05,"[0.05, 0.0, 0.0, -0.05, -0.05, 0.0]",0.0,OK
LL_WHT_RL_GRY.png,toCheck_100010_00475s_LL_WHT_RL_GRY.png,204053,Big,0.02,0.02,"[0.02, 0.0, 0.0, -0.05, -0.05, 0.0]",0.0,OK
LL_GRY_RL_WHT.png,toCheck_100010_00480s_LL_GRY_RL_WHT.png,204053,Big,0.0,0.02,"[0.0, 0.0, 0.0, 0.02, -0.05, 0.0]",0.0,OK
LL_GRY_RL_YEL.png,toCheck_100010_00485s_LL_GRY_RL_YEL.png,204053,Big,0.0,0.0,"[0.0, 0.0, 0.0, 0.0, -0.05, 0.0]",0.0,OK
LL_GRY_RL_RED.png,toCheck_100010_00490s_LL_GRY_RL_RED.png,204053,Big,-0.05,0.02,"[0.0, 0.02, 0.0, 0.0, -0.05, 0.0]",0.0,OK
LL_GRY_RL_RED.png,toCheck_100010_00495s_LL_GRY_RL_RED.png,204053,Big,-0.05,0.02,"[0.0, 0.02, 0.0, 0.0, -0.05, 0.0]",0.0,OK
LL_GRY_RL_WHT.png,toCheck_100010_00500s_LL_GRY_RL_WHT.png,204053,Big,0.0,0.02,"[0.0, 0.0, 0.0, 0.02, -0.05, 0.0]",0.0,OK
LL_WHT_RL_YEL.png,toCheck_100010_00510s_LL_WHT_RL_YEL.png,204053,Big,0.0,0.02,"[0.02, 0.0, 0.0, 0.0, -0.05, 0.0]",0.0,OK
LL_WHT_RL_YEL_Blink_OFF_10907_15.png,toCheck_100010_00515s_LL_WHT_RL_YEL_Blink_OFF_10907_15.png,204053,Big,0.02,0.02,"[0.02, 0.0, 0.0, -0.05, -0.05, 0.0]",0.0,OK
LL_WHT_RL_YEL_Blink_ON_10907_15.png,toCheck_100010_00518s_LL_WHT_RL_YEL_Blink_ON_10907_15.png,204053,Big,0.0,0.02,"[0.02, 0.0, 0.0, 0.0, -0.05, 0.0]",0.0,OK
LL_WHT_RL_YEL_Blink_OFF_10907_15.png,toCheck_100010_00520s_LL_WHT_RL_YEL_Blink_OFF_10907_15.png,204053,Big,0.02,0.02,"[0.02, 0.0, 0.0, -0.05, -0.05, 0.0]",0.0,OK
LL_WHT_RL_YEL_Blink_ON_10907_15.png,toCheck_100010_00523s_LL_WHT_RL_YEL_Blink_ON_10907_15.png,204053,Big,0.0,0.02,"[0.02, 0.0, 0.0, 0.0, -0.05, 0.0]",0.0,OK
ADAS_LAYOUT.png,toCheck_100010_00400s_ADAS_LAYOUT.png,1376640,Big,0.0,0.02,"[-0.05, 0.02, 0.02, 0.0, 0.0, 0.0, 0.0, 0.0, 0.0, 0.0, 0.0, -0.05, 0.0, 0.0, 0.0, -0.05, 0.0, 0.0, -0.05, 0.0, 0.0, 0.0, 0.0, 0.0, -0.05, 0.0, -0.05, -0.05, 0.0, 0.0, 0.0, -0.05, 0.0, 0.02, 0.0, 0.02]",0.0,OK
TXTALT_10907_15_FR.png,toCheck_100010_00525s_TXTALT_10907_15_FR.png,267388,Big,0.0,0.0,"[0.0, -0.05, 0.0, 0.0, -0.05, 0.0]",0.0,OK
LL_WHT_RL_YEL.png,toCheck_100010_00530s_LL_WHT_RL_YEL.png,204053,Big,0.0,0.02,"[0.02, 0.0, 0.0, 0.0, -0.05, 0.0]",0.0,OK
LL_WHT_RL_RED.png,toCheck_100010_00535s_LL_WHT_RL_RED.png,204053,Big,0.0,0.02,"[0.02, 0.0, 0.0, 0.0, -0.05, 0.0]",0.0,OK
LL_WHT_RL_RED.png,toCheck_100010_00540s_LL_WHT_RL_RED.png,204053,Big,0.0,0.02,"[0.02, 0.0, 0.0, 0.0, -0.05, 0.0]",0.0,OK
LL_YEL_RL_WHT.png,toCheck_100010_00550s_LL_YEL_RL_WHT.png,204053,Big,0.0,0.02,"[0.02, 0.0, 0.0, 0.02, -0.05, 0.0]",0.0,OK
LL_YEL_RL_WHT_Blink_OFF_10907_15.png,toCheck_100010_00555s_LL_YEL_RL_WHT_Blink_OFF_10907_15.png,204053,Big,0.0,0.02,"[0.0, 0.0, 0.0, 0.02, -0.05, 0.0]",0.0,OK
LL_YEL_RL_WHT_Blink_ON_10907_15.png,toCheck_100010_00558s_LL_YEL_RL_WHT_Blink_ON_10907_15.png,204053,Big,0.0,0.02,"[0.02, 0.0, 0.0, 0.02, -0.05, 0.0]",0.0,OK
LL_YEL_RL_WHT_Blink_OFF_10907_15.png,toCheck_100010_00560s_LL_YEL_RL_WHT_Blink_OFF_10907_15.png,204053,Big,0.0,0.02,"[0.0, 0.0, 0.0, 0.02, -0.05, 0.0]",0.0,OK
LL_YEL_RL_WHT_Blink_ON_10907_15.png,toCheck_100010_00563s_LL_YEL_RL_WHT_Blink_ON_10907_15.png,204053,Big,0.0,0.02,"[0.02, 0.0, 0.0, 0.02, -0.05, 0.0]",0.0,OK
TXTALT_10907_15_FR.png,toCheck_100010_00565s_TXTALT_10907_15_FR.png,267388,Big,0.0,0.0,"[0.0, -0.05, 0.0, 0.0, -0.05, 0.0]",0.0,OK
LL_YEL_RL_WHT.png,toCheck_100010_00570s_LL_YEL_RL_WHT.png,204053,Big,0.0,0.02,"[0.02, 0.0, 0.0, 0.02, -0.05, 0.0]",0.0,OK
LL_RED_RL_WHT.png,toCheck_100010_00575s_LL_RED_RL_WHT.png,204053,Big,0.0,0.05,"[0.05, 0.0, 0.0, 0.02, -0.05, 0.0]",0.0,OK
LL_RED_RL_WHT.png,toCheck_100010_00580s_LL_RED_RL_WHT.png,204053,Big,0.0,0.05,"[0.05, 0.0, 0.0, 0.02, -0.05, 0.0]",0.0,OK
TXTALT_10907_10_FR.png,toCheck_100010_00590s_TXTALT_10907_10_FR.png,267388,Big,3.3,8.94,"[2.49, 4.2, 8.4, 6.52, 7.76, 8.94]",0.0,Investigate
NO_ALERT_WHT.png,toCheck_100010_00595s_NO_ALERT_WHT.png,204053,Big,0.0,0.02,"[0.02, 0.0, 0.0, 0.02, -0.05, 0.0]",0.0,OK
BOTH_GRY.png,toCheck_100010_00420s_BOTH_GRY.png,204053,Big,-0.05,0.02,"[0.02, 0.0, 0.0, -0.05, -0.05, 0.0]",0.0,OK
BOTH_GRY.png,toCheck_100010_00600s_BOTH_GRY.png,204053,Big,-0.05,0.02,"[0.02, 0.0, 0.0, -0.05, -0.05, 0.0]",0.0,OK
BOTH_GRY.png,toCheck_100010_00620s_BOTH_GRY.png,204053,Big,-0.05,0.02,"[0.02, 0.0, 0.0, -0.05, -0.05, 0.0]",0.0,OK
LL_RED_RL_GRY.png,toCheck_100010_00625s_LL_RED_RL_GRY.png,204053,Big,0.0,0.05,"[0.05, 0.0, 0.0, -0.05, -0.05, 0.0]",0.0,OK
LL_RED_RL_YEL.png,toCheck_100010_00630s_LL_RED_RL_YEL.png,238632,Big,0.0,0.12,"[0.02, 0.05, 0.0, 0.0, 0.0, 0.12, 0.0, 0.02, 0.0]",0.0,OK
LL_GRY_RL_RED.png,toCheck_100010_00635s_LL_GRY_RL_RED.png,204053,Big,-0.05,0.02,"[0.0, 0.02, 0.0, 0.0, -0.05, 0.0]",0.0,OK
LL_YEL_RL_RED.png,toCheck_100010_00640s_LL_YEL_RL_RED.png,238632,Big,0.0,0.05,"[0.0, 0.02, 0.0, 0.02, 0.02, 0.05, 0.0, 0.02, 0.0]",0.0,OK
LL_YEL_RL_GRY.png,toCheck_100010_00645s_LL_YEL_RL_GRY.png,204053,Big,0.0,0.0,"[0.0, 0.0, 0.0, -0.05, -0.05, 0.0]",0.0,OK
LL_GRY_RL_GRY.png,toCheck_100010_00650s_LL_GRY_RL_GRY.png,204053,Big,-0.05,0.0,"[0.0, 0.0, 0.0, -0.05, -0.05, 0.0]",0.0,OK
BOTH_GRY.png,toCheck_100010_00425s_BOTH_GRY.png,204053,Big,-0.05,0.02,"[0.02, 0.0, 0.0, -0.05, -0.05, 0.0]",0.0,OK
LL_YEL_RL_GRY.png,toCheck_100011_00450s_LL_YEL_RL_GRY.png,204053,Big,0.0,0.0,"[0.0, 0.0, 0.0, -0.05, -0.05, 0.0]",0.0,OK
LL_RED_RL_GRY.png,toCheck_100011_00455s_LL_RED_RL_GRY.png,204053,Big,0.0,0.05,"[0.05, 0.0, 0.0, -0.05, -0.05, 0.0]",0.0,OK
LL_RED_RL_GRY.png,toCheck_100011_00460s_LL_RED_RL_GRY.png,204053,Big,0.0,0.05,"[0.05, 0.0, 0.0, -0.05, -0.05, 0.0]",0.0,OK
LL_WHT_RL_GRY.png,toCheck_100011_00465s_LL_WHT_RL_GRY.png,204053,Big,0.02,0.02,"[0.02, 0.0, 0.0, -0.05, -0.05, 0.0]",0.0,OK
LL_GRY_RL_WHT.png,toCheck_100011_00470s_LL_GRY_RL_WHT.png,204053,Big,0.0,0.02,"[0.0, 0.0, 0.0, 0.02, -0.05, 0.0]",0.0,OK
LL_GRY_RL_YEL.png,toCheck_100011_00475s_LL_GRY_RL_YEL.png,204053,Big,0.0,0.0,"[0.0, 0.0, 0.0, 0.0, -0.05, 0.0]",0.0,OK
LL_GRY_RL_RED.png,toCheck_100011_00480s_LL_GRY_RL_RED.png,204053,Big,-0.05,0.02,"[0.0, 0.02, 0.0, 0.0, -0.05, 0.0]",0.0,OK
LL_GRY_RL_RED.png,toCheck_100011_00485s_LL_GRY_RL_RED.png,204053,Big,-0.05,0.02,"[0.0, 0.02, 0.0, 0.0, -0.05, 0.0]",0.0,OK
LL_GRY_RL_WHT.png,toCheck_100011_00490s_LL_GRY_RL_WHT.png,204053,Big,0.0,0.02,"[0.0, 0.0, 0.0, 0.02, -0.05, 0.0]",0.0,OK
LL_WHT_RL_YEL.png,toCheck_100011_00500s_LL_WHT_RL_YEL.png,204053,Big,0.0,0.02,"[0.02, 0.0, 0.0, 0.0, -0.05, 0.0]",0.0,OK
LL_WHT_RL_YEL_Blink_OFF_10907_15.png,toCheck_100011_00505s_LL_WHT_RL_YEL_Blink_OFF_10907_15.png,204053,Big,0.02,0.02,"[0.02, 0.0, 0.0, -0.05, -0.05, 0.0]",0.0,OK
LL_WHT_RL_YEL_Blink_ON_10907_15.png,toCheck_100011_00508s_LL_WHT_RL_YEL_Blink_ON_10907_15.png,204053,Big,0.0,0.02,"[0.02, 0.0, 0.0, 0.0, -0.05, 0.0]",0.0,OK
LL_WHT_RL_YEL_Blink_OFF_10907_15.png,toCheck_100011_00510s_LL_WHT_RL_YEL_Blink_OFF_10907_15.png,204053,Big,0.02,0.02,"[0.02, 0.0, 0.0, -0.05, -0.05, 0.0]",0.0,OK
LL_WHT_RL_YEL_Blink_ON_10907_15.png,toCheck_100011_00513s_LL_WHT_RL_YEL_Blink_ON_10907_15.png,204053,Big,0.0,0.02,"[0.02, 0.0, 0.0, 0.0, -0.05, 0.0]",0.0,OK
LL_WHT_RL_YEL_Blink_OFF_10907_15_DIVERSITY.png,toCheck_100011_00515s_LL_WHT_RL_YEL_Blink_OFF_10907_15_DIVERSITY.png,238632,Big,0.83,1.37,"[0.0, 1.2, 0.0, 0.02, 1.37, 0.39, 0.0, 0.02, 0.0]",0.0,OK
LL_WHT_RL_YEL_Blink_ON_10907_15_DIVERSITY.png,toCheck_100011_00518s_LL_WHT_RL_YEL_Blink_ON_10907_15_DIVERSITY.png,238632,Big,0.81,1.37,"[0.0, 1.37, 0.0, 0.02, 1.34, 1.05, 0.0, 0.02, 0.0]",0.0,OK
LL_WHT_RL_YEL_Blink_OFF_10907_15_DIVERSITY.png,toCheck_100011_00520s_LL_WHT_RL_YEL_Blink_OFF_10907_15_DIVERSITY.png,238632,Big,0.83,1.37,"[0.0, 1.2, 0.0, 0.02, 1.37, 0.39, 0.0, 0.02, 0.0]",0.0,OK
LL_WHT_RL_YEL_Blink_ON_10907_15_DIVERSITY.png,toCheck_100011_00523s_LL_WHT_RL_YEL_Blink_ON_10907_15_DIVERSITY.png,238632,Big,0.81,1.37,"[0.0, 1.37, 0.0, 0.02, 1.34, 1.05, 0.0, 0.02, 0.0]",0.0,OK
ADAS_LAYOUT.png,toCheck_100011_00400s_ADAS_LAYOUT.png,1376640,Big,0.0,0.02,"[-0.05, 0.02, 0.02, 0.0, 0.0, 0.0, 0.0, 0.0, 0.0, 0.0, 0.0, -0.05, 0.0, 0.0, 0.0, -0.05, 0.0, 0.0, -0.05, 0.0, 0.0, 0.0, 0.0, 0.0, -0.05, 0.0, -0.05, -0.05, 0.0, 0.0, 0.0, -0.05, 0.0, 0.02, 0.0, 0.02]",0.0,OK
LL_WHT_RL_YEL.png,toCheck_100011_00530s_LL_WHT_RL_YEL.png,204053,Big,0.0,0.02,"[0.02, 0.0, 0.0, 0.0, -0.05, 0.0]",0.0,OK
LL_WHT_RL_RED.png,toCheck_100011_00535s_LL_WHT_RL_RED.png,204053,Big,0.0,0.02,"[0.02, 0.0, 0.0, 0.0, -0.05, 0.0]",0.0,OK
LL_WHT_RL_RED.png,toCheck_100011_00540s_LL_WHT_RL_RED.png,204053,Big,0.0,0.02,"[0.02, 0.0, 0.0, 0.0, -0.05, 0.0]",0.0,OK
LL_YEL_RL_WHT.png,toCheck_100011_00550s_LL_YEL_RL_WHT.png,204053,Big,0.0,0.02,"[0.02, 0.0, 0.0, 0.02, -0.05, 0.0]",0.0,OK
LL_YEL_RL_WHT_Blink_OFF_10907_15.png,toCheck_100011_00555s_LL_YEL_RL_WHT_Blink_OFF_10907_15.png,204053,Big,0.0,0.02,"[0.0, 0.0, 0.0, 0.02, -0.05, 0.0]",0.0,OK
LL_YEL_RL_WHT_Blink_ON_10907_15.png,toCheck_100011_00558s_LL_YEL_RL_WHT_Blink_ON_10907_15.png,204053,Big,0.0,0.02,"[0.02, 0.0, 0.0, 0.02, -0.05, 0.0]",0.0,OK
LL_YEL_RL_WHT_Blink_OFF_10907_15.png,toCheck_100011_00560s_LL_YEL_RL_WHT_Blink_OFF_10907_15.png,204053,Big,0.0,0.02,"[0.0, 0.0, 0.0, 0.02, -0.05, 0.0]",0.0,OK
LL_YEL_RL_WHT_Blink_ON_10907_15.png,toCheck_100011_00563s_LL_YEL_RL_WHT_Blink_ON_10907_15.png,204053,Big,0.0,0.02,"[0.02, 0.0, 0.0, 0.02, -0.05, 0.0]",0.0,OK
LL_YEL_RL_WHT_Blink_OFF_10907_15_DIVERSITY.png,toCheck_100011_00565s_LL_YEL_RL_WHT_Blink_OFF_10907_15_DIVERSITY.png,238632,Big,0.85,1.51,"[1.51, 0.34, 0.0, 1.34, 0.02, 0.05, 0.0, 0.02, 0.0]",0.0,OK
LL_YEL_RL_WHT_Blink_ON_10907_15_DIVERSITY.png,toCheck_100011_00568s_LL_YEL_RL_WHT_Blink_ON_10907_15_DIVERSITY.png,238632,Big,0.81,1.32,"[1.32, 0.59, 0.0, 1.25, 0.02, 0.05, 0.0, 0.02, 0.0]",0.0,OK
LL_YEL_RL_WHT_Blink_OFF_10907_15_DIVERSITY.png,toCheck_100011_00570s_LL_YEL_RL_WHT_Blink_OFF_10907_15_DIVERSITY.png,238632,Big,0.85,1.51,"[1.51, 0.34, 0.0, 1.34, 0.02, 0.05, 0.0, 0.02, 0.0]",0.0,OK
LL_YEL_RL_WHT_Blink_ON_10907_15_DIVERSITY.png,toCheck_100011_00573s_LL_YEL_RL_WHT_Blink_ON_10907_15_DIVERSITY.png,238632,Big,0.81,1.32,"[1.32, 0.59, 0.0, 1.25, 0.02, 0.05, 0.0, 0.02, 0.0]",0.0,OK
LL_YEL_RL_WHT.png,toCheck_100011_00580s_LL_YEL_RL_WHT.png,204053,Big,0.0,0.02,"[0.02, 0.0, 0.0, 0.02, -0.05, 0.0]",0.0,OK
LL_RED_RL_WHT.png,toCheck_100011_00585s_LL_RED_RL_WHT.png,204053,Big,0.0,0.05,"[0.05, 0.0, 0.0, 0.02, -0.05, 0.0]",0.0,OK
LL_RED_RL_WHT.png,toCheck_100011_00590s_LL_RED_RL_WHT.png,204053,Big,0.0,0.05,"[0.05, 0.0, 0.0, 0.02, -0.05, 0.0]",0.0,OK
BOTH_GRY.png,toCheck_100011_00420s_BOTH_GRY.png,204053,Big,-0.05,0.02,"[0.02, 0.0, 0.0, -0.05, -0.05, 0.0]",0.0,OK
NO_ALERT_WHT.png,toCheck_100011_00605s_NO_ALERT_WHT.png,204053,Big,0.0,0.02,"[0.02, 0.0, 0.0, 0.02, -0.05, 0.0]",0.0,OK
BOTH_GRY.png,toCheck_100011_00610s_BOTH_GRY.png,204053,Big,-0.05,0.02,"[0.02, 0.0, 0.0, -0.05, -0.05, 0.0]",0.0,OK
BOTH_GRY.png,toCheck_100011_00630s_BOTH_GRY.png,204053,Big,-0.05,0.02,"[0.02, 0.0, 0.0, -0.05, -0.05, 0.0]",0.0,OK
LL_WHT_RL_GRY.png,toCheck_100011_00445s_LL_WHT_RL_GRY.png,204053,Big,0.02,0.02,"[0.02, 0.0, 0.0, -0.05, -0.05, 0.0]",0.0,OK
LL_RED_RL_GRY.png,toCheck_100012_00430s_LL_RED_RL_GRY.png,204053,Big,0.0,0.05,"[0.05, 0.0, 0.0, -0.05, -0.05, 0.0]",0.0,OK
LL_YEL_RL_GRY.png,toCheck_100012_00435s_LL_YEL_RL_GRY.png,204053,Big,0.0,0.0,"[0.0, 0.0, 0.0, -0.05, -0.05, 0.0]",0.0,OK
BOTH_GRY.png,toCheck_100012_00440s_BOTH_GRY.png,204053,Big,-0.05,0.02,"[0.02, 0.0, 0.0, -0.05, -0.05, 0.0]",0.0,OK
LL_GRY_RL_RED.png,toCheck_100012_00445s_LL_GRY_RL_RED.png,204053,Big,-0.05,0.02,"[0.0, 0.02, 0.0, 0.0, -0.05, 0.0]",0.0,OK
LL_GRY_RL_RED.png,toCheck_100012_00450s_LL_GRY_RL_RED.png,204053,Big,-0.05,0.02,"[0.0, 0.02, 0.0, 0.0, -0.05, 0.0]",0.0,OK
LL_GRY_RL_YEL.png,toCheck_100012_00455s_LL_GRY_RL_YEL.png,204053,Big,0.0,0.0,"[0.0, 0.0, 0.0, 0.0, -0.05, 0.0]",0.0,OK
BOTH_GRY.png,toCheck_100012_00460s_BOTH_GRY.png,204053,Big,-0.05,0.02,"[0.02, 0.0, 0.0, -0.05, -0.05, 0.0]",0.0,OK
ADAS_LAYOUT.png,toCheck_100012_00400s_ADAS_LAYOUT.png,1376640,Big,0.0,0.02,"[-0.05, 0.02, 0.02, 0.0, 0.0, 0.0, 0.0, 0.0, 0.0, 0.0, 0.0, -0.05, 0.0, 0.0, 0.0, -0.05, 0.0, 0.0, -0.05, 0.0, 0.0, 0.0, 0.0, 0.0, -0.05, 0.0, -0.05, -0.05, 0.0, 0.0, 0.0, -0.05, 0.0, 0.02, 0.0, 0.02]",0.0,OK
BOTH_GRY.png,toCheck_100012_00420s_BOTH_GRY.png,204053,Big,-0.05,0.02,"[0.02, 0.0, 0.0, -0.05, -0.05, 0.0]",0.0,OK
LL_RED_RL_GRY.png,toCheck_100012_00425s_LL_RED_RL_GRY.png,204053,Big,0.0,0.05,"[0.05, 0.0, 0.0, -0.05, -0.05, 0.0]",0.0,OK
LL_YEL_RL_GRY.png,toCheck_100013_00435s_LL_YEL_RL_GRY.png,204053,Big,0.0,0.0,"[0.0, 0.0, 0.0, -0.05, -0.05, 0.0]",0.0,OK
LL_RED_RL_GRY.png,toCheck_100013_00440s_LL_RED_RL_GRY.png,204053,Big,0.0,0.05,"[0.05, 0.0, 0.0, -0.05, -0.05, 0.0]",0.0,OK
LL_RED_RL_GRY.png,toCheck_100013_00445s_LL_RED_RL_GRY.png,204053,Big,0.0,0.05,"[0.05, 0.0, 0.0, -0.05, -0.05, 0.0]",0.0,OK
BOTH_GRY.png,toCheck_100013_00450s_BOTH_GRY.png,204053,Big,-0.05,0.02,"[0.02, 0.0, 0.0, -0.05, -0.05, 0.0]",0.0,OK
LL_GRY_RL_YEL.png,toCheck_100013_00455s_LL_GRY_RL_YEL.png,204053,Big,0.0,0.0,"[0.0, 0.0, 0.0, 0.0, -0.05, 0.0]",0.0,OK
LL_GRY_RL_RED.png,toCheck_100013_00460s_LL_GRY_RL_RED.png,204053,Big,-0.05,0.02,"[0.0, 0.02, 0.0, 0.0, -0.05, 0.0]",0.0,OK
LL_GRY_RL_RED.png,toCheck_100013_00465s_LL_GRY_RL_RED.png,204053,Big,-0.05,0.02,"[0.0, 0.02, 0.0, 0.0, -0.05, 0.0]",0.0,OK
BOTH_GRY.png,toCheck_100013_00470s_BOTH_GRY.png,204053,Big,-0.05,0.02,"[0.02, 0.0, 0.0, -0.05, -0.05, 0.0]",0.0,OK
LL_WHT_RL_GRY.png,toCheck_100013_00475s_LL_WHT_RL_GRY.png,204053,Big,0.02,0.02,"[0.02, 0.0, 0.0, -0.05, -0.05, 0.0]",0.0,OK
LL_WHT_RL_YEL.png,toCheck_100013_00480s_LL_WHT_RL_YEL.png,204053,Big,0.0,0.02,"[0.02, 0.0, 0.0, 0.0, -0.05, 0.0]",0.0,OK
LL_WHT_RL_RED.png,toCheck_100013_00485s_LL_WHT_RL_RED.png,204053,Big,0.0,0.02,"[0.02, 0.0, 0.0, 0.0, -0.05, 0.0]",0.0,OK
LL_WHT_RL_RED.png,toCheck_100013_00490s_LL_WHT_RL_RED.png,204053,Big,0.0,0.02,"[0.02, 0.0, 0.0, 0.0, -0.05, 0.0]",0.0,OK
LL_WHT_RL_GRY.png,toCheck_100013_00495s_LL_WHT_RL_GRY.png,204053,Big,0.02,0.02,"[0.02, 0.0, 0.0, -0.05, -0.05, 0.0]",0.0,OK
LL_GRY_RL_WHT.png,toCheck_100013_00500s_LL_GRY_RL_WHT.png,204053,Big,0.0,0.02,"[0.0, 0.0, 0.0, 0.02, -0.05, 0.0]",0.0,OK
LL_YEL_RL_WHT.png,toCheck_100013_00505s_LL_YEL_RL_WHT.png,204053,Big,0.0,0.02,"[0.02, 0.0, 0.0, 0.02, -0.05, 0.0]",0.0,OK
ADAS_LAYOUT.png,toCheck_100013_00400s_ADAS_LAYOUT.png,1376640,Big,0.0,0.02,"[-0.05, 0.02, 0.02, 0.0, 0.0, 0.0, 0.0, 0.0, 0.0, 0.0, 0.0, -0.05, 0.0, 0.0, 0.0, -0.05, 0.0, 0.0, -0.05, 0.0, 0.0, 0.0, 0.0, 0.0, -0.05, 0.0, -0.05, -0.05, 0.0, 0.0, 0.0, -0.05, 0.0, 0.02, 0.0, 0.02]",0.0,OK
LL_RED_RL_WHT.png,toCheck_100013_00510s_LL_RED_RL_WHT.png,204053,Big,0.0,0.05,"[0.05, 0.0, 0.0, 0.02, -0.05, 0.0]",0.0,OK
LL_RED_RL_WHT.png,toCheck_100013_00515s_LL_RED_RL_WHT.png,204053,Big,0.0,0.05,"[0.05, 0.0, 0.0, 0.02, -0.05, 0.0]",0.0,OK
LL_GRY_RL_WHT.png,toCheck_100013_00520s_LL_GRY_RL_WHT.png,204053,Big,0.0,0.02,"[0.0, 0.0, 0.0, 0.02, -0.05, 0.0]",0.0,OK
BOTH_GRY.png,toCheck_100013_00525s_BOTH_GRY.png,204053,Big,-0.05,0.02,"[0.02, 0.0, 0.0, -0.05, -0.05, 0.0]",0.0,OK
BOTH_GRY.png,toCheck_100013_00405s_BOTH_GRY.png,204053,Big,-0.05,0.02,"[0.02, 0.0, 0.0, -0.05, -0.05, 0.0]",0.0,OK
BOTH_GRY.png,toCheck_100013_00425s_BOTH_GRY.png,204053,Big,-0.05,0.02,"[0.02, 0.0, 0.0, -0.05, -0.05, 0.0]",0.0,OK
BOTH_GRY.png,toCheck_100013_00430s_BOTH_GRY.png,204053,Big,-0.05,0.02,"[0.02, 0.0, 0.0, -0.05, -0.05, 0.0]",0.0,OK
LL_RED_RL_YEL.png,toCheck_100014_00435s_LL_RED_RL_YEL.png,238632,Big,0.0,0.12,"[0.02, 0.05, 0.0, 0.0, 0.0, 0.12, 0.0, 0.02, 0.0]",0.0,OK
LL_RED_RL_GRY.png,toCheck_100014_00440s_LL_RED_RL_GRY.png,204053,Big,0.0,0.05,"[0.05, 0.0, 0.0, -0.05, -0.05, 0.0]",0.0,OK
LL_YEL_RL_GRY.png,toCheck_100014_00445s_LL_YEL_RL_GRY.png,204053,Big,0.0,0.0,"[0.0, 0.0, 0.0, -0.05, -0.05, 0.0]",0.0,OK
BOTH_GRY.png,toCheck_100014_00450s_BOTH_GRY.png,204053,Big,-0.05,0.02,"[0.02, 0.0, 0.0, -0.05, -0.05, 0.0]",0.0,OK
LL_GRY_RL_RED.png,toCheck_100014_00455s_LL_GRY_RL_RED.png,204053,Big,-0.05,0.02,"[0.0, 0.02, 0.0, 0.0, -0.05, 0.0]",0.0,OK
LL_YEL_RL_RED.png,toCheck_100014_00460s_LL_YEL_RL_RED.png,238632,Big,0.0,0.05,"[0.0, 0.02, 0.0, 0.02, 0.02, 0.05, 0.0, 0.02, 0.0]",0.0,OK
LL_GRY_RL_RED.png,toCheck_100014_00465s_LL_GRY_RL_RED.png,204053,Big,-0.05,0.02,"[0.0, 0.02, 0.0, 0.0, -0.05, 0.0]",0.0,OK
LL_GRY_RL_YEL.png,toCheck_100014_00470s_LL_GRY_RL_YEL.png,204053,Big,0.0,0.0,"[0.0, 0.0, 0.0, 0.0, -0.05, 0.0]",0.0,OK
BOTH_GRY.png,toCheck_100014_00475s_BOTH_GRY.png,204053,Big,-0.05,0.02,"[0.02, 0.0, 0.0, -0.05, -0.05, 0.0]",0.0,OK
BOTH_GRY.png,toCheck_100014_00495s_BOTH_GRY.png,204053,Big,-0.05,0.02,"[0.02, 0.0, 0.0, -0.05, -0.05, 0.0]",0.0,OK
ADAS_LAYOUT.png,toCheck_100014_00400s_ADAS_LAYOUT.png,1376640,Big,0.0,0.02,"[-0.05, 0.02, 0.02, 0.0, 0.0, 0.0, 0.0, 0.0, 0.0, 0.0, 0.0, -0.05, 0.0, 0.0, 0.0, -0.05, 0.0, 0.0, -0.05, 0.0, 0.0, 0.0, 0.0, 0.0, -0.05, 0.0, -0.05, -0.05, 0.0, 0.0, 0.0, -0.05, 0.0, 0.02, 0.0, 0.02]",0.0,OK
BOTH_GRY.png,toCheck_100014_00405s_BOTH_GRY.png,204053,Big,-0.05,0.02,"[0.02, 0.0, 0.0, -0.05, -0.05, 0.0]",0.0,OK
BOTH_GRY.png,toCheck_100014_00425s_BOTH_GRY.png,204053,Big,-0.05,0.02,"[0.02, 0.0, 0.0, -0.05, -0.05, 0.0]",0.0,OK
LL_RED_RL_GRY.png,toCheck_100014_00430s_LL_RED_RL_GRY.png,204053,Big,0.0,0.05,"[0.05, 0.0, 0.0, -0.05, -0.05, 0.0]",0.0,OK
LL_RED_RL_GRY.png,toCheck_100015_00435s_LL_RED_RL_GRY.png,204053,Big,0.0,0.05,"[0.05, 0.0, 0.0, -0.05, -0.05, 0.0]",0.0,OK
LL_YEL_RL_GRY.png,toCheck_100015_00440s_LL_YEL_RL_GRY.png,204053,Big,0.0,0.0,"[0.0, 0.0, 0.0, -0.05, -0.05, 0.0]",0.0,OK
BOTH_GRY.png,toCheck_100015_00445s_BOTH_GRY.png,204053,Big,-0.05,0.02,"[0.02, 0.0, 0.0, -0.05, -0.05, 0.0]",0.0,OK
LL_GRY_RL_RED.png,toCheck_100015_00450s_LL_GRY_RL_RED.png,204053,Big,-0.05,0.02,"[0.0, 0.02, 0.0, 0.0, -0.05, 0.0]",0.0,OK
LL_GRY_RL_RED.png,toCheck_100015_00455s_LL_GRY_RL_RED.png,204053,Big,-0.05,0.02,"[0.0, 0.02, 0.0, 0.0, -0.05, 0.0]",0.0,OK
LL_GRY_RL_YEL.png,toCheck_100015_00460s_LL_GRY_RL_YEL.png,204053,Big,0.0,0.0,"[0.0, 0.0, 0.0, 0.0, -0.05, 0.0]",0.0,OK
BOTH_GRY.png,toCheck_100015_00465s_BOTH_GRY.png,204053,Big,-0.05,0.02,"[0.02, 0.0, 0.0, -0.05, -0.05, 0.0]",0.0,OK
ADAS_LAYOUT.png,toCheck_100015_00400s_ADAS_LAYOUT.png,1376640,Big,0.0,0.02,"[-0.05, 0.02, 0.02, 0.0, 0.0, 0.0, 0.0, 0.0, 0.0, 0.0, 0.0, -0.05, 0.0, 0.0, 0.0, -0.05, 0.0, 0.0, -0.05, 0.0, 0.0, 0.0, 0.0, 0.0, -0.05, 0.0, -0.05, -0.05, 0.0, 0.0, 0.0, -0.05, 0.0, 0.02, 0.0, 0.02]",0.0,OK
BOTH_GRY.png,toCheck_100015_00405s_BOTH_GRY.png,204053,Big,-0.05,0.02,"[0.02, 0.0, 0.0, -0.05, -0.05, 0.0]",0.0,OK
BOTH_GRY.png,toCheck_100015_00425s_BOTH_GRY.png,204053,Big,-0.05,0.02,"[0.02, 0.0, 0.0, -0.05, -0.05, 0.0]",0.0,OK
LL_RED_RL_GRY.png,toCheck_100015_00430s_LL_RED_RL_GRY.png,204053,Big,0.0,0.05,"[0.05, 0.0, 0.0, -0.05, -0.05, 0.0]",0.0,OK
TLT_SERV_ON.png,toCheck_100000_00279s_TLT_SERV_ON.png,30736,Big,0.0,0.02,"[0.0, 0.0, 0.0, 0.0, 0.02, 0.0, 0.0, 0.0, 0.0, 0.0, 0.0, 0.0]",0.0,OK
NO_ALERT.png,toCheck_100000_00284s_NO_ALERT.png,267388,Big,14.82,11.23,"[2.17, 10.28, 4.2, 11.11, 11.23, 4.44]",0.0,NOK
TLT_SERV_ON.png,toCheck_100000_00191s_TLT_SERV_ON.png,30736,Big,0.0,0.02,"[0.0, 0.0, 0.0, 0.0, 0.02, 0.0, 0.0, 0.0, 0.0, 0.0, 0.0, 0.0]",0.0,OK
TLT_SERV_ON.png,toCheck_100000_00213s_TLT_SERV_ON.png,30736,Big,0.0,0.02,"[0.0, 0.0, 0.0, 0.0, 0.02, 0.0, 0.0, 0.0, 0.0, 0.0, 0.0, 0.0]",0.0,OK
TLT_SERV_ON.png,toCheck_100001_00314s_TLT_SERV_ON.png,30736,Big,0.0,0.02,"[0.0, 0.0, 0.0, 0.0, 0.02, 0.0, 0.0, 0.0, 0.0, 0.0, 0.0, 0.0]",0.0,OK
NO_ALERT.png,toCheck_100001_00319s_NO_ALERT.png,267388,Big,14.82,11.23,"[2.17, 10.28, 4.2, 11.11, 11.23, 4.44]",0.0,NOK
TLT_SERV_ON.png,toCheck_100001_00226s_TLT_SERV_ON.png,30736,Big,0.0,0.02,"[0.0, 0.0, 0.0, 0.0, 0.02, 0.0, 0.0, 0.0, 0.0, 0.0, 0.0, 0.0]",0.0,OK
TLT_SERV_ON.png,toCheck_100001_00248s_TLT_SERV_ON.png,30736,Big,0.0,0.02,"[0.0, 0.0, 0.0, 0.0, 0.02, 0.0, 0.0, 0.0, 0.0, 0.0, 0.0, 0.0]",0.0,OK
TLT_SERV_ON.png,toCheck_100002_00279s_TLT_SERV_ON.png,30736,Big,0.0,0.02,"[0.0, 0.0, 0.0, 0.0, 0.02, 0.0, 0.0, 0.0, 0.0, 0.0, 0.0, 0.0]",0.0,OK
NO_ALERT.png,toCheck_100002_00284s_NO_ALERT.png,267388,Big,14.82,11.23,"[2.17, 10.28, 4.2, 11.11, 11.23, 4.44]",0.0,NOK
TLT_SERV_ON.png,toCheck_100002_00191s_TLT_SERV_ON.png,30736,Big,0.0,0.02,"[0.0, 0.0, 0.0, 0.0, 0.02, 0.0, 0.0, 0.0, 0.0, 0.0, 0.0, 0.0]",0.0,OK
TLT_SERV_ON.png,toCheck_100002_00213s_TLT_SERV_ON.png,30736,Big,0.0,0.02,"[0.0, 0.0, 0.0, 0.0, 0.02, 0.0, 0.0, 0.0, 0.0, 0.0, 0.0, 0.0]",0.0,OK
NO_ALERT.png,toCheck_100003_00284s_NO_ALERT.png,267388,Big,14.82,11.23,"[2.17, 10.28, 4.2, 11.11, 11.23, 4.44]",0.0,NOK
TLT_STOP_ON.png,toCheck_100004_00213s_TLT_STOP_ON.png,22176,Big,0.0,0.0,"[0.0, 0.0, 0.0, 0.0, 0.0, 0.0, 0.0, 0.0]",0.0,OK
TLT_STOP_ON.png,toCheck_100004_00191s_TLT_STOP_ON.png,22176,Big,0.0,0.0,"[0.0, 0.0, 0.0, 0.0, 0.0, 0.0, 0.0, 0.0]",0.0,OK
NO_ALERT.png,toCheck_100005_00381s_NO_ALERT.png,267388,Big,9.64,9.25,"[2.44, 9.25, 2.88, 1.42, 9.03, 1.54]",0.0,NOK
TLT_STOP_ON.png,toCheck_100006_00213s_TLT_STOP_ON.png,22176,Big,0.0,0.0,"[0.0, 0.0, 0.0, 0.0, 0.0, 0.0, 0.0, 0.0]",0.0,OK
TLT_STOP_ON.png,toCheck_100006_00191s_TLT_STOP_ON.png,22176,Big,0.0,0.0,"[0.0, 0.0, 0.0, 0.0, 0.0, 0.0, 0.0, 0.0]",0.0,OK
TLT_SERV_ON.png,toCheck_100007_00314s_TLT_SERV_ON.png,30736,Big,0.0,0.02,"[0.0, 0.0, 0.0, 0.0, 0.02, 0.0, 0.0, 0.0, 0.0, 0.0, 0.0, 0.0]",0.0,OK
NO_ALERT.png,toCheck_100007_00319s_NO_ALERT.png,267388,Big,14.82,11.23,"[2.17, 10.28, 4.2, 11.11, 11.23, 4.44]",0.0,NOK
TLT_SERV_ON.png,toCheck_100007_00226s_TLT_SERV_ON.png,30736,Big,0.0,0.02,"[0.0, 0.0, 0.0, 0.0, 0.02, 0.0, 0.0, 0.0, 0.0, 0.0, 0.0, 0.0]",0.0,OK
TLT_SERV_ON.png,toCheck_100007_00248s_TLT_SERV_ON.png,30736,Big,0.0,0.02,"[0.0, 0.0, 0.0, 0.0, 0.02, 0.0, 0.0, 0.0, 0.0, 0.0, 0.0, 0.0]",0.0,OK
TLT_SERV_ON.png,toCheck_100008_00314s_TLT_SERV_ON.png,30736,Big,0.0,0.02,"[0.0, 0.0, 0.0, 0.0, 0.02, 0.0, 0.0, 0.0, 0.0, 0.0, 0.0, 0.0]",0.0,OK
NO_ALERT.png,toCheck_100008_00319s_NO_ALERT.png,267388,Big,14.82,11.23,"[2.17, 10.28, 4.2, 11.11, 11.23, 4.44]",0.0,NOK
TLT_SERV_ON.png,toCheck_100008_00226s_TLT_SERV_ON.png,30736,Big,0.0,0.02,"[0.0, 0.0, 0.0, 0.0, 0.02, 0.0, 0.0, 0.0, 0.0, 0.0, 0.0, 0.0]",0.0,OK
TLT_SERV_ON.png,toCheck_100008_00248s_TLT_SERV_ON.png,30736,Big,0.0,0.02,"[0.0, 0.0, 0.0, 0.0, 0.02, 0.0, 0.0, 0.0, 0.0, 0.0, 0.0, 0.0]",0.0,OK
TLT_SERV_ON.png,toCheck_100009_00314s_TLT_SERV_ON.png,30736,Big,0.0,0.02,"[0.0, 0.0, 0.0, 0.0, 0.02, 0.0, 0.0, 0.0, 0.0, 0.0, 0.0, 0.0]",0.0,OK
NO_ALERT.png,toCheck_100009_00319s_NO_ALERT.png,267388,Big,14.82,11.23,"[2.17, 10.28, 4.2, 11.11, 11.23, 4.44]",0.0,NOK
TLT_SERV_ON.png,toCheck_100009_00226s_TLT_SERV_ON.png,30736,Big,0.0,0.02,"[0.0, 0.0, 0.0, 0.0, 0.02, 0.0, 0.0, 0.0, 0.0, 0.0, 0.0, 0.0]",0.0,OK
TLT_SERV_ON.png,toCheck_100009_00248s_TLT_SERV_ON.png,30736,Big,0.0,0.02,"[0.0, 0.0, 0.0, 0.0, 0.02, 0.0, 0.0, 0.0, 0.0, 0.0, 0.0, 0.0]",0.0,OK
NO_ALERT.png,toCheck_100010_00284s_NO_ALERT.png,267388,Big,14.82,11.23,"[2.17, 10.28, 4.2, 11.11, 11.23, 4.44]",0.0,NOK
NO_ALERT.png,toCheck_100012_00414s_NO_ALERT.png,267388,Big,18.75,19.24,"[9.13, 11.91, 6.81, 8.11, 19.24, 7.57]",0.0,NOK
NO_ALERT.png,toCheck_100012_00343s_NO_ALERT.png,267388,Big,10.4,8.3,"[1.22, 8.15, 2.88, 6.25, 8.3, 5.4]",0.0,NOK
BUZ_00_OFF.png,toCheck_100013_00368s_BUZ_00_OFF.png,38400,Big,5.74,5.2,"[2.2, 3.1, 1.46, 1.2, 2.25, 5.2, 3.52, 2.64, 2.32, 2.64, 1.54, 2.03]",0.0,NOK
TLT_BATT_TRACTWARN_ON_EV.png,toCheck_100013_00434s_TLT_BATT_TRACTWARN_ON_EV.png,20160,Big,0.15,0.27,"[0.2, 0.27, 0.22, 0.1, 0.24, 0.07]",0.0,OK
BUZ_00_OFF.png,toCheck_100013_00444s_BUZ_00_OFF.png,38400,Big,5.74,5.2,"[2.2, 3.1, 1.46, 1.2, 2.25, 5.2, 3.52, 2.64, 2.32, 2.64, 1.54, 2.03]",0.0,NOK
NO_ALERT.png,toCheck_100013_00449s_NO_ALERT.png,267388,Big,19.17,20.92,"[7.03, 12.74, 6.62, 7.84, 20.92, 6.81]",0.0,NOK
TLT_BATT_TRACTWARN_ON_EV.png,toCheck_100013_00326s_TLT_BATT_TRACTWARN_ON_EV.png,20160,Big,0.15,0.27,"[0.2, 0.27, 0.22, 0.1, 0.24, 0.07]",0.0,OK
NO_ALERT.png,toCheck_100013_00358s_NO_ALERT.png,267388,Big,10.4,8.3,"[1.22, 8.15, 2.88, 6.25, 8.3, 5.4]",0.0,NOK
TLT_BATT_TRACTWARN_ON_EV.png,toCheck_100013_00358s_TLT_BATT_TRACTWARN_ON_EV.png,20160,Big,0.15,0.27,"[0.2, 0.27, 0.22, 0.1, 0.24, 0.07]",0.0,OK
NO_ALERT.png,toCheck_100014_00284s_NO_ALERT.png,267388,Big,14.82,11.23,"[2.17, 10.28, 4.2, 11.11, 11.23, 4.44]",0.0,NOK
TLT_SERV_ON.png,toCheck_100015_00279s_TLT_SERV_ON.png,30736,Big,0.0,0.02,"[0.0, 0.0, 0.0, 0.0, 0.02, 0.0, 0.0, 0.0, 0.0, 0.0, 0.0, 0.0]",0.0,OK
NO_ALERT.png,toCheck_100015_00284s_NO_ALERT.png,267388,Big,14.82,11.23,"[2.17, 10.28, 4.2, 11.11, 11.23, 4.44]",0.0,NOK
TLT_SERV_ON.png,toCheck_100015_00191s_TLT_SERV_ON.png,30736,Big,0.0,0.02,"[0.0, 0.0, 0.0, 0.0, 0.02, 0.0, 0.0, 0.0, 0.0, 0.0, 0.0, 0.0]",0.0,OK
TLT_SERV_ON.png,toCheck_100015_00213s_TLT_SERV_ON.png,30736,Big,0.0,0.02,"[0.0, 0.0, 0.0, 0.0, 0.02, 0.0, 0.0, 0.0, 0.0, 0.0, 0.0, 0.0]",0.0,OK
TLT_SERV_ON.png,toCheck_100016_00279s_TLT_SERV_ON.png,30736,Big,0.0,0.02,"[0.0, 0.0, 0.0, 0.0, 0.02, 0.0, 0.0, 0.0, 0.0, 0.0, 0.0, 0.0]",0.0,OK
NO_ALERT.png,toCheck_100016_00284s_NO_ALERT.png,267388,Big,14.82,11.23,"[2.17, 10.28, 4.2, 11.11, 11.23, 4.44]",0.0,NOK
TLT_SERV_ON.png,toCheck_100016_00191s_TLT_SERV_ON.png,30736,Big,0.0,0.02,"[0.0, 0.0, 0.0, 0.0, 0.02, 0.0, 0.0, 0.0, 0.0, 0.0, 0.0, 0.0]",0.0,OK
TLT_SERV_ON.png,toCheck_100016_00213s_TLT_SERV_ON.png,30736,Big,0.0,0.02,"[0.0, 0.0, 0.0, 0.0, 0.02, 0.0, 0.0, 0.0, 0.0, 0.0, 0.0, 0.0]",0.0,OK
NO_ALERT.png,toCheck_100017_00284s_NO_ALERT.png,267388,Big,14.82,11.23,"[2.17, 10.28, 4.2, 11.11, 11.23, 4.44]",0.0,NOK
TLT_STOP_ON.png,toCheck_100018_00245s_TLT_STOP_ON.png,22176,Big,0.0,0.0,"[0.0, 0.0, 0.0, 0.0, 0.0, 0.0, 0.0, 0.0]",0.0,OK
TLT_STOP_ON.png,toCheck_100018_00223s_TLT_STOP_ON.png,22176,Big,0.0,0.0,"[0.0, 0.0, 0.0, 0.0, 0.0, 0.0, 0.0, 0.0]",0.0,OK
TLT_STOP_ON.png,toCheck_100019_00245s_TLT_STOP_ON.png,22176,Big,0.0,0.0,"[0.0, 0.0, 0.0, 0.0, 0.0, 0.0, 0.0, 0.0]",0.0,OK
TLT_STOP_ON.png,toCheck_100019_00223s_TLT_STOP_ON.png,22176,Big,0.0,0.0,"[0.0, 0.0, 0.0, 0.0, 0.0, 0.0, 0.0, 0.0]",0.0,OK
TLT_STOP_ON.png,toCheck_100020_00213s_TLT_STOP_ON.png,22176,Big,0.0,0.0,"[0.0, 0.0, 0.0, 0.0, 0.0, 0.0, 0.0, 0.0]",0.0,OK
TLT_STOP_ON.png,toCheck_100020_00191s_TLT_STOP_ON.png,22176,Big,0.0,0.0,"[0.0, 0.0, 0.0, 0.0, 0.0, 0.0, 0.0, 0.0]",0.0,OK
TLT_SERV_OFF.png,toCheck_100021_00279s_TLT_SERV_OFF.png,30736,Big,0.02,3.54,"[0.0, -0.05, 0.02, 2.27, 0.02, 0.0, 0.0, 3.54, 0.0, 0.0, 0.0, 0.0]",0.0,Investigate
NO_ALERT.png,toCheck_100021_00284s_NO_ALERT.png,267388,Big,14.82,11.23,"[2.17, 10.28, 4.2, 11.11, 11.23, 4.44]",0.0,NOK
TLT_SERV_OFF.png,toCheck_100021_00191s_TLT_SERV_OFF.png,30736,Big,0.02,3.54,"[0.0, -0.05, 0.02, 2.27, 0.02, 0.0, 0.0, 3.54, 0.0, 0.0, 0.0, 0.0]",0.0,Investigate
TLT_SERV_OFF.png,toCheck_100021_00213s_TLT_SERV_OFF.png,30736,Big,0.02,3.54,"[0.0, -0.05, 0.02, 2.27, 0.02, 0.0, 0.0, 3.54, 0.0, 0.0, 0.0, 0.0]",0.0,Investigate
BUZ_00_OFF.png,toCheck_100022_00233s_BUZ_00_OFF.png,38400,Big,5.66,5.57,"[0.15, 0.51, 0.56, 0.22, 2.03, 5.57, 3.66, 0.02, 0.15, 1.9, 3.2, 0.66]",0.0,NOK
BUZ_00_OFF.png,toCheck_100022_00299s_BUZ_00_OFF.png,38400,Big,5.66,5.57,"[0.15, 0.51, 0.56, 0.22, 2.03, 5.57, 3.66, 0.02, 0.15, 1.9, 3.2, 0.66]",0.0,NOK
NO_ALERT.png,toCheck_100022_00324s_NO_ALERT.png,267388,Big,14.82,11.23,"[2.17, 10.28, 4.2, 11.11, 11.23, 4.44]",0.0,NOK
BUZ_00_OFF.png,toCheck_100023_00279s_BUZ_00_OFF.png,38400,Big,5.83,4.54,"[0.17, 0.66, 0.51, 0.24, 2.1, 4.54, 1.0, 0.1, 0.27, 1.95, 1.46, 0.83]",0.0,NOK
NO_ALERT.png,toCheck_100023_00284s_NO_ALERT.png,267388,Big,14.82,11.23,"[2.17, 10.28, 4.2, 11.11, 11.23, 4.44]",0.0,NOK
BUZ_00_OFF.png,toCheck_100023_00213s_BUZ_00_OFF.png,38400,Big,5.83,4.54,"[0.17, 0.66, 0.51, 0.24, 2.1, 4.54, 1.0, 0.1, 0.27, 1.95, 1.46, 0.83]",0.0,NOK
TLT_SERV_ON.png,toCheck_100029_00279s_TLT_SERV_ON.png,30736,Big,0.0,0.02,"[0.0, 0.0, 0.0, 0.0, 0.02, 0.0, 0.0, 0.0, 0.0, 0.0, 0.0, 0.0]",0.0,OK
NO_ALERT.png,toCheck_100029_00284s_NO_ALERT.png,267388,Big,14.82,11.23,"[2.17, 10.28, 4.2, 11.11, 11.23, 4.44]",0.0,NOK
TLT_SERV_ON.png,toCheck_100029_00191s_TLT_SERV_ON.png,30736,Big,0.0,0.02,"[0.0, 0.0, 0.0, 0.0, 0.02, 0.0, 0.0, 0.0, 0.0, 0.0, 0.0, 0.0]",0.0,OK
TLT_SERV_ON.png,toCheck_100029_00213s_TLT_SERV_ON.png,30736,Big,0.0,0.02,"[0.0, 0.0, 0.0, 0.0, 0.02, 0.0, 0.0, 0.0, 0.0, 0.0, 0.0, 0.0]",0.0,OK
TLT_SERV_ON.png,toCheck_100030_00311s_TLT_SERV_ON.png,30736,Big,0.0,0.02,"[0.0, 0.0, 0.0, 0.0, 0.02, 0.0, 0.0, 0.0, 0.0, 0.0, 0.0, 0.0]",0.0,OK
NO_ALERT.png,toCheck_100030_00321s_NO_ALERT.png,267388,Big,14.82,11.23,"[2.17, 10.28, 4.2, 11.11, 11.23, 4.44]",0.0,NOK
TLT_SERV_ON.png,toCheck_100030_00223s_TLT_SERV_ON.png,30736,Big,0.0,0.02,"[0.0, 0.0, 0.0, 0.0, 0.02, 0.0, 0.0, 0.0, 0.0, 0.0, 0.0, 0.0]",0.0,OK
TLT_SERV_ON.png,toCheck_100030_00245s_TLT_SERV_ON.png,30736,Big,0.0,0.02,"[0.0, 0.0, 0.0, 0.0, 0.02, 0.0, 0.0, 0.0, 0.0, 0.0, 0.0, 0.0]",0.0,OK
TLT_SERV_ON.png,toCheck_100031_00279s_TLT_SERV_ON.png,30736,Big,0.0,0.02,"[0.0, 0.0, 0.0, 0.0, 0.02, 0.0, 0.0, 0.0, 0.0, 0.0, 0.0, 0.0]",0.0,OK
NO_ALERT.png,toCheck_100031_00284s_NO_ALERT.png,267388,Big,14.82,11.23,"[2.17, 10.28, 4.2, 11.11, 11.23, 4.44]",0.0,NOK
TLT_SERV_ON.png,toCheck_100031_00191s_TLT_SERV_ON.png,30736,Big,0.0,0.02,"[0.0, 0.0, 0.0, 0.0, 0.02, 0.0, 0.0, 0.0, 0.0, 0.0, 0.0, 0.0]",0.0,OK
TLT_SERV_ON.png,toCheck_100031_00213s_TLT_SERV_ON.png,30736,Big,0.0,0.02,"[0.0, 0.0, 0.0, 0.0, 0.02, 0.0, 0.0, 0.0, 0.0, 0.0, 0.0, 0.0]",0.0,OK
TLT_SERV_ON.png,toCheck_100032_00261s_TLT_SERV_ON.png,30736,Big,0.0,0.02,"[0.0, 0.0, 0.0, 0.0, 0.02, 0.0, 0.0, 0.0, 0.0, 0.0, 0.0, 0.0]",0.0,OK
TLT_STOP_ON.png,toCheck_100032_00261s_TLT_STOP_ON.png,22176,Big,0.0,0.0,"[0.0, 0.0, 0.0, 0.0, 0.0, 0.0, 0.0, 0.0]",0.0,OK
TLT_SERV_ON.png,toCheck_100032_00283s_TLT_SERV_ON.png,30736,Big,0.0,0.02,"[0.0, 0.0, 0.0, 0.0, 0.02, 0.0, 0.0, 0.0, 0.0, 0.0, 0.0, 0.0]",0.0,OK
TLT_STOP_ON.png,toCheck_100032_00283s_TLT_STOP_ON.png,22176,Big,0.0,0.0,"[0.0, 0.0, 0.0, 0.0, 0.0, 0.0, 0.0, 0.0]",0.0,OK
TLT_SERV_ON.png,toCheck_100033_00191s_TLT_SERV_ON.png,30736,Big,0.0,0.02,"[0.0, 0.0, 0.0, 0.0, 0.02, 0.0, 0.0, 0.0, 0.0, 0.0, 0.0, 0.0]",0.0,OK
TLT_STOP_ON.png,toCheck_100033_00191s_TLT_STOP_ON.png,22176,Big,0.0,0.0,"[0.0, 0.0, 0.0, 0.0, 0.0, 0.0, 0.0, 0.0]",0.0,OK
TLT_SERV_ON.png,toCheck_100033_00213s_TLT_SERV_ON.png,30736,Big,0.0,0.02,"[0.0, 0.0, 0.0, 0.0, 0.02, 0.0, 0.0, 0.0, 0.0, 0.0, 0.0, 0.0]",0.0,OK
TLT_STOP_ON.png,toCheck_100033_00213s_TLT_STOP_ON.png,22176,Big,0.0,0.0,"[0.0, 0.0, 0.0, 0.0, 0.0, 0.0, 0.0, 0.0]",0.0,OK
TLT_SERV_ON.png,toCheck_100034_00223s_TLT_SERV_ON.png,30736,Big,0.0,0.02,"[0.0, 0.0, 0.0, 0.0, 0.02, 0.0, 0.0, 0.0, 0.0, 0.0, 0.0, 0.0]",0.0,OK
TLT_SERV_ON.png,toCheck_100034_00245s_TLT_SERV_ON.png,30736,Big,0.0,0.02,"[0.0, 0.0, 0.0, 0.0, 0.02, 0.0, 0.0, 0.0, 0.0, 0.0, 0.0, 0.0]",0.0,OK
TLT_SERV_ON.png,toCheck_100035_00279s_TLT_SERV_ON.png,30736,Big,0.0,0.02,"[0.0, 0.0, 0.0, 0.0, 0.02, 0.0, 0.0, 0.0, 0.0, 0.0, 0.0, 0.0]",0.0,OK
NO_ALERT.png,toCheck_100035_00284s_NO_ALERT.png,267388,Big,14.82,11.23,"[2.17, 10.28, 4.2, 11.11, 11.23, 4.44]",0.0,NOK
TLT_SERV_ON.png,toCheck_100035_00191s_TLT_SERV_ON.png,30736,Big,0.0,0.02,"[0.0, 0.0, 0.0, 0.0, 0.02, 0.0, 0.0, 0.0, 0.0, 0.0, 0.0, 0.0]",0.0,OK
TLT_SERV_ON.png,toCheck_100035_00213s_TLT_SERV_ON.png,30736,Big,0.0,0.02,"[0.0, 0.0, 0.0, 0.0, 0.02, 0.0, 0.0, 0.0, 0.0, 0.0, 0.0, 0.0]",0.0,OK
TLT_SERV_ON.png,toCheck_100036_00279s_TLT_SERV_ON.png,30736,Big,0.0,0.02,"[0.0, 0.0, 0.0, 0.0, 0.02, 0.0, 0.0, 0.0, 0.0, 0.0, 0.0, 0.0]",0.0,OK
NO_ALERT.png,toCheck_100036_00284s_NO_ALERT.png,267388,Big,14.82,11.23,"[2.17, 10.28, 4.2, 11.11, 11.23, 4.44]",0.0,NOK
TLT_SERV_ON.png,toCheck_100036_00191s_TLT_SERV_ON.png,30736,Big,0.0,0.02,"[0.0, 0.0, 0.0, 0.0, 0.02, 0.0, 0.0, 0.0, 0.0, 0.0, 0.0, 0.0]",0.0,OK
TLT_SERV_ON.png,toCheck_100036_00213s_TLT_SERV_ON.png,30736,Big,0.0,0.02,"[0.0, 0.0, 0.0, 0.0, 0.02, 0.0, 0.0, 0.0, 0.0, 0.0, 0.0, 0.0]",0.0,OK
TLT_SERV_ON.png,toCheck_100037_00279s_TLT_SERV_ON.png,30736,Big,0.0,0.02,"[0.0, 0.0, 0.0, 0.0, 0.02, 0.0, 0.0, 0.0, 0.0, 0.0, 0.0, 0.0]",0.0,OK
NO_ALERT.png,toCheck_100037_00284s_NO_ALERT.png,267388,Big,14.82,11.23,"[2.17, 10.28, 4.2, 11.11, 11.23, 4.44]",0.0,NOK
TLT_SERV_ON.png,toCheck_100037_00191s_TLT_SERV_ON.png,30736,Big,0.0,0.02,"[0.0, 0.0, 0.0, 0.0, 0.02, 0.0, 0.0, 0.0, 0.0, 0.0, 0.0, 0.0]",0.0,OK
TLT_SERV_ON.png,toCheck_100037_00213s_TLT_SERV_ON.png,30736,Big,0.0,0.02,"[0.0, 0.0, 0.0, 0.0, 0.02, 0.0, 0.0, 0.0, 0.0, 0.0, 0.0, 0.0]",0.0,OK
BUZ_00_OFF.png,toCheck_100043_00213s_BUZ_00_OFF.png,38400,Big,5.83,4.54,"[0.17, 0.66, 0.51, 0.24, 2.1, 4.54, 1.0, 0.1, 0.27, 1.95, 1.46, 0.83]",0.0,NOK
TLT_SERV_ON.png,toCheck_100044_00279s_TLT_SERV_ON.png,30736,Big,0.0,0.02,"[0.0, 0.0, 0.0, 0.0, 0.02, 0.0, 0.0, 0.0, 0.0, 0.0, 0.0, 0.0]",0.0,OK
NO_ALERT.png,toCheck_100044_00284s_NO_ALERT.png,267388,Big,14.82,11.23,"[2.17, 10.28, 4.2, 11.11, 11.23, 4.44]",0.0,NOK
TLT_SERV_ON.png,toCheck_100044_00191s_TLT_SERV_ON.png,30736,Big,0.0,0.02,"[0.0, 0.0, 0.0, 0.0, 0.02, 0.0, 0.0, 0.0, 0.0, 0.0, 0.0, 0.0]",0.0,OK
TLT_SERV_ON.png,toCheck_100044_00213s_TLT_SERV_ON.png,30736,Big,0.0,0.02,"[0.0, 0.0, 0.0, 0.0, 0.02, 0.0, 0.0, 0.0, 0.0, 0.0, 0.0, 0.0]",0.0,OK
TLT_SERV_ON.png,toCheck_100045_00279s_TLT_SERV_ON.png,30736,Big,0.0,0.02,"[0.0, 0.0, 0.0, 0.0, 0.02, 0.0, 0.0, 0.0, 0.0, 0.0, 0.0, 0.0]",0.0,OK
NO_ALERT.png,toCheck_100045_00284s_NO_ALERT.png,267388,Big,14.82,11.23,"[2.17, 10.28, 4.2, 11.11, 11.23, 4.44]",0.0,NOK
TLT_SERV_ON.png,toCheck_100045_00191s_TLT_SERV_ON.png,30736,Big,0.0,0.02,"[0.0, 0.0, 0.0, 0.0, 0.02, 0.0, 0.0, 0.0, 0.0, 0.0, 0.0, 0.0]",0.0,OK
TLT_SERV_ON.png,toCheck_100045_00213s_TLT_SERV_ON.png,30736,Big,0.0,0.02,"[0.0, 0.0, 0.0, 0.0, 0.02, 0.0, 0.0, 0.0, 0.0, 0.0, 0.0, 0.0]",0.0,OK
NO_TXTALT_Reconspage.png,toCheck_100046_00213s_NO_TXTALT_Reconspage.png,1376640,Big,-0.05,3.32,"[0.02, 0.0, -0.05, 0.0, 0.0, -0.05, 0.0, -0.05, 0.0, 0.02, -0.05, 0.0, 0.0, 0.0, 0.0, 0.02, 0.02, 0.0, 3.32, 0.02, -0.05, -0.05, 0.0, 0.02, -0.05, 0.0, 0.0, 0.0, 0.0, 0.02, -0.05, -0.05, -0.05, -0.05, 0.02, -0.05]",0.0,Investigate
TLT_SERV_ON.png,toCheck_100046_00191s_TLT_SERV_ON.png,30736,Big,0.0,0.02,"[0.0, 0.0, 0.0, 0.0, 0.02, 0.0, 0.0, 0.0, 0.0, 0.0, 0.0, 0.0]",0.0,OK
TLT_SERV_ON.png,toCheck_100046_00213s_TLT_SERV_ON.png,30736,Big,0.0,0.02,"[0.0, 0.0, 0.0, 0.0, 0.02, 0.0, 0.0, 0.0, 0.0, 0.0, 0.0, 0.0]",0.0,OK
NO_ALERT.png,toCheck_100052_00284s_NO_ALERT.png,267388,Big,14.82,11.23,"[2.17, 10.28, 4.2, 11.11, 11.23, 4.44]",0.0,NOK
NO_ALERT.png,toCheck_100058_00284s_NO_ALERT.png,267388,Big,14.82,11.23,"[2.17, 10.28, 4.2, 11.11, 11.23, 4.44]",0.0,NOK
BUZ_00_OFF.png,toCheck_100063_00279s_BUZ_00_OFF.png,38400,Big,4.88,3.71,"[0.02, 0.17, 0.07, 0.17, 0.12, 3.71, 1.88, 0.07, 0.1, 3.15, 0.98, 0.12]",0.0,NOK
NO_ALERT.png,toCheck_100063_00284s_NO_ALERT.png,267388,Big,14.82,11.23,"[2.17, 10.28, 4.2, 11.11, 11.23, 4.44]",0.0,NOK
BUZ_00_OFF.png,toCheck_100063_00213s_BUZ_00_OFF.png,38400,Big,4.88,3.71,"[0.02, 0.17, 0.07, 0.17, 0.12, 3.71, 1.88, 0.07, 0.1, 3.15, 0.98, 0.12]",0.0,NOK
ADAS_TXTALT_10913_11_FR.png,toCheck_100064_00191s_ADAS_TXTALT_10913_11_FR.png,267388,Big,2.25,11.35,"[4.69, 8.74, 11.35, 7.23, 4.08, 5.15]",0.0,Investigate
ADAS_TXTALT_10913_11_FR.png,toCheck_100064_00213s_ADAS_TXTALT_10913_11_FR.png,267388,Big,2.25,11.35,"[4.69, 8.74, 11.35, 7.23, 4.08, 5.15]",0.0,Investigate
TXTALT_10913_19_FR.png,toCheck_100066_00533s_TXTALT_10913_19_FR.png,267388,Big,2.25,11.35,"[4.69, 8.74, 11.35, 7.23, 4.08, 5.15]",0.0,Investigate
TXTALT_10913_19_FR.png,toCheck_100066_00351s_TXTALT_10913_19_FR.png,267388,Big,2.25,11.35,"[4.69, 8.74, 11.35, 7.23, 4.08, 5.15]",0.0,Investigate
BUZ_18_ON.png,toCheck_100066_00373s_BUZ_18_ON.png,38400,Big,5.42,4.44,"[0.56, 1.12, 0.59, 0.59, 1.93, 3.08, 4.44, 0.07, 1.78, 2.29, 1.88, 0.39]",0.0,NOK
TXTALT_10925_3_FR.png,toCheck_100067_00191s_TXTALT_10925_3_FR.png,202806,Big,8.57,7.35,"[4.96, 7.35, 6.62, 7.08, 7.28, 3.83]",0.0,NOK
TXTALT_10925_3_FR.png,toCheck_100067_00213s_TXTALT_10925_3_FR.png,202806,Big,8.57,7.35,"[4.96, 7.35, 6.62, 7.08, 7.28, 3.83]",0.0,NOK
BUZ_00_OFF.png,toCheck_100070_00279s_BUZ_00_OFF.png,38400,Big,4.3,5.32,"[0.05, 0.46, 0.05, 0.1, 0.02, 5.32, 1.15, 0.07, 0.05, 2.08, 0.37, 0.24]",0.0,NOK
NO_ALERT.png,toCheck_100070_00284s_NO_ALERT.png,267388,Big,14.82,11.23,"[2.17, 10.28, 4.2, 11.11, 11.23, 4.44]",0.0,NOK
BUZ_00_OFF.png,toCheck_100070_00213s_BUZ_00_OFF.png,38400,Big,4.3,5.32,"[0.05, 0.46, 0.05, 0.1, 0.02, 5.32, 1.15, 0.07, 0.05, 2.08, 0.37, 0.24]",0.0,NOK
BUZ_00_OFF.png,toCheck_100071_00279s_BUZ_00_OFF.png,38400,Big,4.3,5.32,"[0.05, 0.46, 0.05, 0.1, 0.02, 5.32, 1.15, 0.07, 0.05, 2.08, 0.37, 0.24]",0.0,NOK
NO_ALERT.png,toCheck_100071_00284s_NO_ALERT.png,267388,Big,14.82,11.23,"[2.17, 10.28, 4.2, 11.11, 11.23, 4.44]",0.0,NOK
BUZ_00_OFF.png,toCheck_100071_00213s_BUZ_00_OFF.png,38400,Big,4.3,5.32,"[0.05, 0.46, 0.05, 0.1, 0.02, 5.32, 1.15, 0.07, 0.05, 2.08, 0.37, 0.24]",0.0,NOK
NO_ALERT.png,toCheck_100072_00284s_NO_ALERT.png,267388,Big,14.82,11.23,"[2.17, 10.28, 4.2, 11.11, 11.23, 4.44]",0.0,NOK
TLT_SERV_ON.png,toCheck_100076_00279s_TLT_SERV_ON.png,30736,Big,0.0,0.02,"[0.0, 0.0, 0.0, 0.0, 0.02, 0.0, 0.0, 0.0, 0.0, 0.0, 0.0, 0.0]",0.0,OK
NO_ALERT.png,toCheck_100076_00284s_NO_ALERT.png,267388,Big,14.82,11.23,"[2.17, 10.28, 4.2, 11.11, 11.23, 4.44]",0.0,NOK
TLT_SERV_ON.png,toCheck_100076_00191s_TLT_SERV_ON.png,30736,Big,0.0,0.02,"[0.0, 0.0, 0.0, 0.0, 0.02, 0.0, 0.0, 0.0, 0.0, 0.0, 0.0, 0.0]",0.0,OK
TLT_SERV_ON.png,toCheck_100076_00213s_TLT_SERV_ON.png,30736,Big,0.0,0.02,"[0.0, 0.0, 0.0, 0.0, 0.02, 0.0, 0.0, 0.0, 0.0, 0.0, 0.0, 0.0]",0.0,OK
TLT_SERV_ON.png,toCheck_100077_00279s_TLT_SERV_ON.png,30736,Big,0.0,0.93,"[0.0, 0.0, 0.0, 0.56, 0.02, 0.0, 0.0, 0.93, 0.0, 0.0, 0.0, 0.0]",0.0,OK
NO_ALERT.png,toCheck_100077_00284s_NO_ALERT.png,267388,Big,14.82,11.23,"[2.17, 10.28, 4.2, 11.11, 11.23, 4.44]",0.0,NOK
TLT_SERV_ON.png,toCheck_100077_00191s_TLT_SERV_ON.png,30736,Big,0.0,0.93,"[0.0, 0.0, 0.0, 0.56, 0.02, 0.0, 0.0, 0.93, 0.0, 0.0, 0.0, 0.0]",0.0,OK
TLT_SERV_ON.png,toCheck_100077_00213s_TLT_SERV_ON.png,30736,Big,0.0,0.93,"[0.0, 0.0, 0.0, 0.56, 0.02, 0.0, 0.0, 0.93, 0.0, 0.0, 0.0, 0.0]",0.0,OK
TLT_STOP_ON.png,toCheck_100078_00191s_TLT_STOP_ON.png,22176,Big,0.0,0.0,"[0.0, 0.0, 0.0, 0.0, 0.0, 0.0, 0.0, 0.0]",0.0,OK
TLT_STOP_ON.png,toCheck_100078_00213s_TLT_STOP_ON.png,22176,Big,0.0,0.0,"[0.0, 0.0, 0.0, 0.0, 0.0, 0.0, 0.0, 0.0]",0.0,OK
TLT_STOP_ON.png,toCheck_100079_00213s_TLT_STOP_ON.png,22176,Big,0.0,0.0,"[0.0, 0.0, 0.0, 0.0, 0.0, 0.0, 0.0, 0.0]",0.0,OK
TLT_STOP_ON.png,toCheck_100079_00191s_TLT_STOP_ON.png,22176,Big,0.0,0.0,"[0.0, 0.0, 0.0, 0.0, 0.0, 0.0, 0.0, 0.0]",0.0,OK
BUZ_00_OFF.png,toCheck_100080_00279s_BUZ_00_OFF.png,38400,Big,3.52,3.17,"[0.1, 0.37, 0.05, 0.1, 0.27, 3.17, 2.76, 0.07, 0.12, 2.81, 0.95, 0.07]",0.0,NOK
NO_ALERT.png,toCheck_100080_00284s_NO_ALERT.png,267388,Big,14.82,11.23,"[2.17, 10.28, 4.2, 11.11, 11.23, 4.44]",0.0,NOK
BUZ_00_OFF.png,toCheck_100080_00213s_BUZ_00_OFF.png,38400,Big,3.52,3.17,"[0.1, 0.37, 0.05, 0.1, 0.27, 3.17, 2.76, 0.07, 0.12, 2.81, 0.95, 0.07]",0.0,NOK
TLT_STOP_ON.png,toCheck_100081_00191s_TLT_STOP_ON.png,22176,Big,0.0,0.0,"[0.0, 0.0, 0.0, 0.0, 0.0, 0.0, 0.0, 0.0]",0.0,OK
TLT_STOP_ON.png,toCheck_100081_00213s_TLT_STOP_ON.png,22176,Big,0.0,0.0,"[0.0, 0.0, 0.0, 0.0, 0.0, 0.0, 0.0, 0.0]",0.0,OK
TLT_SERV_OFF.png,toCheck_100082_00279s_TLT_SERV_OFF.png,30736,Big,0.02,4.35,"[0.0, -0.05, 0.02, 1.42, 0.02, 0.0, 0.0, 4.35, 0.0, 0.0, 0.0, 0.0]",0.0,Investigate
NO_ALERT.png,toCheck_100082_00284s_NO_ALERT.png,267388,Big,14.82,11.23,"[2.17, 10.28, 4.2, 11.11, 11.23, 4.44]",0.0,NOK
TLT_SERV_OFF.png,toCheck_100082_00191s_TLT_SERV_OFF.png,30736,Big,0.02,4.35,"[0.0, -0.05, 0.02, 1.42, 0.02, 0.0, 0.0, 4.35, 0.0, 0.0, 0.0, 0.0]",0.0,Investigate
TLT_SERV_OFF.png,toCheck_100082_00213s_TLT_SERV_OFF.png,30736,Big,0.02,4.35,"[0.0, -0.05, 0.02, 1.42, 0.02, 0.0, 0.0, 4.35, 0.0, 0.0, 0.0, 0.0]",0.0,Investigate
TLT_SERV_ON.png,toCheck_100085_00279s_TLT_SERV_ON.png,30736,Big,0.0,0.17,"[0.0, 0.0, 0.0, 0.0, 0.02, 0.0, 0.0, 0.17, 0.0, 0.0, 0.0, 0.0]",0.0,OK
NO_ALERT.png,toCheck_100085_00284s_NO_ALERT.png,267388,Big,14.82,11.23,"[2.17, 10.28, 4.2, 11.11, 11.23, 4.44]",0.0,NOK
TLT_SERV_ON.png,toCheck_100085_00191s_TLT_SERV_ON.png,30736,Big,0.0,0.17,"[0.0, 0.0, 0.0, 0.0, 0.02, 0.0, 0.0, 0.17, 0.0, 0.0, 0.0, 0.0]",0.0,OK
TLT_SERV_ON.png,toCheck_100085_00213s_TLT_SERV_ON.png,30736,Big,0.0,0.17,"[0.0, 0.0, 0.0, 0.0, 0.02, 0.0, 0.0, 0.17, 0.0, 0.0, 0.0, 0.0]",0.0,OK
TLT_STOP_ON.png,toCheck_100086_00213s_TLT_STOP_ON.png,22176,Big,0.0,0.0,"[0.0, 0.0, 0.0, 0.0, 0.0, 0.0, 0.0, 0.0]",0.0,OK
BUZ_00_OFF.png,toCheck_100086_00213s_BUZ_00_OFF.png,38400,Big,3.22,2.39,"[0.02, 0.1, 0.05, 0.05, 0.05, 2.39, 0.27, 0.05, 0.05, 0.42, 0.22, 0.12]",0.0,NOK
TLT_STOP_ON.png,toCheck_100086_00279s_TLT_STOP_ON.png,22176,Big,0.0,0.0,"[0.0, 0.0, 0.0, 0.0, 0.0, 0.0, 0.0, 0.0]",0.0,OK
BUZ_00_OFF.png,toCheck_100086_00279s_BUZ_00_OFF.png,38400,Big,3.22,2.39,"[0.02, 0.1, 0.05, 0.05, 0.05, 2.39, 0.27, 0.05, 0.05, 0.42, 0.22, 0.12]",0.0,NOK
NO_ALERT.png,toCheck_100086_00284s_NO_ALERT.png,267388,Big,14.82,11.23,"[2.17, 10.28, 4.2, 11.11, 11.23, 4.44]",0.0,NOK
TLT_STOP_ON.png,toCheck_100086_00191s_TLT_STOP_ON.png,22176,Big,0.0,0.0,"[0.0, 0.0, 0.0, 0.0, 0.0, 0.0, 0.0, 0.0]",0.0,OK
NO_ALERT.png,toCheck_100087_00284s_NO_ALERT.png,267388,Big,14.82,11.23,"[2.17, 10.28, 4.2, 11.11, 11.23, 4.44]",0.0,NOK
TLT_STOP_ON.png,toCheck_100089_00226s_TLT_STOP_ON.png,22176,Big,0.0,0.0,"[0.0, 0.0, 0.0, 0.0, 0.0, 0.0, 0.0, 0.0]",0.0,OK
TLT_STOP_ON.png,toCheck_100089_00248s_TLT_STOP_ON.png,22176,Big,0.0,0.0,"[0.0, 0.0, 0.0, 0.0, 0.0, 0.0, 0.0, 0.0]",0.0,OK
NO_ALERT.png,toCheck_100090_00284s_NO_ALERT.png,267388,Big,14.82,11.23,"[2.17, 10.28, 4.2, 11.11, 11.23, 4.44]",0.0,NOK
TLT_SERV_ON.png,toCheck_100091_00311s_TLT_SERV_ON.png,30736,Big,0.0,0.02,"[0.0, 0.0, 0.0, 0.0, 0.02, 0.0, 0.0, 0.0, 0.0, 0.0, 0.0, 0.0]",0.0,OK
NO_ALERT.png,toCheck_100091_00316s_NO_ALERT.png,267388,Big,14.82,11.23,"[2.17, 10.28, 4.2, 11.11, 11.23, 4.44]",0.0,NOK
TLT_SERV_ON.png,toCheck_100091_00223s_TLT_SERV_ON.png,30736,Big,0.0,0.02,"[0.0, 0.0, 0.0, 0.0, 0.02, 0.0, 0.0, 0.0, 0.0, 0.0, 0.0, 0.0]",0.0,OK
TLT_SERV_ON.png,toCheck_100091_00245s_TLT_SERV_ON.png,30736,Big,0.0,0.02,"[0.0, 0.0, 0.0, 0.0, 0.02, 0.0, 0.0, 0.0, 0.0, 0.0, 0.0, 0.0]",0.0,OK
TLT_STOP_ON.png,toCheck_100092_00191s_TLT_STOP_ON.png,22176,Big,0.0,0.0,"[0.0, 0.0, 0.0, 0.0, 0.0, 0.0, 0.0, 0.0]",0.0,OK
TLT_STOP_ON.png,toCheck_100092_00213s_TLT_STOP_ON.png,22176,Big,0.0,0.0,"[0.0, 0.0, 0.0, 0.0, 0.0, 0.0, 0.0, 0.0]",0.0,OK
BUZ_00_OFF.png,toCheck_100094_00279s_BUZ_00_OFF.png,38400,Big,4.88,3.71,"[0.02, 0.17, 0.07, 0.17, 0.12, 3.71, 1.88, 0.07, 0.1, 3.15, 0.98, 0.12]",0.0,NOK
NO_ALERT.png,toCheck_100094_00284s_NO_ALERT.png,267388,Big,14.82,11.23,"[2.17, 10.28, 4.2, 11.11, 11.23, 4.44]",0.0,NOK
BUZ_00_OFF.png,toCheck_100094_00213s_BUZ_00_OFF.png,38400,Big,4.88,3.71,"[0.02, 0.17, 0.07, 0.17, 0.12, 3.71, 1.88, 0.07, 0.1, 3.15, 0.98, 0.12]",0.0,NOK
TLT_SERV_ON.png,toCheck_100097_00279s_TLT_SERV_ON.png,30736,Big,0.0,0.02,"[0.0, 0.0, 0.0, 0.0, 0.02, 0.0, 0.0, 0.0, 0.0, 0.0, 0.0, 0.0]",0.0,OK
NO_ALERT.png,toCheck_100097_00284s_NO_ALERT.png,267388,Big,14.82,11.23,"[2.17, 10.28, 4.2, 11.11, 11.23, 4.44]",0.0,NOK
TLT_SERV_ON.png,toCheck_100097_00191s_TLT_SERV_ON.png,30736,Big,0.0,0.02,"[0.0, 0.0, 0.0, 0.0, 0.02, 0.0, 0.0, 0.0, 0.0, 0.0, 0.0, 0.0]",0.0,OK
TLT_SERV_ON.png,toCheck_100097_00213s_TLT_SERV_ON.png,30736,Big,0.0,0.02,"[0.0, 0.0, 0.0, 0.0, 0.02, 0.0, 0.0, 0.0, 0.0, 0.0, 0.0, 0.0]",0.0,OK
NO_ALERT.png,toCheck_100098_00284s_NO_ALERT.png,267388,Big,14.82,11.23,"[2.17, 10.28, 4.2, 11.11, 11.23, 4.44]",0.0,NOK
TLT_SERV_ON.png,toCheck_100100_00279s_TLT_SERV_ON.png,30736,Big,0.0,0.02,"[0.0, 0.0, 0.0, 0.0, 0.02, 0.0, 0.0, 0.0, 0.0, 0.0, 0.0, 0.0]",0.0,OK
BUZ_00_OFF.png,toCheck_100100_00279s_BUZ_00_OFF.png,38400,Big,4.3,5.32,"[0.05, 0.46, 0.05, 0.1, 0.02, 5.32, 1.15, 0.07, 0.05, 2.08, 0.37, 0.24]",0.0,NOK
NO_ALERT.png,toCheck_100100_00284s_NO_ALERT.png,267388,Big,14.82,11.23,"[2.17, 10.28, 4.2, 11.11, 11.23, 4.44]",0.0,NOK
TLT_SERV_ON.png,toCheck_100100_00191s_TLT_SERV_ON.png,30736,Big,0.0,0.02,"[0.0, 0.0, 0.0, 0.0, 0.02, 0.0, 0.0, 0.0, 0.0, 0.0, 0.0, 0.0]",0.0,OK
TLT_SERV_ON.png,toCheck_100100_00213s_TLT_SERV_ON.png,30736,Big,0.0,0.02,"[0.0, 0.0, 0.0, 0.0, 0.02, 0.0, 0.0, 0.0, 0.0, 0.0, 0.0, 0.0]",0.0,OK
BUZ_00_OFF.png,toCheck_100100_00213s_BUZ_00_OFF.png,38400,Big,4.3,5.32,"[0.05, 0.46, 0.05, 0.1, 0.02, 5.32, 1.15, 0.07, 0.05, 2.08, 0.37, 0.24]",0.0,NOK
TLT_SERV_ON.png,toCheck_100102_00279s_TLT_SERV_ON.png,30736,Big,0.0,0.02,"[0.0, 0.0, 0.0, 0.0, 0.02, 0.0, 0.0, 0.0, 0.0, 0.0, 0.0, 0.0]",0.0,OK
NO_ALERT.png,toCheck_100102_00284s_NO_ALERT.png,267388,Big,14.82,11.23,"[2.17, 10.28, 4.2, 11.11, 11.23, 4.44]",0.0,NOK
TLT_SERV_ON.png,toCheck_100102_00191s_TLT_SERV_ON.png,30736,Big,0.0,0.02,"[0.0, 0.0, 0.0, 0.0, 0.02, 0.0, 0.0, 0.0, 0.0, 0.0, 0.0, 0.0]",0.0,OK
TLT_SERV_ON.png,toCheck_100102_00213s_TLT_SERV_ON.png,30736,Big,0.0,0.02,"[0.0, 0.0, 0.0, 0.0, 0.02, 0.0, 0.0, 0.0, 0.0, 0.0, 0.0, 0.0]",0.0,OK
NO_ALERT.png,toCheck_100103_00284s_NO_ALERT.png,267388,Big,14.82,11.23,"[2.17, 10.28, 4.2, 11.11, 11.23, 4.44]",0.0,NOK
NO_TXTALT_Reconspage.png,toCheck_100105_00288s_NO_TXTALT_Reconspage.png,1376640,Big,-0.05,12.52,"[0.02, 0.0, -0.05, 0.0, 0.0, -0.05, 3.25, -0.05, 0.0, 0.0, -0.05, 0.0, 0.0, 0.0, 0.0, 10.55, 11.84, 0.0, 12.52, 0.02, -0.05, -0.05, 0.0, 0.02, -0.05, 0.0, 0.0, 0.0, 0.0, 0.02, -0.05, -0.05, -0.05, -0.05, 0.02, -0.05]",0.0,Investigate
NO_ALERT.png,toCheck_100105_00366s_NO_ALERT.png,267388,Big,9.64,9.25,"[2.44, 9.25, 2.88, 1.42, 9.03, 1.54]",0.0,NOK
NO_ALERT.png,toCheck_100105_00288s_NO_ALERT.png,267388,Big,9.64,9.25,"[2.44, 9.25, 2.88, 1.42, 9.03, 1.54]",0.0,NOK
NO_TXTALT_Reconspage.png,toCheck_100107_00913s_NO_TXTALT_Reconspage.png,1376640,Big,-0.05,12.52,"[0.02, 0.0, -0.05, 0.0, 0.0, -0.05, 0.0, 0.68, 4.81, 0.0, -0.05, 0.0, 0.0, 0.0, 0.0, 0.02, 0.02, 0.0, 12.52, 0.02, -0.05, -0.05, 0.0, 0.02, -0.05, 0.0, 0.0, 0.0, 0.0, 0.02, -0.05, -0.05, -0.05, -0.05, 0.02, -0.05]",0.0,Investigate
NO_ALERT.png,toCheck_100107_00913s_NO_ALERT.png,267388,Big,0.0,1.22,"[0.02, -0.05, 1.22, 0.0, 0.02, 0.0]",0.0,OK
TLT_SERV_ON.png,toCheck_100108_00279s_TLT_SERV_ON.png,30736,Big,0.0,0.02,"[0.0, 0.0, 0.0, 0.0, 0.02, 0.0, 0.0, 0.0, 0.0, 0.0, 0.0, 0.0]",0.0,OK
NO_ALERT.png,toCheck_100108_00284s_NO_ALERT.png,267388,Big,14.82,11.23,"[2.17, 10.28, 4.2, 11.11, 11.23, 4.44]",0.0,NOK
TLT_SERV_ON.png,toCheck_100108_00191s_TLT_SERV_ON.png,30736,Big,0.0,0.02,"[0.0, 0.0, 0.0, 0.0, 0.02, 0.0, 0.0, 0.0, 0.0, 0.0, 0.0, 0.0]",0.0,OK
TLT_SERV_ON.png,toCheck_100108_00213s_TLT_SERV_ON.png,30736,Big,0.0,0.02,"[0.0, 0.0, 0.0, 0.0, 0.02, 0.0, 0.0, 0.0, 0.0, 0.0, 0.0, 0.0]",0.0,OK
TLT_SERV_ON.png,toCheck_100110_00279s_TLT_SERV_ON.png,30736,Big,0.0,1.29,"[0.0, 0.0, 0.0, 1.29, 0.02, 0.0, 0.0, 1.0, 0.0, 0.0, 0.0, 0.0]",0.0,OK
NO_ALERT.png,toCheck_100110_00284s_NO_ALERT.png,267388,Big,14.82,11.23,"[2.17, 10.28, 4.2, 11.11, 11.23, 4.44]",0.0,NOK
TLT_SERV_ON.png,toCheck_100110_00191s_TLT_SERV_ON.png,30736,Big,0.0,1.29,"[0.0, 0.0, 0.0, 1.29, 0.02, 0.0, 0.0, 1.0, 0.0, 0.0, 0.0, 0.0]",0.0,OK
TLT_SERV_ON.png,toCheck_100110_00213s_TLT_SERV_ON.png,30736,Big,0.0,1.29,"[0.0, 0.0, 0.0, 1.29, 0.02, 0.0, 0.0, 1.0, 0.0, 0.0, 0.0, 0.0]",0.0,OK
TLT_SERV_ON.png,toCheck_100112_00279s_TLT_SERV_ON.png,30736,Big,0.0,0.02,"[0.0, 0.0, 0.0, 0.0, 0.02, 0.0, 0.0, 0.0, 0.0, 0.0, 0.0, 0.0]",0.0,OK
NO_ALERT.png,toCheck_100112_00284s_NO_ALERT.png,267388,Big,14.82,11.23,"[2.17, 10.28, 4.2, 11.11, 11.23, 4.44]",0.0,NOK
TLT_SERV_ON.png,toCheck_100112_00191s_TLT_SERV_ON.png,30736,Big,0.0,0.02,"[0.0, 0.0, 0.0, 0.0, 0.02, 0.0, 0.0, 0.0, 0.0, 0.0, 0.0, 0.0]",0.0,OK
TLT_SERV_ON.png,toCheck_100112_00213s_TLT_SERV_ON.png,30736,Big,0.0,0.02,"[0.0, 0.0, 0.0, 0.0, 0.02, 0.0, 0.0, 0.0, 0.0, 0.0, 0.0, 0.0]",0.0,OK
TLT_SERV_ON.png,toCheck_100114_00226s_TLT_SERV_ON.png,30736,Big,0.0,1.29,"[0.0, 0.0, 0.0, 1.29, 0.02, 0.0, 0.0, 1.0, 0.0, 0.0, 0.0, 0.0]",0.0,OK
TLT_SERV_ON.png,toCheck_100114_00248s_TLT_SERV_ON.png,30736,Big,0.0,1.29,"[0.0, 0.0, 0.0, 1.29, 0.02, 0.0, 0.0, 1.0, 0.0, 0.0, 0.0, 0.0]",0.0,OK
TLT_STOP_ON.png,toCheck_100115_00191s_TLT_STOP_ON.png,22176,Big,0.0,0.0,"[0.0, 0.0, 0.0, 0.0, 0.0, 0.0, 0.0, 0.0]",0.0,OK
TLT_STOP_ON.png,toCheck_100115_00213s_TLT_STOP_ON.png,22176,Big,0.0,0.0,"[0.0, 0.0, 0.0, 0.0, 0.0, 0.0, 0.0, 0.0]",0.0,OK
TLT_SERV_ON.png,toCheck_100116_00279s_TLT_SERV_ON.png,30736,Big,0.0,0.02,"[0.0, 0.0, 0.0, 0.0, 0.02, 0.0, 0.0, 0.0, 0.0, 0.0, 0.0, 0.0]",0.0,OK
NO_ALERT.png,toCheck_100116_00284s_NO_ALERT.png,267388,Big,14.82,11.23,"[2.17, 10.28, 4.2, 11.11, 11.23, 4.44]",0.0,NOK
TLT_SERV_ON.png,toCheck_100116_00191s_TLT_SERV_ON.png,30736,Big,0.0,0.02,"[0.0, 0.0, 0.0, 0.0, 0.02, 0.0, 0.0, 0.0, 0.0, 0.0, 0.0, 0.0]",0.0,OK
TLT_SERV_ON.png,toCheck_100116_00213s_TLT_SERV_ON.png,30736,Big,0.0,0.02,"[0.0, 0.0, 0.0, 0.0, 0.02, 0.0, 0.0, 0.0, 0.0, 0.0, 0.0, 0.0]",0.0,OK
NO_ALERT.png,toCheck_100117_00284s_NO_ALERT.png,267388,Big,14.82,11.23,"[2.17, 10.28, 4.2, 11.11, 11.23, 4.44]",0.0,NOK
BUZ_00_OFF.png,toCheck_100118_00213s_BUZ_00_OFF.png,38400,Big,3.22,2.39,"[0.02, 0.1, 0.05, 0.05, 0.05, 2.39, 0.27, 0.05, 0.05, 0.42, 0.22, 0.12]",0.0,NOK
NO_TXTALT_Reconspage.png,toCheck_100118_00213s_NO_TXTALT_Reconspage.png,1376640,Big,-0.05,7.76,"[0.02, 0.0, -0.05, 0.0, 0.0, -0.05, 0.0, -0.05, 0.0, 0.02, -0.05, 0.0, 0.0, 0.0, 0.0, 0.02, 0.02, 0.0, -0.05, 0.02, -0.05, -0.05, 0.0, 0.02, -0.05, 2.17, 7.76, 0.0, 0.0, 0.02, -0.05, -0.05, -0.05, -0.05, 0.02, -0.05]",0.0,Investigate
TLT_SERV_ON.png,toCheck_100120_00279s_TLT_SERV_ON.png,30736,Big,0.0,0.02,"[0.0, 0.0, 0.0, 0.0, 0.02, 0.0, 0.0, 0.0, 0.0, 0.0, 0.0, 0.0]",0.0,OK
NO_ALERT.png,toCheck_100120_00284s_NO_ALERT.png,267388,Big,14.82,11.23,"[2.17, 10.28, 4.2, 11.11, 11.23, 4.44]",0.0,NOK
TLT_SERV_ON.png,toCheck_100120_00191s_TLT_SERV_ON.png,30736,Big,0.0,0.02,"[0.0, 0.0, 0.0, 0.0, 0.02, 0.0, 0.0, 0.0, 0.0, 0.0, 0.0, 0.0]",0.0,OK
TLT_SERV_ON.png,toCheck_100120_00213s_TLT_SERV_ON.png,30736,Big,0.0,0.02,"[0.0, 0.0, 0.0, 0.0, 0.02, 0.0, 0.0, 0.0, 0.0, 0.0, 0.0, 0.0]",0.0,OK
TLT_SERV_ON.png,toCheck_100121_00279s_TLT_SERV_ON.png,30736,Big,0.0,0.02,"[0.0, 0.0, 0.0, 0.0, 0.02, 0.0, 0.0, 0.0, 0.0, 0.0, 0.0, 0.0]",0.0,OK
NO_ALERT.png,toCheck_100121_00284s_NO_ALERT.png,267388,Big,14.82,11.23,"[2.17, 10.28, 4.2, 11.11, 11.23, 4.44]",0.0,NOK
TLT_SERV_ON.png,toCheck_100121_00191s_TLT_SERV_ON.png,30736,Big,0.0,0.02,"[0.0, 0.0, 0.0, 0.0, 0.02, 0.0, 0.0, 0.0, 0.0, 0.0, 0.0, 0.0]",0.0,OK
TLT_SERV_ON.png,toCheck_100121_00213s_TLT_SERV_ON.png,30736,Big,0.0,0.02,"[0.0, 0.0, 0.0, 0.0, 0.02, 0.0, 0.0, 0.0, 0.0, 0.0, 0.0, 0.0]",0.0,OK
TLT_SERV_ON.png,toCheck_100122_00279s_TLT_SERV_ON.png,30736,Big,0.0,0.02,"[0.0, 0.0, 0.0, 0.0, 0.02, 0.0, 0.0, 0.0, 0.0, 0.0, 0.0, 0.0]",0.0,OK
NO_ALERT.png,toCheck_100122_00284s_NO_ALERT.png,267388,Big,14.82,11.23,"[2.17, 10.28, 4.2, 11.11, 11.23, 4.44]",0.0,NOK
TLT_SERV_ON.png,toCheck_100122_00191s_TLT_SERV_ON.png,30736,Big,0.0,0.02,"[0.0, 0.0, 0.0, 0.0, 0.02, 0.0, 0.0, 0.0, 0.0, 0.0, 0.0, 0.0]",0.0,OK
TLT_SERV_ON.png,toCheck_100122_00213s_TLT_SERV_ON.png,30736,Big,0.0,0.02,"[0.0, 0.0, 0.0, 0.0, 0.02, 0.0, 0.0, 0.0, 0.0, 0.0, 0.0, 0.0]",0.0,OK
TLT_SERV_ON.png,toCheck_100123_00284s_TLT_SERV_ON.png,30736,Big,0.0,0.02,"[0.0, 0.0, 0.0, 0.0, 0.02, 0.0, 0.0, 0.0, 0.0, 0.0, 0.0, 0.0]",0.0,OK
NO_ALERT.png,toCheck_100123_00289s_NO_ALERT.png,267388,Big,14.82,11.23,"[2.17, 10.28, 4.2, 11.11, 11.23, 4.44]",0.0,NOK
TLT_SERV_ON.png,toCheck_100123_00196s_TLT_SERV_ON.png,30736,Big,0.0,0.02,"[0.0, 0.0, 0.0, 0.0, 0.02, 0.0, 0.0, 0.0, 0.0, 0.0, 0.0, 0.0]",0.0,OK
TLT_SERV_ON.png,toCheck_100123_00218s_TLT_SERV_ON.png,30736,Big,0.0,0.02,"[0.0, 0.0, 0.0, 0.0, 0.02, 0.0, 0.0, 0.0, 0.0, 0.0, 0.0, 0.0]",0.0,OK
TLT_SERV_ON.png,toCheck_100124_00314s_TLT_SERV_ON.png,30736,Big,0.0,0.02,"[0.0, 0.0, 0.0, 0.0, 0.02, 0.0, 0.0, 0.0, 0.0, 0.0, 0.0, 0.0]",0.0,OK
NO_ALERT.png,toCheck_100124_00319s_NO_ALERT.png,267388,Big,14.82,11.23,"[2.17, 10.28, 4.2, 11.11, 11.23, 4.44]",0.0,NOK
TLT_SERV_ON.png,toCheck_100124_00226s_TLT_SERV_ON.png,30736,Big,0.0,0.02,"[0.0, 0.0, 0.0, 0.0, 0.02, 0.0, 0.0, 0.0, 0.0, 0.0, 0.0, 0.0]",0.0,OK
TLT_SERV_ON.png,toCheck_100124_00248s_TLT_SERV_ON.png,30736,Big,0.0,0.02,"[0.0, 0.0, 0.0, 0.0, 0.02, 0.0, 0.0, 0.0, 0.0, 0.0, 0.0, 0.0]",0.0,OK
TLT_TPW_OFF.png,toCheck_100125_00368s_TLT_TPW_OFF.png,19456,Big,6.59,7.25,"[3.05, 3.39, 5.44, 7.25, 0.0, 0.0]",0.0,Investigate
TLT_TPW_ON.png,toCheck_100125_00371s_TLT_TPW_ON.png,19456,Big,6.59,7.25,"[3.05, 3.39, 5.44, 7.25, 0.0, 0.0]",0.0,Investigate
TLT_TPW_OFF.png,toCheck_100125_00373s_TLT_TPW_OFF.png,19456,Big,6.59,7.25,"[3.05, 3.39, 5.44, 7.25, 0.0, 0.0]",0.0,Investigate
TLT_TPW_ON.png,toCheck_100125_00376s_TLT_TPW_ON.png,19456,Big,6.59,7.25,"[3.05, 3.39, 5.44, 7.25, 0.0, 0.0]",0.0,Investigate
TLT_SERV_ON.png,toCheck_100125_00378s_TLT_SERV_ON.png,30736,Big,0.0,0.24,"[0.0, 0.0, 0.0, 0.24, 0.02, 0.0, 0.0, 0.24, 0.0, 0.0, 0.0, 0.0]",0.0,OK
TLT_SERV_ON.png,toCheck_100125_00454s_TLT_SERV_ON.png,30736,Big,0.0,0.02,"[0.0, 0.0, 0.0, 0.0, 0.02, 0.0, 0.0, 0.0, 0.0, 0.0, 0.0, 0.0]",0.0,OK
NO_ALERT.png,toCheck_100125_00459s_NO_ALERT.png,267388,Big,14.82,11.23,"[2.17, 10.28, 4.2, 11.11, 11.23, 4.44]",0.0,NOK
TLT_SERV_ON.png,toCheck_100125_00346s_TLT_SERV_ON.png,30736,Big,0.0,0.02,"[0.0, 0.0, 0.0, 0.0, 0.02, 0.0, 0.0, 0.0, 0.0, 0.0, 0.0, 0.0]",0.0,OK
TLT_TPW_OFF.png,toCheck_100126_00223s_TLT_TPW_OFF.png,19456,Big,6.59,7.25,"[3.05, 3.39, 5.44, 7.25, 0.0, 0.0]",0.0,Investigate
TLT_TPW_ON.png,toCheck_100126_00226s_TLT_TPW_ON.png,19456,Big,6.59,7.25,"[3.05, 3.39, 5.44, 7.25, 0.0, 0.0]",0.0,Investigate
TLT_TPW_OFF.png,toCheck_100126_00228s_TLT_TPW_OFF.png,19456,Big,6.59,7.25,"[3.05, 3.39, 5.44, 7.25, 0.0, 0.0]",0.0,Investigate
TLT_TPW_ON.png,toCheck_100126_00231s_TLT_TPW_ON.png,19456,Big,6.59,7.25,"[3.05, 3.39, 5.44, 7.25, 0.0, 0.0]",0.0,Investigate
TLT_SERV_ON.png,toCheck_100126_00233s_TLT_SERV_ON.png,30736,Big,0.0,0.24,"[0.0, 0.0, 0.0, 0.24, 0.02, 0.0, 0.0, 0.24, 0.0, 0.0, 0.0, 0.0]",0.0,OK
TLT_SERV_ON.png,toCheck_100126_00309s_TLT_SERV_ON.png,30736,Big,0.0,0.02,"[0.0, 0.0, 0.0, 0.0, 0.02, 0.0, 0.0, 0.0, 0.0, 0.0, 0.0, 0.0]",0.0,OK
NO_ALERT.png,toCheck_100126_00314s_NO_ALERT.png,267388,Big,14.82,11.23,"[2.17, 10.28, 4.2, 11.11, 11.23, 4.44]",0.0,NOK
TLT_SERV_ON.png,toCheck_100126_00201s_TLT_SERV_ON.png,30736,Big,0.0,0.02,"[0.0, 0.0, 0.0, 0.0, 0.02, 0.0, 0.0, 0.0, 0.0, 0.0, 0.0, 0.0]",0.0,OK
TLT_SERV_OFF.png,toCheck_100127_00279s_TLT_SERV_OFF.png,30736,Big,0.02,3.81,"[0.0, -0.05, 0.02, 1.2, 0.02, 0.0, 0.0, 3.81, 0.0, 0.0, 0.0, 0.0]",0.0,Investigate
NO_ALERT.png,toCheck_100127_00284s_NO_ALERT.png,267388,Big,14.82,11.23,"[2.17, 10.28, 4.2, 11.11, 11.23, 4.44]",0.0,NOK
TLT_SERV_OFF.png,toCheck_100127_00191s_TLT_SERV_OFF.png,30736,Big,0.02,3.81,"[0.0, -0.05, 0.02, 1.2, 0.02, 0.0, 0.0, 3.81, 0.0, 0.0, 0.0, 0.0]",0.0,Investigate
TLT_SERV_OFF.png,toCheck_100127_00213s_TLT_SERV_OFF.png,30736,Big,0.02,3.81,"[0.0, -0.05, 0.02, 1.2, 0.02, 0.0, 0.0, 3.81, 0.0, 0.0, 0.0, 0.0]",0.0,Investigate
TLT_STOP_ON.png,toCheck_100128_00213s_TLT_STOP_ON.png,22176,Big,0.0,0.0,"[0.0, 0.0, 0.0, 0.0, 0.0, 0.0, 0.0, 0.0]",0.0,OK
TLT_SERV_OFF.png,toCheck_100128_00191s_TLT_SERV_OFF.png,30736,Big,0.02,3.81,"[0.0, -0.05, 0.02, 1.2, 0.02, 0.0, 0.0, 3.81, 0.0, 0.0, 0.0, 0.0]",0.0,Investigate
TLT_STOP_ON.png,toCheck_100128_00191s_TLT_STOP_ON.png,22176,Big,0.0,0.0,"[0.0, 0.0, 0.0, 0.0, 0.0, 0.0, 0.0, 0.0]",0.0,OK
TLT_SERV_OFF.png,toCheck_100128_00213s_TLT_SERV_OFF.png,30736,Big,0.02,3.81,"[0.0, -0.05, 0.02, 1.2, 0.02, 0.0, 0.0, 3.81, 0.0, 0.0, 0.0, 0.0]",0.0,Investigate
TLT_TPW_ON.png,toCheck_100129_00279s_TLT_TPW_ON.png,19456,Big,6.59,7.25,"[3.05, 3.39, 5.44, 7.25, 0.0, 0.0]",0.0,Investigate
NO_ALERT.png,toCheck_100129_00284s_NO_ALERT.png,267388,Big,14.82,11.23,"[2.17, 10.28, 4.2, 11.11, 11.23, 4.44]",0.0,NOK
TLT_TPW_ON.png,toCheck_100129_00191s_TLT_TPW_ON.png,19456,Big,6.59,7.25,"[3.05, 3.39, 5.44, 7.25, 0.0, 0.0]",0.0,Investigate
TLT_SERV_OFF.png,toCheck_100129_00213s_TLT_SERV_OFF.png,30736,Big,0.02,3.81,"[0.0, -0.05, 0.02, 1.2, 0.02, 0.0, 0.0, 3.81, 0.0, 0.0, 0.0, 0.0]",0.0,Investigate
TLT_SERV_OFF.png,toCheck_100130_00279s_TLT_SERV_OFF.png,30736,Big,0.02,3.81,"[0.0, -0.05, 0.02, 1.2, 0.02, 0.0, 0.0, 3.81, 0.0, 0.0, 0.0, 0.0]",0.0,Investigate
NO_ALERT.png,toCheck_100130_00284s_NO_ALERT.png,267388,Big,14.82,11.23,"[2.17, 10.28, 4.2, 11.11, 11.23, 4.44]",0.0,NOK
TLT_SERV_OFF.png,toCheck_100130_00191s_TLT_SERV_OFF.png,30736,Big,0.02,3.81,"[0.0, -0.05, 0.02, 1.2, 0.02, 0.0, 0.0, 3.81, 0.0, 0.0, 0.0, 0.0]",0.0,Investigate
TLT_SERV_OFF.png,toCheck_100130_00213s_TLT_SERV_OFF.png,30736,Big,0.02,3.81,"[0.0, -0.05, 0.02, 1.2, 0.02, 0.0, 0.0, 3.81, 0.0, 0.0, 0.0, 0.0]",0.0,Investigate
TLT_TPW_OFF.png,toCheck_100131_00223s_TLT_TPW_OFF.png,19456,Big,6.59,7.25,"[3.05, 3.39, 5.44, 7.25, 0.0, 0.0]",0.0,Investigate
TLT_TPW_ON.png,toCheck_100131_00226s_TLT_TPW_ON.png,19456,Big,6.59,7.25,"[3.05, 3.39, 5.44, 7.25, 0.0, 0.0]",0.0,Investigate
TLT_TPW_OFF.png,toCheck_100131_00228s_TLT_TPW_OFF.png,19456,Big,6.59,7.25,"[3.05, 3.39, 5.44, 7.25, 0.0, 0.0]",0.0,Investigate
TLT_TPW_ON.png,toCheck_100131_00231s_TLT_TPW_ON.png,19456,Big,6.59,7.25,"[3.05, 3.39, 5.44, 7.25, 0.0, 0.0]",0.0,Investigate
TLT_SERV_ON.png,toCheck_100131_00233s_TLT_SERV_ON.png,30736,Big,0.0,0.24,"[0.0, 0.0, 0.0, 0.24, 0.02, 0.0, 0.0, 0.24, 0.0, 0.0, 0.0, 0.0]",0.0,OK
TLT_SERV_ON.png,toCheck_100131_00309s_TLT_SERV_ON.png,30736,Big,0.0,0.02,"[0.0, 0.0, 0.0, 0.0, 0.02, 0.0, 0.0, 0.0, 0.0, 0.0, 0.0, 0.0]",0.0,OK
NO_ALERT.png,toCheck_100131_00314s_NO_ALERT.png,267388,Big,14.82,11.23,"[2.17, 10.28, 4.2, 11.11, 11.23, 4.44]",0.0,NOK
TLT_SERV_ON.png,toCheck_100131_00201s_TLT_SERV_ON.png,30736,Big,0.0,0.02,"[0.0, 0.0, 0.0, 0.0, 0.02, 0.0, 0.0, 0.0, 0.0, 0.0, 0.0, 0.0]",0.0,OK
TLT_TPW_OFF.png,toCheck_100132_00223s_TLT_TPW_OFF.png,19456,Big,6.59,7.25,"[3.05, 3.39, 5.44, 7.25, 0.0, 0.0]",0.0,Investigate
TLT_TPW_ON.png,toCheck_100132_00226s_TLT_TPW_ON.png,19456,Big,6.59,7.25,"[3.05, 3.39, 5.44, 7.25, 0.0, 0.0]",0.0,Investigate
TLT_TPW_OFF.png,toCheck_100132_00228s_TLT_TPW_OFF.png,19456,Big,6.59,7.25,"[3.05, 3.39, 5.44, 7.25, 0.0, 0.0]",0.0,Investigate
TLT_TPW_ON.png,toCheck_100132_00231s_TLT_TPW_ON.png,19456,Big,6.59,7.25,"[3.05, 3.39, 5.44, 7.25, 0.0, 0.0]",0.0,Investigate
TLT_SERV_OFF.png,toCheck_100132_00233s_TLT_SERV_OFF.png,30736,Big,0.02,3.81,"[0.0, -0.05, 0.02, 1.2, 0.02, 0.0, 0.0, 3.81, 0.0, 0.0, 0.0, 0.0]",0.0,Investigate
NO_ALERT.png,toCheck_100132_00314s_NO_ALERT.png,267388,Big,14.82,11.23,"[2.17, 10.28, 4.2, 11.11, 11.23, 4.44]",0.0,NOK
NO_ALERT.png,toCheck_100133_00284s_NO_ALERT.png,267388,Big,14.82,11.23,"[2.17, 10.28, 4.2, 11.11, 11.23, 4.44]",0.0,NOK
NO_ALERT.png,toCheck_100134_00284s_NO_ALERT.png,267388,Big,14.82,11.23,"[2.17, 10.28, 4.2, 11.11, 11.23, 4.44]",0.0,NOK
TLT_SERV_ON.png,toCheck_100135_00279s_TLT_SERV_ON.png,30736,Big,0.0,0.02,"[0.0, 0.0, 0.0, 0.0, 0.02, 0.0, 0.0, 0.0, 0.0, 0.0, 0.0, 0.0]",0.0,OK
NO_ALERT.png,toCheck_100135_00284s_NO_ALERT.png,267388,Big,14.82,11.23,"[2.17, 10.28, 4.2, 11.11, 11.23, 4.44]",0.0,NOK
TLT_SERV_ON.png,toCheck_100135_00191s_TLT_SERV_ON.png,30736,Big,0.0,0.02,"[0.0, 0.0, 0.0, 0.0, 0.02, 0.0, 0.0, 0.0, 0.0, 0.0, 0.0, 0.0]",0.0,OK
TLT_SERV_ON.png,toCheck_100135_00213s_TLT_SERV_ON.png,30736,Big,0.0,0.02,"[0.0, 0.0, 0.0, 0.0, 0.02, 0.0, 0.0, 0.0, 0.0, 0.0, 0.0, 0.0]",0.0,OK
TLT_STOP_ON.png,toCheck_100137_00331s_TLT_STOP_ON.png,22176,Big,0.0,0.0,"[0.0, 0.0, 0.0, 0.0, 0.0, 0.0, 0.0, 0.0]",0.0,OK
TLT_STOP_ON.png,toCheck_100137_00353s_TLT_STOP_ON.png,22176,Big,0.0,0.0,"[0.0, 0.0, 0.0, 0.0, 0.0, 0.0, 0.0, 0.0]",0.0,OK
BUZ_00_OFF.png,toCheck_100138_00213s_BUZ_00_OFF.png,38400,Big,5.83,4.54,"[0.17, 0.66, 0.51, 0.24, 2.1, 4.54, 1.0, 0.1, 0.27, 1.95, 1.46, 0.83]",0.0,NOK
TLT_SERV_ON.png,toCheck_100139_00279s_TLT_SERV_ON.png,30736,Big,0.0,0.02,"[0.0, 0.0, 0.0, 0.0, 0.02, 0.0, 0.0, 0.0, 0.0, 0.0, 0.0, 0.0]",0.0,OK
NO_ALERT.png,toCheck_100139_00284s_NO_ALERT.png,267388,Big,14.82,11.23,"[2.17, 10.28, 4.2, 11.11, 11.23, 4.44]",0.0,NOK
TLT_SERV_ON.png,toCheck_100139_00191s_TLT_SERV_ON.png,30736,Big,0.0,0.02,"[0.0, 0.0, 0.0, 0.0, 0.02, 0.0, 0.0, 0.0, 0.0, 0.0, 0.0, 0.0]",0.0,OK
TLT_SERV_ON.png,toCheck_100139_00213s_TLT_SERV_ON.png,30736,Big,0.0,0.02,"[0.0, 0.0, 0.0, 0.0, 0.02, 0.0, 0.0, 0.0, 0.0, 0.0, 0.0, 0.0]",0.0,OK
TLT_LBEAM_OFF.png,toCheck_100140_00223s_TLT_LBEAM_OFF.png,13800,Big,8.25,8.06,"[7.67, 6.59, 0.0, 8.06, 7.52, 0.0]",0.0,NOK
TLT_LBEAM_ON.png,toCheck_100140_00226s_TLT_LBEAM_ON.png,13800,Big,8.25,8.06,"[7.67, 6.59, 0.0, 8.06, 7.52, 0.0]",0.0,NOK
TLT_LBEAM_OFF.png,toCheck_100140_00228s_TLT_LBEAM_OFF.png,13800,Big,8.25,8.06,"[7.67, 6.59, 0.0, 8.06, 7.52, 0.0]",0.0,NOK
TLT_LBEAM_ON.png,toCheck_100140_00231s_TLT_LBEAM_ON.png,13800,Big,8.25,8.06,"[7.67, 6.59, 0.0, 8.06, 7.52, 0.0]",0.0,NOK
NO_ALERT.png,toCheck_100140_00314s_NO_ALERT.png,267388,Big,14.82,11.23,"[2.17, 10.28, 4.2, 11.11, 11.23, 4.44]",0.0,NOK
TLT_LBEAM_OFF.png,toCheck_100141_00258s_TLT_LBEAM_OFF.png,13800,Big,8.25,8.06,"[7.67, 6.59, 0.0, 8.06, 7.52, 0.0]",0.0,NOK
TLT_LBEAM_ON.png,toCheck_100141_00261s_TLT_LBEAM_ON.png,13800,Big,8.25,8.06,"[7.67, 6.59, 0.0, 8.06, 7.52, 0.0]",0.0,NOK
TLT_LBEAM_OFF.png,toCheck_100141_00263s_TLT_LBEAM_OFF.png,13800,Big,8.25,8.06,"[7.67, 6.59, 0.0, 8.06, 7.52, 0.0]",0.0,NOK
TLT_LBEAM_ON.png,toCheck_100141_00266s_TLT_LBEAM_ON.png,13800,Big,8.25,8.06,"[7.67, 6.59, 0.0, 8.06, 7.52, 0.0]",0.0,NOK
NO_ALERT.png,toCheck_100141_00349s_NO_ALERT.png,267388,Big,14.82,11.23,"[2.17, 10.28, 4.2, 11.11, 11.23, 4.44]",0.0,NOK
TLT_SERV_OFF.png,toCheck_100142_00279s_TLT_SERV_OFF.png,30736,Big,0.02,3.86,"[0.0, -0.05, 0.02, 2.08, 0.02, 0.0, 0.0, 3.86, 0.0, 0.0, 0.0, 0.0]",0.0,Investigate
NO_ALERT.png,toCheck_100142_00284s_NO_ALERT.png,267388,Big,14.82,11.23,"[2.17, 10.28, 4.2, 11.11, 11.23, 4.44]",0.0,NOK
TLT_SERV_OFF.png,toCheck_100142_00191s_TLT_SERV_OFF.png,30736,Big,0.02,3.86,"[0.0, -0.05, 0.02, 2.08, 0.02, 0.0, 0.0, 3.86, 0.0, 0.0, 0.0, 0.0]",0.0,Investigate
TLT_SERV_OFF.png,toCheck_100142_00213s_TLT_SERV_OFF.png,30736,Big,0.02,3.86,"[0.0, -0.05, 0.02, 2.08, 0.02, 0.0, 0.0, 3.86, 0.0, 0.0, 0.0, 0.0]",0.0,Investigate
NO_ALERT.png,toCheck_100143_00284s_NO_ALERT.png,267388,Big,14.82,11.23,"[2.17, 10.28, 4.2, 11.11, 11.23, 4.44]",0.0,NOK
TLT_LBEAM_OFF.png,toCheck_100144_00223s_TLT_LBEAM_OFF.png,13800,Big,8.25,8.06,"[7.67, 6.59, 0.0, 8.06, 7.52, 0.0]",0.0,NOK
TLT_LBEAM_ON.png,toCheck_100144_00226s_TLT_LBEAM_ON.png,13800,Big,8.25,8.06,"[7.67, 6.59, 0.0, 8.06, 7.52, 0.0]",0.0,NOK
TLT_LBEAM_OFF.png,toCheck_100144_00228s_TLT_LBEAM_OFF.png,13800,Big,8.25,8.06,"[7.67, 6.59, 0.0, 8.06, 7.52, 0.0]",0.0,NOK
TLT_LBEAM_ON.png,toCheck_100144_00231s_TLT_LBEAM_ON.png,13800,Big,8.25,8.06,"[7.67, 6.59, 0.0, 8.06, 7.52, 0.0]",0.0,NOK
NO_ALERT.png,toCheck_100144_00314s_NO_ALERT.png,267388,Big,14.82,11.23,"[2.17, 10.28, 4.2, 11.11, 11.23, 4.44]",0.0,NOK
TLT_SERV_OFF.png,toCheck_100145_00279s_TLT_SERV_OFF.png,30736,Big,0.02,3.86,"[0.0, -0.05, 0.02, 2.08, 0.02, 0.0, 0.0, 3.86, 0.0, 0.0, 0.0, 0.0]",0.0,Investigate
NO_ALERT.png,toCheck_100145_00284s_NO_ALERT.png,267388,Big,14.82,11.23,"[2.17, 10.28, 4.2, 11.11, 11.23, 4.44]",0.0,NOK
TLT_SERV_OFF.png,toCheck_100145_00191s_TLT_SERV_OFF.png,30736,Big,0.02,3.86,"[0.0, -0.05, 0.02, 2.08, 0.02, 0.0, 0.0, 3.86, 0.0, 0.0, 0.0, 0.0]",0.0,Investigate
TLT_SERV_OFF.png,toCheck_100145_00213s_TLT_SERV_OFF.png,30736,Big,0.02,3.86,"[0.0, -0.05, 0.02, 2.08, 0.02, 0.0, 0.0, 3.86, 0.0, 0.0, 0.0, 0.0]",0.0,Investigate
TLT_SERV_ON.png,toCheck_100146_00279s_TLT_SERV_ON.png,30736,Big,0.0,0.02,"[0.0, 0.0, 0.0, 0.0, 0.02, 0.0, 0.0, 0.0, 0.0, 0.0, 0.0, 0.0]",0.0,OK
NO_ALERT.png,toCheck_100146_00284s_NO_ALERT.png,267388,Big,14.82,11.23,"[2.17, 10.28, 4.2, 11.11, 11.23, 4.44]",0.0,NOK
TLT_SERV_ON.png,toCheck_100146_00191s_TLT_SERV_ON.png,30736,Big,0.0,0.02,"[0.0, 0.0, 0.0, 0.0, 0.02, 0.0, 0.0, 0.0, 0.0, 0.0, 0.0, 0.0]",0.0,OK
TLT_SERV_ON.png,toCheck_100146_00213s_TLT_SERV_ON.png,30736,Big,0.0,0.02,"[0.0, 0.0, 0.0, 0.0, 0.02, 0.0, 0.0, 0.0, 0.0, 0.0, 0.0, 0.0]",0.0,OK
TLT_SERV_ON.png,toCheck_100147_00279s_TLT_SERV_ON.png,30736,Big,0.0,1.95,"[0.0, 0.0, 0.0, 0.0, 0.02, 0.0, 0.0, 1.95, 0.0, 0.0, 0.0, 0.0]",0.0,OK
NO_ALERT.png,toCheck_100147_00284s_NO_ALERT.png,267388,Big,14.82,11.23,"[2.17, 10.28, 4.2, 11.11, 11.23, 4.44]",0.0,NOK
TLT_SERV_ON.png,toCheck_100147_00191s_TLT_SERV_ON.png,30736,Big,0.0,1.95,"[0.0, 0.0, 0.0, 0.0, 0.02, 0.0, 0.0, 1.95, 0.0, 0.0, 0.0, 0.0]",0.0,OK
TLT_SERV_ON.png,toCheck_100147_00213s_TLT_SERV_ON.png,30736,Big,0.0,1.95,"[0.0, 0.0, 0.0, 0.0, 0.02, 0.0, 0.0, 1.95, 0.0, 0.0, 0.0, 0.0]",0.0,OK
TLT_SERV_OFF.png,toCheck_100148_00679s_TLT_SERV_OFF.png,30736,Big,0.02,2.56,"[0.0, -0.05, 0.02, 1.03, 0.02, 0.0, 0.0, 2.56, 0.0, 0.0, 0.0, 0.0]",0.0,OK
NO_ALERT.png,toCheck_100148_00794s_NO_ALERT.png,267388,Big,15.33,11.23,"[2.17, 10.28, 2.88, 11.11, 11.23, 4.69]",0.0,NOK
TLT_SERV_OFF.png,toCheck_100148_00591s_TLT_SERV_OFF.png,30736,Big,0.02,2.56,"[0.0, -0.05, 0.02, 1.03, 0.02, 0.0, 0.0, 2.56, 0.0, 0.0, 0.0, 0.0]",0.0,OK
TLT_SERV_OFF.png,toCheck_100148_00613s_TLT_SERV_OFF.png,30736,Big,0.02,2.56,"[0.0, -0.05, 0.02, 1.03, 0.02, 0.0, 0.0, 2.56, 0.0, 0.0, 0.0, 0.0]",0.0,OK
TLT_SERV_ON.png,toCheck_100149_00279s_TLT_SERV_ON.png,30736,Big,0.0,0.02,"[0.0, 0.0, 0.0, 0.0, 0.02, 0.0, 0.0, 0.0, 0.0, 0.0, 0.0, 0.0]",0.0,OK
NO_ALERT.png,toCheck_100149_00284s_NO_ALERT.png,267388,Big,14.82,11.23,"[2.17, 10.28, 4.2, 11.11, 11.23, 4.44]",0.0,NOK
TLT_SERV_ON.png,toCheck_100149_00191s_TLT_SERV_ON.png,30736,Big,0.0,0.02,"[0.0, 0.0, 0.0, 0.0, 0.02, 0.0, 0.0, 0.0, 0.0, 0.0, 0.0, 0.0]",0.0,OK
TLT_SERV_ON.png,toCheck_100149_00213s_TLT_SERV_ON.png,30736,Big,0.0,0.02,"[0.0, 0.0, 0.0, 0.0, 0.02, 0.0, 0.0, 0.0, 0.0, 0.0, 0.0, 0.0]",0.0,OK
TLT_SERV_ON.png,toCheck_100150_00309s_TLT_SERV_ON.png,30736,Big,0.0,0.02,"[0.0, 0.0, 0.0, 0.0, 0.02, 0.0, 0.0, 0.0, 0.0, 0.0, 0.0, 0.0]",0.0,OK
NO_ALERT.png,toCheck_100150_00314s_NO_ALERT.png,267388,Big,14.82,11.23,"[2.17, 10.28, 4.2, 11.11, 11.23, 4.44]",0.0,NOK
TLT_SERV_ON.png,toCheck_100150_00221s_TLT_SERV_ON.png,30736,Big,0.0,0.02,"[0.0, 0.0, 0.0, 0.0, 0.02, 0.0, 0.0, 0.0, 0.0, 0.0, 0.0, 0.0]",0.0,OK
TLT_SERV_ON.png,toCheck_100150_00243s_TLT_SERV_ON.png,30736,Big,0.0,0.02,"[0.0, 0.0, 0.0, 0.0, 0.02, 0.0, 0.0, 0.0, 0.0, 0.0, 0.0, 0.0]",0.0,OK
NO_ALERT.png,toCheck_100155_00319s_NO_ALERT.png,267388,Big,14.82,11.23,"[2.17, 10.28, 4.2, 11.11, 11.23, 4.44]",0.0,NOK
NO_ALERT.png,toCheck_100156_00299s_NO_ALERT.png,267388,Big,14.82,11.23,"[2.17, 10.28, 4.2, 11.11, 11.23, 4.44]",0.0,NOK
TLT_SERV_ON.png,toCheck_100164_00279s_TLT_SERV_ON.png,30736,Big,0.0,0.02,"[0.0, 0.0, 0.0, 0.0, 0.02, 0.0, 0.0, 0.0, 0.0, 0.0, 0.0, 0.0]",0.0,OK
NO_ALERT.png,toCheck_100164_00284s_NO_ALERT.png,267388,Big,14.82,11.23,"[2.17, 10.28, 4.2, 11.11, 11.23, 4.44]",0.0,NOK
TLT_SERV_ON.png,toCheck_100164_00191s_TLT_SERV_ON.png,30736,Big,0.0,0.02,"[0.0, 0.0, 0.0, 0.0, 0.02, 0.0, 0.0, 0.0, 0.0, 0.0, 0.0, 0.0]",0.0,OK
TLT_SERV_ON.png,toCheck_100164_00213s_TLT_SERV_ON.png,30736,Big,0.0,0.02,"[0.0, 0.0, 0.0, 0.0, 0.02, 0.0, 0.0, 0.0, 0.0, 0.0, 0.0, 0.0]",0.0,OK
TLT_SERV_ON.png,toCheck_100165_00444s_TLT_SERV_ON.png,30736,Big,0.0,0.02,"[0.0, 0.0, 0.0, 0.0, 0.02, 0.0, 0.0, 0.0, 0.0, 0.0, 0.0, 0.0]",0.0,OK
NO_ALERT.png,toCheck_100165_00449s_NO_ALERT.png,267388,Big,14.82,11.23,"[2.17, 10.28, 4.2, 11.11, 11.23, 4.44]",0.0,NOK
TLT_SERV_ON.png,toCheck_100165_00356s_TLT_SERV_ON.png,30736,Big,0.0,0.02,"[0.0, 0.0, 0.0, 0.0, 0.02, 0.0, 0.0, 0.0, 0.0, 0.0, 0.0, 0.0]",0.0,OK
TLT_SERV_ON.png,toCheck_100165_00378s_TLT_SERV_ON.png,30736,Big,0.0,0.02,"[0.0, 0.0, 0.0, 0.0, 0.02, 0.0, 0.0, 0.0, 0.0, 0.0, 0.0, 0.0]",0.0,OK
NO_ALERT.png,toCheck_100169_00221s_NO_ALERT.png,267388,Big,21.34,17.36,"[5.49, 9.77, 8.62, 8.79, 17.36, 7.79]",0.0,NOK
NO_TXTALT_Reconspage.png,toCheck_100170_00343s_NO_TXTALT_Reconspage.png,1376640,Big,-0.05,12.52,"[0.02, 0.0, -0.05, 0.0, 0.0, -0.05, 3.25, -0.05, 0.0, 0.0, -0.05, 0.0, 0.0, 0.0, 0.0, 10.55, 11.84, 0.0, 12.52, 0.02, -0.05, -0.05, 0.0, 0.02, -0.05, 0.0, 0.0, 0.0, 0.0, 0.02, -0.05, -0.05, -0.05, -0.05, 0.02, -0.05]",0.0,Investigate
NO_ALERT.png,toCheck_100170_00351s_NO_ALERT.png,267388,Big,9.64,9.25,"[2.44, 9.25, 2.88, 1.42, 9.03, 1.54]",0.0,NOK
NO_ALERT.png,toCheck_100170_00343s_NO_ALERT.png,267388,Big,9.64,9.25,"[2.44, 9.25, 2.88, 1.42, 9.03, 1.54]",0.0,NOK
TXTALT_70119_1_FR.png,toCheck_100173_00213s_TXTALT_70119_1_FR.png,267388,Big,18.38,16.85,"[9.28, 16.85, 7.81, 5.05, 12.96, 3.86]",0.0,NOK
BUZ_00_OFF.png,toCheck_100174_00213s_BUZ_00_OFF.png,38400,Big,5.83,4.54,"[0.17, 0.66, 0.51, 0.24, 2.1, 4.54, 1.0, 0.1, 0.27, 1.95, 1.46, 0.83]",0.0,NOK
BUZ_00_OFF.png,toCheck_100176_00279s_BUZ_00_OFF.png,38400,Big,4.88,3.71,"[0.02, 0.17, 0.07, 0.17, 0.12, 3.71, 1.88, 0.07, 0.1, 3.15, 0.98, 0.12]",0.0,NOK
NO_ALERT.png,toCheck_100176_00284s_NO_ALERT.png,267388,Big,14.82,11.23,"[2.17, 10.28, 4.2, 11.11, 11.23, 4.44]",0.0,NOK
BUZ_00_OFF.png,toCheck_100176_00213s_BUZ_00_OFF.png,38400,Big,4.88,3.71,"[0.02, 0.17, 0.07, 0.17, 0.12, 3.71, 1.88, 0.07, 0.1, 3.15, 0.98, 0.12]",0.0,NOK
BUZ_00_OFF.png,toCheck_100177_00279s_BUZ_00_OFF.png,38400,Big,4.88,3.71,"[0.02, 0.17, 0.07, 0.17, 0.12, 3.71, 1.88, 0.07, 0.1, 3.15, 0.98, 0.12]",0.0,NOK
NO_ALERT.png,toCheck_100177_00284s_NO_ALERT.png,267388,Big,14.82,11.23,"[2.17, 10.28, 4.2, 11.11, 11.23, 4.44]",0.0,NOK
BUZ_00_OFF.png,toCheck_100177_00213s_BUZ_00_OFF.png,38400,Big,4.88,3.71,"[0.02, 0.17, 0.07, 0.17, 0.12, 3.71, 1.88, 0.07, 0.1, 3.15, 0.98, 0.12]",0.0,NOK
NO_ALERT.png,toCheck_100178_00284s_NO_ALERT.png,267388,Big,14.82,11.23,"[2.17, 10.28, 4.2, 11.11, 11.23, 4.44]",0.0,NOK
TLT_SERV_ON.png,toCheck_100183_00279s_TLT_SERV_ON.png,30736,Big,0.0,0.02,"[0.0, 0.0, 0.0, 0.0, 0.02, 0.0, 0.0, 0.0, 0.0, 0.0, 0.0, 0.0]",0.0,OK
NO_ALERT.png,toCheck_100183_00284s_NO_ALERT.png,267388,Big,14.82,11.23,"[2.17, 10.28, 4.2, 11.11, 11.23, 4.44]",0.0,NOK
TLT_SERV_ON.png,toCheck_100183_00191s_TLT_SERV_ON.png,30736,Big,0.0,0.02,"[0.0, 0.0, 0.0, 0.0, 0.02, 0.0, 0.0, 0.0, 0.0, 0.0, 0.0, 0.0]",0.0,OK
TLT_SERV_ON.png,toCheck_100183_00213s_TLT_SERV_ON.png,30736,Big,0.0,0.02,"[0.0, 0.0, 0.0, 0.0, 0.02, 0.0, 0.0, 0.0, 0.0, 0.0, 0.0, 0.0]",0.0,OK
TLT_STOP_ON.png,toCheck_100184_00191s_TLT_STOP_ON.png,22176,Big,0.0,0.0,"[0.0, 0.0, 0.0, 0.0, 0.0, 0.0, 0.0, 0.0]",0.0,OK
TLT_STOP_ON.png,toCheck_100184_00213s_TLT_STOP_ON.png,22176,Big,0.0,0.0,"[0.0, 0.0, 0.0, 0.0, 0.0, 0.0, 0.0, 0.0]",0.0,OK
NO_ALERT.png,toCheck_100185_00284s_NO_ALERT.png,267388,Big,14.82,11.23,"[2.17, 10.28, 4.2, 11.11, 11.23, 4.44]",0.0,NOK
NO_ALERT.png,toCheck_100187_00284s_NO_ALERT.png,267388,Big,14.82,11.23,"[2.17, 10.28, 4.2, 11.11, 11.23, 4.44]",0.0,NOK
NO_ALERT.png,toCheck_100188_00284s_NO_ALERT.png,267388,Big,14.82,11.23,"[2.17, 10.28, 4.2, 11.11, 11.23, 4.44]",0.0,NOK
NO_TXTALT_Reconspage.png,toCheck_100189_00383s_NO_TXTALT_Reconspage.png,1376640,Big,2.71,14.45,"[0.02, 0.0, -0.05, 0.0, 0.0, 0.02, 0.0, 0.0, 0.0, 0.0, -0.05, 0.0, 0.0, 0.0, 3.98, 0.02, 0.32, 0.0, 11.82, 2.39, 6.2, -0.05, 0.0, 4.96, 4.59, 5.64, 0.0, 2.0, 7.69, 14.45, 6.57, -0.05, 1.54, 12.3, 3.69, -0.05]",0.0,Investigate
NO_ALERT.png,toCheck_100189_00391s_NO_ALERT.png,267388,Big,0.44,5.2,"[0.54, -0.05, 0.0, 5.2, 0.02, 2.42]",0.0,Investigate
TXTALT_80126_10_FR.png,toCheck_100189_00361s_TXTALT_80126_10_FR.png,267388,Big,7.69,17.38,"[13.18, 15.36, 17.38, 9.13, 16.63, 13.13]",0.0,Investigate
NO_ALERT.png,toCheck_100189_00383s_NO_ALERT.png,267388,Big,0.44,5.2,"[0.54, -0.05, 0.0, 5.2, 0.02, 2.42]",0.0,Investigate
NO_ALERT.png,toCheck_100190_00414s_NO_ALERT.png,267388,Big,18.92,18.14,"[5.37, 16.46, 4.91, 6.45, 18.14, 5.93]",0.0,NOK
NO_ALERT.png,toCheck_100190_00343s_NO_ALERT.png,267388,Big,9.64,9.25,"[2.44, 9.25, 2.88, 1.42, 9.03, 1.54]",0.0,NOK
NO_ALERT.png,toCheck_100191_00414s_NO_ALERT.png,267388,Big,21.56,22.02,"[5.15, 16.89, 7.76, 7.15, 22.02, 8.4]",0.0,NOK
NO_ALERT.png,toCheck_100191_00343s_NO_ALERT.png,267388,Big,9.64,9.25,"[2.44, 9.25, 2.88, 1.42, 9.03, 1.54]",0.0,NOK
NO_TXTALT_Reconspage.png,toCheck_100192_00343s_NO_TXTALT_Reconspage.png,1376640,Big,-0.05,12.52,"[0.02, 0.0, -0.05, 0.0, 0.0, -0.05, 3.25, -0.05, 0.0, 0.0, -0.05, 0.0, 0.0, 0.0, 0.0, 10.55, 11.84, 0.0, 12.52, 0.02, -0.05, -0.05, 0.0, 0.02, -0.05, 0.0, 0.0, 0.0, 0.0, 0.02, -0.05, -0.05, -0.05, -0.05, 0.02, -0.05]",0.0,Investigate
NO_ALERT.png,toCheck_100192_00351s_NO_ALERT.png,267388,Big,9.64,9.25,"[2.44, 9.25, 2.88, 1.42, 9.03, 1.54]",0.0,NOK
NO_ALERT.png,toCheck_100192_00343s_NO_ALERT.png,267388,Big,9.64,9.25,"[2.44, 9.25, 2.88, 1.42, 9.03, 1.54]",0.0,NOK
NO_TXTALT_Reconspage.png,toCheck_100193_00213s_NO_TXTALT_Reconspage.png,1376640,Big,-0.05,8.4,"[0.02, 0.0, -0.05, 0.0, 0.0, -0.05, 5.52, -0.05, 0.0, 0.02, -0.05, 0.0, 0.0, 0.0, 0.0, 0.02, 2.17, 0.0, -0.05, 0.02, -0.05, -0.05, 0.0, 0.02, 8.4, 2.95, 0.0, 0.0, 0.0, 0.02, -0.05, -0.05, -0.05, -0.05, 0.02, -0.05]",0.0,Investigate
NO_ALERT.png,toCheck_100193_00221s_NO_ALERT.png,267388,Big,2.27,3.56,"[0.02, 3.56, 2.32, 0.0, 1.68, 0.24]",0.0,Investigate
TXTALT_80126_9_FR.png,toCheck_100193_00191s_TXTALT_80126_9_FR.png,267388,Big,19.65,14.21,"[10.47, 12.18, 13.6, 4.32, 12.79, 14.21]",0.0,NOK
NO_ALERT.png,toCheck_100193_00213s_NO_ALERT.png,267388,Big,2.27,3.56,"[0.02, 3.56, 2.32, 0.0, 1.68, 0.24]",0.0,Investigate
TLT_SERV_ON.png,toCheck_100194_00279s_TLT_SERV_ON.png,30736,Big,0.0,0.02,"[0.0, 0.0, 0.0, 0.0, 0.02, 0.0, 0.0, 0.0, 0.0, 0.0, 0.0, 0.0]",0.0,OK
BUZ_00_OFF.png,toCheck_100194_00279s_BUZ_00_OFF.png,38400,Big,4.3,5.32,"[0.05, 0.46, 0.05, 0.1, 0.02, 5.32, 1.15, 0.07, 0.05, 2.08, 0.37, 0.24]",0.0,NOK
NO_ALERT.png,toCheck_100194_00284s_NO_ALERT.png,267388,Big,14.82,11.23,"[2.17, 10.28, 4.2, 11.11, 11.23, 4.44]",0.0,NOK
TLT_SERV_ON.png,toCheck_100194_00191s_TLT_SERV_ON.png,30736,Big,0.0,0.02,"[0.0, 0.0, 0.0, 0.0, 0.02, 0.0, 0.0, 0.0, 0.0, 0.0, 0.0, 0.0]",0.0,OK
TLT_SERV_ON.png,toCheck_100194_00213s_TLT_SERV_ON.png,30736,Big,0.0,0.02,"[0.0, 0.0, 0.0, 0.0, 0.02, 0.0, 0.0, 0.0, 0.0, 0.0, 0.0, 0.0]",0.0,OK
BUZ_00_OFF.png,toCheck_100194_00213s_BUZ_00_OFF.png,38400,Big,4.3,5.32,"[0.05, 0.46, 0.05, 0.1, 0.02, 5.32, 1.15, 0.07, 0.05, 2.08, 0.37, 0.24]",0.0,NOK
BUZ_00_OFF.png,toCheck_100196_00279s_BUZ_00_OFF.png,38400,Big,5.83,4.54,"[0.17, 0.66, 0.51, 0.24, 2.1, 4.54, 1.0, 0.1, 0.27, 1.95, 1.46, 0.83]",0.0,NOK
NO_ALERT.png,toCheck_100196_00284s_NO_ALERT.png,267388,Big,14.82,11.23,"[2.17, 10.28, 4.2, 11.11, 11.23, 4.44]",0.0,NOK
BUZ_00_OFF.png,toCheck_100196_00213s_BUZ_00_OFF.png,38400,Big,5.83,4.54,"[0.17, 0.66, 0.51, 0.24, 2.1, 4.54, 1.0, 0.1, 0.27, 1.95, 1.46, 0.83]",0.0,NOK
TLT_SERV_ON.png,toCheck_100197_00279s_TLT_SERV_ON.png,30736,Big,0.0,0.02,"[0.0, 0.0, 0.0, 0.0, 0.02, 0.0, 0.0, 0.0, 0.0, 0.0, 0.0, 0.0]",0.0,OK
NO_ALERT.png,toCheck_100197_00284s_NO_ALERT.png,267388,Big,14.82,11.23,"[2.17, 10.28, 4.2, 11.11, 11.23, 4.44]",0.0,NOK
TLT_SERV_ON.png,toCheck_100197_00191s_TLT_SERV_ON.png,30736,Big,0.0,0.02,"[0.0, 0.0, 0.0, 0.0, 0.02, 0.0, 0.0, 0.0, 0.0, 0.0, 0.0, 0.0]",0.0,OK
TLT_SERV_ON.png,toCheck_100197_00213s_TLT_SERV_ON.png,30736,Big,0.0,0.02,"[0.0, 0.0, 0.0, 0.0, 0.02, 0.0, 0.0, 0.0, 0.0, 0.0, 0.0, 0.0]",0.0,OK
TLT_STOP_ON.png,toCheck_100198_00213s_TLT_STOP_ON.png,22176,Big,0.0,0.0,"[0.0, 0.0, 0.0, 0.0, 0.0, 0.0, 0.0, 0.0]",0.0,OK
TLT_STOP_ON.png,toCheck_100198_00191s_TLT_STOP_ON.png,22176,Big,0.0,0.0,"[0.0, 0.0, 0.0, 0.0, 0.0, 0.0, 0.0, 0.0]",0.0,OK
TLT_STOP_ON.png,toCheck_100199_00213s_TLT_STOP_ON.png,22176,Big,0.0,0.0,"[0.0, 0.0, 0.0, 0.0, 0.0, 0.0, 0.0, 0.0]",0.0,OK
TLT_STOP_ON.png,toCheck_100199_00191s_TLT_STOP_ON.png,22176,Big,0.0,0.0,"[0.0, 0.0, 0.0, 0.0, 0.0, 0.0, 0.0, 0.0]",0.0,OK
NO_ALERT.png,toCheck_100200_00284s_NO_ALERT.png,267388,Big,14.82,11.23,"[2.17, 10.28, 4.2, 11.11, 11.23, 4.44]",0.0,NOK
NO_ALERT.png,toCheck_100201_00284s_NO_ALERT.png,267388,Big,14.82,11.23,"[2.17, 10.28, 4.2, 11.11, 11.23, 4.44]",0.0,NOK
TLT_STOP_ON.png,toCheck_100202_00213s_TLT_STOP_ON.png,22176,Big,0.0,0.0,"[0.0, 0.0, 0.0, 0.0, 0.0, 0.0, 0.0, 0.0]",0.0,OK
TLT_STOP_ON.png,toCheck_100202_00191s_TLT_STOP_ON.png,22176,Big,0.0,0.0,"[0.0, 0.0, 0.0, 0.0, 0.0, 0.0, 0.0, 0.0]",0.0,OK
TLT_STOP_ON.png,toCheck_100203_00213s_TLT_STOP_ON.png,22176,Big,0.0,0.0,"[0.0, 0.0, 0.0, 0.0, 0.0, 0.0, 0.0, 0.0]",0.0,OK
TLT_STOP_ON.png,toCheck_100203_00191s_TLT_STOP_ON.png,22176,Big,0.0,0.0,"[0.0, 0.0, 0.0, 0.0, 0.0, 0.0, 0.0, 0.0]",0.0,OK
BUZ_00_OFF.png,toCheck_100204_00279s_BUZ_00_OFF.png,38400,Big,7.1,3.49,"[0.42, 0.37, 0.49, 0.34, 2.25, 3.22, 3.49, 0.07, 3.47, 1.27, 1.61, 0.83]",0.0,NOK
NO_ALERT.png,toCheck_100204_00284s_NO_ALERT.png,267388,Big,14.82,11.23,"[2.17, 10.28, 4.2, 11.11, 11.23, 4.44]",0.0,NOK
BUZ_00_OFF.png,toCheck_100204_00213s_BUZ_00_OFF.png,38400,Big,7.1,3.49,"[0.42, 0.37, 0.49, 0.34, 2.25, 3.22, 3.49, 0.07, 3.47, 1.27, 1.61, 0.83]",0.0,NOK
NO_ALERT.png,toCheck_100208_00284s_NO_ALERT.png,267388,Big,14.82,11.23,"[2.17, 10.28, 4.2, 11.11, 11.23, 4.44]",0.0,NOK
TLT_SERV_ON.png,toCheck_100209_00279s_TLT_SERV_ON.png,30736,Big,0.0,0.02,"[0.0, 0.0, 0.0, 0.0, 0.02, 0.0, 0.0, 0.0, 0.0, 0.0, 0.0, 0.0]",0.0,OK
NO_ALERT.png,toCheck_100209_00284s_NO_ALERT.png,267388,Big,14.82,11.23,"[2.17, 10.28, 4.2, 11.11, 11.23, 4.44]",0.0,NOK
TLT_SERV_ON.png,toCheck_100209_00191s_TLT_SERV_ON.png,30736,Big,0.0,0.02,"[0.0, 0.0, 0.0, 0.0, 0.02, 0.0, 0.0, 0.0, 0.0, 0.0, 0.0, 0.0]",0.0,OK
TLT_SERV_ON.png,toCheck_100209_00213s_TLT_SERV_ON.png,30736,Big,0.0,0.02,"[0.0, 0.0, 0.0, 0.0, 0.02, 0.0, 0.0, 0.0, 0.0, 0.0, 0.0, 0.0]",0.0,OK
NO_ALERT.png,toCheck_100210_00284s_NO_ALERT.png,267388,Big,14.82,11.23,"[2.17, 10.28, 4.2, 11.11, 11.23, 4.44]",0.0,NOK
NO_ALERT.png,toCheck_100211_00284s_NO_ALERT.png,267388,Big,14.82,11.23,"[2.17, 10.28, 4.2, 11.11, 11.23, 4.44]",0.0,NOK
NO_ALERT.png,toCheck_100212_00284s_NO_ALERT.png,267388,Big,14.82,11.23,"[2.17, 10.28, 4.2, 11.11, 11.23, 4.44]",0.0,NOK
NO_ALERT.png,toCheck_100000_00432s_NO_ALERT.png,267388,Big,2.27,3.56,"[0.02, 3.56, 2.32, 0.0, 1.68, 0.24]",0.0,Investigate
CHARGE_LAYOUT.png,toCheck_100000_00520s_CHARGE_LAYOUT.png,1376640,Big,0.02,0.2,"[0.0, 0.0, 0.02, 0.02, 0.0, 0.0, 0.0, 0.0, 0.0, 0.0, 0.0, 0.0, 0.0, 0.0, 0.0, -0.05, 0.02, 0.02, 0.0, 0.0, 0.0, 0.2, 0.0, 0.05, -0.05, 0.02, 0.0, -0.05, -0.05, -0.05, 0.02, 0.02, 0.0, -0.05, 0.0, 0.02]",0.0,OK
TLT_STOP_OFF.png,toCheck_100000_00693s_TLT_STOP_OFF.png,22176,Big,0.02,0.66,"[-0.05, 0.02, 0.02, 0.0, 0.34, 0.66, 0.22, 0.0]",0.0,OK
TLT_SERV_OFF.png,toCheck_100000_00693s_TLT_SERV_OFF.png,30736,Big,0.02,0.98,"[0.0, 0.05, 0.05, 0.02, 0.68, 0.54, 0.98, 0.39, 0.0, 0.0, 0.0, 0.0]",0.0,OK
CHARGE_LAYOUT.png,toCheck_100001_00520s_CHARGE_LAYOUT.png,1376640,Big,0.02,0.2,"[0.0, 0.0, 0.02, 0.02, 0.0, 0.0, 0.0, 0.0, 0.0, 0.0, 0.0, 0.0, 0.0, 0.0, 0.0, -0.05, 0.02, 0.02, 0.0, 0.0, 0.0, 0.2, 0.0, 0.05, -0.05, 0.02, 0.0, -0.05, -0.05, -0.05, 0.02, 0.02, 0.0, -0.05, 0.0, 0.02]",0.0,OK
TLT_STOP_OFF.png,toCheck_100001_00523s_TLT_STOP_OFF.png,22176,Big,0.02,0.66,"[-0.05, 0.02, 0.02, 0.0, 0.34, 0.66, 0.22, 0.0]",0.0,OK
TLT_SERV_OFF.png,toCheck_100001_00523s_TLT_SERV_OFF.png,30736,Big,0.02,0.98,"[0.0, 0.05, 0.05, 0.02, 0.68, 0.54, 0.98, 0.39, 0.0, 0.0, 0.0, 0.0]",0.0,OK
HVBATT_SOC_LEVEL_60PER_80106_10.png,toCheck_100002_00385s_HVBATT_SOC_LEVEL_60PER_80106_10.png,1376640,Big,0.0,0.02,"[0.0, 0.0, 0.02, 0.0, 0.02, 0.02, 0.0, 0.0, -0.05, 0.0, -0.05, 0.0, -0.05, 0.0, 0.0, 0.0, -0.05, 0.0, 0.0, -0.05, 0.0, 0.0, 0.0, 0.0, 0.0, 0.0, 0.02, 0.0, 0.0, -0.05, 0.02, 0.0, 0.0, 0.0, 0.0, 0.0]",0.0,OK
TXTALT_80106_10_FR.png,toCheck_100002_00385s_TXTALT_80106_10_FR.png,267388,Big,0.0,0.0,"[-0.05, 0.0, 0.0, -0.05, 0.0, 0.0]",0.0,OK
SOC60PER_20PERSOCLIM_GREENLED.png,toCheck_100002_00420s_SOC60PER_20PERSOCLIM_GREENLED.png,1376640,Big,0.0,0.1,"[0.0, 0.0, 0.02, 0.0, 0.02, 0.0, 0.0, 0.0, 0.1, 0.0, -0.05, 0.0, -0.05, 0.0, 0.0, 0.0, 0.02, 0.02, 0.0, -0.05, 0.0, 0.0, 0.0, 0.0, 0.0, 0.02, 0.0, 0.0, 0.0, -0.05, 0.02, 0.0, 0.0, 0.0, 0.0, 0.0]",0.0,OK
HVBATT_SOC_LEVEL_30PER.png,toCheck_100002_00485s_HVBATT_SOC_LEVEL_30PER.png,NA,NA,NA,0.1,"[0.0, 0.0, 0.02, 0.0, 0.02, 0.0, 0.0, 0.0, 0.1, 0.0, -0.05, 0.0, -0.05, 0.0, 0.0, 0.0, 0.02, 0.02, 0.0, -0.05, 0.0, 0.0, 0.0, 0.0, 0.0, 0.02, 0.0, 0.0, 0.0, -0.05, 0.02, 0.0, 0.0, 0.0, 0.0, 0.0]",3.5,Faulty
SOC30PER_20PERSOCLIM_GREENLED.png,toCheck_100002_00485s_SOC30PER_20PERSOCLIM_GREENLED.png,1376640,Big,0.0,0.1,"[0.0, 0.0, 0.02, 0.0, 0.02, 0.0, 0.0, 0.0, 0.1, 0.0, -0.05, 0.0, 0.0, 0.0, 0.0, 0.0, 0.02, 0.02, 0.0, -0.05, 0.0, 0.0, 0.0, 0.0, 0.0, 0.02, 0.0, 0.0, 0.0, -0.05, 0.02, 0.0, 0.0, 0.0, 0.0, 0.0]",0.0,OK
HVBATT_SOC_LEVEL_24PER.png,toCheck_100002_00585s_HVBATT_SOC_LEVEL_24PER.png,NA,NA,NA,0.1,"[0.0, 0.0, 0.02, 0.0, 0.02, 0.0, 0.0, 0.0, 0.1, 0.0, -0.05, 0.0, 0.0, 0.0, 0.0, 0.0, 0.02, 0.02, 0.0, -0.05, 0.0, 0.0, 0.0, 0.0, 0.0, 0.02, 0.0, 0.0, 0.0, -0.05, 0.02, 0.0, 0.0, 0.0, 0.0, 0.0]",3.5,Faulty
HVBATT_24PER_WITH_20PERSOC_BLUELED.png,toCheck_100002_00585s_HVBATT_24PER_WITH_20PERSOC_BLUELED.png,1376640,Big,0.0,0.02,"[0.0, 0.0, 0.02, 0.0, 0.02, 0.0, 0.0, -0.05, 0.0, 0.0, -0.05, 0.0, -0.05, 0.0, 0.0, 0.02, 0.0, 0.0, 0.0, -0.05, 0.0, 0.0, -0.05, 0.0, 0.0, 0.0, 0.0, 0.0, 0.0, -0.05, 0.02, 0.0, 0.0, 0.0, 0.0, 0.0]",0.0,OK
TXTALT_80126_4_FR.png,toCheck_100002_00585s_TXTALT_80126_4_FR.png,267388,Big,0.0,0.02,"[0.02, 0.0, 0.02, 0.0, 0.0, 0.0]",0.0,OK
HVBATT_SOC_LEVEL_20PER.png,toCheck_100002_00690s_HVBATT_SOC_LEVEL_20PER.png,NA,NA,NA,0.02,"[0.02, 0.0, 0.02, 0.0, 0.0, 0.0]",3.5,Faulty
CAR_HVBATT_LVL_20PER_BLUELED.png,toCheck_100002_00690s_CAR_HVBATT_LVL_20PER_BLUELED.png,1376640,Big,0.0,0.02,"[0.0, 0.0, 0.02, 0.0, 0.02, 0.0, 0.0, 0.0, 0.0, 0.0, -0.05, 0.0, 0.0, 0.0, 0.0, 0.0, 0.0, 0.0, 0.0, -0.05, 0.0, 0.0, -0.05, 0.0, 0.0, 0.0, 0.0, 0.0, 0.0, -0.05, 0.02, 0.0, 0.0, 0.0, 0.0, 0.0]",0.0,OK
TXTALT_80126_5_FR.png,toCheck_100002_00690s_TXTALT_80126_5_FR.png,267388,Big,-0.05,0.02,"[0.02, 0.0, -0.05, 0.0, 0.0, 0.0]",0.0,OK
HVBatt_Level60PER_BLUELED.png,toCheck_100002_00350s_HVBatt_Level60PER_BLUELED.png,1376640,Big,0.0,0.1,"[0.0, 0.0, 0.02, 0.0, 0.02, 0.0, 0.0, 0.0, 0.1, 0.0, -0.05, 0.0, -0.05, 0.0, 0.0, 0.0, 0.02, 0.02, 0.0, -0.05, 0.0, 0.0, 0.0, 0.0, 0.0, 0.02, 0.0, 0.0, 0.0, -0.05, 0.02, 0.0, 0.0, 0.0, 0.0, 0.0]",0.0,OK
HVBATT_SOC_LEVEL_60PER.png,toCheck_100002_00385s_HVBATT_SOC_LEVEL_60PER.png,62663,Big,-0.05,0.0,"[0.0, -0.05, 0.0, 0.0, -0.05, 0.0]",0.0,OK
CHARGE_LAYOUT.png,toCheck_100003_00415s_CHARGE_LAYOUT.png,1376640,Big,0.02,0.2,"[0.0, 0.0, 0.02, 0.02, 0.0, 0.0, 0.0, 0.0, 0.0, 0.0, 0.0, 0.0, 0.0, 0.0, 0.0, -0.05, 0.02, 0.02, 0.0, 0.0, 0.0, 0.2, 0.0, 0.05, -0.05, 0.02, 0.0, -0.05, -0.05, -0.05, 0.02, 0.02, 0.0, -0.05, 0.0, 0.02]",0.0,OK
CHARGE_LAYOUT.png,toCheck_100004_00415s_CHARGE_LAYOUT.png,1376640,Big,0.02,0.2,"[0.0, 0.0, 0.02, 0.02, 0.0, 0.0, 0.0, 0.0, 0.0, 0.0, 0.0, 0.0, 0.0, 0.0, 0.0, -0.05, 0.02, 0.02, 0.0, 0.0, 0.0, 0.2, 0.0, 0.05, -0.05, 0.02, 0.0, -0.05, -0.05, -0.05, 0.02, 0.02, 0.0, -0.05, 0.0, 0.02]",0.0,OK
CHARGE_LAYOUT.png,toCheck_100005_00415s_CHARGE_LAYOUT.png,1376640,Big,0.02,0.2,"[0.0, 0.0, 0.02, 0.02, 0.0, 0.0, 0.0, 0.0, 0.0, 0.0, 0.0, 0.0, 0.0, 0.0, 0.0, -0.05, 0.02, 0.02, 0.0, 0.0, 0.0, 0.2, 0.0, 0.05, -0.05, 0.02, 0.0, -0.05, -0.05, -0.05, 0.02, 0.02, 0.0, -0.05, 0.0, 0.02]",0.0,OK
CHG_TXTALT_80111_2_FR.png,toCheck_100005_00440s_CHG_TXTALT_80111_2_FR.png,267388,Big,0.2,1.98,"[1.25, 0.0, 0.0, 1.98, -0.05, 0.0]",0.0,OK
CHARGE_LAYOUT.png,toCheck_100006_00415s_CHARGE_LAYOUT.png,1376640,Big,0.02,0.2,"[0.0, 0.0, 0.02, 0.02, 0.0, 0.0, 0.0, 0.0, 0.0, 0.0, 0.0, 0.0, 0.0, 0.0, 0.0, -0.05, 0.02, 0.02, 0.0, 0.0, 0.0, 0.2, 0.0, 0.05, -0.05, 0.02, 0.0, -0.05, -0.05, -0.05, 0.02, 0.02, 0.0, -0.05, 0.0, 0.02]",0.0,OK
CHARGE_LAYOUT.png,toCheck_100007_00415s_CHARGE_LAYOUT.png,1376640,Big,0.02,0.2,"[0.0, 0.0, 0.02, 0.02, 0.0, 0.0, 0.0, 0.0, 0.0, 0.0, 0.0, 0.0, 0.0, 0.0, 0.0, -0.05, 0.02, 0.02, 0.0, 0.0, 0.0, 0.2, 0.0, 0.05, -0.05, 0.02, 0.0, -0.05, -0.05, -0.05, 0.02, 0.02, 0.0, -0.05, 0.0, 0.02]",0.0,OK
TXTALT_90113_17_FR.png,toCheck_100008_00750s_TXTALT_90113_17_FR.png,267388,Big,-0.05,0.02,"[0.0, 0.0, 0.0, 0.0, 0.02, 0.0]",0.0,OK
TXTALT_80106_10_FR.png,toCheck_100008_00800s_TXTALT_80106_10_FR.png,267388,Big,0.0,0.0,"[-0.05, 0.0, 0.0, -0.05, 0.0, 0.0]",0.0,OK
CHARGE_LAYOUT_failure.png,toCheck_100008_00470s_CHARGE_LAYOUT_failure.png,1376640,Big,0.05,0.2,"[0.0, 0.0, 0.02, 0.02, 0.0, 0.0, 0.0, 0.0, 0.0, 0.0, 0.0, 0.0, 0.0, 0.0, 0.0, -0.05, 0.02, 0.02, 0.0, 0.0, 0.0, 0.2, 0.0, 0.05, -0.05, 0.02, 0.0, -0.05, -0.05, -0.05, 0.02, 0.02, 0.0, -0.05, 0.0, 0.02]",0.0,OK
TXTALT_80106_19_FR.png,toCheck_100008_00475s_TXTALT_80106_19_FR.png,267388,Big,0.0,0.02,"[0.0, 0.0, 0.02, 0.0, 0.02, 0.0]",0.0,OK
TXTALT_80107_2_FR.png,toCheck_100008_00500s_TXTALT_80107_2_FR.png,267388,Big,0.0,0.02,"[0.0, -0.05, 0.02, 0.0, 0.02, 0.0]",0.0,OK
TLT_STOP_OFF.png,toCheck_100008_00500s_TLT_STOP_OFF.png,22176,Big,0.02,0.66,"[-0.05, 0.02, 0.02, 0.0, 0.34, 0.66, 0.22, 0.0]",0.0,OK
FULL_ALTIA_WAKEUP_EV.png,toCheck_100009_00458s_FULL_ALTIA_WAKEUP_EV.png,1376640,Big,0.0,11.23,"[0.02, 0.0, -0.05, 0.0, 0.0, -0.05, 0.0, 0.0, 0.0, 0.0, -0.05, 0.0, 0.0, 0.0, 0.02, 0.02, -0.05, 0.0, 11.23, 0.0, 0.0, -0.05, 0.0, -0.05, -0.05, 0.0, 0.0, 0.0, -0.05, -0.05, 0.0, -0.05, -0.05, 0.02, -0.05, -0.05]",0.0,NOK
CHARGE_LAYOUT.png,toCheck_100009_00468s_CHARGE_LAYOUT.png,1376640,Big,17.48,14.55,"[4.03, 8.81, 8.94, 1.37, 3.49, 5.3, 6.1, 12.21, 0.0, 3.69, 9.13, 11.79, 9.69, 10.13, 11.94, 8.5, 4.71, 0.17, 14.48, 5.69, 10.28, 14.55, 0.0, 10.25, 6.57, 8.42, 0.15, 4.13, 4.69, 12.74, 0.49, 0.34, 0.39, 11.13, 1.73, 2.2]",0.0,NOK
CHARGE_LAYOUT.png,toCheck_100009_00798s_CHARGE_LAYOUT.png,1376640,Big,0.02,0.2,"[0.0, 0.0, 0.02, 0.02, 0.0, 0.0, 0.0, 0.0, 0.0, 0.0, 0.0, 0.0, 0.0, 0.0, 0.0, -0.05, 0.02, 0.02, 0.0, 0.0, 0.0, 0.2, 0.0, 0.05, -0.05, 0.02, 0.0, -0.05, -0.05, -0.05, 0.02, 0.02, 0.0, -0.05, 0.0, 0.02]",0.0,OK
FULL_ALTIA_WAKEUP_EV.png,toCheck_100010_00458s_FULL_ALTIA_WAKEUP_EV.png,1376640,Big,0.0,11.23,"[0.02, 0.0, -0.05, 0.0, 0.0, -0.05, 0.0, 0.0, 0.0, 0.0, -0.05, 0.0, 0.0, 0.0, 0.02, 0.02, -0.05, 0.0, 11.23, 0.0, 0.0, -0.05, 0.0, -0.05, -0.05, 0.0, 0.0, 0.0, -0.05, -0.05, 0.0, -0.05, -0.05, 0.02, -0.05, -0.05]",0.0,NOK
FULL_ALTIA_WAKEUP_EV.png,toCheck_100010_00476s_FULL_ALTIA_WAKEUP_EV.png,1376640,Big,0.0,11.23,"[0.02, 0.0, -0.05, 0.0, 0.0, -0.05, 0.0, 0.0, 0.0, 0.0, -0.05, 0.0, 0.0, 0.0, 0.02, 0.02, -0.05, 0.0, 11.23, 0.0, 0.0, -0.05, 0.0, -0.05, -0.05, 0.0, 0.0, 0.0, -0.05, -0.05, 0.0, -0.05, -0.05, 0.02, -0.05, -0.05]",0.0,NOK
FULL_ALTIA_WAKEUP_EV.png,toCheck_100010_00486s_FULL_ALTIA_WAKEUP_EV.png,1376640,Big,0.0,11.23,"[0.02, 0.0, -0.05, 0.0, 0.0, -0.05, 0.0, 0.0, 0.0, 0.0, -0.05, 0.0, 0.0, 0.0, 0.02, 0.02, -0.05, 0.0, 11.23, 0.0, 0.0, -0.05, 0.0, -0.05, -0.05, 0.0, 0.0, 0.0, -0.05, -0.05, 0.0, -0.05, -0.05, 0.02, -0.05, -0.05]",0.0,NOK
FULL_ALTIA_WAKEUP_EV.png,toCheck_100010_00491s_FULL_ALTIA_WAKEUP_EV.png,1376640,Big,0.0,11.23,"[0.02, 0.0, -0.05, 0.0, 0.0, -0.05, 0.0, 0.0, 0.0, 0.0, -0.05, 0.0, 0.0, 0.0, 0.02, 0.02, -0.05, 0.0, 11.23, 0.0, 0.0, -0.05, 0.0, -0.05, -0.05, 0.0, 0.0, 0.0, -0.05, -0.05, 0.0, -0.05, -0.05, 0.02, -0.05, -0.05]",0.0,NOK
FULL_ALTIA_WAKEUP_EV.png,toCheck_100010_00501s_FULL_ALTIA_WAKEUP_EV.png,1376640,Big,0.0,11.23,"[0.02, 0.0, -0.05, 0.0, 0.0, -0.05, 0.0, 0.0, 0.0, 0.0, -0.05, 0.0, 0.0, 0.0, 0.02, 0.02, -0.05, 0.0, 11.23, 0.0, 0.0, -0.05, 0.0, -0.05, -0.05, 0.0, 0.0, 0.0, -0.05, -0.05, 0.0, -0.05, -0.05, 0.02, -0.05, -0.05]",0.0,NOK
CHARGE_LAYOUT.png,toCheck_100011_00415s_CHARGE_LAYOUT.png,1376640,Big,0.02,0.2,"[0.0, 0.0, 0.02, 0.02, 0.0, 0.0, 0.0, 0.0, 0.0, 0.0, 0.0, 0.0, 0.0, 0.0, 0.0, -0.05, 0.02, 0.02, 0.0, 0.0, 0.0, 0.2, 0.0, 0.05, -0.05, 0.02, 0.0, -0.05, -0.05, -0.05, 0.02, 0.02, 0.0, -0.05, 0.0, 0.02]",0.0,OK
CHARGE_LAYOUT.png,toCheck_100012_00415s_CHARGE_LAYOUT.png,1376640,Big,0.02,0.2,"[0.0, 0.0, 0.02, 0.02, 0.0, 0.0, 0.0, 0.0, 0.0, 0.0, 0.0, 0.0, 0.0, 0.0, 0.0, -0.05, 0.02, 0.02, 0.0, 0.0, 0.0, 0.2, 0.0, 0.05, -0.05, 0.02, 0.0, -0.05, -0.05, -0.05, 0.02, 0.02, 0.0, -0.05, 0.0, 0.02]",0.0,OK
CHARGE_LAYOUT.png,toCheck_100013_00415s_CHARGE_LAYOUT.png,1376640,Big,0.02,0.2,"[0.0, 0.0, 0.02, 0.02, 0.0, 0.0, 0.0, 0.0, 0.0, 0.0, 0.0, 0.0, 0.0, 0.0, 0.0, -0.05, 0.02, 0.02, 0.0, 0.0, 0.0, 0.2, 0.0, 0.05, -0.05, 0.02, 0.0, -0.05, -0.05, -0.05, 0.02, 0.02, 0.0, -0.05, 0.0, 0.02]",0.0,OK
FULL_ALTIA_WAKEUP_EV.png,toCheck_100013_00533s_FULL_ALTIA_WAKEUP_EV.png,1376640,Big,0.0,11.23,"[0.02, 0.0, -0.05, 0.0, 0.0, -0.05, 0.0, 0.0, 0.0, 0.0, -0.05, 0.0, 0.0, 0.0, 0.02, 0.02, -0.05, 0.0, 11.23, 0.0, 0.0, -0.05, 0.0, -0.05, -0.05, 0.0, 0.0, 0.0, -0.05, -0.05, 0.0, -0.05, -0.05, 0.02, -0.05, -0.05]",0.0,NOK
CHARGE_LAYOUT.png,toCheck_100013_00596s_CHARGE_LAYOUT.png,1376640,Big,0.02,0.2,"[0.0, 0.0, 0.02, 0.02, 0.0, 0.0, 0.0, 0.0, 0.0, 0.0, 0.0, 0.0, 0.0, 0.0, 0.0, -0.05, 0.02, 0.02, 0.0, 0.0, 0.0, 0.2, 0.0, 0.05, -0.05, 0.02, 0.0, -0.05, -0.05, -0.05, 0.02, 0.02, 0.0, -0.05, 0.0, 0.02]",0.0,OK
CHARGEPOWER_10KW.png,toCheck_100014_00906s_CHARGEPOWER_10KW.png,68040,Big,0.0,0.02,"[0.02, 0.0, 0.02]",0.0,OK
CHARGE_LAYOUT.png,toCheck_100014_00415s_CHARGE_LAYOUT.png,1376640,Big,0.02,0.2,"[0.0, 0.0, 0.02, 0.02, 0.0, 0.0, 0.0, 0.0, 0.0, 0.0, 0.0, 0.0, 0.0, 0.0, 0.0, -0.05, 0.02, 0.02, 0.0, 0.0, 0.0, 0.2, 0.0, 0.05, -0.05, 0.02, 0.0, -0.05, -0.05, -0.05, 0.02, 0.02, 0.0, -0.05, 0.0, 0.02]",0.0,OK
TLT_SERV_OFF.png,toCheck_100016_00455s_TLT_SERV_OFF.png,30736,Big,0.02,0.98,"[0.0, 0.05, 0.05, 0.02, 0.68, 0.54, 0.98, 0.39, 0.0, 0.0, 0.0, 0.0]",0.0,OK
TLT_STOP_OFF.png,toCheck_100016_00455s_TLT_STOP_OFF.png,22176,Big,0.02,0.66,"[-0.05, 0.02, 0.02, 0.0, 0.34, 0.66, 0.22, 0.0]",0.0,OK
TLT_CHGPRG_ON.png,toCheck_100016_00465s_TLT_CHGPRG_ON.png,NA,NA,NA,0.66,"[-0.05, 0.02, 0.02, 0.0, 0.34, 0.66, 0.22, 0.0]",7.11,Faulty
TLT_SERV_OFF.png,toCheck_100016_00465s_TLT_SERV_OFF.png,30736,Big,0.02,0.98,"[0.0, 0.05, 0.05, 0.02, 0.68, 0.54, 0.98, 0.39, 0.0, 0.0, 0.0, 0.0]",0.0,OK
TLT_STOP_OFF.png,toCheck_100016_00465s_TLT_STOP_OFF.png,22176,Big,0.02,0.66,"[-0.05, 0.02, 0.02, 0.0, 0.34, 0.66, 0.22, 0.0]",0.0,OK
TLT_CHGPRG_ON.png,toCheck_100016_00475s_TLT_CHGPRG_ON.png,NA,NA,NA,0.66,"[-0.05, 0.02, 0.02, 0.0, 0.34, 0.66, 0.22, 0.0]",7.11,Faulty
TLT_SERV_OFF.png,toCheck_100016_00475s_TLT_SERV_OFF.png,30736,Big,0.02,0.98,"[0.0, 0.05, 0.05, 0.02, 0.68, 0.54, 0.98, 0.39, 0.0, 0.0, 0.0, 0.0]",0.0,OK
TLT_STOP_OFF.png,toCheck_100016_00475s_TLT_STOP_OFF.png,22176,Big,0.02,0.66,"[-0.05, 0.02, 0.02, 0.0, 0.34, 0.66, 0.22, 0.0]",0.0,OK
CHARGE_LAYOUT.png,toCheck_100016_00415s_CHARGE_LAYOUT.png,1376640,Big,0.02,0.2,"[0.0, 0.0, 0.02, 0.02, 0.0, 0.0, 0.0, 0.0, 0.0, 0.0, 0.0, 0.0, 0.0, 0.0, 0.0, -0.05, 0.02, 0.02, 0.0, 0.0, 0.0, 0.2, 0.0, 0.05, -0.05, 0.02, 0.0, -0.05, -0.05, -0.05, 0.02, 0.02, 0.0, -0.05, 0.0, 0.02]",0.0,OK
TLT_CHGPRG_ON.png,toCheck_100016_00445s_TLT_CHGPRG_ON.png,NA,NA,NA,0.2,"[0.0, 0.0, 0.02, 0.02, 0.0, 0.0, 0.0, 0.0, 0.0, 0.0, 0.0, 0.0, 0.0, 0.0, 0.0, -0.05, 0.02, 0.02, 0.0, 0.0, 0.0, 0.2, 0.0, 0.05, -0.05, 0.02, 0.0, -0.05, -0.05, -0.05, 0.02, 0.02, 0.0, -0.05, 0.0, 0.02]",7.11,Faulty
TLT_SERV_OFF.png,toCheck_100016_00445s_TLT_SERV_OFF.png,30736,Big,0.02,0.98,"[0.0, 0.05, 0.05, 0.02, 0.68, 0.54, 0.98, 0.39, 0.0, 0.0, 0.0, 0.0]",0.0,OK
TLT_STOP_OFF.png,toCheck_100016_00445s_TLT_STOP_OFF.png,22176,Big,0.02,0.66,"[-0.05, 0.02, 0.02, 0.0, 0.34, 0.66, 0.22, 0.0]",0.0,OK
TLT_CHGPRG_ON.png,toCheck_100016_00455s_TLT_CHGPRG_ON.png,NA,NA,NA,0.66,"[-0.05, 0.02, 0.02, 0.0, 0.34, 0.66, 0.22, 0.0]",7.11,Faulty
TLT_SERV_OFF.png,toCheck_100017_00455s_TLT_SERV_OFF.png,30736,Big,0.02,0.98,"[0.0, 0.05, 0.05, 0.02, 0.68, 0.54, 0.98, 0.39, 0.0, 0.0, 0.0, 0.0]",0.0,OK
TLT_STOP_OFF.png,toCheck_100017_00455s_TLT_STOP_OFF.png,22176,Big,0.02,0.66,"[-0.05, 0.02, 0.02, 0.0, 0.34, 0.66, 0.22, 0.0]",0.0,OK
TLT_CHGPRG_ON.png,toCheck_100017_00465s_TLT_CHGPRG_ON.png,NA,NA,NA,0.66,"[-0.05, 0.02, 0.02, 0.0, 0.34, 0.66, 0.22, 0.0]",7.11,Faulty
TLT_SERV_OFF.png,toCheck_100017_00465s_TLT_SERV_OFF.png,30736,Big,0.02,0.98,"[0.0, 0.05, 0.05, 0.02, 0.68, 0.54, 0.98, 0.39, 0.0, 0.0, 0.0, 0.0]",0.0,OK
TLT_STOP_OFF.png,toCheck_100017_00465s_TLT_STOP_OFF.png,22176,Big,0.02,0.66,"[-0.05, 0.02, 0.02, 0.0, 0.34, 0.66, 0.22, 0.0]",0.0,OK
TLT_CHGPRG_ON.png,toCheck_100017_00475s_TLT_CHGPRG_ON.png,NA,NA,NA,0.66,"[-0.05, 0.02, 0.02, 0.0, 0.34, 0.66, 0.22, 0.0]",7.11,Faulty
TLT_SERV_OFF.png,toCheck_100017_00475s_TLT_SERV_OFF.png,30736,Big,0.02,0.98,"[0.0, 0.05, 0.05, 0.02, 0.68, 0.54, 0.98, 0.39, 0.0, 0.0, 0.0, 0.0]",0.0,OK
TLT_STOP_OFF.png,toCheck_100017_00475s_TLT_STOP_OFF.png,22176,Big,0.02,0.66,"[-0.05, 0.02, 0.02, 0.0, 0.34, 0.66, 0.22, 0.0]",0.0,OK
CHARGE_LAYOUT.png,toCheck_100017_00415s_CHARGE_LAYOUT.png,1376640,Big,0.02,0.2,"[0.0, 0.0, 0.02, 0.02, 0.0, 0.0, 0.0, 0.0, 0.0, 0.0, 0.0, 0.0, 0.0, 0.0, 0.0, -0.05, 0.02, 0.02, 0.0, 0.0, 0.0, 0.2, 0.0, 0.05, -0.05, 0.02, 0.0, -0.05, -0.05, -0.05, 0.02, 0.02, 0.0, -0.05, 0.0, 0.02]",0.0,OK
TLT_CHGPRG_ON.png,toCheck_100017_00445s_TLT_CHGPRG_ON.png,NA,NA,NA,0.2,"[0.0, 0.0, 0.02, 0.02, 0.0, 0.0, 0.0, 0.0, 0.0, 0.0, 0.0, 0.0, 0.0, 0.0, 0.0, -0.05, 0.02, 0.02, 0.0, 0.0, 0.0, 0.2, 0.0, 0.05, -0.05, 0.02, 0.0, -0.05, -0.05, -0.05, 0.02, 0.02, 0.0, -0.05, 0.0, 0.02]",7.11,Faulty
TLT_SERV_OFF.png,toCheck_100017_00445s_TLT_SERV_OFF.png,30736,Big,0.02,0.98,"[0.0, 0.05, 0.05, 0.02, 0.68, 0.54, 0.98, 0.39, 0.0, 0.0, 0.0, 0.0]",0.0,OK
TLT_STOP_OFF.png,toCheck_100017_00445s_TLT_STOP_OFF.png,22176,Big,0.02,0.66,"[-0.05, 0.02, 0.02, 0.0, 0.34, 0.66, 0.22, 0.0]",0.0,OK
TLT_CHGPRG_ON.png,toCheck_100017_00455s_TLT_CHGPRG_ON.png,NA,NA,NA,0.66,"[-0.05, 0.02, 0.02, 0.0, 0.34, 0.66, 0.22, 0.0]",7.11,Faulty
CHARGE_RemActTime_30PER_Plus24h.png,toCheck_100018_00853s_CHARGE_RemActTime_30PER_Plus24h.png,1376640,Big,0.37,2.93,"[-0.05, 0.0, 0.0, -0.05, 2.93, 1.34, 0.0, 0.0, 0.0, 0.0, -0.05, 0.0, -0.05, 1.83, 1.07, -0.05, 0.02, 0.02, 0.0, 0.0, 0.02, 0.0, 0.02, 0.02, 0.02, 0.02, 0.0, -0.05, -0.05, -0.05, 0.02, 0.02, 0.0, -0.05, 0.0, 0.02]",0.0,OK
CHARGE_LAYOUT.png,toCheck_100018_00415s_CHARGE_LAYOUT.png,1376640,Big,0.02,0.2,"[0.0, 0.0, 0.02, 0.02, 0.0, 0.0, 0.0, 0.0, 0.0, 0.0, 0.0, 0.0, 0.0, 0.0, 0.0, -0.05, 0.02, 0.02, 0.0, 0.0, 0.0, 0.2, 0.0, 0.05, -0.05, 0.02, 0.0, -0.05, -0.05, -0.05, 0.02, 0.02, 0.0, -0.05, 0.0, 0.02]",0.0,OK
CHARGE_RemActTime_30PER_Plus24h.png,toCheck_100018_00553s_CHARGE_RemActTime_30PER_Plus24h.png,1376640,Big,0.27,2.0,"[-0.05, 0.0, 0.0, 0.0, 0.0, 0.9, 0.0, 0.0, 0.0, 0.0, -0.05, 0.0, 2.0, 0.0, 1.37, -0.05, 0.02, 0.02, 0.0, 0.0, 0.02, 0.0, 0.02, 0.02, 0.02, 0.02, 0.0, -0.05, -0.05, -0.05, 0.02, 0.02, 0.0, -0.05, 0.0, 0.02]",0.0,OK
HVBATT_0PER.png,toCheck_100019_00603s_HVBATT_0PER.png,53165,Big,0.44,3.98,"[-0.05, 0.0, 0.0, 0.0, 0.0, 0.0, 0.0, 3.98, 0.0, 0.0, 0.0, 0.0, 0.0, 0.02, 0.0, 0.02]",0.0,Investigate
HVBATT_0PER.png,toCheck_100019_00653s_HVBATT_0PER.png,53165,Big,0.44,3.98,"[-0.05, 0.0, 0.0, 0.0, 0.0, 0.0, 0.0, 3.98, 0.0, 0.0, 0.0, 0.0, 0.0, 0.02, 0.0, 0.02]",0.0,Investigate
CHARGE_LAYOUT.png,toCheck_100019_00415s_CHARGE_LAYOUT.png,1376640,Big,0.02,0.2,"[0.0, 0.0, 0.02, 0.02, 0.0, 0.0, 0.0, 0.0, 0.0, 0.0, 0.0, 0.0, 0.0, 0.0, 0.0, -0.05, 0.02, 0.02, 0.0, 0.0, 0.0, 0.2, 0.0, 0.05, -0.05, 0.02, 0.0, -0.05, -0.05, -0.05, 0.02, 0.02, 0.0, -0.05, 0.0, 0.02]",0.0,OK
CHARGE_LAYOUT.png,toCheck_100020_00415s_CHARGE_LAYOUT.png,1376640,Big,0.02,0.2,"[0.0, 0.0, 0.02, 0.02, 0.0, 0.0, 0.0, 0.0, 0.0, 0.0, 0.0, 0.0, 0.0, 0.0, 0.0, -0.05, 0.02, 0.02, 0.0, 0.0, 0.0, 0.2, 0.0, 0.05, -0.05, 0.02, 0.0, -0.05, -0.05, -0.05, 0.02, 0.02, 0.0, -0.05, 0.0, 0.02]",0.0,OK
CHARGE_LAYOUT.png,toCheck_100021_00415s_CHARGE_LAYOUT.png,1376640,Big,0.02,0.2,"[0.0, 0.0, 0.02, 0.02, 0.0, 0.0, 0.0, 0.0, 0.0, 0.0, 0.0, 0.0, 0.0, 0.0, 0.0, -0.05, 0.02, 0.02, 0.0, 0.0, 0.0, 0.2, 0.0, 0.05, -0.05, 0.02, 0.0, -0.05, -0.05, -0.05, 0.02, 0.02, 0.0, -0.05, 0.0, 0.02]",0.0,OK
CHARGE_SOC_Limit_30PER.png,toCheck_100021_00835s_CHARGE_SOC_Limit_30PER.png,1376640,Big,0.61,2.51,"[-0.05, 0.0, 0.0, -0.05, 2.51, 0.0, 0.0, 0.0, 0.0, 0.0, -0.05, 0.0, -0.05, 1.64, -0.05, -0.05, 0.02, 0.02, 0.0, 0.0, 0.0, -0.05, 0.02, -0.05, -0.05, 0.02, 0.0, -0.05, -0.05, -0.05, 0.02, 0.02, 0.0, -0.05, 0.0, 0.02]",0.0,OK
CHARGE_LAYOUT.png,toCheck_100022_00415s_CHARGE_LAYOUT.png,1376640,Big,0.02,0.2,"[0.0, 0.0, 0.02, 0.02, 0.0, 0.0, 0.0, 0.0, 0.0, 0.0, 0.0, 0.0, 0.0, 0.0, 0.0, -0.05, 0.02, 0.02, 0.0, 0.0, 0.0, 0.2, 0.0, 0.05, -0.05, 0.02, 0.0, -0.05, -0.05, -0.05, 0.02, 0.02, 0.0, -0.05, 0.0, 0.02]",0.0,OK
CHARGEPOWER_10KW.png,toCheck_100023_00678s_CHARGEPOWER_10KW.png,68040,Big,0.0,1.12,"[0.02, 0.0, 1.12]",0.0,OK
CHARGE_LAYOUT.png,toCheck_100023_00415s_CHARGE_LAYOUT.png,1376640,Big,0.02,0.2,"[0.0, 0.0, 0.02, 0.02, 0.0, 0.0, 0.0, 0.0, 0.0, 0.0, 0.0, 0.0, 0.0, 0.0, 0.0, -0.05, 0.02, 0.02, 0.0, 0.0, 0.0, 0.2, 0.0, 0.05, -0.05, 0.02, 0.0, -0.05, -0.05, -0.05, 0.02, 0.02, 0.0, -0.05, 0.0, 0.02]",0.0,OK
CHARGEPOWER_10KW.png,toCheck_100024_00678s_CHARGEPOWER_10KW.png,68040,Big,0.0,1.12,"[0.02, 0.0, 1.12]",0.0,OK
CHARGE_LAYOUT.png,toCheck_100024_00415s_CHARGE_LAYOUT.png,1376640,Big,0.02,0.2,"[0.0, 0.0, 0.02, 0.02, 0.0, 0.0, 0.0, 0.0, 0.0, 0.0, 0.0, 0.0, 0.0, 0.0, 0.0, -0.05, 0.02, 0.02, 0.0, 0.0, 0.0, 0.2, 0.0, 0.05, -0.05, 0.02, 0.0, -0.05, -0.05, -0.05, 0.02, 0.02, 0.0, -0.05, 0.0, 0.02]",0.0,OK
CHARGE_LAYOUT.png,toCheck_100025_00415s_CHARGE_LAYOUT.png,1376640,Big,0.02,0.2,"[0.0, 0.0, 0.02, 0.02, 0.0, 0.0, 0.0, 0.0, 0.0, 0.0, 0.0, 0.0, 0.0, 0.0, 0.0, -0.05, 0.02, 0.02, 0.0, 0.0, 0.0, 0.2, 0.0, 0.05, -0.05, 0.02, 0.0, -0.05, -0.05, -0.05, 0.02, 0.02, 0.0, -0.05, 0.0, 0.02]",0.0,OK
HVBATT_SOC_LEVEL_60PER.png,toCheck_100025_00503s_HVBATT_SOC_LEVEL_60PER.png,62663,Big,-0.05,0.0,"[0.0, -0.05, 0.0, 0.0, -0.05, 0.0]",0.0,OK
CHARGE_LAYOUT.png,toCheck_100026_00415s_CHARGE_LAYOUT.png,1376640,Big,0.02,0.2,"[0.0, 0.0, 0.02, 0.02, 0.0, 0.0, 0.0, 0.0, 0.0, 0.0, 0.0, 0.0, 0.0, 0.0, 0.0, -0.05, 0.02, 0.02, 0.0, 0.0, 0.0, 0.2, 0.0, 0.05, -0.05, 0.02, 0.0, -0.05, -0.05, -0.05, 0.02, 0.02, 0.0, -0.05, 0.0, 0.02]",0.0,OK
CHARGE_LAYOUT.png,toCheck_100026_00440s_CHARGE_LAYOUT.png,1376640,Big,0.02,0.2,"[0.0, 0.0, 0.02, 0.02, 0.0, 0.0, 0.0, 0.0, 0.0, 0.0, 0.0, 0.0, 0.0, 0.0, 0.0, -0.05, 0.02, 0.02, 0.0, 0.0, 0.0, 0.2, 0.0, 0.05, -0.05, 0.02, 0.0, -0.05, -0.05, -0.05, 0.02, 0.02, 0.0, -0.05, 0.0, 0.02]",0.0,OK
CHARGE_LAYOUT.png,toCheck_100026_00465s_CHARGE_LAYOUT.png,1376640,Big,0.02,0.2,"[0.0, 0.0, 0.02, 0.02, 0.0, 0.0, 0.0, 0.0, 0.0, 0.0, 0.0, 0.0, 0.0, 0.0, 0.0, -0.05, 0.02, 0.02, 0.0, 0.0, 0.0, 0.2, 0.0, 0.05, -0.05, 0.02, 0.0, -0.05, -0.05, -0.05, 0.02, 0.02, 0.0, -0.05, 0.0, 0.02]",0.0,OK
CHARGE_LAYOUT.png,toCheck_100027_00710s_CHARGE_LAYOUT.png,1376640,Big,0.02,0.2,"[0.0, 0.0, 0.02, 0.02, 0.0, 0.0, 0.0, 0.0, 0.0, 0.0, 0.0, 0.0, 0.0, 0.0, 0.0, -0.05, 0.02, 0.02, 0.0, 0.0, 0.0, 0.2, 0.0, 0.05, -0.05, 0.02, 0.0, -0.05, -0.05, -0.05, 0.02, 0.02, 0.0, -0.05, 0.0, 0.02]",0.0,OK
FULL_ALTIA_WAKEUP_EV.png,toCheck_100027_00918s_FULL_ALTIA_WAKEUP_EV.png,1376640,Big,0.0,11.23,"[0.02, 0.0, -0.05, 0.0, 0.0, -0.05, 0.0, 0.0, 0.0, 0.0, -0.05, 0.0, 0.0, 0.0, 0.02, 0.02, -0.05, 0.0, 11.23, 0.0, 0.0, -0.05, 0.0, -0.05, -0.05, 0.0, 0.0, 0.0, -0.05, -0.05, 0.0, -0.05, -0.05, 0.02, -0.05, -0.05]",0.0,NOK
CHARGE_LAYOUT.png,toCheck_100027_01118s_CHARGE_LAYOUT.png,1376640,Big,0.02,12.94,"[0.0, 0.0, 0.02, 0.02, 0.0, 0.0, 0.0, 0.0, 0.0, 0.37, 0.0, 0.0, 0.0, 0.0, 0.0, -0.05, 0.02, 0.02, 12.94, 0.0, 0.0, 0.2, 0.0, 0.05, -0.05, 0.02, 0.0, -0.05, -0.05, -0.05, 0.02, 0.02, 0.0, -0.05, 0.0, 0.02]",0.0,NOK
FULL_ALTIA_WAKEUP_EV.png,toCheck_100027_01186s_FULL_ALTIA_WAKEUP_EV.png,1376640,Big,0.0,11.23,"[0.02, 0.0, -0.05, 0.0, 0.0, -0.05, 0.0, 0.0, 0.0, 0.0, -0.05, 0.0, 0.0, 0.0, 0.02, 0.02, -0.05, 0.0, 11.23, 0.0, 0.0, -0.05, 0.0, -0.05, -0.05, 0.0, 0.0, 0.0, -0.05, -0.05, 0.0, -0.05, -0.05, 0.02, -0.05, -0.05]",0.0,NOK
CHARGE_LAYOUT.png,toCheck_100028_00710s_CHARGE_LAYOUT.png,1376640,Big,0.02,0.2,"[0.0, 0.0, 0.02, 0.02, 0.0, 0.0, 0.0, 0.0, 0.0, 0.0, 0.0, 0.0, 0.0, 0.0, 0.0, -0.05, 0.02, 0.02, 0.0, 0.0, 0.0, 0.2, 0.0, 0.05, -0.05, 0.02, 0.0, -0.05, -0.05, -0.05, 0.02, 0.02, 0.0, -0.05, 0.0, 0.02]",0.0,OK
CHARGE_LAYOUT.png,toCheck_100028_01118s_CHARGE_LAYOUT.png,1376640,Big,0.02,12.94,"[0.0, 0.0, 0.02, 0.02, 0.0, 0.0, 0.0, 0.0, 0.0, 0.37, 0.0, 0.0, 0.0, 0.0, 0.0, -0.05, 0.02, 0.02, 12.94, 0.0, 0.0, 0.2, 0.0, 0.05, -0.05, 0.02, 0.0, -0.05, -0.05, -0.05, 0.02, 0.02, 0.0, -0.05, 0.0, 0.02]",0.0,NOK
CHARGE_LAYOUT.png,toCheck_100029_00415s_CHARGE_LAYOUT.png,1376640,Big,0.02,0.2,"[0.0, 0.0, 0.02, 0.02, 0.0, 0.0, 0.0, 0.0, 0.0, 0.0, 0.0, 0.0, 0.0, 0.0, 0.0, -0.05, 0.02, 0.02, 0.0, 0.0, 0.0, 0.2, 0.0, 0.05, -0.05, 0.02, 0.0, -0.05, -0.05, -0.05, 0.02, 0.02, 0.0, -0.05, 0.0, 0.02]",0.0,OK
CHARGE_LAYOUT.png,toCheck_100029_00490s_CHARGE_LAYOUT.png,1376640,Big,0.02,8.01,"[0.0, 0.0, 0.02, 0.02, 0.0, 0.0, 2.47, 2.78, 0.02, 0.0, 0.0, 0.0, 0.0, 0.0, 0.0, 0.83, 1.46, 3.86, 0.0, 0.0, 0.0, 0.2, 0.0, 0.05, 3.15, 8.01, 0.0, -0.05, -0.05, -0.05, 0.02, 0.02, 0.0, -0.05, 0.0, 0.02]",0.0,Investigate
Charging_Plug_ON.png,toCheck_100030_00572s_Charging_Plug_ON.png,129096,Big,8.03,9.18,"[4.66, 9.18, 6.13, 5.81, 2.61, 4.15]",0.0,NOK
Charging_Plug_OFF.png,toCheck_100030_00575s_Charging_Plug_OFF.png,129096,Big,8.03,9.18,"[4.66, 9.18, 6.13, 5.81, 2.61, 4.15]",0.0,NOK
CHARGE_LAYOUT.png,toCheck_100030_00470s_CHARGE_LAYOUT.png,1376640,Big,0.02,0.2,"[0.0, 0.0, 0.02, 0.02, 0.0, 0.0, 0.0, 0.0, 0.0, 0.0, 0.0, 0.0, 0.0, 0.0, 0.0, -0.05, 0.02, 0.02, 0.0, 0.0, 0.0, 0.2, 0.0, 0.05, -0.05, 0.02, 0.0, -0.05, -0.05, -0.05, 0.02, 0.02, 0.0, -0.05, 0.0, 0.02]",0.0,OK
CHARGE_LAYOUT.png,toCheck_100031_00498s_CHARGE_LAYOUT.png,1376640,Big,17.48,14.55,"[4.03, 8.81, 8.94, 1.37, 3.49, 5.3, 6.1, 12.21, 0.0, 3.69, 9.13, 11.79, 9.69, 10.13, 11.94, 8.5, 4.71, 0.17, 14.48, 5.69, 10.28, 14.55, 0.0, 10.25, 6.57, 8.42, 0.15, 4.13, 4.69, 12.74, 0.49, 0.34, 0.39, 11.13, 1.73, 2.2]",0.0,NOK
FULL_ALTIA_WAKEUP_EV.png,toCheck_100031_00558s_FULL_ALTIA_WAKEUP_EV.png,1376640,Big,0.0,11.23,"[0.02, 0.0, -0.05, 0.0, 0.0, -0.05, 0.0, 0.0, 0.0, 0.0, -0.05, 0.0, 0.0, 0.0, 0.02, 0.02, -0.05, 0.0, 11.23, 0.0, 0.0, -0.05, 0.0, -0.05, -0.05, 0.0, 0.0, 0.0, -0.05, -0.05, 0.0, -0.05, -0.05, 0.02, -0.05, -0.05]",0.0,NOK
CHARGE_LAYOUT_80106_10.png,toCheck_100031_00618s_CHARGE_LAYOUT_80106_10.png,1376640,Big,18.73,16.89,"[4.03, 8.81, 8.94, 1.37, 3.49, 3.42, 7.54, 7.47, 4.15, 4.44, 9.13, 11.79, 9.69, 10.13, 9.86, 16.89, 9.84, 5.42, 2.47, 5.69, 10.28, 14.31, 0.0, 8.59, 7.69, 5.91, 0.15, 4.13, 4.69, 12.74, 0.49, 0.34, 0.39, 11.13, 1.73, 2.2]",0.0,NOK
CHARGE_LAYOUT.png,toCheck_100031_00738s_CHARGE_LAYOUT.png,1376640,Big,17.48,14.55,"[4.03, 8.81, 8.94, 1.37, 3.49, 5.3, 6.1, 12.21, 0.0, 3.69, 9.13, 11.79, 9.69, 10.13, 11.94, 8.5, 4.71, 0.17, 14.48, 5.69, 10.28, 14.55, 0.0, 10.25, 6.57, 8.42, 0.15, 4.13, 4.69, 12.74, 0.49, 0.34, 0.39, 11.13, 1.73, 2.2]",0.0,NOK
FULL_ALTIA_WAKEUP_EV.png,toCheck_100031_00866s_FULL_ALTIA_WAKEUP_EV.png,1376640,Big,0.0,11.23,"[0.02, 0.0, -0.05, 0.0, 0.0, -0.05, 0.0, 0.0, 0.0, 0.0, -0.05, 0.0, 0.0, 0.0, 0.02, 0.02, -0.05, 0.0, 11.23, 0.0, 0.0, -0.05, 0.0, -0.05, -0.05, 0.0, 0.0, 0.0, -0.05, -0.05, 0.0, -0.05, -0.05, 0.02, -0.05, -0.05]",0.0,NOK
CHARGE_LAYOUT.png,toCheck_100032_00498s_CHARGE_LAYOUT.png,1376640,Big,15.06,14.55,"[4.03, 8.81, 8.94, 1.37, 3.49, 5.3, 6.1, 12.21, 0.0, 3.69, 9.13, 11.79, 9.69, 10.13, 11.94, 8.5, 4.71, 0.17, 13.4, 5.32, 11.67, 14.55, 0.0, 10.23, 7.1, 10.74, 0.15, 2.2, 6.86, 12.21, 6.74, 0.34, 0.39, 6.37, 9.84, 2.2]",0.0,NOK
CHARGE_LAYOUT_80106_10.png,toCheck_100032_00618s_CHARGE_LAYOUT_80106_10.png,1376640,Big,16.94,16.89,"[4.03, 8.81, 8.94, 1.37, 3.49, 3.42, 7.54, 7.47, 4.15, 4.44, 9.13, 11.79, 9.69, 10.13, 9.86, 16.89, 9.84, 5.42, 1.15, 5.32, 11.67, 14.31, 0.0, 8.54, 6.98, 8.08, 0.15, 2.2, 6.86, 12.21, 6.74, 0.34, 0.39, 6.37, 9.84, 2.2]",0.0,NOK
CHARGE_LAYOUT.png,toCheck_100032_00738s_CHARGE_LAYOUT.png,1376640,Big,15.06,14.55,"[4.03, 8.81, 8.94, 1.37, 3.49, 5.3, 6.1, 12.21, 0.0, 3.69, 9.13, 11.79, 9.69, 10.13, 11.94, 8.5, 4.71, 0.17, 13.4, 5.32, 11.67, 14.55, 0.0, 10.23, 7.1, 10.74, 0.15, 2.2, 6.86, 12.21, 6.74, 0.34, 0.39, 6.37, 9.84, 2.2]",0.0,NOK
CHARGEPOWER_NODISP.png,toCheck_100033_00718s_CHARGEPOWER_NODISP.png,68040,Big,-0.05,1.81,"[-0.05, -0.05, 1.81]",0.0,OK
CHARGE_LAYOUT.png,toCheck_100033_00415s_CHARGE_LAYOUT.png,1376640,Big,0.02,0.2,"[0.0, 0.0, 0.02, 0.02, 0.0, 0.0, 0.0, 0.0, 0.0, 0.0, 0.0, 0.0, 0.0, 0.0, 0.0, -0.05, 0.02, 0.02, 0.0, 0.0, 0.0, 0.2, 0.0, 0.05, -0.05, 0.02, 0.0, -0.05, -0.05, -0.05, 0.02, 0.02, 0.0, -0.05, 0.0, 0.02]",0.0,OK
CHARGEPOWER_NODISP.png,toCheck_100034_00718s_CHARGEPOWER_NODISP.png,68040,Big,-0.05,1.81,"[-0.05, -0.05, 1.81]",0.0,OK
CHARGE_LAYOUT.png,toCheck_100034_00415s_CHARGE_LAYOUT.png,1376640,Big,0.02,0.2,"[0.0, 0.0, 0.02, 0.02, 0.0, 0.0, 0.0, 0.0, 0.0, 0.0, 0.0, 0.0, 0.0, 0.0, 0.0, -0.05, 0.02, 0.02, 0.0, 0.0, 0.0, 0.2, 0.0, 0.05, -0.05, 0.02, 0.0, -0.05, -0.05, -0.05, 0.02, 0.02, 0.0, -0.05, 0.0, 0.02]",0.0,OK
HVBATT_SOC_LEVEL_60PER_80106_10.png,toCheck_100035_00385s_HVBATT_SOC_LEVEL_60PER_80106_10.png,1376640,Big,0.0,0.02,"[0.0, 0.0, 0.02, 0.0, 0.02, 0.02, 0.0, 0.0, -0.05, 0.0, -0.05, 0.0, -0.05, 0.0, 0.0, 0.0, -0.05, 0.0, 0.0, -0.05, 0.0, 0.0, 0.0, 0.0, 0.0, 0.0, 0.02, 0.0, 0.0, -0.05, 0.02, 0.0, 0.0, 0.0, 0.0, 0.0]",0.0,OK
TXTALT_80106_10_FR.png,toCheck_100035_00385s_TXTALT_80106_10_FR.png,267388,Big,0.0,0.0,"[-0.05, 0.0, 0.0, -0.05, 0.0, 0.0]",0.0,OK
SOC60PER_20PERSOCLIM_GREENLED.png,toCheck_100035_00420s_SOC60PER_20PERSOCLIM_GREENLED.png,1376640,Big,0.0,0.1,"[0.0, 0.0, 0.02, 0.0, 0.02, 0.0, 0.0, 0.0, 0.1, 0.0, -0.05, 0.0, -0.05, 0.0, 0.0, 0.0, 0.02, 0.02, 0.0, -0.05, 0.0, 0.0, 0.0, 0.0, 0.0, 0.02, 0.0, 0.0, 0.0, -0.05, 0.02, 0.0, 0.0, 0.0, 0.0, 0.0]",0.0,OK
HVBATT_SOC_LEVEL_60PER.png,toCheck_100035_00465s_HVBATT_SOC_LEVEL_60PER.png,62663,Big,-0.05,0.0,"[0.0, -0.05, 0.0, 0.0, -0.05, 0.0]",0.0,OK
DISP_CAR_HVBATT_LEVEL_60PER_REDLED_80106_19.png,toCheck_100035_00465s_DISP_CAR_HVBATT_LEVEL_60PER_REDLED_80106_19.png,1376640,Big,0.0,0.05,"[0.0, 0.0, 0.02, 0.0, 0.05, 0.0, 0.0, 0.0, -0.05, 0.0, -0.05, 0.0, 0.0, 0.0, -0.05, 0.0, 0.0, 0.0, -0.05, -0.05, 0.0, 0.0, 0.0, 0.0, 0.0, 0.0, 0.02, 0.0, 0.0, -0.05, 0.02, 0.0, 0.0, 0.0, 0.0, 0.0]",0.0,OK
TXTALT_80106_19_FR.png,toCheck_100035_00465s_TXTALT_80106_19_FR.png,267388,Big,0.0,0.02,"[0.0, 0.0, 0.02, 0.0, 0.02, 0.0]",0.0,OK
HVBatt_Level60PER_BLUELED.png,toCheck_100035_00350s_HVBatt_Level60PER_BLUELED.png,1376640,Big,0.0,0.1,"[0.0, 0.0, 0.02, 0.0, 0.02, 0.0, 0.0, 0.0, 0.1, 0.0, -0.05, 0.0, -0.05, 0.0, 0.0, 0.0, 0.02, 0.02, 0.0, -0.05, 0.0, 0.0, 0.0, 0.0, 0.0, 0.02, 0.0, 0.0, 0.0, -0.05, 0.02, 0.0, 0.0, 0.0, 0.0, 0.0]",0.0,OK
HVBATT_SOC_LEVEL_60PER.png,toCheck_100035_00385s_HVBATT_SOC_LEVEL_60PER.png,62663,Big,-0.05,0.0,"[0.0, -0.05, 0.0, 0.0, -0.05, 0.0]",0.0,OK
HVBATT_SOC_LEVEL_60PER_80106_10.png,toCheck_100036_00385s_HVBATT_SOC_LEVEL_60PER_80106_10.png,1376640,Big,0.0,0.02,"[0.0, 0.0, 0.02, 0.0, 0.02, 0.02, 0.0, 0.0, -0.05, 0.0, -0.05, 0.0, -0.05, 0.0, 0.0, 0.0, -0.05, 0.0, 0.0, -0.05, 0.0, 0.0, 0.0, 0.0, 0.0, 0.0, 0.02, 0.0, 0.0, -0.05, 0.02, 0.0, 0.0, 0.0, 0.0, 0.0]",0.0,OK
TXTALT_80106_10_FR.png,toCheck_100036_00385s_TXTALT_80106_10_FR.png,267388,Big,0.0,0.0,"[-0.05, 0.0, 0.0, -0.05, 0.0, 0.0]",0.0,OK
SOC60PER_20PERSOCLIM_GREENLED.png,toCheck_100036_00420s_SOC60PER_20PERSOCLIM_GREENLED.png,1376640,Big,0.0,0.1,"[0.0, 0.0, 0.02, 0.0, 0.02, 0.0, 0.0, 0.0, 0.1, 0.0, -0.05, 0.0, -0.05, 0.0, 0.0, 0.0, 0.02, 0.02, 0.0, -0.05, 0.0, 0.0, 0.0, 0.0, 0.0, 0.02, 0.0, 0.0, 0.0, -0.05, 0.02, 0.0, 0.0, 0.0, 0.0, 0.0]",0.0,OK
HVBATT_SOC_LEVEL_60PER.png,toCheck_100036_00500s_HVBATT_SOC_LEVEL_60PER.png,62663,Big,-0.05,0.0,"[0.0, -0.05, 0.0, 0.0, -0.05, 0.0]",0.0,OK
DISP_CAR_HVBATT_LEVEL_60PER_REDLED_90113_17.png,toCheck_100036_00500s_DISP_CAR_HVBATT_LEVEL_60PER_REDLED_90113_17.png,1376640,Big,0.0,0.05,"[0.0, 0.0, 0.02, 0.0, 0.05, 0.0, 0.0, -0.05, -0.05, 0.0, -0.05, 0.0, 0.0, 0.0, -0.05, 0.0, -0.05, 0.0, -0.05, -0.05, 0.0, 0.0, 0.0, 0.0, 0.0, 0.0, 0.02, 0.0, 0.0, -0.05, 0.02, 0.0, 0.0, 0.0, 0.0, 0.0]",0.0,OK
TXTALT_90113_17_FR.png,toCheck_100036_00500s_TXTALT_90113_17_FR.png,267388,Big,-0.05,0.02,"[0.0, 0.0, 0.0, 0.0, 0.02, 0.0]",0.0,OK
HVBatt_Level60PER_BLUELED.png,toCheck_100036_00350s_HVBatt_Level60PER_BLUELED.png,1376640,Big,0.0,0.1,"[0.0, 0.0, 0.02, 0.0, 0.02, 0.0, 0.0, 0.0, 0.1, 0.0, -0.05, 0.0, -0.05, 0.0, 0.0, 0.0, 0.02, 0.02, 0.0, -0.05, 0.0, 0.0, 0.0, 0.0, 0.0, 0.02, 0.0, 0.0, 0.0, -0.05, 0.02, 0.0, 0.0, 0.0, 0.0, 0.0]",0.0,OK
HVBATT_SOC_LEVEL_60PER.png,toCheck_100036_00385s_HVBATT_SOC_LEVEL_60PER.png,62663,Big,-0.05,0.0,"[0.0, -0.05, 0.0, 0.0, -0.05, 0.0]",0.0,OK
HVBATT_SOC_LEVEL_60PER_80106_10.png,toCheck_100037_00385s_HVBATT_SOC_LEVEL_60PER_80106_10.png,1376640,Big,0.0,0.02,"[0.0, 0.0, 0.02, 0.0, 0.02, 0.02, 0.0, 0.0, -0.05, 0.0, -0.05, 0.0, -0.05, 0.0, 0.0, 0.0, -0.05, 0.0, 0.0, -0.05, 0.0, 0.0, 0.0, 0.0, 0.0, 0.0, 0.02, 0.0, 0.0, -0.05, 0.02, 0.0, 0.0, 0.0, 0.0, 0.0]",0.0,OK
TXTALT_80106_10_FR.png,toCheck_100037_00385s_TXTALT_80106_10_FR.png,267388,Big,0.0,0.0,"[-0.05, 0.0, 0.0, -0.05, 0.0, 0.0]",0.0,OK
SOC60PER_20PERSOCLIM_GREENLED.png,toCheck_100037_00420s_SOC60PER_20PERSOCLIM_GREENLED.png,1376640,Big,0.0,0.1,"[0.0, 0.0, 0.02, 0.0, 0.02, 0.0, 0.0, 0.0, 0.1, 0.0, -0.05, 0.0, -0.05, 0.0, 0.0, 0.0, 0.02, 0.02, 0.0, -0.05, 0.0, 0.0, 0.0, 0.0, 0.0, 0.02, 0.0, 0.0, 0.0, -0.05, 0.02, 0.0, 0.0, 0.0, 0.0, 0.0]",0.0,OK
HVBATT_SOC_LEVEL_60PER.png,toCheck_100037_00500s_HVBATT_SOC_LEVEL_60PER.png,62663,Big,-0.05,0.0,"[0.0, -0.05, 0.0, 0.0, -0.05, 0.0]",0.0,OK
DISP_CAR_HVBATT_LEVEL_60PER_REDLED_80107_2.png,toCheck_100037_00500s_DISP_CAR_HVBATT_LEVEL_60PER_REDLED_80107_2.png,1376640,Big,0.0,0.05,"[0.0, 0.0, 0.02, 0.0, 0.05, 0.0, 0.0, 0.0, -0.05, 0.0, -0.05, 0.0, 0.0, 0.0, -0.05, 0.0, 0.0, 0.0, -0.05, -0.05, 0.0, 0.0, 0.0, 0.0, 0.0, 0.0, 0.02, 0.0, 0.0, -0.05, 0.02, 0.0, 0.0, 0.0, 0.0, 0.0]",0.0,OK
TXTALT_80107_2_FR.png,toCheck_100037_00500s_TXTALT_80107_2_FR.png,267388,Big,0.0,0.02,"[0.0, -0.05, 0.02, 0.0, 0.02, 0.0]",0.0,OK
HVBatt_Level60PER_BLUELED.png,toCheck_100037_00350s_HVBatt_Level60PER_BLUELED.png,1376640,Big,0.0,0.1,"[0.0, 0.0, 0.02, 0.0, 0.02, 0.0, 0.0, 0.0, 0.1, 0.0, -0.05, 0.0, -0.05, 0.0, 0.0, 0.0, 0.02, 0.02, 0.0, -0.05, 0.0, 0.0, 0.0, 0.0, 0.0, 0.02, 0.0, 0.0, 0.0, -0.05, 0.02, 0.0, 0.0, 0.0, 0.0, 0.0]",0.0,OK
HVBATT_SOC_LEVEL_60PER.png,toCheck_100037_00385s_HVBATT_SOC_LEVEL_60PER.png,62663,Big,-0.05,0.0,"[0.0, -0.05, 0.0, 0.0, -0.05, 0.0]",0.0,OK
HVBATT_19PER_BLUELED.png,toCheck_100038_00390s_HVBATT_19PER_BLUELED.png,1376640,Big,0.02,0.02,"[0.0, 0.0, 0.02, 0.0, 0.02, 0.0, 0.0, 0.0, 0.0, 0.0, -0.05, 0.0, 0.0, 0.0, 0.0, 0.0, 0.0, 0.0, 0.0, -0.05, 0.0, 0.0, 0.02, 0.0, 0.0, 0.0, 0.0, 0.0, 0.0, -0.05, 0.02, 0.0, 0.0, 0.0, 0.0, 0.0]",0.0,OK
TXTALT_80126_5_FR.png,toCheck_100038_00390s_TXTALT_80126_5_FR.png,267388,Big,-0.05,0.02,"[0.02, 0.0, -0.05, 0.0, 0.0, 0.0]",0.0,OK
HVBATT_SOC_LEVEL_60PER_80106_10.png,toCheck_100039_00385s_HVBATT_SOC_LEVEL_60PER_80106_10.png,1376640,Big,0.0,0.02,"[0.0, 0.0, 0.02, 0.0, 0.02, 0.02, 0.0, 0.0, -0.05, 0.0, -0.05, 0.0, -0.05, 0.0, 0.0, 0.0, -0.05, 0.0, 0.0, -0.05, 0.0, 0.0, 0.0, 0.0, 0.0, 0.0, 0.02, 0.0, 0.0, -0.05, 0.02, 0.0, 0.0, 0.0, 0.0, 0.0]",0.0,OK
TXTALT_80106_10_FR.png,toCheck_100039_00385s_TXTALT_80106_10_FR.png,267388,Big,0.0,0.0,"[-0.05, 0.0, 0.0, -0.05, 0.0, 0.0]",0.0,OK
SOC60PER_20PERSOCLIM_GREENLED.png,toCheck_100039_00420s_SOC60PER_20PERSOCLIM_GREENLED.png,1376640,Big,0.0,0.1,"[0.0, 0.0, 0.02, 0.0, 0.02, 0.0, 0.0, 0.0, 0.1, 0.0, -0.05, 0.0, -0.05, 0.0, 0.0, 0.0, 0.02, 0.02, 0.0, -0.05, 0.0, 0.0, 0.0, 0.0, 0.0, 0.02, 0.0, 0.0, 0.0, -0.05, 0.02, 0.0, 0.0, 0.0, 0.0, 0.0]",0.0,OK
DISP_CAR_HVBATT_LEVEL_60PER_REDLED_80126_1.png,toCheck_100039_00495s_DISP_CAR_HVBATT_LEVEL_60PER_REDLED_80126_1.png,1376640,Big,0.02,0.05,"[0.0, 0.0, 0.02, 0.0, 0.05, 0.0, 0.0, 0.0, 0.0, 0.0, -0.05, 0.0, 0.0, 0.0, 0.0, -0.05, -0.05, 0.0, 0.0, -0.05, 0.0, 0.0, 0.0, 0.0, 0.0, 0.0, 0.0, 0.0, 0.0, -0.05, 0.02, 0.0, 0.0, 0.0, 0.0, 0.0]",0.0,OK
TXTALT_80126_1_FR.png,toCheck_100039_00495s_TXTALT_80126_1_FR.png,267388,Big,0.0,0.02,"[0.02, 0.0, 0.0, 0.0, 0.0, 0.0]",0.0,OK
HVBatt_Level60PER_BLUELED.png,toCheck_100039_00350s_HVBatt_Level60PER_BLUELED.png,1376640,Big,0.0,0.1,"[0.0, 0.0, 0.02, 0.0, 0.02, 0.0, 0.0, 0.0, 0.1, 0.0, -0.05, 0.0, -0.05, 0.0, 0.0, 0.0, 0.02, 0.02, 0.0, -0.05, 0.0, 0.0, 0.0, 0.0, 0.0, 0.02, 0.0, 0.0, 0.0, -0.05, 0.02, 0.0, 0.0, 0.0, 0.0, 0.0]",0.0,OK
HVBATT_SOC_LEVEL_60PER.png,toCheck_100039_00385s_HVBATT_SOC_LEVEL_60PER.png,62663,Big,-0.05,0.0,"[0.0, -0.05, 0.0, 0.0, -0.05, 0.0]",0.0,OK
MSC_SERV_2000KM_12MS.png,toCheck_100000_10867s_MSC_SERV_2000KM_12MS.png,254449,Big,0.22,3.3,"[-0.05, 0.0, 2.39, 0.0, 0.0, 3.3, 0.0, 0.0, 0.0]",0.0,Investigate
MSC_SERV_2000KM_12MS.png,toCheck_100000_00612s_MSC_SERV_2000KM_12MS.png,254449,Big,0.22,3.3,"[-0.05, 0.0, 2.39, 0.0, 0.0, 3.3, 0.0, 0.0, 0.0]",0.0,Investigate
MSC_OIL_KM_24MS.png,toCheck_100000_00659s_MSC_OIL_KM_24MS.png,254449,Big,0.24,3.1,"[-0.05, 0.0, 2.39, -0.05, 0.0, 3.1, 0.0, 0.0, 0.0]",0.0,Investigate
ODO_0_TRIP_0_KM_DISTANCE.png,toCheck_100000_10762s_ODO_0_TRIP_0_KM_DISTANCE.png,254449,Big,1.81,8.84,"[4.2, 2.08, 2.71, 1.05, 0.95, 2.42, 4.13, 8.84, 0.0]",0.0,Investigate
MSC_OIL_2000KM_24MS.png,toCheck_100000_10844s_MSC_OIL_2000KM_24MS.png,254449,Big,0.22,3.1,"[-0.05, 0.0, 2.39, 0.0, 0.0, 3.1, 0.0, 0.0, 0.0]",0.0,Investigate
MSC_OIL_30000KM_13MS.png,toCheck_100001_00575s_MSC_OIL_30000KM_13MS.png,254449,Big,0.22,3.1,"[-0.05, 0.0, 2.39, -0.05, 0.0, 3.1, 0.0, 0.0, 0.0]",0.0,Investigate
MSC_OIL_30000KM_13MS.png,toCheck_100001_00600s_MSC_OIL_30000KM_13MS.png,254449,Big,0.22,3.1,"[-0.05, 0.0, 2.39, -0.05, 0.0, 3.1, 0.0, 0.0, 0.0]",0.0,Investigate
MSC_SERV_30000KM_24MS.png,toCheck_100002_00612s_MSC_SERV_30000KM_24MS.png,254449,Big,0.2,3.3,"[-0.05, 0.0, 2.39, -0.05, 0.0, 3.3, 0.0, 0.0, 0.0]",0.0,Investigate
ODO_201_TRIP_201_KM_DISTANCE.png,toCheck_100002_10727s_ODO_201_TRIP_201_KM_DISTANCE.png,254449,Big,1.71,8.84,"[4.2, 2.0, 2.71, 1.05, 0.85, 2.42, 4.13, 8.84, 0.0]",0.0,Investigate
MSC_SERV_2000KM_12MS.png,toCheck_100003_00612s_MSC_SERV_2000KM_12MS.png,254449,Big,0.22,3.3,"[-0.05, 0.0, 2.39, 0.0, 0.0, 3.3, 0.0, 0.0, 0.0]",0.0,Investigate
TLT_SERV_ON.png,toCheck_100006_26241s_TLT_SERV_ON.png,30736,Big,0.0,0.02,"[0.0, 0.0, 0.0, 0.0, 0.02, 0.0, 0.0, 0.0, 0.0, 0.0, 0.0, 0.0]",0.0,OK
MSC_SERV_1500KM_12MS.png,toCheck_100006_26286s_MSC_SERV_1500KM_12MS.png,254449,Big,0.39,5.57,"[-0.05, -0.05, 3.37, 0.0, 0.0, 5.57, 0.0, 0.0, 0.0]",0.0,Investigate
MSC_SERV_2000KM_12MS.png,toCheck_100006_00613s_MSC_SERV_2000KM_12MS.png,254449,Big,0.22,3.3,"[-0.05, 0.0, 2.39, 0.0, 0.0, 3.3, 0.0, 0.0, 0.0]",0.0,Investigate
MSC_OIL_400KM_24MS.png,toCheck_100006_05700s_MSC_OIL_400KM_24MS.png,254449,Big,0.24,3.1,"[-0.05, 0.0, 2.39, -0.05, 0.0, 3.1, 0.0, 0.0, 0.0]",0.0,Investigate
MSC_SERV_30000KM_12MS.png,toCheck_100007_00612s_MSC_SERV_30000KM_12MS.png,254449,Big,0.24,3.3,"[-0.05, 0.0, 2.39, -0.05, 0.0, 3.3, 0.0, 0.0, 0.0]",0.0,Investigate
MSC_OIL_KM_24MS.png,toCheck_100007_10699s_MSC_OIL_KM_24MS.png,254449,Big,0.24,3.1,"[-0.05, 0.0, 2.39, -0.05, 0.0, 3.1, 0.0, 0.0, 0.0]",0.0,Investigate
MSC_OIL_KM_23MS.png,toCheck_100007_10719s_MSC_OIL_KM_23MS.png,254449,Big,0.27,3.1,"[-0.05, 0.0, 2.39, -0.05, -0.05, 3.1, 0.0, 0.0, 0.0]",0.0,Investigate
MSC_SERV_29800KM_11MS.png,toCheck_100007_10742s_MSC_SERV_29800KM_11MS.png,254449,Big,0.24,3.3,"[-0.05, 0.0, 2.39, -0.05, 0.0, 3.3, 0.0, 0.0, 0.0]",0.0,Investigate
MSC_SERV_1800KM_12MS.png,toCheck_100008_10759s_MSC_SERV_1800KM_12MS.png,254449,Big,0.22,3.37,"[-0.05, -0.05, 3.37, 0.0, 0.0, 2.86, 0.0, 0.0, 0.0]",0.0,Investigate
MSC_SERV_2000KM_12MS.png,toCheck_100008_00612s_MSC_SERV_2000KM_12MS.png,254449,Big,0.22,3.3,"[-0.05, 0.0, 2.39, 0.0, 0.0, 3.3, 0.0, 0.0, 0.0]",0.0,Investigate
MSC_OIL_1900KM_24MS.png,toCheck_100008_05699s_MSC_OIL_1900KM_24MS.png,254449,Big,0.22,3.1,"[-0.05, 0.0, 2.39, 0.02, 0.0, 3.1, 0.0, 0.0, 0.0]",0.0,Investigate
MSC_SERV_30000KM_24MS.png,toCheck_100009_00612s_MSC_SERV_30000KM_24MS.png,254449,Big,0.2,3.3,"[-0.05, 0.0, 2.39, -0.05, 0.0, 3.3, 0.0, 0.0, 0.0]",0.0,Investigate
MSC_SERV_29800KM_11MS.png,toCheck_100010_10719s_MSC_SERV_29800KM_11MS.png,254449,Big,0.2,3.22,"[-0.05, -0.05, 2.08, -0.05, 0.0, 3.22, 0.0, 0.0, 0.0]",0.0,Investigate
TLT_SERV_ON.png,toCheck_100011_10732s_TLT_SERV_ON.png,30736,Big,0.0,0.02,"[0.0, 0.0, 0.0, 0.0, 0.02, 0.0, 0.0, 0.0, 0.0, 0.0, 0.0, 0.0]",0.0,OK
MSC_SERV_1800KM_12MS.png,toCheck_100011_10777s_MSC_SERV_1800KM_12MS.png,254449,Big,0.42,5.57,"[-0.05, -0.05, 3.37, 0.0, 0.0, 5.57, 0.0, 0.0, 0.0]",0.0,Investigate
MSC_SERV_2000KM_24MS.png,toCheck_100011_00612s_MSC_SERV_2000KM_24MS.png,254449,Big,0.2,3.3,"[-0.05, 0.0, 2.39, 0.0, -0.05, 3.3, 0.0, 0.0, 0.0]",0.0,Investigate
MSC_OIL_1800KM_12MS.png,toCheck_100011_10717s_MSC_OIL_1800KM_12MS.png,254449,Big,0.24,3.37,"[-0.05, -0.05, 3.37, -0.05, -0.05, 3.27, 0.0, 0.0, 0.0]",0.0,Investigate
MSC_SERV_30000KM_12MS.png,toCheck_100012_00617s_MSC_SERV_30000KM_12MS.png,254449,Big,0.24,3.3,"[-0.05, 0.0, 2.39, -0.05, 0.0, 3.3, 0.0, 0.0, 0.0]",0.0,Investigate
MSC_OIL_29800KM_MS.png,toCheck_100012_10704s_MSC_OIL_29800KM_MS.png,254449,Big,0.24,3.1,"[-0.05, 0.0, 2.39, -0.05, 0.0, 3.1, 0.0, 0.0, 0.0]",0.0,Investigate
MSC_OIL_29800KM_MS.png,toCheck_100012_10724s_MSC_OIL_29800KM_MS.png,254449,Big,0.24,3.1,"[-0.05, 0.0, 2.39, -0.05, 0.0, 3.1, 0.0, 0.0, 0.0]",0.0,Investigate
MSC_SERV_29800KM_11MS.png,toCheck_100012_10742s_MSC_SERV_29800KM_11MS.png,254449,Big,0.24,3.3,"[-0.05, 0.0, 2.39, -0.05, 0.0, 3.3, 0.0, 0.0, 0.0]",0.0,Investigate
MSC_SERV_1800KM_13MS.png,toCheck_100013_10759s_MSC_SERV_1800KM_13MS.png,254449,Big,0.2,3.37,"[-0.05, -0.05, 3.37, 0.0, 0.0, 2.86, 0.0, 0.0, 0.0]",0.0,Investigate
MSC_SERV_2000KM_24MS.png,toCheck_100013_00612s_MSC_SERV_2000KM_24MS.png,254449,Big,0.2,3.3,"[-0.05, 0.0, 2.39, 0.0, -0.05, 3.3, 0.0, 0.0, 0.0]",0.0,Investigate
MSC_OIL_1800KM_12MS.png,toCheck_100013_10699s_MSC_OIL_1800KM_12MS.png,254449,Big,0.2,3.1,"[-0.05, 0.0, 2.39, -0.05, -0.05, 3.1, 0.0, 0.0, 0.0]",0.0,Investigate
TLT_SERV_ON.png,toCheck_100015_00497s_TLT_SERV_ON.png,30736,Big,0.0,0.02,"[0.0, 0.0, 0.0, 0.0, 0.02, 0.0, 0.0, 0.0, 0.0, 0.0, 0.0, 0.0]",0.0,OK
MSC_SERV_2000KM_12MS.png,toCheck_100016_00612s_MSC_SERV_2000KM_12MS.png,254449,Big,0.22,3.3,"[-0.05, 0.0, 2.39, 0.0, 0.0, 3.3, 0.0, 0.0, 0.0]",0.0,Investigate
MSC_SERV_2000KM_12MS.png,toCheck_100017_00612s_MSC_SERV_2000KM_12MS.png,254449,Big,0.22,3.3,"[-0.05, 0.0, 2.39, 0.0, 0.0, 3.3, 0.0, 0.0, 0.0]",0.0,Investigate
MSC_SERV_2000KM_12MS.png,toCheck_100018_00612s_MSC_SERV_2000KM_12MS.png,254449,Big,0.22,3.3,"[-0.05, 0.0, 2.39, 0.0, 0.0, 3.3, 0.0, 0.0, 0.0]",0.0,Investigate
MSC_OIL_30000KM_24MS.png,toCheck_100019_00669s_MSC_OIL_30000KM_24MS.png,254449,Big,0.22,3.1,"[-0.05, 0.0, 2.39, -0.05, 0.0, 3.1, 0.0, 0.0, 0.0]",0.0,Investigate
MSC_OIL_30000KM_24MS_ON.png,toCheck_100019_00724s_MSC_OIL_30000KM_24MS_ON.png,254449,Big,3.32,6.32,"[-0.05, 0.0, 0.0, 6.32, 5.62, 0.0, 0.0, 0.0, 0.0]",0.0,Investigate
MSC_OIL_30000KM_24MS_OFF.png,toCheck_100019_00729s_MSC_OIL_30000KM_24MS_OFF.png,254449,Big,3.32,6.32,"[-0.05, 0.0, 0.0, 6.32, 5.62, 0.0, 0.0, 0.0, 0.0]",0.0,Investigate
MSC_OIL_30000KM_24MS_ON.png,toCheck_100019_00734s_MSC_OIL_30000KM_24MS_ON.png,254449,Big,3.32,6.32,"[-0.05, 0.0, 0.0, 6.32, 5.62, 0.0, 0.0, 0.0, 0.0]",0.0,Investigate
MSC_OIL_30000KM_24MS_OFF.png,toCheck_100019_00739s_MSC_OIL_30000KM_24MS_OFF.png,254449,Big,3.32,6.32,"[-0.05, 0.0, 0.0, 6.32, 5.62, 0.0, 0.0, 0.0, 0.0]",0.0,Investigate
MSC_OIL_30000KM_24MS.png,toCheck_100020_00669s_MSC_OIL_30000KM_24MS.png,254449,Big,0.22,3.1,"[-0.05, 0.0, 2.39, -0.05, 0.0, 3.1, 0.0, 0.0, 0.0]",0.0,Investigate
MSC_OIL_30000KM_24MS_ON.png,toCheck_100020_00724s_MSC_OIL_30000KM_24MS_ON.png,254449,Big,3.32,6.32,"[-0.05, 0.0, 0.0, 6.32, 5.62, 0.0, 0.0, 0.0, 0.0]",0.0,Investigate
MSC_OIL_30000KM_24MS_OFF.png,toCheck_100020_00729s_MSC_OIL_30000KM_24MS_OFF.png,254449,Big,3.32,6.32,"[-0.05, 0.0, 0.0, 6.32, 5.62, 0.0, 0.0, 0.0, 0.0]",0.0,Investigate
MSC_OIL_30000KM_24MS_ON.png,toCheck_100020_00734s_MSC_OIL_30000KM_24MS_ON.png,254449,Big,3.32,6.32,"[-0.05, 0.0, 0.0, 6.32, 5.62, 0.0, 0.0, 0.0, 0.0]",0.0,Investigate
MSC_OIL_30000KM_24MS_OFF.png,toCheck_100020_00739s_MSC_OIL_30000KM_24MS_OFF.png,254449,Big,3.32,6.32,"[-0.05, 0.0, 0.0, 6.32, 5.62, 0.0, 0.0, 0.0, 0.0]",0.0,Investigate
MSC_SERV_2000KM_12MS.png,toCheck_100021_00657s_MSC_SERV_2000KM_12MS.png,254449,Big,0.22,3.3,"[-0.05, 0.0, 2.39, 0.0, 0.0, 3.3, 0.0, 0.0, 0.0]",0.0,Investigate
MSC_OIL_1800KM_24MS.png,toCheck_100021_10757s_MSC_OIL_1800KM_24MS.png,254449,Big,0.24,3.37,"[-0.05, -0.05, 3.37, -0.05, 0.0, 3.27, 0.0, 0.0, 0.0]",0.0,Investigate
MSC_OIL_2000KM_24MS.png,toCheck_100021_10777s_MSC_OIL_2000KM_24MS.png,254449,Big,0.24,3.37,"[-0.05, -0.05, 3.37, 0.0, 0.0, 3.27, 0.0, 0.0, 0.0]",0.0,Investigate
MSC_OIL_1800KM_24MS_OFF.png,toCheck_100022_10822s_MSC_OIL_1800KM_24MS_OFF.png,254449,Big,3.15,6.27,"[-0.05, 0.0, 0.0, 6.27, 2.56, 0.0, 0.0, 0.0, 0.0]",0.0,Investigate
MSC_OIL_1800KM_24MS_ON.png,toCheck_100022_10827s_MSC_OIL_1800KM_24MS_ON.png,254449,Big,3.15,6.27,"[-0.05, 0.0, 0.0, 6.27, 2.56, 0.0, 0.0, 0.0, 0.0]",0.0,Investigate
MSC_OIL_1800KM_24MS_OFF.png,toCheck_100022_10832s_MSC_OIL_1800KM_24MS_OFF.png,254449,Big,3.15,6.27,"[-0.05, 0.0, 0.0, 6.27, 2.56, 0.0, 0.0, 0.0, 0.0]",0.0,Investigate
MSC_SERV_2000KM_12MS.png,toCheck_100022_00657s_MSC_SERV_2000KM_12MS.png,254449,Big,0.22,3.3,"[-0.05, 0.0, 2.39, 0.0, 0.0, 3.3, 0.0, 0.0, 0.0]",0.0,Investigate
MSC_OIL_1800KM_24MS.png,toCheck_100022_10762s_MSC_OIL_1800KM_24MS.png,254449,Big,0.24,3.37,"[-0.05, -0.05, 3.37, -0.05, 0.0, 3.27, 0.0, 0.0, 0.0]",0.0,Investigate
MSC_OIL_1800KM_24MS_ON.png,toCheck_100022_10817s_MSC_OIL_1800KM_24MS_ON.png,254449,Big,3.15,6.27,"[-0.05, 0.0, 0.0, 6.27, 2.56, 0.0, 0.0, 0.0, 0.0]",0.0,Investigate
MSC_SERV_30000KM_12MS.png,toCheck_100023_00652s_MSC_SERV_30000KM_12MS.png,254449,Big,0.24,3.3,"[-0.05, 0.0, 2.39, -0.05, 0.0, 3.3, 0.0, 0.0, 0.0]",0.0,Investigate
MSC_SERV_30000KM_12MS_OFF.png,toCheck_100023_00707s_MSC_SERV_30000KM_12MS_OFF.png,254449,Big,3.76,7.25,"[-0.05, -0.05, 0.0, 7.25, 5.25, 0.0, 0.0, 0.0, 0.0]",0.0,Investigate
MSC_SERV_30000KM_12MS_ON.png,toCheck_100023_00712s_MSC_SERV_30000KM_12MS_ON.png,254449,Big,3.76,7.25,"[-0.05, -0.05, 0.0, 7.25, 5.25, 0.0, 0.0, 0.0, 0.0]",0.0,Investigate
MSC_SERV_30000KM_12MS_OFF.png,toCheck_100023_00717s_MSC_SERV_30000KM_12MS_OFF.png,254449,Big,3.76,7.25,"[-0.05, -0.05, 0.0, 7.25, 5.25, 0.0, 0.0, 0.0, 0.0]",0.0,Investigate
MSC_SERV_30000KM_12MS_ON.png,toCheck_100023_00722s_MSC_SERV_30000KM_12MS_ON.png,254449,Big,3.76,7.25,"[-0.05, -0.05, 0.0, 7.25, 5.25, 0.0, 0.0, 0.0, 0.0]",0.0,Investigate
MSC_SERV_30000KM_12MS.png,toCheck_100024_00652s_MSC_SERV_30000KM_12MS.png,254449,Big,0.24,3.3,"[-0.05, 0.0, 2.39, -0.05, 0.0, 3.3, 0.0, 0.0, 0.0]",0.0,Investigate
MSC_SERV_30000KM_12MS_OFF.png,toCheck_100024_00707s_MSC_SERV_30000KM_12MS_OFF.png,254449,Big,3.76,7.25,"[-0.05, -0.05, 0.0, 7.25, 5.25, 0.0, 0.0, 0.0, 0.0]",0.0,Investigate
MSC_SERV_30000KM_12MS_ON.png,toCheck_100024_00712s_MSC_SERV_30000KM_12MS_ON.png,254449,Big,3.76,7.25,"[-0.05, -0.05, 0.0, 7.25, 5.25, 0.0, 0.0, 0.0, 0.0]",0.0,Investigate
MSC_SERV_30000KM_12MS_OFF.png,toCheck_100024_00717s_MSC_SERV_30000KM_12MS_OFF.png,254449,Big,3.76,7.25,"[-0.05, -0.05, 0.0, 7.25, 5.25, 0.0, 0.0, 0.0, 0.0]",0.0,Investigate
MSC_SERV_30000KM_12MS_ON.png,toCheck_100024_00722s_MSC_SERV_30000KM_12MS_ON.png,254449,Big,3.76,7.25,"[-0.05, -0.05, 0.0, 7.25, 5.25, 0.0, 0.0, 0.0, 0.0]",0.0,Investigate
MSC_SERV_2000KM_12MS.png,toCheck_100025_00652s_MSC_SERV_2000KM_12MS.png,254449,Big,0.22,3.3,"[-0.05, 0.0, 2.39, 0.0, 0.0, 3.3, 0.0, 0.0, 0.0]",0.0,Investigate
MSC_OIL_1800KM_24MS.png,toCheck_100025_10757s_MSC_OIL_1800KM_24MS.png,254449,Big,0.24,3.37,"[-0.05, -0.05, 3.37, -0.05, 0.0, 3.27, 0.0, 0.0, 0.0]",0.0,Investigate
MSC_SERV_1800KM_12MS.png,toCheck_100025_10779s_MSC_SERV_1800KM_12MS.png,254449,Big,0.22,3.37,"[-0.05, -0.05, 3.37, 0.0, 0.0, 2.86, 0.0, 0.0, 0.0]",0.0,Investigate
MSC_SERV_2000KM_12MS.png,toCheck_100025_10804s_MSC_SERV_2000KM_12MS.png,254449,Big,0.22,3.3,"[-0.05, 0.0, 2.39, 0.0, 0.0, 3.3, 0.0, 0.0, 0.0]",0.0,Investigate
MSC_SERV_1800KM_12MS_OFF.png,toCheck_100026_10844s_MSC_SERV_1800KM_12MS_OFF.png,254449,Big,2.93,7.52,"[-0.05, -0.05, 0.0, 7.52, 1.83, 0.0, 0.0, 0.0, 0.0]",0.0,Investigate
MSC_SERV_1800KM_12MS_ON.png,toCheck_100026_10849s_MSC_SERV_1800KM_12MS_ON.png,254449,Big,2.93,7.52,"[-0.05, -0.05, 0.0, 7.52, 1.83, 0.0, 0.0, 0.0, 0.0]",0.0,Investigate
MSC_SERV_1800KM_12MS_OFF.png,toCheck_100026_10854s_MSC_SERV_1800KM_12MS_OFF.png,254449,Big,2.93,7.52,"[-0.05, -0.05, 0.0, 7.52, 1.83, 0.0, 0.0, 0.0, 0.0]",0.0,Investigate
MSC_SERV_2000KM_12MS.png,toCheck_100026_00652s_MSC_SERV_2000KM_12MS.png,254449,Big,0.22,3.3,"[-0.05, 0.0, 2.39, 0.0, 0.0, 3.3, 0.0, 0.0, 0.0]",0.0,Investigate
MSC_OIL_1800KM_24MS.png,toCheck_100026_10757s_MSC_OIL_1800KM_24MS.png,254449,Big,0.24,3.37,"[-0.05, -0.05, 3.37, -0.05, 0.0, 3.27, 0.0, 0.0, 0.0]",0.0,Investigate
MSC_SERV_1800KM_12MS.png,toCheck_100026_10779s_MSC_SERV_1800KM_12MS.png,254449,Big,0.22,3.37,"[-0.05, -0.05, 3.37, 0.0, 0.0, 2.86, 0.0, 0.0, 0.0]",0.0,Investigate
MSC_SERV_1800KM_12MS_ON.png,toCheck_100026_10839s_MSC_SERV_1800KM_12MS_ON.png,254449,Big,2.93,7.52,"[-0.05, -0.05, 0.0, 7.52, 1.83, 0.0, 0.0, 0.0, 0.0]",0.0,Investigate
TLT_SERV_ON.png,toCheck_100027_26241s_TLT_SERV_ON.png,30736,Big,0.0,0.02,"[0.0, 0.0, 0.0, 0.0, 0.02, 0.0, 0.0, 0.0, 0.0, 0.0, 0.0, 0.0]",0.0,OK
MSC_SERV_0KM_12MS.png,toCheck_100027_26286s_MSC_SERV_0KM_12MS.png,254449,Big,0.46,5.57,"[-0.05, -0.05, 3.37, 0.0, 0.0, 5.57, 0.0, 0.0, 0.0]",0.0,Investigate
MSC_SERV_500KM_12MS.png,toCheck_100027_00613s_MSC_SERV_500KM_12MS.png,254449,Big,0.27,3.3,"[-0.05, 0.0, 2.39, -0.05, 0.0, 3.3, 0.0, 0.0, 0.0]",0.0,Investigate
MSC_OIL_1900KM_24MS.png,toCheck_100027_05700s_MSC_OIL_1900KM_24MS.png,254449,Big,0.22,3.1,"[-0.05, 0.0, 2.39, 0.02, 0.0, 3.1, 0.0, 0.0, 0.0]",0.0,Investigate
TLT_SERV_ON.png,toCheck_100028_26256s_TLT_SERV_ON.png,30736,Big,0.0,0.02,"[0.0, 0.0, 0.0, 0.0, 0.02, 0.0, 0.0, 0.0, 0.0, 0.0, 0.0, 0.0]",0.0,OK
MSC_SERV_0MI_12MS.png,toCheck_100028_26301s_MSC_SERV_0MI_12MS.png,254449,Big,0.44,5.57,"[-0.05, -0.05, 3.37, -0.05, 0.0, 5.57, 0.0, 0.0, 0.0]",0.0,Investigate
MSC_SERV_400MI_12MS.png,toCheck_100028_00613s_MSC_SERV_400MI_12MS.png,254449,Big,0.27,3.3,"[-0.05, 0.0, 2.39, -0.05, 0.0, 3.3, 0.0, 0.0, 0.0]",0.0,Investigate
MSC_OIL_1200MI_24MS.png,toCheck_100028_05700s_MSC_OIL_1200MI_24MS.png,254449,Big,0.34,2.39,"[-0.05, 0.0, 2.39, 0.0, -0.05, 2.1, 0.0, 0.0, 0.0]",0.0,OK
MSC_OIL_29800KM_24MS.png,toCheck_100029_10704s_MSC_OIL_29800KM_24MS.png,254449,Big,0.24,3.1,"[-0.05, 0.0, 2.39, -0.05, 0.0, 3.1, 0.0, 0.0, 0.0]",0.0,Investigate
MSC_OIL_29800KM_23MS.png,toCheck_100029_10724s_MSC_OIL_29800KM_23MS.png,254449,Big,0.24,3.1,"[-0.05, 0.0, 2.39, -0.05, -0.05, 3.1, 0.0, 0.0, 0.0]",0.0,Investigate
MSC_SERV_KM_11MS.png,toCheck_100029_10747s_MSC_SERV_KM_11MS.png,254449,Big,0.2,3.3,"[-0.05, 0.0, 2.39, 0.0, 0.02, 3.3, 0.0, 0.0, 0.0]",0.0,Investigate
MSC_SERV_1800KM_12MS.png,toCheck_100030_10759s_MSC_SERV_1800KM_12MS.png,254449,Big,0.22,3.37,"[-0.05, -0.05, 3.37, 0.0, 0.0, 2.86, 0.0, 0.0, 0.0]",0.0,Investigate
MSC_SERV_2000KM_12MS.png,toCheck_100030_00612s_MSC_SERV_2000KM_12MS.png,254449,Big,0.22,3.3,"[-0.05, 0.0, 2.39, 0.0, 0.0, 3.3, 0.0, 0.0, 0.0]",0.0,Investigate
MSC_OIL_1900KM_24MS.png,toCheck_100030_05699s_MSC_OIL_1900KM_24MS.png,254449,Big,0.22,3.1,"[-0.05, 0.0, 2.39, 0.02, 0.0, 3.1, 0.0, 0.0, 0.0]",0.0,Investigate
Check_NoDisp_MSCServ_KM_MS.png,toCheck_100031_00617s_Check_NoDisp_MSCServ_KM_MS.png,254449,Big,0.2,2.39,"[0.0, -0.05, 2.39, -0.05, 0.0, 2.12, 0.0, 0.0, 0.0]",0.0,OK
MSC_OIL_29800KM_24MS.png,toCheck_100031_10704s_MSC_OIL_29800KM_24MS.png,254449,Big,0.22,3.22,"[-0.05, 0.0, 2.08, -0.05, -0.05, 3.22, 0.0, 0.0, 0.0]",0.0,Investigate
MSC_OIL_29800KM_23MS.png,toCheck_100031_10724s_MSC_OIL_29800KM_23MS.png,254449,Big,0.22,3.22,"[-0.05, 0.0, 2.08, -0.05, 0.0, 3.22, 0.0, 0.0, 0.0]",0.0,Investigate
TLT_SERV_ON.png,toCheck_100032_10732s_TLT_SERV_ON.png,30736,Big,0.0,0.02,"[0.0, 0.0, 0.0, 0.0, 0.02, 0.0, 0.0, 0.0, 0.0, 0.0, 0.0, 0.0]",0.0,OK
MSC_SERV_1800KM_0MS.png,toCheck_100032_10777s_MSC_SERV_1800KM_0MS.png,254449,Big,0.42,5.57,"[-0.05, -0.05, 3.37, 0.0, -0.05, 5.57, 0.0, 0.0, 0.0]",0.0,Investigate
MSC_SERV_2000KM_12MS.png,toCheck_100032_00612s_MSC_SERV_2000KM_12MS.png,254449,Big,0.22,3.3,"[-0.05, 0.0, 2.39, 0.0, 0.0, 3.3, 0.0, 0.0, 0.0]",0.0,Investigate
MSC_OIL_1800KM_24MS.png,toCheck_100032_10717s_MSC_OIL_1800KM_24MS.png,254449,Big,0.24,3.37,"[-0.05, -0.05, 3.37, -0.05, 0.0, 3.27, 0.0, 0.0, 0.0]",0.0,Investigate
MSC_SERV_30000KM_MS.png,toCheck_100033_00617s_MSC_SERV_30000KM_MS.png,254449,Big,0.22,3.3,"[-0.05, 0.0, 2.39, -0.05, 0.0, 3.3, 0.0, 0.0, 0.0]",0.0,Investigate
MSC_OIL_29800KM_24MS.png,toCheck_100033_10704s_MSC_OIL_29800KM_24MS.png,254449,Big,0.24,3.1,"[-0.05, 0.0, 2.39, -0.05, 0.0, 3.1, 0.0, 0.0, 0.0]",0.0,Investigate
MSC_OIL_29800KM_23MS.png,toCheck_100033_10724s_MSC_OIL_29800KM_23MS.png,254449,Big,0.24,3.1,"[-0.05, 0.0, 2.39, -0.05, -0.05, 3.1, 0.0, 0.0, 0.0]",0.0,Investigate
MSC_SERV_29800KM_MS.png,toCheck_100033_10742s_MSC_SERV_29800KM_MS.png,254449,Big,0.24,3.3,"[-0.05, 0.0, 2.39, 0.0, 0.0, 3.3, 0.0, 0.0, 0.0]",0.0,Investigate
MSC_SERV_1800KM_1MS.png,toCheck_100034_10759s_MSC_SERV_1800KM_1MS.png,254449,Big,0.2,3.37,"[-0.05, -0.05, 3.37, 0.0, 0.0, 2.86, 0.0, 0.0, 0.0]",0.0,Investigate
MSC_SERV_2000KM_12MS.png,toCheck_100034_00612s_MSC_SERV_2000KM_12MS.png,254449,Big,0.22,3.3,"[-0.05, 0.0, 2.39, 0.0, 0.0, 3.3, 0.0, 0.0, 0.0]",0.0,Investigate
MSC_OIL_1800KM_24MS.png,toCheck_100034_10699s_MSC_OIL_1800KM_24MS.png,254449,Big,0.22,3.1,"[-0.05, 0.0, 2.39, -0.05, 0.0, 3.1, 0.0, 0.0, 0.0]",0.0,Investigate
DIG_SPD_158_MI.png,toCheck_100009_01824s_DIG_SPD_158_MI.png,326772,Big,0.02,0.34,"[0.02, 0.02, 0.0, 0.0, 0.0, 0.34, 0.0, 0.0, -0.05]",0.0,OK
BUZ_09_OFF.png,toCheck_100023_01103s_BUZ_09_OFF.png,38400,Big,2.88,1.66,"[0.07, 0.05, 0.05, 0.17, 0.2, 1.66, 0.07, 0.05, 0.07, 0.59, 0.07, 0.17]",0.0,NOK
DIG_SPD_10_KM.png,toCheck_100030_00876s_DIG_SPD_10_KM.png,326772,Big,0.02,0.15,"[0.0, -0.05, -0.05, 0.02, -0.05, -0.05, 0.15, 0.0, -0.05]",0.0,OK
DIG_SPD_100_KM.png,toCheck_100030_00926s_DIG_SPD_100_KM.png,326772,Big,0.07,0.49,"[0.49, 0.0, -0.05, 0.02, 0.02, -0.05, 0.12, 0.0, -0.05]",0.0,OK
DIG_SPD_10_MI.png,toCheck_100031_01046s_DIG_SPD_10_MI.png,326772,Big,0.0,0.56,"[0.0, -0.05, -0.05, 0.56, 0.0, -0.05, 0.12, 0.0, -0.05]",0.0,OK
DIG_SPD_11_KM.png,toCheck_100032_00863s_DIG_SPD_11_KM.png,326772,Big,0.0,0.05,"[0.0, -0.05, -0.05, 0.0, 0.02, -0.05, 0.05, 0.0, -0.05]",0.0,OK
DIG_SPD_11_KM.png,toCheck_100032_00872s_DIG_SPD_11_KM.png,326772,Big,0.0,0.2,"[0.0, -0.05, -0.05, 0.07, 0.02, -0.05, 0.2, 0.0, -0.05]",0.0,OK
DIG_SPD_13_KM.png,toCheck_100032_00881s_DIG_SPD_13_KM.png,326772,Big,0.0,0.02,"[0.0, -0.05, -0.05, 0.02, 0.02, -0.05, 0.0, 0.0, -0.05]",0.0,OK
DIG_SPD_13_KM.png,toCheck_100032_00886s_DIG_SPD_13_KM.png,326772,Big,0.0,0.02,"[0.0, -0.05, -0.05, 0.02, 0.02, -0.05, 0.0, 0.0, -0.05]",0.0,OK
DIG_SPD_11_MI.png,toCheck_100033_01042s_DIG_SPD_11_MI.png,326772,Big,0.0,0.07,"[0.0, -0.05, -0.05, 0.07, -0.05, -0.05, -0.05, 0.0, -0.05]",0.0,OK
DIG_SPD_11_MI.png,toCheck_100033_01051s_DIG_SPD_11_MI.png,326772,Big,0.0,0.1,"[0.0, -0.05, -0.05, 0.1, -0.05, -0.05, 0.0, 0.0, -0.05]",0.0,OK
DIG_SPD_13_MI.png,toCheck_100033_01060s_DIG_SPD_13_MI.png,326772,Big,0.0,0.02,"[0.0, -0.05, -0.05, 0.02, 0.0, -0.05, 0.0, 0.0, -0.05]",0.0,OK
DIG_SPD_13_MI.png,toCheck_100033_01063s_DIG_SPD_13_MI.png,326772,Big,0.0,0.02,"[0.0, -0.05, -0.05, 0.02, 0.0, -0.05, 0.0, 0.0, -0.05]",0.0,OK
DIG_SPD_150_KM.png,toCheck_100035_00894s_DIG_SPD_150_KM.png,326772,Big,0.0,0.02,"[0.0, 0.02, -0.05, 0.0, -0.05, -0.05, -0.05, 0.0, -0.05]",0.0,OK
DIG_SPD_149_KM.png,toCheck_100035_00974s_DIG_SPD_149_KM.png,326772,Big,0.0,0.05,"[0.02, 0.05, -0.05, 0.0, 0.0, -0.05, 0.02, 0.0, -0.05]",0.0,OK
DIG_SPD_149_KM.png,toCheck_100035_01002s_DIG_SPD_149_KM.png,326772,Big,0.0,0.1,"[0.1, 0.02, -0.05, 0.0, 0.0, -0.05, 0.0, 0.0, -0.05]",0.0,OK
DIG_SPD_93_MI.png,toCheck_100036_01033s_DIG_SPD_93_MI.png,326772,Big,0.02,0.02,"[0.0, 0.0, -0.05, 0.0, 0.02, -0.05, -0.05, 0.0, -0.05]",0.0,OK
DIG_SPD_93_MI.png,toCheck_100036_01073s_DIG_SPD_93_MI.png,326772,Big,0.0,0.02,"[0.0, -0.05, -0.05, 0.0, 0.02, -0.05, -0.05, 0.0, -0.05]",0.0,OK
DIG_SPD_93_MI.png,toCheck_100036_01082s_DIG_SPD_93_MI.png,326772,Big,0.0,0.02,"[0.0, 0.02, -0.05, 0.02, 0.02, -0.05, 0.02, 0.0, -0.05]",0.0,OK
DIG_SPD_92_MI.png,toCheck_100036_01153s_DIG_SPD_92_MI.png,326772,Big,0.02,0.02,"[0.02, 0.02, -0.05, 0.0, 0.0, -0.05, 0.02, 0.0, -0.05]",0.0,OK
LCV_BOTHL.png,toCheck_100000_01563s_LCV_BOTHL.png,NA,NA,NA,0.02,"[0.02, 0.02, -0.05, 0.0, 0.0, -0.05, 0.02, 0.0, -0.05]",12.94,Faulty
LCV_BOTHUL.png,toCheck_100001_01563s_LCV_BOTHUL.png,NA,NA,NA,0.02,"[0.02, 0.02, -0.05, 0.0, 0.0, -0.05, 0.02, 0.0, -0.05]",12.94,Faulty
LCV_NODISP.png,toCheck_100002_01563s_LCV_NODISP.png,NA,NA,NA,0.02,"[0.02, 0.02, -0.05, 0.0, 0.0, -0.05, 0.02, 0.0, -0.05]",12.94,Faulty
LCV_BOTHUL.png,toCheck_100002_01573s_LCV_BOTHUL.png,NA,NA,NA,0.02,"[0.02, 0.02, -0.05, 0.0, 0.0, -0.05, 0.02, 0.0, -0.05]",12.94,Faulty
LCV_CL_TUL.png,toCheck_100002_01583s_LCV_CL_TUL.png,NA,NA,NA,0.02,"[0.02, 0.02, -0.05, 0.0, 0.0, -0.05, 0.02, 0.0, -0.05]",12.94,Faulty
LCV_RL_CL_TUL.png,toCheck_100002_01593s_LCV_RL_CL_TUL.png,NA,NA,NA,0.02,"[0.02, 0.02, -0.05, 0.0, 0.0, -0.05, 0.02, 0.0, -0.05]",12.94,Faulty
LCV_NODISP.png,toCheck_100002_02253s_LCV_NODISP.png,NA,NA,NA,0.02,"[0.02, 0.02, -0.05, 0.0, 0.0, -0.05, 0.02, 0.0, -0.05]",12.94,Faulty
LCV_NODISP.png,toCheck_100003_01563s_LCV_NODISP.png,NA,NA,NA,0.02,"[0.02, 0.02, -0.05, 0.0, 0.0, -0.05, 0.02, 0.0, -0.05]",12.94,Faulty
LCV_BOTHUL.png,toCheck_100003_01573s_LCV_BOTHUL.png,NA,NA,NA,0.02,"[0.02, 0.02, -0.05, 0.0, 0.0, -0.05, 0.02, 0.0, -0.05]",12.94,Faulty
LCV_CUL_TL.png,toCheck_100003_01583s_LCV_CUL_TL.png,NA,NA,NA,0.02,"[0.02, 0.02, -0.05, 0.0, 0.0, -0.05, 0.02, 0.0, -0.05]",12.94,Faulty
LCV_NODISP.png,toCheck_100003_02253s_LCV_NODISP.png,NA,NA,NA,0.02,"[0.02, 0.02, -0.05, 0.0, 0.0, -0.05, 0.02, 0.0, -0.05]",12.94,Faulty
LCV_NODISP.png,toCheck_100004_01563s_LCV_NODISP.png,NA,NA,NA,0.02,"[0.02, 0.02, -0.05, 0.0, 0.0, -0.05, 0.02, 0.0, -0.05]",12.94,Faulty
LCV_BOTHUL.png,toCheck_100004_01573s_LCV_BOTHUL.png,NA,NA,NA,0.02,"[0.02, 0.02, -0.05, 0.0, 0.0, -0.05, 0.02, 0.0, -0.05]",12.94,Faulty
LCV_CUL_TL.png,toCheck_100004_01583s_LCV_CUL_TL.png,NA,NA,NA,0.02,"[0.02, 0.02, -0.05, 0.0, 0.0, -0.05, 0.02, 0.0, -0.05]",12.94,Faulty
LCV_NODISP.png,toCheck_100005_01563s_LCV_NODISP.png,NA,NA,NA,0.02,"[0.02, 0.02, -0.05, 0.0, 0.0, -0.05, 0.02, 0.0, -0.05]",12.94,Faulty
LCV_BOTHUL.png,toCheck_100005_01573s_LCV_BOTHUL.png,NA,NA,NA,0.02,"[0.02, 0.02, -0.05, 0.0, 0.0, -0.05, 0.02, 0.0, -0.05]",12.94,Faulty
LCV_CUL_TL.png,toCheck_100005_01583s_LCV_CUL_TL.png,NA,NA,NA,0.02,"[0.02, 0.02, -0.05, 0.0, 0.0, -0.05, 0.02, 0.0, -0.05]",12.94,Faulty
LCV_CUL_TL_TPMS_FL.png,toCheck_100005_01593s_LCV_CUL_TL_TPMS_FL.png,NA,NA,NA,0.02,"[0.02, 0.02, -0.05, 0.0, 0.0, -0.05, 0.02, 0.0, -0.05]",12.94,Faulty
LCV_CUL_TL.png,toCheck_100005_01603s_LCV_CUL_TL.png,NA,NA,NA,0.02,"[0.02, 0.02, -0.05, 0.0, 0.0, -0.05, 0.02, 0.0, -0.05]",12.94,Faulty
LCV_BOTHL.png,toCheck_100006_01563s_LCV_BOTHL.png,NA,NA,NA,0.02,"[0.02, 0.02, -0.05, 0.0, 0.0, -0.05, 0.02, 0.0, -0.05]",12.94,Faulty
LCV_BOTHUL.png,toCheck_100007_01563s_LCV_BOTHUL.png,NA,NA,NA,0.02,"[0.02, 0.02, -0.05, 0.0, 0.0, -0.05, 0.02, 0.0, -0.05]",12.94,Faulty
LCV_BOTHUL.png,toCheck_100008_01563s_LCV_BOTHUL.png,NA,NA,NA,0.02,"[0.02, 0.02, -0.05, 0.0, 0.0, -0.05, 0.02, 0.0, -0.05]",12.94,Faulty
LCV_CL_TUL.png,toCheck_100008_01573s_LCV_CL_TUL.png,NA,NA,NA,0.02,"[0.02, 0.02, -0.05, 0.0, 0.0, -0.05, 0.02, 0.0, -0.05]",12.94,Faulty
LCV_BOTHUL.png,toCheck_100009_01563s_LCV_BOTHUL.png,NA,NA,NA,0.02,"[0.02, 0.02, -0.05, 0.0, 0.0, -0.05, 0.02, 0.0, -0.05]",12.94,Faulty
LCV_CUL_TL.png,toCheck_100009_01573s_LCV_CUL_TL.png,NA,NA,NA,0.02,"[0.02, 0.02, -0.05, 0.0, 0.0, -0.05, 0.02, 0.0, -0.05]",12.94,Faulty
LCV_BOTHUL.png,toCheck_100010_01563s_LCV_BOTHUL.png,NA,NA,NA,0.02,"[0.02, 0.02, -0.05, 0.0, 0.0, -0.05, 0.02, 0.0, -0.05]",12.94,Faulty
LCV_CL_TUL.png,toCheck_100010_01573s_LCV_CL_TUL.png,NA,NA,NA,0.02,"[0.02, 0.02, -0.05, 0.0, 0.0, -0.05, 0.02, 0.0, -0.05]",12.94,Faulty
LCV_CL_TUL.png,toCheck_100010_01613s_LCV_CL_TUL.png,NA,NA,NA,0.02,"[0.02, 0.02, -0.05, 0.0, 0.0, -0.05, 0.02, 0.0, -0.05]",12.94,Faulty
LCV_BOTHL.png,toCheck_100011_01751s_LCV_BOTHL.png,NA,NA,NA,0.02,"[0.02, 0.02, -0.05, 0.0, 0.0, -0.05, 0.02, 0.0, -0.05]",12.94,Faulty
LCV_CUL_TL.png,toCheck_100011_01761s_LCV_CUL_TL.png,NA,NA,NA,0.02,"[0.02, 0.02, -0.05, 0.0, 0.0, -0.05, 0.02, 0.0, -0.05]",12.94,Faulty
LCV_BOTHUL.png,toCheck_100012_01563s_LCV_BOTHUL.png,NA,NA,NA,0.02,"[0.02, 0.02, -0.05, 0.0, 0.0, -0.05, 0.02, 0.0, -0.05]",12.94,Faulty
LCV_BOTHL.png,toCheck_100012_01573s_LCV_BOTHL.png,NA,NA,NA,0.02,"[0.02, 0.02, -0.05, 0.0, 0.0, -0.05, 0.02, 0.0, -0.05]",12.94,Faulty
LCV_CL_TUL.png,toCheck_100012_01583s_LCV_CL_TUL.png,NA,NA,NA,0.02,"[0.02, 0.02, -0.05, 0.0, 0.0, -0.05, 0.02, 0.0, -0.05]",12.94,Faulty
REGEN_3.png,toCheck_100000_00355s_REGEN_3.png,22400,Big,0.78,1.1,"[0.49, 0.73, 0.95, 0.0, 0.39, 0.73, 1.1, 0.0]",0.0,OK
TLT_REGENBRAKE_L3.png,toCheck_100000_00360s_TLT_REGENBRAKE_L3.png,22400,Big,6.71,9.2,"[7.54, 9.2, 8.84, 0.0, 7.25, 4.69, 5.66, 0.0]",0.0,Investigate
TLT_REGENBRAKE_L3_OFF.png,toCheck_100000_00362s_TLT_REGENBRAKE_L3_OFF.png,22400,Big,6.88,7.57,"[7.57, 6.96, 7.45, 0.0, 7.03, 5.03, 4.2, 0.0]",0.0,Investigate
REGEN_3.png,toCheck_100004_00355s_REGEN_3.png,22400,Big,0.78,1.1,"[0.49, 0.73, 0.95, 0.0, 0.39, 0.73, 1.1, 0.0]",0.0,OK
TLT_REGENBRAKE_L3.png,toCheck_100004_00360s_TLT_REGENBRAKE_L3.png,22400,Big,6.71,9.2,"[7.54, 9.2, 8.84, 0.0, 7.25, 4.69, 5.66, 0.0]",0.0,Investigate
TLT_REGENBRAKE_L3_OFF.png,toCheck_100004_00362s_TLT_REGENBRAKE_L3_OFF.png,22400,Big,6.88,7.57,"[7.57, 6.96, 7.45, 0.0, 7.03, 5.03, 4.2, 0.0]",0.0,Investigate
TLT_REGENBRAKE_L4_PHEV.png,toCheck_100005_00355s_TLT_REGENBRAKE_L4_PHEV.png,NA,NA,NA,7.57,"[7.57, 6.96, 7.45, 0.0, 7.03, 5.03, 4.2, 0.0]",17.0,Faulty
TLT_REGENBRAKE_L4_PHEV.png,toCheck_100005_00360s_TLT_REGENBRAKE_L4_PHEV.png,NA,NA,NA,7.57,"[7.57, 6.96, 7.45, 0.0, 7.03, 5.03, 4.2, 0.0]",17.0,Faulty
TLT_REGENBRAKE_L4_PHEV.png,toCheck_100005_00365s_TLT_REGENBRAKE_L4_PHEV.png,NA,NA,NA,7.57,"[7.57, 6.96, 7.45, 0.0, 7.03, 5.03, 4.2, 0.0]",17.0,Faulty
TLT_REGENBRAKE_L4_PHEV.png,toCheck_100005_00370s_TLT_REGENBRAKE_L4_PHEV.png,NA,NA,NA,7.57,"[7.57, 6.96, 7.45, 0.0, 7.03, 5.03, 4.2, 0.0]",17.0,Faulty
TLT_REGENBRAKE_L5_PHEV.png,toCheck_100006_00360s_TLT_REGENBRAKE_L5_PHEV.png,27528,Big,13.5,13.01,"[7.28, 6.93, 5.79, 10.08, 13.01, 6.25, 0.0, 0.0, 0.0]",0.0,NOK
TLT_REGENBRAKE_L5_PHEV.png,toCheck_100006_00365s_TLT_REGENBRAKE_L5_PHEV.png,27528,Big,13.5,13.01,"[7.28, 6.93, 5.79, 10.08, 13.01, 6.25, 0.0, 0.0, 0.0]",0.0,NOK
TLT_REGENBRAKE_L2_PHEV_OFF.png,toCheck_100007_00360s_TLT_REGENBRAKE_L2_PHEV_OFF.png,27528,Big,9.23,6.49,"[-0.05, -0.05, 0.0, 6.49, 3.74, 0.0, 0.0, 0.0, 0.0]",0.0,NOK
TLT_REGENBRAKE_L2_PHEV_OFF.png,toCheck_100007_00360s_TLT_REGENBRAKE_L2_PHEV_OFF.png,NA,NA,NA,NA,NA,NA,Faulty
TLT_REGENBRAKE_L2_PHEV_OFF.png,toCheck_100007_00360s_TLT_REGENBRAKE_L2_PHEV_OFF.png,NA,NA,NA,NA,NA,NA,Faulty
TLT_REGENBRAKE_L2_PHEV_OFF.png,toCheck_100007_00360s_TLT_REGENBRAKE_L2_PHEV_OFF.png,NA,NA,NA,NA,NA,NA,Faulty
TLT_REGENBRAKE_L2_PHEV_OFF.png,toCheck_100007_00360s_TLT_REGENBRAKE_L2_PHEV_OFF.png,NA,NA,NA,NA,NA,NA,Faulty
TLT_REGENBRAKE_L2_PHEV_OFF.png,toCheck_100007_00360s_TLT_REGENBRAKE_L2_PHEV_OFF.png,NA,NA,NA,NA,NA,NA,Faulty
TLT_REGENBRAKE_L2_PHEV_OFF.png,toCheck_100007_00360s_TLT_REGENBRAKE_L2_PHEV_OFF.png,NA,NA,NA,NA,NA,NA,Faulty
TLT_REGENBRAKE_L2_PHEV_OFF.png,toCheck_100007_00360s_TLT_REGENBRAKE_L2_PHEV_OFF.png,NA,NA,NA,NA,NA,NA,Faulty
TLT_REGENBRAKE_L2_PHEV_OFF.png,toCheck_100007_00360s_TLT_REGENBRAKE_L2_PHEV_OFF.png,NA,NA,NA,NA,NA,NA,Faulty
TLT_REGENBRAKE_L2_PHEV_OFF.png,toCheck_100007_00360s_TLT_REGENBRAKE_L2_PHEV_OFF.png,NA,NA,NA,NA,NA,NA,Faulty
TLT_REGENBRAKE_L2_PHEV_OFF.png,toCheck_100007_00360s_TLT_REGENBRAKE_L2_PHEV_OFF.png,NA,NA,NA,NA,NA,NA,Faulty
TLT_REGENBRAKE_L2_PHEV_OFF.png,toCheck_100007_00360s_TLT_REGENBRAKE_L2_PHEV_OFF.png,NA,NA,NA,NA,NA,NA,Faulty
TLT_REGENBRAKE_L2_PHEV_OFF.png,toCheck_100007_00360s_TLT_REGENBRAKE_L2_PHEV_OFF.png,NA,NA,NA,NA,NA,NA,Faulty
TLT_REGENBRAKE_L2_PHEV_OFF.png,toCheck_100007_00360s_TLT_REGENBRAKE_L2_PHEV_OFF.png,NA,NA,NA,NA,NA,NA,Faulty
TLT_REGENBRAKE_L2_PHEV_OFF.png,toCheck_100007_00360s_TLT_REGENBRAKE_L2_PHEV_OFF.png,NA,NA,NA,NA,NA,NA,Faulty
TLT_REGENBRAKE_L2_PHEV_OFF.png,toCheck_100007_00360s_TLT_REGENBRAKE_L2_PHEV_OFF.png,NA,NA,NA,NA,NA,NA,Faulty
TLT_REGENBRAKE_L2_PHEV_OFF.png,toCheck_100007_00360s_TLT_REGENBRAKE_L2_PHEV_OFF.png,NA,NA,NA,NA,NA,NA,Faulty
TLT_REGENBRAKE_L2_PHEV_OFF.png,toCheck_100007_00360s_TLT_REGENBRAKE_L2_PHEV_OFF.png,NA,NA,NA,NA,NA,NA,Faulty
TLT_REGENBRAKE_L2_PHEV_OFF.png,toCheck_100007_00360s_TLT_REGENBRAKE_L2_PHEV_OFF.png,NA,NA,NA,NA,NA,NA,Faulty
TLT_REGENBRAKE_L2_PHEV_OFF.png,toCheck_100007_00360s_TLT_REGENBRAKE_L2_PHEV_OFF.png,NA,NA,NA,NA,NA,NA,Faulty
TLT_REGENBRAKE_L2_PHEV_OFF.png,toCheck_100007_00360s_TLT_REGENBRAKE_L2_PHEV_OFF.png,NA,NA,NA,NA,NA,NA,Faulty
TLT_REGENBRAKE_L2_PHEV_OFF.png,toCheck_100007_00360s_TLT_REGENBRAKE_L2_PHEV_OFF.png,NA,NA,NA,NA,NA,NA,Faulty
TLT_REGENBRAKE_L2_PHEV_OFF.png,toCheck_100007_00360s_TLT_REGENBRAKE_L2_PHEV_OFF.png,NA,NA,NA,NA,NA,NA,Faulty
TLT_REGENBRAKE_L2_PHEV_OFF.png,toCheck_100007_00360s_TLT_REGENBRAKE_L2_PHEV_OFF.png,NA,NA,NA,NA,NA,NA,Faulty
TLT_REGENBRAKE_L2_PHEV_OFF.png,toCheck_100007_00360s_TLT_REGENBRAKE_L2_PHEV_OFF.png,NA,NA,NA,NA,NA,NA,Faulty
TLT_REGENBRAKE_L2_PHEV_OFF.png,toCheck_100007_00360s_TLT_REGENBRAKE_L2_PHEV_OFF.png,NA,NA,NA,NA,NA,NA,Faulty
TLT_REGENBRAKE_L2_PHEV_OFF.png,toCheck_100007_00360s_TLT_REGENBRAKE_L2_PHEV_OFF.png,NA,NA,NA,NA,NA,NA,Faulty
TLT_REGENBRAKE_L2_PHEV_OFF.png,toCheck_100007_00360s_TLT_REGENBRAKE_L2_PHEV_OFF.png,NA,NA,NA,NA,NA,NA,Faulty
TLT_REGENBRAKE_L2_PHEV_OFF.png,toCheck_100007_00360s_TLT_REGENBRAKE_L2_PHEV_OFF.png,NA,NA,NA,NA,NA,NA,Faulty
TLT_REGENBRAKE_L2_PHEV_OFF.png,toCheck_100007_00360s_TLT_REGENBRAKE_L2_PHEV_OFF.png,NA,NA,NA,NA,NA,NA,Faulty
TLT_REGENBRAKE_L2_PHEV_OFF.png,toCheck_100007_00360s_TLT_REGENBRAKE_L2_PHEV_OFF.png,NA,NA,NA,NA,NA,NA,Faulty
TLT_REGENBRAKE_L2_PHEV_OFF.png,toCheck_100007_00360s_TLT_REGENBRAKE_L2_PHEV_OFF.png,NA,NA,NA,NA,NA,NA,Faulty
TLT_REGENBRAKE_L2_PHEV_OFF.png,toCheck_100007_00360s_TLT_REGENBRAKE_L2_PHEV_OFF.png,NA,NA,NA,NA,NA,NA,Faulty
TLT_REGENBRAKE_L2_PHEV_OFF.png,toCheck_100007_00360s_TLT_REGENBRAKE_L2_PHEV_OFF.png,NA,NA,NA,NA,NA,NA,Faulty
TLT_REGENBRAKE_L2_PHEV_OFF.png,toCheck_100007_00360s_TLT_REGENBRAKE_L2_PHEV_OFF.png,NA,NA,NA,NA,NA,NA,Faulty
TLT_REGENBRAKE_L2_PHEV_OFF.png,toCheck_100007_00360s_TLT_REGENBRAKE_L2_PHEV_OFF.png,NA,NA,NA,NA,NA,NA,Faulty
TLT_REGENBRAKE_L2_PHEV_OFF.png,toCheck_100007_00360s_TLT_REGENBRAKE_L2_PHEV_OFF.png,NA,NA,NA,NA,NA,NA,Faulty
TLT_REGENBRAKE_L2_PHEV_OFF.png,toCheck_100007_00360s_TLT_REGENBRAKE_L2_PHEV_OFF.png,NA,NA,NA,NA,NA,NA,Faulty
TLT_REGENBRAKE_L2_PHEV_OFF.png,toCheck_100007_00360s_TLT_REGENBRAKE_L2_PHEV_OFF.png,NA,NA,NA,NA,NA,NA,Faulty
TLT_REGENBRAKE_L2_PHEV_OFF.png,toCheck_100007_00360s_TLT_REGENBRAKE_L2_PHEV_OFF.png,NA,NA,NA,NA,NA,NA,Faulty
TLT_REGENBRAKE_L2_PHEV_OFF.png,toCheck_100007_00360s_TLT_REGENBRAKE_L2_PHEV_OFF.png,NA,NA,NA,NA,NA,NA,Faulty
TLT_REGENBRAKE_L2_PHEV_OFF.png,toCheck_100007_00360s_TLT_REGENBRAKE_L2_PHEV_OFF.png,NA,NA,NA,NA,NA,NA,Faulty
TLT_REGENBRAKE_L2_PHEV_OFF.png,toCheck_100007_00360s_TLT_REGENBRAKE_L2_PHEV_OFF.png,NA,NA,NA,NA,NA,NA,Faulty
TLT_REGENBRAKE_L2_PHEV_OFF.png,toCheck_100007_00360s_TLT_REGENBRAKE_L2_PHEV_OFF.png,NA,NA,NA,NA,NA,NA,Faulty
TLT_REGENBRAKE_L2_PHEV_OFF.png,toCheck_100007_00360s_TLT_REGENBRAKE_L2_PHEV_OFF.png,NA,NA,NA,NA,NA,NA,Faulty
TLT_REGENBRAKE_L2_PHEV_OFF.png,toCheck_100007_00360s_TLT_REGENBRAKE_L2_PHEV_OFF.png,NA,NA,NA,NA,NA,NA,Faulty
TLT_REGENBRAKE_L2_PHEV_OFF.png,toCheck_100007_00360s_TLT_REGENBRAKE_L2_PHEV_OFF.png,NA,NA,NA,NA,NA,NA,Faulty
TLT_REGENBRAKE_L2_PHEV_OFF.png,toCheck_100007_00360s_TLT_REGENBRAKE_L2_PHEV_OFF.png,NA,NA,NA,NA,NA,NA,Faulty
TLT_REGENBRAKE_L2_PHEV_OFF.png,toCheck_100007_00360s_TLT_REGENBRAKE_L2_PHEV_OFF.png,NA,NA,NA,NA,NA,NA,Faulty
TLT_REGENBRAKE_L2_PHEV_OFF.png,toCheck_100007_00360s_TLT_REGENBRAKE_L2_PHEV_OFF.png,NA,NA,NA,NA,NA,NA,Faulty
TLT_REGENBRAKE_L2_PHEV_OFF.png,toCheck_100007_00360s_TLT_REGENBRAKE_L2_PHEV_OFF.png,NA,NA,NA,NA,NA,NA,Faulty
TLT_REGENBRAKE_L2_PHEV_OFF.png,toCheck_100007_00360s_TLT_REGENBRAKE_L2_PHEV_OFF.png,NA,NA,NA,NA,NA,NA,Faulty
TLT_REGENBRAKE_L2_PHEV_OFF.png,toCheck_100007_00360s_TLT_REGENBRAKE_L2_PHEV_OFF.png,NA,NA,NA,NA,NA,NA,Faulty
TLT_REGENBRAKE_L2_PHEV_OFF.png,toCheck_100007_00360s_TLT_REGENBRAKE_L2_PHEV_OFF.png,NA,NA,NA,NA,NA,NA,Faulty
TLT_REGENBRAKE_L2_PHEV_OFF.png,toCheck_100007_00360s_TLT_REGENBRAKE_L2_PHEV_OFF.png,NA,NA,NA,NA,NA,NA,Faulty
TLT_REGENBRAKE_L2_PHEV_OFF.png,toCheck_100007_00360s_TLT_REGENBRAKE_L2_PHEV_OFF.png,NA,NA,NA,NA,NA,NA,Faulty
TLT_REGENBRAKE_L2_PHEV_OFF.png,toCheck_100007_00360s_TLT_REGENBRAKE_L2_PHEV_OFF.png,NA,NA,NA,NA,NA,NA,Faulty
TLT_REGENBRAKE_L2_PHEV_OFF.png,toCheck_100007_00360s_TLT_REGENBRAKE_L2_PHEV_OFF.png,NA,NA,NA,NA,NA,NA,Faulty
TLT_REGENBRAKE_L2_PHEV_OFF.png,toCheck_100007_00360s_TLT_REGENBRAKE_L2_PHEV_OFF.png,NA,NA,NA,NA,NA,NA,Faulty
TLT_REGENBRAKE_L2_PHEV_OFF.png,toCheck_100007_00360s_TLT_REGENBRAKE_L2_PHEV_OFF.png,NA,NA,NA,NA,NA,NA,Faulty
TLT_REGENBRAKE_L2_PHEV_OFF.png,toCheck_100007_00360s_TLT_REGENBRAKE_L2_PHEV_OFF.png,NA,NA,NA,NA,NA,NA,Faulty
TLT_REGENBRAKE_L2_PHEV_OFF.png,toCheck_100007_00360s_TLT_REGENBRAKE_L2_PHEV_OFF.png,NA,NA,NA,NA,NA,NA,Faulty
TLT_REGENBRAKE_L2_PHEV_OFF.png,toCheck_100007_00360s_TLT_REGENBRAKE_L2_PHEV_OFF.png,NA,NA,NA,NA,NA,NA,Faulty
TLT_REGENBRAKE_L2_PHEV_OFF.png,toCheck_100007_00360s_TLT_REGENBRAKE_L2_PHEV_OFF.png,NA,NA,NA,NA,NA,NA,Faulty
TLT_REGENBRAKE_L2_PHEV_OFF.png,toCheck_100007_00360s_TLT_REGENBRAKE_L2_PHEV_OFF.png,NA,NA,NA,NA,NA,NA,Faulty
